actualprice,amenities,auto_des,bedrooms,booking_amt,city,covAreaUnit,flooring_typ,fur_unfur,house_facing,landmarks,lat,locality,lon,main_charges,no_balconies,parking,possesionby,power_status,property_typ,psnstats,seller_type,sqftprice,tenantsPreference,water_status,bhk_from_description,calculated_price_per_sqft,bedrooms_original,bhk,price_outlier_flag,area_outlier_flag,listing_fingerprint,duplicate_count,is_repeated_listing,duplicate_flag,parking_score,locality_grouped,predicted_price,price_deviation,deviation_pct,absolute_deviation_pct,extreme_area_flag,valuation_review,review_reason,review_category,data_quality_indicator
42850000,"House help accommodation,Air Conditioned,Private Garage,Laundry Service,Internet/Wi-Fi Connectivity,RO Water System,Visitor Parking,Mansion","5 BHK, Residential House is available for Sale in Sector 5th HSR Layout, Bangalore for 4.2 Crore(s)",4.0,1000000.0,Bangalore,2400.0,"Ceramic Tiles,Vitrified",Unfurnished,East Facing Property,Next to Indus internationaland Ajim premji University.,13.400366529998426,Sector 5th HSR Layout,78.59208996332595,monthly,2.0,2 Covered,Dec '25,No/Rare Powercut,Residential House,Ready to Move,owner,6193.0,family,Water Availability 24 Hours Available,5.0,17854.166666666668,4.0,5.0,False,False,"5 BHK, Residential House is available for Sale in Sector 5th HSR Layout, Bangalore for 4.2 Crore(s)|42850000|2400.0|Sector 5th HSR Layout|Residential House|owner",1,False,False,1.0,Other,19315369.140010983,23534630.859989017,121.84406463782258,121.84406463782258,False,Potentially Overpriced,Large positive price deviation,Potentially Overpriced,None
102500000,"Smart Home,Private pool ,House help accommodation,Banquet Hall,Internet/Wi-Fi Connectivity,Conference Room","4 BHK, Residential House is available for Sale in Dollars Colony Stage 2nd RMV, Bangalore for 10.2 Crore(s)",4.0,2880000.0,Bangalore,2730.0,Vitrified,Unfurnished,East Facing Property,Next to BGS International School,13.46885801746511,Yelahanka,77.84497623721016,quarterly,3.0,3 Covered,Dec '23,No/Rare Powercut,Villa,Under Construction,owner,9690.0,bachelors,Water Availability 24 Hours Available,4.0,37545.78754578755,4.0,4.0,True,False,"4 BHK, Residential House is available for Sale in Dollars Colony Stage 2nd RMV, Bangalore for 10.2 Crore(s)|102500000|2730.0|Yelahanka|Villa|owner",1,False,False,1.0,Yelahanka,22188296.177393038,80311703.82260697,361.9552541597766,361.9552541597766,False,Potentially Overpriced,Large positive price deviation,Potentially Overpriced,None
12095100,Jogging and Strolling Track,"4 BHK, Villa is available for Sale in Chandapura, Bangalore for 1.2 Crore(s)",4.0,300000.0,Bangalore,1825.0,Vitrified,Unfurnished,East Facing Property,"Alliance University 14 min, Narayana Hrudayalaya 15 min, E City 20 min",12.871879438824928,Chandapura,78.5380918341504,halfyearly,2.0,1 Covered,Feb '24,No/Rare Powercut,Villa,Under Construction,agent,4838.0,onlygirls,Water Availability 24 Hours Available,4.0,6627.45205479452,4.0,4.0,False,False,"4 BHK, Villa is available for Sale in Chandapura, Bangalore for 1.2 Crore(s)|12095100|1825.0|Chandapura|Villa|agent",1,False,False,1.0,Chandapura,25483901.987463903,-13388801.987463903,-52.53827296169226,52.53827296169226,False,Potentially Underpriced,Large negative price deviation,Potentially Underpriced,None
16500000,Jogging and Strolling Track,"2 BHK, Residential House is available for Sale in Whitefield, Bangalore for 1.6 Crore(s)",2.0,100000.0,Bangalore,950.0,"Vitrified,Ceramic Tiles",Furnished,East Facing Property,chikkaballapur,13.015657058768198,Whitefield,77.75416794539818,quarterly,4.0,1 Covered,Jun '24,No/Rare Powercut,Residential House,Ready to Move,contractor,5833.0,onlygirls,Water Availability 24 Hours Available,2.0,17368.42105263158,2.0,2.0,False,False,"2 BHK, Residential House is available for Sale in Whitefield, Bangalore for 1.6 Crore(s)|16500000|950.0|Whitefield|Residential House|contractor",1,False,False,1.0,Whitefield,8233479.439658475,8266520.560341525,100.40130203670516,100.40130203670516,False,Potentially Overpriced,Large positive price deviation,Potentially Overpriced,None
71000000,"Private jaccuzi,Theme based Architectures,Air Conditioned","5 BHK, Residential House is available for Sale in Siddanna Layout Bikasipura, Bangalore for 7.1 Crore(s)",2.0,100000.0,Bangalore,2000.0,"Vitrified,Ceramic Tiles",Furnished,East Facing Property,chikkaballapur,13.015657058768198,Siddanna Layout Bikasipura,77.75416794539818,yearly,4.0,"2 Covered, 2 Open",Jun '24,No/Rare Powercut,Residential House,Ready to Move,contractor,5833.0,onlygirls,Water Availability 24 Hours Available,5.0,35500.0,2.0,5.0,True,False,"5 BHK, Residential House is available for Sale in Siddanna Layout Bikasipura, Bangalore for 7.1 Crore(s)|71000000|2000.0|Siddanna Layout Bikasipura|Residential House|contractor",1,False,False,1.5,Other,22875561.288124517,48124438.71187548,210.37489793467284,210.37489793467284,False,Potentially Overpriced,Large positive price deviation,Potentially Overpriced,None
47500000,"Jogging and Strolling Track,Outdoor Tennis Courts,Intercom Facility","3 BHK, Villa is available for Sale in Whitefield, Bangalore for 4.7 Crore(s)",2.0,100000.0,Bangalore,2000.0,"Vitrified,Ceramic Tiles",Furnished,East Facing Property,chikkaballapur,13.015657058768198,Siddanna Layout Bikasipura,77.75416794539818,monthly,4.0,2 Covered,Jun '24,No/Rare Powercut,Residential House,Ready to Move,owner,5833.0,onlyboys,Water Availability 24 Hours Available,3.0,23750.0,2.0,3.0,False,False,"3 BHK, Villa is available for Sale in Whitefield, Bangalore for 4.7 Crore(s)|47500000|2000.0|Siddanna Layout Bikasipura|Residential House|owner",1,False,False,1.0,Other,16856682.89667167,30643317.10332833,181.78734980758765,181.78734980758765,False,Potentially Overpriced,Large positive price deviation,Potentially Overpriced,None
49900000,"Town House,Smart Home,Skydeck,Wrap Around Balcony,Concierge Services,Fireplace,Theme based Architectures,Full Glass Wall,Bar/Lounge,Fingerprint Access,Health club with Steam / Jaccuzi,Golf Course,House help accommodation,Air Conditioned,Banquet Hall,Jogging and Strolling Track,Outdoor Tennis Courts,Private Garage,Laundry Service,Internet/Wi-Fi Connectivity,RO Water System,Service/Goods Lift,Visitor Parking,Intercom Facility,Conference Room","3 BHK, Villa is available for Sale in Horamavu, Bangalore for 4.9 Crore(s)",4.0,500000.0,Bangalore,1800.0,"Ceramic Tiles,Granite,Marble,Vitrified,Wooden",Unfurnished,Near Daiwik Sparsh Villas,Near Daiwik Sparsh Villas,13.150993533785885,Horamavu,78.22525326022166,quarterly,4.0,2 Covered,Aug '23,No/Rare Powercut,Villa,Ready to Move,owner,5632.0,bachelors,Water Availability 24 Hours Available,3.0,27722.222222222223,4.0,3.0,False,False,"3 BHK, Villa is available for Sale in Horamavu, Bangalore for 4.9 Crore(s)|49900000|1800.0|Horamavu|Villa|owner",1,False,False,1.0,Other,15828388.8423546,34071611.157645404,215.25634413576222,215.25634413576222,False,Potentially Overpriced,Large positive price deviation,Potentially Overpriced,None
14000000,Intercom Facility,"5 BHK, Villa is available for Sale in Jigani, Bangalore for 1.4 Crore(s)",4.0,500000.0,Bangalore,3200.0,"Ceramic Tiles,Granite,Marble,Vitrified,Wooden",Unfurnished,Near Daiwik Sparsh Villas,Near Daiwik Sparsh Villas,13.379769695920617,Whitefield,78.37341215513756,monthly,4.0,"2 Covered, 2 Open",Aug '23,No/Rare Powercut,Villa,Ready to Move,agent,5632.0,family,Water Availability 24 Hours Available,5.0,4375.0,4.0,5.0,False,False,"5 BHK, Villa is available for Sale in Jigani, Bangalore for 1.4 Crore(s)|14000000|3200.0|Whitefield|Villa|agent",1,False,False,1.5,Whitefield,35396925.47123245,-21396925.47123245,-60.44854231371596,60.44854231371596,False,Potentially Underpriced,Large negative price deviation,Potentially Underpriced,None
11500000,Intercom Facility,"3 BHK, Residential House is available for Sale in Block 7th Stage 6th Banashankari, Bangalore for 1.1 Crore(s)",4.0,500000.0,Bangalore,3200.0,"Ceramic Tiles,Granite,Marble,Vitrified,Wooden",Unfurnished,Near Daiwik Sparsh Villas,Near Daiwik Sparsh Villas,13.379769695920617,Whitefield,78.37341215513756,halfyearly,4.0,"2 Covered, 2 Open",Aug '23,No/Rare Powercut,Villa,Ready to Move,builder,5632.0,onlyboys,Water Availability 24 Hours Available,3.0,3593.75,4.0,3.0,False,False,"3 BHK, Residential House is available for Sale in Block 7th Stage 6th Banashankari, Bangalore for 1.1 Crore(s)|11500000|3200.0|Whitefield|Villa|builder",1,False,False,1.5,Whitefield,25040433.46262549,-13540433.462625489,-54.07427743946799,54.07427743946799,False,Potentially Underpriced,Large negative price deviation,Potentially Underpriced,None
105000000,"Private pool ,House help accommodation,Air Conditioned,Jogging and Strolling Track,Outdoor Tennis Courts,Private Garage,Internet/Wi-Fi Connectivity,RO Water System,Visitor Parking,Conference Room","4 BHK, Villa is available for Sale in Whitefield, Bangalore for 10.5 Crore(s)",4.0,500000.0,Bangalore,4200.0,"Ceramic Tiles,Granite,Marble,Vitrified,Wooden",Unfurnished,Near Daiwik Sparsh Villas,Near Daiwik Sparsh Villas,13.548488142878846,Whitefield,77.84365066563147,halfyearly,4.0,2 Covered,Aug '23,No/Rare Powercut,Villa,Ready to Move,contractor,5632.0,onlygirls,Water Availability 24 Hours Available,4.0,25000.0,4.0,4.0,True,True,"4 BHK, Villa is available for Sale in Whitefield, Bangalore for 10.5 Crore(s)|105000000|4200.0|Whitefield|Villa|contractor",1,False,False,1.0,Whitefield,39934163.13918365,65065836.86081635,162.93276669913072,162.93276669913072,True,Potentially Overpriced,Large positive price deviation + Extreme area,Potentially Overpriced,Extreme Area
107500000,"Farm-House,Hilltop,Island Kitchen Layout,Concierge Services,Fireplace,Helipad,Full Glass Wall,Bar/Lounge,Fingerprint Access,Health club with Steam / Jaccuzi,Golf Course,House help accommodation,Air Conditioned,Banquet Hall,Jogging and Strolling Track,Outdoor Tennis Courts,Internet/Wi-Fi Connectivity,Visitor Parking,Intercom Facility,Conference Room,Mansion,Downtown","4 BHK, Villa is available for Sale in Sarjapur Road, Bangalore for 10.7 Crore(s)",4.0,1000000.0,Bangalore,7800.0,Vitrified,Unfurnished,East Facing Property,The locality is known for its strict security measures and is consider,13.831471392591864,Sarjapur Road,78.40927092835017,halfyearly,2.0,3 Covered,Dec '25,No/Rare Powercut,Villa,Ready to Move,builder,5632.0,family,Water Availability 24 Hours Available,4.0,13782.051282051281,4.0,4.0,True,True,"4 BHK, Villa is available for Sale in Sarjapur Road, Bangalore for 10.7 Crore(s)|107500000|7800.0|Sarjapur Road|Villa|builder",1,False,False,1.0,Sarjapur Road,52143229.116029315,55356770.883970685,106.162912850661,106.162912850661,True,Potentially Overpriced,Large positive price deviation + Extreme area,Potentially Overpriced,Extreme Area
52000000,"Air Conditioned,Banquet Hall,Outdoor Tennis Courts,RO Water System,Service/Goods Lift,Visitor Parking,Intercom Facility","3 BHK, Villa is available for Sale in Whitefield, Bangalore for 5.2 Crore(s)",4.0,1000000.0,Bangalore,2700.0,Vitrified,Unfurnished,East Facing Property,The locality is known for its strict security measures and is consider,13.205631283817514,Thanisandra,77.66746786058717,quarterly,2.0,1 Covered,Dec '25,No/Rare Powercut,Villa,Ready to Move,builder,5632.0,couples,Water Availability 24 Hours Available,3.0,19259.25925925926,4.0,3.0,False,False,"3 BHK, Villa is available for Sale in Whitefield, Bangalore for 5.2 Crore(s)|52000000|2700.0|Thanisandra|Villa|builder",1,False,False,1.0,Other,21926866.31589927,30073133.68410073,137.15199085377083,137.15199085377083,False,Potentially Overpriced,Large positive price deviation,Potentially Overpriced,None
57500000,"Skydeck,Theme based Architectures,Private pool ,Full Glass Wall,Sky Villa,Bar/Lounge,Health club with Steam / Jaccuzi,House help accommodation,Banquet Hall,Jogging and Strolling Track,Outdoor Tennis Courts,Laundry Service,Service/Goods Lift,Visitor Parking,Conference Room,Mansion","4 BHK, Villa is available for Sale in Kadugodi, Bangalore for 5.7 Crore(s)",4.0,2500000.0,Bangalore,2553.0,"Marble,Wooden",Unfurnished,East Facing Property,Near Kadugodi Metro Station,13.15377100046274,Kadugodi,78.02672531440477,yearly,2.0,2 Covered,Oct '27,No/Rare Powercut,Villa,Under Construction,agent,16604.0,family,Water Availability 24 Hours Available,4.0,22522.522522522522,4.0,4.0,True,False,"4 BHK, Villa is available for Sale in Kadugodi, Bangalore for 5.7 Crore(s)|57500000|2553.0|Kadugodi|Villa|agent",1,False,False,1.0,Other,28177299.916809145,29322700.083190855,104.06497489029607,104.06497489029607,False,Potentially Overpriced,Large positive price deviation,Potentially Overpriced,None
58000000,"Skydeck,Theme based Architectures,Private pool ,Full Glass Wall,Sky Villa,Bar/Lounge,Health club with Steam / Jaccuzi,House help accommodation,Banquet Hall,Jogging and Strolling Track,Outdoor Tennis Courts,Laundry Service,Service/Goods Lift,Visitor Parking,Conference Room,Mansion","3 BHK, Residential House is available for Sale in Block 3rd Koramangala, Bangalore for 5.8 Crore(s)",4.0,2500000.0,Bangalore,2553.0,"Marble,Wooden",Unfurnished,East Facing Property,Near Kadugodi Metro Station,13.15377100046274,Kadugodi,78.02672531440477,quarterly,2.0,2 Covered,Oct '27,No/Rare Powercut,Villa,Under Construction,owner,16604.0,bachelors,Water Availability 24 Hours Available,3.0,22718.370544457503,4.0,3.0,True,False,"3 BHK, Residential House is available for Sale in Block 3rd Koramangala, Bangalore for 5.8 Crore(s)|58000000|2553.0|Kadugodi|Villa|owner",1,False,False,1.0,Other,20366755.487404794,37633244.51259521,184.77780879663604,184.77780879663604,False,Potentially Overpriced,Large positive price deviation,Potentially Overpriced,None
60000000,"Air Conditioned,Visitor Parking,Intercom Facility","4 BHK, Villa is available for Sale in Whitefield, Bangalore for 6.0 Crore(s)",4.0,200000.0,Bangalore,2700.0,Marble,Unfurnished,East Facing Property,"Located Near to RMZ Ecospace,",13.345632573278818,Sarjapur Road,77.93154374524566,yearly,2.0,1 Covered,Apr '23,No/Rare Powercut,Villa,Ready to Move,builder,12736.0,family,Water Availability 24 Hours Available,4.0,22222.222222222223,4.0,4.0,True,False,"4 BHK, Villa is available for Sale in Whitefield, Bangalore for 6.0 Crore(s)|60000000|2700.0|Sarjapur Road|Villa|builder",1,False,False,1.0,Sarjapur Road,26553171.807246592,33446828.192753408,125.96170595192501,125.96170595192501,False,Potentially Overpriced,Large positive price deviation,Potentially Overpriced,None
400000000,Air Conditioned,"5 BHK, Residential House is available for Sale in Defence Colony Indiranagar, Bangalore for 40.0 Crore(s)",4.0,200000.0,Bangalore,6700.0,"Granite,Marble,Vitrified,Wooden",Unfurnished,East Facing Property,located near to silicon city hospital and all major schools nearby,13.963525015359886,Defence Colony Indiranagar,78.1104121053735,quarterly,2.0,6 Covered,Dec '26,No/Rare Powercut,Residential House,Ready to Move,agent,5273.0,family,Water Availability 24 Hours Available,5.0,59701.49253731343,4.0,5.0,True,True,"5 BHK, Residential House is available for Sale in Defence Colony Indiranagar, Bangalore for 40.0 Crore(s)|400000000|6700.0|Defence Colony Indiranagar|Residential House|agent",1,False,False,1.0,Other,50135830.9912984,349864169.0087016,697.8325921623284,697.8325921623284,True,Potentially Overpriced,Large positive price deviation + Extreme area,Potentially Overpriced,Extreme Area
75000000,"Fireplace,Fingerprint Access,Banquet Hall,Outdoor Tennis Courts","4 BHK, Villa is available for Sale in Hennur Bande, Bangalore for 7.5 Crore(s)",3.0,500000.0,Bangalore,4000.0,Vitrified,Unfurnished,East Facing Property,"daraguppe Village, Besides Sreeram Smriti Apartments",13.44585509217537,"Hennur Bande, HBR Layout, Hennur bagalur road",78.36360290819464,monthly,2.0,2 Covered,Jan '24,No/Rare Powercut,Villa,Ready to Move,contractor,6089.0,family,Water Availability 24 Hours Available,4.0,18750.0,3.0,4.0,True,False,"4 BHK, Villa is available for Sale in Hennur Bande, Bangalore for 7.5 Crore(s)|75000000|4000.0|Hennur Bande, HBR Layout, Hennur bagalur road|Villa|contractor",1,False,False,1.0,Other,31703402.255559083,43296597.74444091,136.56766991577064,136.56766991577064,False,Potentially Overpriced,Large positive price deviation,Potentially Overpriced,None
65000000,"Internet/Wi-Fi Connectivity,Intercom Facility","> 10 BHK, Residential House is available for Sale in Doddakannelli, Bangalore for 6.5 Crore(s)",4.0,1000000.0,Bangalore,1680.0,"Ceramic Tiles,Normal Tiles/Kotah Stone",Semi-Furnished,East Facing Property,Landmark Gopalan International School,13.779342985664996,Doddakannelli,78.51375787965691,yearly,2.0,"5 Covered, 1 Open",Feb '23,No/Rare Powercut,Residential House,Ready to Move,builder,17773.0,couples,Water Availability 24 Hours Available,10.0,38690.47619047619,4.0,10.0,True,False,"> 10 BHK, Residential House is available for Sale in Doddakannelli, Bangalore for 6.5 Crore(s)|65000000|1680.0|Doddakannelli|Residential House|builder",1,False,False,1.5,Other,23018291.091926314,41981708.908073686,182.38412547836276,182.38412547836276,False,Potentially Overpriced,Large positive price deviation,Potentially Overpriced,None
42500000,Visitor Parking,"5 BHK, Residential House is available for Sale in Block 6th Koramangala, Bangalore for 4.2 Crore(s)",4.0,1000000.0,Bangalore,1516.0,"Ceramic Tiles,Marble,Vitrified",Unfurnished,East Facing Property,"Delhi Public School, GR tech park, Whitefield metro station",13.779342985664996,Block 6th Koramangala,78.51375787965691,yearly,2.0,2 Covered,Dec '23,No/Rare Powercut,Residential House,Ready to Move,builder,10053.0,family,Water Availability 24 Hours Available,5.0,28034.30079155673,4.0,5.0,False,False,"5 BHK, Residential House is available for Sale in Block 6th Koramangala, Bangalore for 4.2 Crore(s)|42500000|1516.0|Block 6th Koramangala|Residential House|builder",1,False,False,1.0,Other,19999958.72732985,22500041.27267015,112.5004385230253,112.5004385230253,False,Potentially Overpriced,Large positive price deviation,Potentially Overpriced,None
74000000,"Town House,Water Front,Theme based Architectures,Jogging and Strolling Track,Outdoor Tennis Courts,Visitor Parking,Conference Room","4 BHK, Villa is available for Sale in Kadugodi, Bangalore for 7.4 Crore(s)",4.0,1000000.0,Bangalore,2553.0,"Ceramic Tiles,Vitrified",Unfurnished,East Facing Property,3 Km to upcoming metro,13.23317906417201,Kadugodi,78.1087834968326,monthly,3.0,2 Covered,Dec '27,No/Rare Powercut,Villa,Under Construction,owner,9981.0,family,Water Availability 24 Hours Available,4.0,28985.507246376812,4.0,4.0,True,False,"4 BHK, Villa is available for Sale in Kadugodi, Bangalore for 7.4 Crore(s)|74000000|2553.0|Kadugodi|Villa|owner",1,False,False,1.0,Other,26745162.00600115,47254837.993998855,176.6855552544258,176.6855552544258,False,Potentially Overpriced,Large positive price deviation,Potentially Overpriced,None
120000000,"Air Conditioned,Jogging and Strolling Track,Visitor Parking,Intercom Facility","4 BHK, Villa is available for Sale in Sarjapur Road, Bangalore for 12.0 Crore(s)",4.0,500000.0,Bangalore,3500.0,"Vitrified,Wooden",Unfurnished,East Facing Property,"Behind Prestige Tranquility, Budigere Cross, Bommenahalli Village",13.461880740777827,Whitefield,78.26932945930962,quarterly,4.0,2 Covered,Dec '25,No/Rare Powercut,Villa,Ready to Move,owner,10015.0,onlyboys,Water Availability 24 Hours Available,4.0,34285.71428571428,4.0,4.0,True,False,"4 BHK, Villa is available for Sale in Sarjapur Road, Bangalore for 12.0 Crore(s)|120000000|3500.0|Whitefield|Villa|owner",1,False,False,1.0,Whitefield,42925783.89779508,77074216.10220492,179.55226230863056,179.55226230863056,False,Potentially Overpriced,Large positive price deviation,Potentially Overpriced,None
95000000,"Town House,Water Front,Private pool ,Air Conditioned,Banquet Hall,Jogging and Strolling Track,Outdoor Tennis Courts,Laundry Service,Visitor Parking,Conference Room","3 BHK, Residential House is available for Sale in Gandhi Bazaar, Bangalore for 9.5 Crore(s)",4.0,1000000.0,Bangalore,2400.0,"Ceramic Tiles,Vitrified",Unfurnished,East Facing Property,3 Km to upcoming metro,13.23317906417201,Bommasandra,78.1087834968326,quarterly,3.0,2 Covered,Dec '27,No/Rare Powercut,Villa,Ready to Move,agent,9981.0,onlyboys,Water Availability 24 Hours Available,3.0,39583.333333333336,4.0,3.0,True,False,"3 BHK, Residential House is available for Sale in Gandhi Bazaar, Bangalore for 9.5 Crore(s)|95000000|2400.0|Bommasandra|Villa|agent",1,False,False,1.0,Other,16138414.508452937,78861585.49154706,488.657578166933,488.657578166933,False,Potentially Overpriced,Large positive price deviation,Potentially Overpriced,None
74400000,Visitor Parking,"3 BHK, Residential House is available for Sale in Block 8 Jaya Nagar, Bangalore for 7.4 Crore(s)",4.0,1000000.0,Bangalore,2100.0,"Ceramic Tiles,Vitrified",Unfurnished,East Facing Property,3 Km to upcoming metro,13.23317906417201,Block 8 Jaya Nagar,78.1087834968326,quarterly,3.0,1 Covered,Dec '27,No/Rare Powercut,Residential House,Ready to Move,agent,9981.0,onlygirls,Water Availability 24 Hours Available,3.0,35428.57142857143,4.0,3.0,True,False,"3 BHK, Residential House is available for Sale in Block 8 Jaya Nagar, Bangalore for 7.4 Crore(s)|74400000|2100.0|Block 8 Jaya Nagar|Residential House|agent",1,False,False,1.0,Other,16543054.45364465,57856945.54635535,349.7355685340727,349.7355685340727,False,Potentially Overpriced,Large positive price deviation,Potentially Overpriced,None
17000000,"Internet/Wi-Fi Connectivity,Service/Goods Lift,Visitor Parking,Intercom Facility","4 BHK, Villa is available for Sale in Doddathoguru, Bangalore for 1.7 Crore(s)",3.0,2500000.0,Bangalore,2608.0,Vitrified,Unfurnished,East Facing Property,Within 10 kmDecathlonBangalore International SchoolManyata Tech Par,13.069894699960376,Hennur Main Road,78.01657006721113,halfyearly,2.0,1 Covered,Jul '24,No/Rare Powercut,Villa,Under Construction,builder,10015.0,onlygirls,Water Availability 24 Hours Available,4.0,6518.40490797546,3.0,4.0,False,False,"4 BHK, Villa is available for Sale in Doddathoguru, Bangalore for 1.7 Crore(s)|17000000|2608.0|Hennur Main Road|Villa|builder",1,False,False,1.0,Other,34388866.71139352,-17388866.71139352,-50.56539622933355,50.56539622933355,False,Potentially Underpriced,Large negative price deviation,Potentially Underpriced,None
4700000,"Wrap Around Balcony,Health club with Steam / Jaccuzi,Banquet Hall,Jogging and Strolling Track,Private Garage,Visitor Parking,Intercom Facility,Conference Room","3 BHK, Residential House is available for Sale in Phase 2 Electronic City, Bangalore for 47.0 Lac(s)",4.0,500000.0,Bangalore,1637.0,"Ceramic Tiles,Granite,Marble,Marbonite,Vitrified,Wooden",Unfurnished,East Facing Property,"Indus International School, Azim Premji Unv., Upcoming STRR 300 mtrs",,Sarjapura Attibele Road,,quarterly,4.0,2 Covered,Dec '25,No/Rare Powercut,Villa,Under Construction,contractor,8300.0,family,Water Availability 24 Hours Available,3.0,2871.1056811240073,4.0,3.0,False,False,"3 BHK, Residential House is available for Sale in Phase 2 Electronic City, Bangalore for 47.0 Lac(s)|4700000|1637.0|Sarjapura Attibele Road|Villa|contractor",1,False,False,1.0,Other,21444821.438332982,-16744821.438332982,-78.08328685078874,78.08328685078874,False,Potentially Underpriced,Large negative price deviation,Potentially Underpriced,None
60000000,"Town House,Concierge Services,Theme based Architectures,Private pool ,Fingerprint Access,House help accommodation,Air Conditioned,Banquet Hall,Jogging and Strolling Track,Outdoor Tennis Courts,Private Garage,Internet/Wi-Fi Connectivity,Service/Goods Lift,Visitor Parking,Intercom Facility","8 BHK, Residential House is available for Sale in Poorna Pragna Layout, Bangalore for 6.0 Crore(s)",4.0,1000000.0,Bangalore,2100.0,"Ceramic Tiles,Vitrified",Unfurnished,East Facing Property,3 Km to upcoming metro,13.23317906417201,Block 8 Jaya Nagar,78.1087834968326,halfyearly,3.0,8 Covered,Dec '27,No/Rare Powercut,Residential House,Ready to Move,contractor,9981.0,onlyboys,Water Availability 24 Hours Available,8.0,28571.428571428572,4.0,8.0,True,False,"8 BHK, Residential House is available for Sale in Poorna Pragna Layout, Bangalore for 6.0 Crore(s)|60000000|2100.0|Block 8 Jaya Nagar|Residential House|contractor",1,False,False,1.0,Other,22668326.715609636,37331673.28439036,164.686497387932,164.686497387932,False,Potentially Overpriced,Large positive price deviation,Potentially Overpriced,None
51000000,"Jogging and Strolling Track,Service/Goods Lift","4 BHK, Residential House is available for Sale in Eshwara Layout Indiranagar, Bangalore for 5.1 Crore(s)",4.0,1000000.0,Bangalore,2900.0,"Ceramic Tiles,Vitrified",Unfurnished,East Facing Property,3 Km to upcoming metro,13.23317906417201,Eshwara Layout Indiranagar,78.1087834968326,monthly,3.0,2 Open,Dec '27,No/Rare Powercut,Residential House,Ready to Move,contractor,9981.0,bachelors,Water Availability 24 Hours Available,4.0,17586.206896551725,4.0,4.0,False,False,"4 BHK, Residential House is available for Sale in Eshwara Layout Indiranagar, Bangalore for 5.1 Crore(s)|51000000|2900.0|Eshwara Layout Indiranagar|Residential House|contractor",1,False,False,0.5,Other,22867497.562486645,28132502.437513355,123.02396604892951,123.02396604892951,False,Potentially Overpriced,Large positive price deviation,Potentially Overpriced,None
50000000,"Internet/Wi-Fi Connectivity,Visitor Parking,Intercom Facility","4 BHK, Villa is available for Sale in Kadugodi, Bangalore for 5.0 Crore(s)",4.0,500000.0,Bangalore,3398.0,"Granite,Marble,Wooden",Unfurnished,East Facing Property,"Indus International School, Azim Premji Unv., Upcoming STRR 300 mtrs",13.406784703633743,Kadugodi,78.02072412418526,yearly,4.0,2 Covered,Apr '24,No/Rare Powercut,Villa,Ready to Move,contractor,8300.0,onlygirls,Water Availability 24 Hours Available,4.0,14714.537963507946,4.0,4.0,False,False,"4 BHK, Villa is available for Sale in Kadugodi, Bangalore for 5.0 Crore(s)|50000000|3398.0|Kadugodi|Villa|contractor",1,False,False,1.0,Other,22392892.040590428,27607107.959409572,123.2851384687945,123.2851384687945,False,Potentially Overpriced,Large positive price deviation,Potentially Overpriced,None
13000000,"Internet/Wi-Fi Connectivity,Visitor Parking,Intercom Facility","4 BHK, Residential House is available for Sale in Krishnarajapura, Bangalore for 1.3 Crore(s)",4.0,500000.0,Bangalore,3398.0,"Granite,Marble,Wooden",Unfurnished,East Facing Property,"Indus International School, Azim Premji Unv., Upcoming STRR 300 mtrs",13.406784703633743,Kadugodi,78.02072412418526,halfyearly,4.0,2 Covered,Apr '24,No/Rare Powercut,Villa,Ready to Move,agent,8300.0,bachelors,Water Availability 24 Hours Available,4.0,3825.779870512066,4.0,4.0,False,False,"4 BHK, Residential House is available for Sale in Krishnarajapura, Bangalore for 1.3 Crore(s)|13000000|3398.0|Kadugodi|Villa|agent",1,False,False,1.0,Other,41488026.74626999,-28488026.746269993,-68.66565845730715,68.66565845730715,False,Potentially Underpriced,Large negative price deviation,Potentially Underpriced,None
50000000,"Skydeck,Banquet Hall,Jogging and Strolling Track,Outdoor Tennis Courts,Visitor Parking","5 BHK, Villa is available for Sale in Whitefield, Bangalore for 5.0 Crore(s)",4.0,1000000.0,Bangalore,1200.0,"Ceramic Tiles,Vitrified",Unfurnished,East Facing Property,3 Km to upcoming metro,13.23317906417201,Phase 8th JP Nagar,78.1087834968326,yearly,3.0,2 Covered,Dec '27,No/Rare Powercut,Residential House,Ready to Move,owner,9981.0,onlyboys,Water Availability 24 Hours Available,5.0,41666.666666666664,4.0,5.0,False,False,"5 BHK, Villa is available for Sale in Whitefield, Bangalore for 5.0 Crore(s)|50000000|1200.0|Phase 8th JP Nagar|Residential House|owner",1,False,False,1.0,Other,24173901.522739142,25826098.477260858,106.83463094679846,106.83463094679846,False,Potentially Overpriced,Large positive price deviation,Potentially Overpriced,None
107500000,Air Conditioned,"4 BHK, Residential House is available for Sale in RMV Extension Stage 2nd RMV, Bangalore for 10.7 Crore(s)",4.0,1000000.0,Bangalore,1200.0,"Ceramic Tiles,Vitrified",Unfurnished,East Facing Property,3 Km to upcoming metro,13.23317906417201,Phase 8th JP Nagar,78.1087834968326,monthly,3.0,2 Covered,Dec '27,No/Rare Powercut,Residential House,Ready to Move,builder,9981.0,onlyboys,Water Availability 24 Hours Available,4.0,89583.33333333333,4.0,4.0,True,False,"4 BHK, Residential House is available for Sale in RMV Extension Stage 2nd RMV, Bangalore for 10.7 Crore(s)|107500000|1200.0|Phase 8th JP Nagar|Residential House|builder",1,False,False,1.0,Other,20306015.503713712,87193984.49628629,429.3997730886181,429.3997730886181,False,Potentially Overpriced,Large positive price deviation,Potentially Overpriced,None
80000000,"Bar/Lounge,Jogging and Strolling Track,Outdoor Tennis Courts","6 BHK, Villa is available for Sale in Sarjapur Road, Bangalore for 8.0 Crore(s)",3.0,500000.0,Bangalore,2600.0,"Granite,Vitrified,Wooden",Unfurnished,East Facing Property,"Close to Prestige Tech Cloud IT Park, International Airport Road.",13.446893410531992,Bannerghatta Main Road,78.21338685240576,halfyearly,4.0,2 Covered,Mar '24,No/Rare Powercut,Villa,Ready to Move,agent,7769.0,family,Water Availability 24 Hours Available,6.0,30769.23076923077,3.0,6.0,True,False,"6 BHK, Villa is available for Sale in Sarjapur Road, Bangalore for 8.0 Crore(s)|80000000|2600.0|Bannerghatta Main Road|Villa|agent",1,False,False,1.0,Bannerghatta Main Road,22491764.43554091,57508235.564459085,255.68574546150788,255.68574546150788,False,Potentially Overpriced,Large positive price deviation,Potentially Overpriced,None
55000000,"Theme based Architectures,Banquet Hall,Service/Goods Lift,Visitor Parking,Conference Room","4 BHK, Residential House is available for Sale in Block 5th Rajajinagar, Bangalore for 5.5 Crore(s)",4.0,200000.0,Bangalore,1550.0,"Ceramic Tiles,Vitrified",Unfurnished,East Facing Property,"Located right next to the main road, near to schools, malls and metro",13.232731178882103,"Itpl, Whitefield",78.56945999997487,monthly,2.0,1 Covered,Mar '23,No/Rare Powercut,Villa,Ready to Move,owner,9211.0,onlygirls,Water Availability 24 Hours Available,4.0,35483.87096774193,4.0,4.0,False,False,"4 BHK, Residential House is available for Sale in Block 5th Rajajinagar, Bangalore for 5.5 Crore(s)|55000000|1550.0|Itpl, Whitefield|Villa|owner",1,False,False,1.0,Other,18083932.227932107,36916067.77206789,204.13739283455183,204.13739283455183,False,Potentially Overpriced,Large positive price deviation,Potentially Overpriced,None
100000000,"Bar/Lounge,Air Conditioned,Banquet Hall,Jogging and Strolling Track,Outdoor Tennis Courts,Laundry Service,Internet/Wi-Fi Connectivity,RO Water System,Service/Goods Lift,Intercom Facility,Conference Room","4 BHK, Residential House is available for Sale in Bannerghatta Main Road, Bangalore for 10.0 Crore(s)",4.0,200000.0,Bangalore,5000.0,"Ceramic Tiles,Vitrified",Unfurnished,East Facing Property,"Located right next to the main road, near to schools, malls and metro",13.20254783508202,Bannerghatta Main Road,78.23016956790794,halfyearly,2.0,2 Covered,Mar '23,No/Rare Powercut,Residential House,Ready to Move,owner,9211.0,bachelors,Water Availability 24 Hours Available,4.0,20000.0,4.0,4.0,True,True,"4 BHK, Residential House is available for Sale in Bannerghatta Main Road, Bangalore for 10.0 Crore(s)|100000000|5000.0|Bannerghatta Main Road|Residential House|owner",1,False,False,1.0,Bannerghatta Main Road,46574177.51407232,53425822.48592768,114.71125275327758,114.71125275327758,True,Potentially Overpriced,Large positive price deviation + Extreme area,Potentially Overpriced,Extreme Area
52500000,"Bar/Lounge,Jogging and Strolling Track,Outdoor Tennis Courts,Laundry Service,Service/Goods Lift,Visitor Parking,Conference Room","4 BHK, Villa is available for Sale in Whitefield, Bangalore for 5.2 Crore(s)",4.0,200000.0,Bangalore,1980.0,"Ceramic Tiles,Vitrified",Unfurnished,East Facing Property,"Located right next to the main road, near to schools, malls and metro",13.438511410903946,Horamavu,77.81091537414366,monthly,2.0,2 Covered,Mar '23,No/Rare Powercut,Villa,Ready to Move,agent,9211.0,bachelors,Water Availability 24 Hours Available,4.0,26515.151515151516,4.0,4.0,False,False,"4 BHK, Villa is available for Sale in Whitefield, Bangalore for 5.2 Crore(s)|52500000|1980.0|Horamavu|Villa|agent",1,False,False,1.0,Other,26168652.475702837,26331347.524297163,100.62171733430058,100.62171733430058,False,Potentially Overpriced,Large positive price deviation,Potentially Overpriced,None
4606000,"Private Garage,Laundry Service,RO Water System","3 BHK, Residential House is available for Sale in Phase 2 Electronic City, Bangalore for 46.60 Lac(s)",4.0,200000.0,Bangalore,1245.0,"Ceramic Tiles,Vitrified",Unfurnished,East Facing Property,"Located right next to the main road, near to schools, malls and metro",13.438511410903946,Phase 2 Electronic City,77.81091537414366,halfyearly,2.0,1 Covered,Mar '23,No/Rare Powercut,Residential House,Ready to Move,builder,9211.0,bachelors,Water Availability 24 Hours Available,3.0,3699.598393574297,4.0,3.0,False,False,"3 BHK, Residential House is available for Sale in Phase 2 Electronic City, Bangalore for 46.60 Lac(s)|4606000|1245.0|Phase 2 Electronic City|Residential House|builder",1,False,False,1.0,Phase 2 Electronic City,21054903.703651827,-16448903.703651827,-78.12386100250308,78.12386100250308,False,Potentially Underpriced,Large negative price deviation,Potentially Underpriced,None
12000000,"Water Front,Smart Home,Fireplace,Banquet Hall,Jogging and Strolling Track,Laundry Service,Internet/Wi-Fi Connectivity,RO Water System,Visitor Parking,Intercom Facility,Conference Room","4 BHK, Villa is available for Sale in Sarjapura, Bangalore for 1.2 Crore(s)",4.0,200000.0,Bangalore,1680.0,"Ceramic Tiles,Vitrified,Wooden",Unfurnished,East Facing Property,"This grand property at Sarjapur, Bangalore, Karnataka, INDIA.",13.5593703084176,Sarjapura,77.98270081026324,quarterly,2.0,1 Covered,Dec '23,No/Rare Powercut,Villa,Under Construction,agent,6000.0,onlyboys,Water Availability 24 Hours Available,4.0,7142.857142857143,4.0,4.0,False,False,"4 BHK, Villa is available for Sale in Sarjapura, Bangalore for 1.2 Crore(s)|12000000|1680.0|Sarjapura|Villa|agent",1,False,False,1.0,Other,27134297.820864636,-15134297.820864636,-55.77552778692978,55.77552778692978,False,Potentially Underpriced,Large negative price deviation,Potentially Underpriced,None
20500000,Air Conditioned,"1 BHK, Residential House is available for Sale in Whitefield, Bangalore for 2.5 Crore(s)",4.0,200000.0,Bangalore,2100.0,"Ceramic Tiles,Vitrified",Unfurnished,East Facing Property,"Located right next to the main road, near to schools, malls and metro",13.097755397801556,Yelahanka,77.71447529684163,quarterly,2.0,1 Covered,Mar '23,No/Rare Powercut,Villa,Ready to Move,agent,9211.0,family,Water Availability 24 Hours Available,1.0,9761.904761904761,4.0,1.0,False,False,"1 BHK, Residential House is available for Sale in Whitefield, Bangalore for 2.5 Crore(s)|20500000|2100.0|Yelahanka|Villa|agent",1,False,False,1.0,Yelahanka,7848334.359682514,12651665.640317485,161.20191954754176,161.20191954754176,False,Potentially Overpriced,Large positive price deviation,Potentially Overpriced,None
56000000,"Water Front,Hilltop,Smart Home,Bar/Lounge,Fingerprint Access,Health club with Steam / Jaccuzi,Banquet Hall,Jogging and Strolling Track,Outdoor Tennis Courts,Internet/Wi-Fi Connectivity,Service/Goods Lift,Visitor Parking,Intercom Facility,Conference Room","4 BHK, Villa is available for Sale in Devanahalli, Bangalore for 5.6 Crore(s)",4.0,500000.0,Bangalore,2034.0,"Granite,Marble,Vitrified",Unfurnished,East Facing Property,"Near to meenakshi mall, Apollo hospitals",13.769147299414849,Bannerghatta Main Road,78.55025634505579,monthly,2.0,2 Covered,Aug '27,No/Rare Powercut,Villa,Under Construction,owner,9912.0,onlygirls,Water Availability 24 Hours Available,4.0,27531.95673549656,4.0,4.0,False,False,"4 BHK, Villa is available for Sale in Devanahalli, Bangalore for 5.6 Crore(s)|56000000|2034.0|Bannerghatta Main Road|Villa|owner",1,False,False,1.0,Bannerghatta Main Road,27481596.239313126,28518403.760686874,103.77273398657452,103.77273398657452,False,Potentially Overpriced,Large positive price deviation,Potentially Overpriced,None
25000000,Visitor Parking,"1 BHK, Residential House is available for Sale in Phase 2 Electronic City, Bangalore for 2.5 Crore(s)",4.0,500000.0,Bangalore,2034.0,"Granite,Marble,Vitrified",Unfurnished,East Facing Property,"Near to meenakshi mall, Apollo hospitals",13.769147299414849,Bannerghatta Main Road,78.55025634505579,yearly,2.0,2 Covered,Aug '27,No/Rare Powercut,Villa,Under Construction,agent,9912.0,onlygirls,Water Availability 24 Hours Available,1.0,12291.052114060964,4.0,1.0,False,False,"1 BHK, Residential House is available for Sale in Phase 2 Electronic City, Bangalore for 2.5 Crore(s)|25000000|2034.0|Bannerghatta Main Road|Villa|agent",1,False,False,1.0,Bannerghatta Main Road,6938818.457488995,18061181.542511005,260.29188763423775,260.29188763423775,False,Potentially Overpriced,Large positive price deviation,Potentially Overpriced,None
17000000,"Water Front,Skydeck,Concierge Services,Theme based Architectures,Wine Cellar,Full Glass Wall,Bar/Lounge,Fingerprint Access,Health club with Steam / Jaccuzi,House help accommodation,Air Conditioned,Banquet Hall,Jogging and Strolling Track,Outdoor Tennis Courts,Internet/Wi-Fi Connectivity,RO Water System,Visitor Parking,Intercom Facility,Conference Room,Mansion","3 BHK, Villa is available for Sale in Lakkondahalli, Bangalore for 1.7 Crore(s)",3.0,1000000.0,Bangalore,2504.0,"Granite,Marble,Mosaic,Wooden",Unfurnished,East Facing Property,Devanhalli road,13.665726809487875,Devanahalli,78.20544402816131,quarterly,2.0,2 Covered,Dec '26,No/Rare Powercut,Villa,Under Construction,owner,14616.0,onlygirls,Water Availability 24 Hours Available,3.0,6789.137380191693,3.0,3.0,False,False,"3 BHK, Villa is available for Sale in Lakkondahalli, Bangalore for 1.7 Crore(s)|17000000|2504.0|Devanahalli|Villa|owner",1,False,False,1.0,Devanahalli,41723823.58214639,-24723823.58214639,-59.255891381742174,59.255891381742174,False,Potentially Underpriced,Large negative price deviation,Potentially Underpriced,None
43500000,Visitor Parking,"4 BHK, Residential House is available for Sale in Stage 2nd BTM Layout, Bangalore for 4.3 Crore(s)",,,Bangalore,3200.0,,,,"Channasandra Main Road, Nagondanahalli",,Whitefield,,monthly,3.0,"1 Covered, 2 Open",,,Residential House,Ready to Move,contractor,,couples,,4.0,13593.75,,4.0,False,False,"4 BHK, Residential House is available for Sale in Stage 2nd BTM Layout, Bangalore for 4.3 Crore(s)|43500000|3200.0|Whitefield|Residential House|contractor",1,False,False,1.5,Whitefield,20664678.044463884,22835321.955536116,110.50412644417537,110.50412644417537,False,Potentially Overpriced,Large positive price deviation,Potentially Overpriced,None
2990000,Visitor Parking,"2 BHK, Residential House is available for Sale in Nallasandra, Bangalore for 29.90 Lac(s)",,,Bangalore,3200.0,,,,"Channasandra Main Road, Nagondanahalli",,Whitefield,,halfyearly,3.0,"1 Covered, 2 Open",,,Residential House,Ready to Move,contractor,,bachelors,,2.0,934.375,,2.0,False,False,"2 BHK, Residential House is available for Sale in Nallasandra, Bangalore for 29.90 Lac(s)|2990000|3200.0|Whitefield|Residential House|contractor",1,False,False,1.5,Whitefield,12073646.541608788,-9083646.541608788,-75.23531942321057,75.23531942321057,False,Potentially Underpriced,Large negative price deviation,Potentially Underpriced,None
9000000,Visitor Parking,"6 BHK, Residential House is available for Sale in RK Hegde Nagar, Bangalore for 90.0 Lac(s)",,,Bangalore,3200.0,,,,"Channasandra Main Road, Nagondanahalli",,Whitefield,,quarterly,3.0,"1 Covered, 2 Open",,,Residential House,Ready to Move,builder,,family,,6.0,2812.5,,6.0,False,False,"6 BHK, Residential House is available for Sale in RK Hegde Nagar, Bangalore for 90.0 Lac(s)|9000000|3200.0|Whitefield|Residential House|builder",1,False,False,1.5,Whitefield,31449689.965258736,-22449689.965258736,-71.3828657454431,71.3828657454431,False,Potentially Underpriced,Large negative price deviation,Potentially Underpriced,None
5400000,Visitor Parking,"3 BHK, Residential House is available for Sale in Madanayakahalli, Bangalore for 54.0 Lac(s)",,,Bangalore,3200.0,,,,"Channasandra Main Road, Nagondanahalli",,Whitefield,,monthly,3.0,"1 Covered, 2 Open",,,Residential House,Ready to Move,owner,,couples,,3.0,1687.5,,3.0,False,False,"3 BHK, Residential House is available for Sale in Madanayakahalli, Bangalore for 54.0 Lac(s)|5400000|3200.0|Whitefield|Residential House|owner",1,False,False,1.5,Whitefield,14842409.580184523,-9442409.580184523,-63.61776724441486,63.61776724441486,False,Potentially Underpriced,Large negative price deviation,Potentially Underpriced,None
1620000,"Skyline View,Concierge Services,Fireplace,Air Conditioned,Banquet Hall,Jogging and Strolling Track,Internet/Wi-Fi Connectivity,RO Water System,Service/Goods Lift,Visitor Parking,Intercom Facility","1 BHK, Residential House is available for Sale in Chikkaballapur, Bangalore for 16.20 Lac(s)",4.0,500000.0,Bangalore,2400.0,"Ceramic Tiles,Marble,Vitrified,Wooden",Unfurnished,East Facing Property,"Near to meenakshi mall, Apollo hospitals",13.676405750706444,Kannamangala,78.39067041487263,monthly,3.0,2 Covered,Sep '25,No/Rare Powercut,Villa,Ready to Move,agent,9912.0,family,Water Availability 24 Hours Available,1.0,675.0,4.0,1.0,False,False,"1 BHK, Residential House is available for Sale in Chikkaballapur, Bangalore for 16.20 Lac(s)|1620000|2400.0|Kannamangala|Villa|agent",1,False,False,1.0,Other,5131662.471655209,-3511662.4716552086,-68.43128305986438,68.43128305986438,False,Potentially Underpriced,Large negative price deviation,Potentially Underpriced,None
1800000,"Skyline View,Concierge Services,Fireplace,Air Conditioned,Banquet Hall,Jogging and Strolling Track,Internet/Wi-Fi Connectivity,RO Water System,Service/Goods Lift,Visitor Parking,Intercom Facility","1 BHK, Residential House is available for Sale in Kambipura, Bangalore for 18.0 Lac(s)",4.0,500000.0,Bangalore,2400.0,"Ceramic Tiles,Marble,Vitrified,Wooden",Unfurnished,East Facing Property,"Near to meenakshi mall, Apollo hospitals",13.676405750706444,Kannamangala,78.39067041487263,quarterly,3.0,2 Covered,Sep '25,No/Rare Powercut,Villa,Ready to Move,agent,9912.0,couples,Water Availability 24 Hours Available,1.0,750.0,4.0,1.0,False,False,"1 BHK, Residential House is available for Sale in Kambipura, Bangalore for 18.0 Lac(s)|1800000|2400.0|Kannamangala|Villa|agent",1,False,False,1.0,Other,5131662.471655209,-3331662.4716552086,-64.92364784429375,64.92364784429375,False,Potentially Underpriced,Large negative price deviation,Potentially Underpriced,None
10000000,Internet/Wi-Fi Connectivity,"4 BHK, Residential House is available for Sale in Hegganahalli Cross, Bangalore for 1.0 Crore(s)",,,Bangalore,3700.0,,,,"Channasandra Main Road, Nagondanahalli",,Kempamma Layout Hanuman Nagar,,quarterly,3.0,2 Covered,,,Residential House,Ready to Move,owner,,couples,,4.0,2702.7027027027025,,4.0,False,False,"4 BHK, Residential House is available for Sale in Hegganahalli Cross, Bangalore for 1.0 Crore(s)|10000000|3700.0|Kempamma Layout Hanuman Nagar|Residential House|owner",1,False,False,1.0,Other,26818697.384472374,-16818697.384472374,-62.712581238976014,62.712581238976014,False,Potentially Underpriced,Large negative price deviation,Potentially Underpriced,None
1752000,Internet/Wi-Fi Connectivity,"2 BHK, Residential House is available for Sale in Bengaluru Main Road, Bangalore for 17.52 Lac(s)",,,Bangalore,3700.0,,,,"Channasandra Main Road, Nagondanahalli",,Kempamma Layout Hanuman Nagar,,quarterly,3.0,2 Covered,,,Residential House,Ready to Move,contractor,,couples,,2.0,473.5135135135135,,2.0,False,False,"2 BHK, Residential House is available for Sale in Bengaluru Main Road, Bangalore for 17.52 Lac(s)|1752000|3700.0|Kempamma Layout Hanuman Nagar|Residential House|contractor",1,False,False,1.0,Other,8919348.48677036,-7167348.48677036,-80.35730970038162,80.35730970038162,False,Potentially Underpriced,Large negative price deviation,Potentially Underpriced,None
9000000,Internet/Wi-Fi Connectivity,"3 BHK, Residential House is available for Sale in , Bangalore for 90.0 Lac(s)",,,Bangalore,3700.0,,,,"Channasandra Main Road, Nagondanahalli",,Kempamma Layout Hanuman Nagar,,monthly,3.0,2 Covered,,,Residential House,Ready to Move,builder,,onlygirls,,3.0,2432.4324324324325,,3.0,False,False,"3 BHK, Residential House is available for Sale in , Bangalore for 90.0 Lac(s)|9000000|3700.0|Kempamma Layout Hanuman Nagar|Residential House|builder",1,False,False,1.0,Other,20211243.894454613,-11211243.894454613,-55.4703310345518,55.4703310345518,False,Potentially Underpriced,Large negative price deviation,Potentially Underpriced,None
3800000,"Banquet Hall,Jogging and Strolling Track,Outdoor Tennis Courts,Visitor Parking","4 BHK, Residential House is available for Sale in , Bangalore for 38.0 Lac(s)",,,Bangalore,3195.0,,,,"Channasandra Main Road, Nagondanahalli",13.529701637144557,Electronic City,78.62787525015382,yearly,3.0,"1 Covered, 1 Open",,,Villa,Ready to Move,builder,,onlyboys,,4.0,1189.358372456964,,4.0,False,False,"4 BHK, Residential House is available for Sale in , Bangalore for 38.0 Lac(s)|3800000|3195.0|Electronic City|Villa|builder",1,False,False,1.5,Other,23624750.388557393,-19824750.388557393,-83.91517397008977,83.91517397008977,False,Potentially Underpriced,Large negative price deviation,Potentially Underpriced,None
3600000,"Theme based Architectures,Air Conditioned,Visitor Parking,Conference Room","2 BHK, Residential House is available for Sale in Attibele, Bangalore for 36.0 Lac(s)",,,Bangalore,2100.0,Vitrified,,,"Channasandra Main Road, Nagondanahalli",,Sarjapura Attibele Road,,yearly,3.0,1 Covered,Apr '24,,Villa,Under Construction,agent,,bachelors,,2.0,1714.2857142857142,,2.0,False,False,"2 BHK, Residential House is available for Sale in Attibele, Bangalore for 36.0 Lac(s)|3600000|2100.0|Sarjapura Attibele Road|Villa|agent",1,False,False,1.0,Other,9150552.044057716,-5550552.044057716,-60.65811130665273,60.65811130665273,False,Potentially Underpriced,Large negative price deviation,Potentially Underpriced,None
95000000,"Farm-House,Hilltop,Island Kitchen Layout,Concierge Services,Fireplace,Helipad,Full Glass Wall,Bar/Lounge,Fingerprint Access,Health club with Steam / Jaccuzi,Golf Course,House help accommodation,Air Conditioned,Banquet Hall,Internet/Wi-Fi Connectivity,Intercom Facility,Conference Room,Downtown","4 BHK, Villa is available for Sale in Whitefield, Bangalore for 9.5 Crore(s)",4.0,,Bangalore,5600.0,"Ceramic Tiles,Granite,Marble,Marbonite,Mosaic,Normal Tiles/Kotah Stone,Vitrified,Wooden",Unfurnished,East Facing Property,"Channasandra Main Road, Nagondanahalli",13.529701637144557,Whitefield,78.62787525015382,yearly,3.0,3 Covered,Dec '24,No/Rare Powercut,Villa,Under Construction,contractor,,family,Water Availability 24 Hours Available,4.0,16964.285714285714,4.0,4.0,True,True,"4 BHK, Villa is available for Sale in Whitefield, Bangalore for 9.5 Crore(s)|95000000|5600.0|Whitefield|Villa|contractor",1,False,False,1.0,Whitefield,35404166.35679468,59595833.64320532,168.3300011716498,168.3300011716498,True,Potentially Overpriced,Large positive price deviation + Extreme area,Potentially Overpriced,Extreme Area
190000000,"Farm-House,Town House,Water Front,Hilltop,Skyline View,Sea facing,Smart Home,Skydeck,Private jaccuzi,Island Kitchen Layout,Wrap Around Balcony,Concierge Services,Fireplace,Theme based Architectures,Wine Cellar,Private pool ,Helipad,Full Glass Wall,Sky Villa,Bar/Lounge,Fingerprint Access,Health club with Steam / Jaccuzi,Golf Course,House help accommodation,Air Conditioned,Banquet Hall,Jogging and Strolling Track,Outdoor Tennis Courts,Private Garage,Laundry Service,Internet/Wi-Fi Connectivity,RO Water System,Service/Goods Lift,Visitor Parking,Intercom Facility,Conference Room,Mansion,Downtown","5 BHK, Villa is available for Sale in Bellary Road, Bangalore for 19.0 Crore(s)",4.0,,Bangalore,6900.0,Vitrified,Unfurnished,East Facing Property,"Channasandra Main Road, Nagondanahalli",14.073850116697445,Bellary Road,78.34776678730186,monthly,3.0,3 Covered,May '26,No/Rare Powercut,Villa,Ready to Move,contractor,,couples,Water Availability 24 Hours Available,5.0,27536.231884057972,4.0,5.0,True,True,"5 BHK, Villa is available for Sale in Bellary Road, Bangalore for 19.0 Crore(s)|190000000|6900.0|Bellary Road|Villa|contractor",1,False,False,1.0,Other,39380361.58175609,150619638.4182439,382.4739854293824,382.4739854293824,True,Potentially Overpriced,Large positive price deviation + Extreme area,Potentially Overpriced,Extreme Area
86388670,"Skydeck,Island Kitchen Layout,Concierge Services,Fireplace,Theme based Architectures,Full Glass Wall,Fingerprint Access,Health club with Steam / Jaccuzi,House help accommodation,Banquet Hall,Jogging and Strolling Track,Outdoor Tennis Courts,Private Garage,Laundry Service,Internet/Wi-Fi Connectivity,Service/Goods Lift,Visitor Parking,Intercom Facility,Conference Room,Mansion,Downtown","4 BHK, Villa is available for Sale in Whitefield, Bangalore for 8.6 Crore(s)",4.0,,Bangalore,3010.0,"Granite,Marble,Normal Tiles/Kotah Stone,Wooden",Unfurnished,East Facing Property,"Channasandra Main Road, Nagondanahalli",13.936073637395602,Whitefield,78.63747124121626,quarterly,3.0,2 Covered,Dec '27,No/Rare Powercut,Villa,Under Construction,builder,,onlyboys,Water Availability 24 Hours Available,4.0,28700.554817275748,4.0,4.0,True,False,"4 BHK, Villa is available for Sale in Whitefield, Bangalore for 8.6 Crore(s)|86388670|3010.0|Whitefield|Villa|builder",1,False,False,1.0,Whitefield,23004750.064275928,63383919.93572407,275.52535784404347,275.52535784404347,False,Potentially Overpriced,Large positive price deviation,Potentially Overpriced,None
28500000,"Health club with Steam / Jaccuzi,Jogging and Strolling Track,Service/Goods Lift,Visitor Parking,Intercom Facility","3 BHK, Villa is available for Sale in Whitefield, Bangalore for 2.8 Crore(s)",,,Bangalore,2773.0,"Ceramic Tiles,Marble,Mosaic,Vitrified,Wooden",,,"Channasandra Main Road, Nagondanahalli",13.338183491070938,Whitefield,77.87985078184789,yearly,3.0,2 Covered,Dec '23,,Villa,Under Construction,agent,,couples,,3.0,10277.677605481427,,3.0,False,False,"3 BHK, Villa is available for Sale in Whitefield, Bangalore for 2.8 Crore(s)|28500000|2773.0|Whitefield|Villa|agent",1,False,False,1.0,Whitefield,14207202.743393881,14292797.256606119,100.6024726665637,100.6024726665637,False,Potentially Overpriced,Large positive price deviation,Potentially Overpriced,None
14000000,"Skydeck,Island Kitchen Layout,Concierge Services,Fireplace,Theme based Architectures,Full Glass Wall,Fingerprint Access,Health club with Steam / Jaccuzi,House help accommodation,Banquet Hall,Jogging and Strolling Track,Outdoor Tennis Courts,Private Garage,Laundry Service,Internet/Wi-Fi Connectivity,Service/Goods Lift,Visitor Parking,Intercom Facility,Conference Room,Mansion,Downtown","7 BHK, Residential House is available for Sale in Attur Layout, Bangalore for 1.4 Crore(s)",4.0,,Bangalore,3010.0,"Granite,Marble,Normal Tiles/Kotah Stone,Wooden",Unfurnished,East Facing Property,"Channasandra Main Road, Nagondanahalli",13.936073637395602,Whitefield,78.63747124121626,monthly,3.0,1 Covered,Dec '27,No/Rare Powercut,Villa,Under Construction,owner,,onlygirls,Water Availability 24 Hours Available,7.0,4651.162790697675,4.0,7.0,False,False,"7 BHK, Residential House is available for Sale in Attur Layout, Bangalore for 1.4 Crore(s)|14000000|3010.0|Whitefield|Villa|owner",1,False,False,1.0,Whitefield,37979140.833000466,-23979140.833000466,-63.13766006040017,63.13766006040017,False,Potentially Underpriced,Large negative price deviation,Potentially Underpriced,None
17900000,"Concierge Services,Helipad,Full Glass Wall,Fingerprint Access,House help accommodation,Air Conditioned,Banquet Hall,Internet/Wi-Fi Connectivity,Conference Room,Downtown","4 BHK, Villa is available for Sale in Shankanipura, Bangalore for 1.7 Crore(s)",4.0,,Bangalore,1200.0,"Ceramic Tiles,Marble",Unfurnished,East Facing Property,"Channasandra Main Road, Nagondanahalli",13.936073637395602,Shankanipura,78.63747124121626,yearly,3.0,2 Covered,Aug '25,No/Rare Powercut,Villa,Under Construction,owner,,onlyboys,Water Availability 24 Hours Available,4.0,14916.666666666666,4.0,4.0,False,False,"4 BHK, Villa is available for Sale in Shankanipura, Bangalore for 1.7 Crore(s)|17900000|1200.0|Shankanipura|Villa|owner",1,False,False,1.0,Other,50019759.63965113,-32119759.639651127,-64.21414231305002,64.21414231305002,False,Potentially Underpriced,Large negative price deviation,Potentially Underpriced,None
130000000,"Bar/Lounge,Air Conditioned,Banquet Hall,Jogging and Strolling Track,Outdoor Tennis Courts,Laundry Service,Internet/Wi-Fi Connectivity,RO Water System,Service/Goods Lift,Intercom Facility,Conference Room","4 BHK, Villa is available for Sale in Whitefield, Bangalore for 13.0 Crore(s)",4.0,,Bangalore,1200.0,"Ceramic Tiles,Marble",Unfurnished,East Facing Property,"Channasandra Main Road, Nagondanahalli",13.936073637395602,Shankanipura,78.63747124121626,quarterly,3.0,4 Covered,Aug '25,No/Rare Powercut,Villa,Under Construction,owner,,onlygirls,Water Availability 24 Hours Available,4.0,108333.33333333333,4.0,4.0,True,False,"4 BHK, Villa is available for Sale in Whitefield, Bangalore for 13.0 Crore(s)|130000000|1200.0|Shankanipura|Villa|owner",1,False,False,1.0,Other,22149069.786589354,107850930.21341065,486.9320980636008,486.9320980636008,False,Potentially Overpriced,Large positive price deviation,Potentially Overpriced,None
65000000,"House help accommodation,RO Water System","5 BHK, Residential House is available for Sale in Doddakallasandra, Bangalore for 6.5 Crore(s)",4.0,,Bangalore,3600.0,"Ceramic Tiles,Marble",Unfurnished,East Facing Property,"Channasandra Main Road, Nagondanahalli",13.936073637395602,"Doddakallasandra, Konanakunte",78.63747124121626,quarterly,3.0,2 Covered,Aug '25,No/Rare Powercut,Residential House,Ready to Move,agent,,bachelors,Water Availability 24 Hours Available,5.0,18055.555555555555,4.0,5.0,True,False,"5 BHK, Residential House is available for Sale in Doddakallasandra, Bangalore for 6.5 Crore(s)|65000000|3600.0|Doddakallasandra, Konanakunte|Residential House|agent",1,False,False,1.0,Other,21703484.399969783,43296515.60003021,199.49108079664154,199.49108079664154,False,Potentially Overpriced,Large positive price deviation,Potentially Overpriced,None
109000000,Air Conditioned,"5 BHK, Residential House is available for Sale in Sadashiva Nagar, Bangalore for 10.9 Crore(s)",4.0,,Bangalore,3600.0,"Ceramic Tiles,Marble",Unfurnished,East Facing Property,"Channasandra Main Road, Nagondanahalli",13.936073637395602,"Doddakallasandra, Konanakunte",78.63747124121626,halfyearly,3.0,2 Covered,Aug '25,No/Rare Powercut,Residential House,Ready to Move,owner,,onlygirls,Water Availability 24 Hours Available,5.0,30277.777777777777,4.0,5.0,True,False,"5 BHK, Residential House is available for Sale in Sadashiva Nagar, Bangalore for 10.9 Crore(s)|109000000|3600.0|Doddakallasandra, Konanakunte|Residential House|owner",1,False,False,1.0,Other,25503032.785707895,83496967.21429211,327.4001485073747,327.4001485073747,False,Potentially Overpriced,Large positive price deviation,Potentially Overpriced,None
55400000,"Air Conditioned,Private Garage,RO Water System,Visitor Parking","5 BHK, Residential House is available for Sale in Srirampura, Bangalore for 5.5 Crore(s)",4.0,,Bangalore,3600.0,"Ceramic Tiles,Marble",Unfurnished,East Facing Property,"Channasandra Main Road, Nagondanahalli",13.936073637395602,"Doddakallasandra, Konanakunte",78.63747124121626,yearly,3.0,3 Covered,Aug '25,No/Rare Powercut,Residential House,Ready to Move,contractor,,onlyboys,Water Availability 24 Hours Available,5.0,15388.888888888889,4.0,5.0,False,False,"5 BHK, Residential House is available for Sale in Srirampura, Bangalore for 5.5 Crore(s)|55400000|3600.0|Doddakallasandra, Konanakunte|Residential House|contractor",1,False,False,1.0,Other,26214041.0845474,29185958.9154526,111.33712204585305,111.33712204585305,False,Potentially Overpriced,Large positive price deviation,Potentially Overpriced,None
7200000,"Smart Home,Full Glass Wall,Internet/Wi-Fi Connectivity,Conference Room","3 BHK, Villa is available for Sale in Attibele, Bangalore for 72.0 Lac(s)",4.0,10000.0,Bangalore,5000.0,"Ceramic Tiles,Granite,Marble,Wooden",Semi-Furnished,Near indiranagar empire.,Near indiranagar empire.,13.936073637395602,Indiranagar,78.63747124121626,halfyearly,3.0,1 Covered,Oct '23,No/Rare Powercut,Residential House,Ready to Move,owner,36000.0,couples,Water Availability 24 Hours Available,3.0,1440.0,4.0,3.0,False,True,"3 BHK, Villa is available for Sale in Attibele, Bangalore for 72.0 Lac(s)|7200000|5000.0|Indiranagar|Residential House|owner",1,False,False,1.0,Other,15412366.706867969,-8212366.706867969,-53.28426751751515,53.28426751751515,True,Potentially Underpriced,Large negative price deviation + Extreme area,Potentially Underpriced,Extreme Area
12700000,"Smart Home,Full Glass Wall,Internet/Wi-Fi Connectivity,Conference Room","1 BHK, Residential House is available for Sale in Wilson Garden, Bangalore for 1.2 Crore(s)",4.0,10000.0,Bangalore,5000.0,"Ceramic Tiles,Granite,Marble,Wooden",Semi-Furnished,Near indiranagar empire.,Near indiranagar empire.,13.936073637395602,Indiranagar,78.63747124121626,yearly,3.0,1 Covered,Oct '23,No/Rare Powercut,Residential House,Ready to Move,contractor,36000.0,family,Water Availability 24 Hours Available,1.0,2540.0,4.0,1.0,False,True,"1 BHK, Residential House is available for Sale in Wilson Garden, Bangalore for 1.2 Crore(s)|12700000|5000.0|Indiranagar|Residential House|contractor",1,False,False,1.0,Other,4274621.242357709,8425378.757642291,197.1023461483383,197.1023461483383,True,Potentially Overpriced,Large positive price deviation + Extreme area,Potentially Overpriced,Extreme Area
90000000,"Full Glass Wall,Bar/Lounge,Health club with Steam / Jaccuzi,House help accommodation,Air Conditioned,Banquet Hall,Jogging and Strolling Track,Outdoor Tennis Courts,Private Garage,Visitor Parking,Intercom Facility,Conference Room","4 BHK, Villa is available for Sale in Adarsh Palm Retreat, Bangalore for 9.0 Crore(s)",4.0,10000.0,Bangalore,2900.0,"Ceramic Tiles,Granite,Marble,Wooden",Semi-Furnished,Near indiranagar empire.,Near indiranagar empire.,13.56519457093073,"Adarsh Palm Retreat, Bellandur",78.37193366014155,yearly,3.0,2 Covered,Oct '23,No/Rare Powercut,Villa,Ready to Move,owner,36000.0,bachelors,Water Availability 24 Hours Available,4.0,31034.48275862069,4.0,4.0,True,False,"4 BHK, Villa is available for Sale in Adarsh Palm Retreat, Bangalore for 9.0 Crore(s)|90000000|2900.0|Adarsh Palm Retreat, Bellandur|Villa|owner",1,False,False,1.0,Other,35112603.51870714,54887396.48129286,156.31821904647484,156.31821904647484,False,Potentially Overpriced,Large positive price deviation,Potentially Overpriced,None
20400000,"Full Glass Wall,Bar/Lounge,Health club with Steam / Jaccuzi,House help accommodation,Air Conditioned,Banquet Hall,Jogging and Strolling Track,Outdoor Tennis Courts,Private Garage,Visitor Parking,Intercom Facility,Conference Room","2 BHK, Residential House is available for Sale in Adugodi, Bangalore for 2.4 Crore(s)",4.0,10000.0,Bangalore,2900.0,"Ceramic Tiles,Granite,Marble,Wooden",Semi-Furnished,Near indiranagar empire.,Near indiranagar empire.,13.56519457093073,"Adarsh Palm Retreat, Bellandur",78.37193366014155,halfyearly,3.0,2 Covered,Oct '23,No/Rare Powercut,Villa,Ready to Move,contractor,36000.0,onlygirls,Water Availability 24 Hours Available,2.0,7034.482758620689,4.0,2.0,False,False,"2 BHK, Residential House is available for Sale in Adugodi, Bangalore for 2.4 Crore(s)|20400000|2900.0|Adarsh Palm Retreat, Bellandur|Villa|contractor",1,False,False,1.0,Other,5545951.645312534,14854048.354687467,267.83587929841013,267.83587929841013,False,Potentially Overpriced,Large positive price deviation,Potentially Overpriced,None
17000000,"House help accommodation,Air Conditioned,Visitor Parking","4 BHK, Residential House is available for Sale in , Bangalore for 1.7 Crore(s)",,,Bangalore,4100.0,,,,"Channasandra Main Road, Nagondanahalli",13.212711607522984,AGS Layout-Banashankari,77.71857985720578,quarterly,3.0,"2 Covered, 1 Open",,,Residential House,Ready to Move,owner,,onlyboys,,4.0,4146.341463414634,,4.0,False,True,"4 BHK, Residential House is available for Sale in , Bangalore for 1.7 Crore(s)|17000000|4100.0|AGS Layout-Banashankari|Residential House|owner",1,False,False,1.5,Other,40658593.59763199,-23658593.59763199,-58.18842095662132,58.18842095662132,True,Potentially Underpriced,Large negative price deviation + Extreme area,Potentially Underpriced,Extreme Area
22000000,Visitor Parking,"2 BHK, Residential House is available for Sale in , Bangalore for 2.2 Crore(s)",,,Bangalore,1241.0,,,,"Channasandra Main Road, Nagondanahalli",13.345279630471431,Cox Town,77.88911409331625,halfyearly,3.0,1 Covered,,,Residential House,Ready to Move,builder,,bachelors,,2.0,17727.6390008058,,2.0,False,False,"2 BHK, Residential House is available for Sale in , Bangalore for 2.2 Crore(s)|22000000|1241.0|Cox Town|Residential House|builder",1,False,False,1.0,Other,10373039.155300228,11626960.844699772,112.08827683600171,112.08827683600171,False,Potentially Overpriced,Large positive price deviation,Potentially Overpriced,None
27500000,Visitor Parking,"1 BHK, Residential House is available for Sale in Chikkagubbi Village, Bangalore for 2.7 Crore(s)",,,Bangalore,2700.0,,,,"Channasandra Main Road, Nagondanahalli",13.28028367101162,Chikkagubbi Village,77.8585823457255,quarterly,3.0,"1 Covered, 1 Open",,,Residential House,Ready to Move,contractor,,onlygirls,,1.0,10185.185185185184,,1.0,False,False,"1 BHK, Residential House is available for Sale in Chikkagubbi Village, Bangalore for 2.7 Crore(s)|27500000|2700.0|Chikkagubbi Village|Residential House|contractor",1,False,False,1.5,Other,5428590.315667952,22071409.684332047,406.5771848840707,406.5771848840707,False,Potentially Overpriced,Large positive price deviation,Potentially Overpriced,None
49200000,Visitor Parking,"3 BHK, Residential House is available for Sale in Basaveshwar Nagar, Bangalore for 4.9 Crore(s)",,,Bangalore,1241.0,,,,"Channasandra Main Road, Nagondanahalli",13.345279630471431,Cox Town,77.88911409331625,monthly,3.0,1 Covered,,,Residential House,Ready to Move,contractor,,onlyboys,,3.0,39645.447219983886,,3.0,False,False,"3 BHK, Residential House is available for Sale in Basaveshwar Nagar, Bangalore for 4.9 Crore(s)|49200000|1241.0|Cox Town|Residential House|contractor",1,False,False,1.0,Other,14040926.102808483,35159073.89719152,250.40423715469137,250.40423715469137,False,Potentially Overpriced,Large positive price deviation,Potentially Overpriced,None
2700000,Visitor Parking,"5 BHK, Residential House is available for Sale in Bellahalli, Bangalore for 27.0 Lac(s)",,,Bangalore,1241.0,,,,"Channasandra Main Road, Nagondanahalli",13.345279630471431,Cox Town,77.88911409331625,halfyearly,3.0,1 Covered,,,Residential House,Ready to Move,agent,,family,,5.0,2175.66478646253,,5.0,False,False,"5 BHK, Residential House is available for Sale in Bellahalli, Bangalore for 27.0 Lac(s)|2700000|1241.0|Cox Town|Residential House|agent",1,False,False,1.0,Other,20140852.639058813,-17440852.639058813,-86.59441063203086,86.59441063203086,False,Potentially Underpriced,Large negative price deviation,Potentially Underpriced,None
8000000,Visitor Parking,"2 BHK, Residential House is available for Sale in Bilwaradahalli, Bangalore for 80.0 Lac(s)",,,Bangalore,1241.0,,,,"Channasandra Main Road, Nagondanahalli",13.345279630471431,Cox Town,77.88911409331625,halfyearly,3.0,1 Covered,,,Residential House,Ready to Move,owner,,couples,,2.0,6446.414182111201,,2.0,False,False,"2 BHK, Residential House is available for Sale in Bilwaradahalli, Bangalore for 80.0 Lac(s)|8000000|1241.0|Cox Town|Residential House|owner",1,False,False,1.0,Other,18125425.87536219,-10125425.875362191,-55.86310603121131,55.86310603121131,False,Potentially Underpriced,Large negative price deviation,Potentially Underpriced,None
70000000,Air Conditioned,"3 BHK, Residential House is available for Sale in Block 1st JayaNagar, Bangalore for 7.0 Crore(s)",,,Bangalore,1500.0,,,,"Channasandra Main Road, Nagondanahalli",13.677348038063611,Block 1st JayaNagar,77.7651305036191,monthly,3.0,3 Covered,,,Residential House,Ready to Move,owner,,family,,3.0,46666.666666666664,,3.0,True,False,"3 BHK, Residential House is available for Sale in Block 1st JayaNagar, Bangalore for 7.0 Crore(s)|70000000|1500.0|Block 1st JayaNagar|Residential House|owner",1,False,False,1.0,Other,16308541.581986157,53691458.41801384,329.22292988675053,329.22292988675053,False,Potentially Overpriced,Large positive price deviation,Potentially Overpriced,None
22000000,Visitor Parking,"2 BHK, Residential House is available for Sale in KSRTC Layout JP Nagar, Bangalore for 2.2 Crore(s)",,,Bangalore,1241.0,,,,"Channasandra Main Road, Nagondanahalli",13.345279630471431,Cox Town,77.88911409331625,yearly,3.0,1 Covered,,,Residential House,Ready to Move,owner,,bachelors,,2.0,17727.6390008058,,2.0,False,False,"2 BHK, Residential House is available for Sale in KSRTC Layout JP Nagar, Bangalore for 2.2 Crore(s)|22000000|1241.0|Cox Town|Residential House|owner",1,False,False,1.0,Other,8278844.923668511,13721155.076331489,165.7375540047124,165.7375540047124,False,Potentially Overpriced,Large positive price deviation,Potentially Overpriced,None
13500000,"Internet/Wi-Fi Connectivity,Visitor Parking","3 BHK, Residential House is available for Sale in , Bangalore for 1.3 Crore(s)",,,Bangalore,1500.0,,,,"Channasandra Main Road, Nagondanahalli",13.677348038063611,Block 1st JayaNagar,77.7651305036191,monthly,3.0,1 Covered,,,Residential House,Ready to Move,owner,,onlyboys,,3.0,9000.0,,3.0,False,False,"3 BHK, Residential House is available for Sale in , Bangalore for 1.3 Crore(s)|13500000|1500.0|Block 1st JayaNagar|Residential House|owner",1,False,False,1.0,Other,29371600.563003182,-15871600.563003182,-54.03723412674773,54.03723412674773,False,Potentially Underpriced,Large negative price deviation,Potentially Underpriced,None
24000000,Visitor Parking,"6 BHK, Residential House is available for Sale in Vijayanagar, Bangalore for 2.4 Crore(s)",,,Bangalore,1241.0,,,,"Channasandra Main Road, Nagondanahalli",13.345279630471431,Cox Town,77.88911409331625,quarterly,3.0,2 Covered,,,Residential House,Ready to Move,agent,,family,,6.0,19339.2425463336,,6.0,False,False,"6 BHK, Residential House is available for Sale in Vijayanagar, Bangalore for 2.4 Crore(s)|24000000|1241.0|Cox Town|Residential House|agent",1,False,False,1.0,Other,11885242.890649274,12114757.109350726,101.93108563967188,101.93108563967188,False,Potentially Overpriced,Large positive price deviation,Potentially Overpriced,None
42000000,Visitor Parking,"1 BHK, Residential House is available for Sale in Phase 2 Electronic City, Bangalore for 4.2 Crore(s)",,,Bangalore,1200.0,,,,"Channasandra Main Road, Nagondanahalli",13.889367470400558,"Kumaraswamy Layout, Kumaraswamy Layout",78.4780621952879,quarterly,3.0,"2 Covered, 1 Open",,,Residential House,Ready to Move,builder,,family,,1.0,35000.0,,1.0,False,False,"1 BHK, Residential House is available for Sale in Phase 2 Electronic City, Bangalore for 4.2 Crore(s)|42000000|1200.0|Kumaraswamy Layout, Kumaraswamy Layout|Residential House|builder",1,False,False,1.5,Other,7965688.035179696,34034311.9648203,427.26142192000276,427.26142192000276,False,Potentially Overpriced,Large positive price deviation,Potentially Overpriced,None
3500000,"Town House,Skyline View,Internet/Wi-Fi Connectivity,Visitor Parking,Mansion","2 BHK, Residential House is available for Sale in Nelamangala Town, Bangalore for 35.0 Lac(s)",,,Bangalore,2000.0,,,,"Channasandra Main Road, Nagondanahalli",,"Aecs Layout-Singasandra, Singasandra, Hosur Road",,quarterly,3.0,1 Covered,,,Villa,Ready to Move,agent,,onlygirls,,2.0,1750.0,,2.0,False,False,"2 BHK, Residential House is available for Sale in Nelamangala Town, Bangalore for 35.0 Lac(s)|3500000|2000.0|Aecs Layout-Singasandra, Singasandra, Hosur Road|Villa|agent",1,False,False,1.0,Other,9382529.391624492,-5882529.391624492,-62.696626315667636,62.696626315667636,False,Potentially Underpriced,Large negative price deviation,Potentially Underpriced,None
6200000,Visitor Parking,"1 BHK, Residential House is available for Sale in CK Palya, Bangalore for 62.0 Lac(s)",,,Bangalore,1200.0,,,,"Channasandra Main Road, Nagondanahalli",13.889367470400558,"Kumaraswamy Layout, Kumaraswamy Layout",78.4780621952879,halfyearly,3.0,"2 Covered, 1 Open",,,Residential House,Ready to Move,builder,,onlyboys,,1.0,5166.666666666667,,1.0,False,False,"1 BHK, Residential House is available for Sale in CK Palya, Bangalore for 62.0 Lac(s)|6200000|1200.0|Kumaraswamy Layout, Kumaraswamy Layout|Residential House|builder",1,False,False,1.5,Other,16594019.802997276,-10394019.802997276,-62.63714233437197,62.63714233437197,False,Potentially Underpriced,Large negative price deviation,Potentially Underpriced,None
12500000,Visitor Parking,"8 BHK, Residential House is available for Sale in Cottonpete, Bangalore for 1.2 Crore(s)",,,Bangalore,1200.0,,,,"Channasandra Main Road, Nagondanahalli",13.889367470400558,"Kumaraswamy Layout, Kumaraswamy Layout",78.4780621952879,yearly,3.0,"2 Covered, 1 Open",,,Residential House,Ready to Move,agent,,onlyboys,,8.0,10416.666666666666,,8.0,False,False,"8 BHK, Residential House is available for Sale in Cottonpete, Bangalore for 1.2 Crore(s)|12500000|1200.0|Kumaraswamy Layout, Kumaraswamy Layout|Residential House|agent",1,False,False,1.5,Other,26028073.086201284,-13528073.086201284,-51.974931226749774,51.974931226749774,False,Potentially Underpriced,Large negative price deviation,Potentially Underpriced,None
44200000,Private Garage,"4 BHK, Residential House is available for Sale in Thambu Chetty Palya, Bangalore for 4.4 Crore(s)",,,Bangalore,1320.0,,,,"Channasandra Main Road, Nagondanahalli",13.939740810011608,"Jnananjyothinagar, Jnana Ganga Nagar",77.9646041784145,yearly,3.0,1 Covered,,,Residential House,Ready to Move,agent,,family,,4.0,33484.84848484849,,4.0,False,False,"4 BHK, Residential House is available for Sale in Thambu Chetty Palya, Bangalore for 4.4 Crore(s)|44200000|1320.0|Jnananjyothinagar, Jnana Ganga Nagar|Residential House|agent",1,False,False,1.0,Other,16627942.574573338,27572057.425426662,165.8176127429532,165.8176127429532,False,Potentially Overpriced,Large positive price deviation,Potentially Overpriced,None
62500000,"Laundry Service,Visitor Parking","4 BHK, Residential House is available for Sale in Victoria Layout, Bangalore for 6.2 Crore(s)",,,Bangalore,1800.0,,,,"Channasandra Main Road, Nagondanahalli",13.07695052416173,"Victoria Layout, Victoria Layout, Victoria Road",78.04989638825788,monthly,3.0,"1 Covered, 1 Open",,,Residential House,Ready to Move,owner,,onlyboys,,4.0,34722.22222222222,,4.0,True,False,"4 BHK, Residential House is available for Sale in Victoria Layout, Bangalore for 6.2 Crore(s)|62500000|1800.0|Victoria Layout, Victoria Layout, Victoria Road|Residential House|owner",1,False,False,1.5,Other,18041179.999584906,44458820.000415094,246.4296681338915,246.4296681338915,False,Potentially Overpriced,Large positive price deviation,Potentially Overpriced,None
9000000,"Laundry Service,Visitor Parking","6 BHK, Residential House is available for Sale in , Bangalore for 90.0 Lac(s)",,,Bangalore,1800.0,,,,"Channasandra Main Road, Nagondanahalli",13.07695052416173,"Victoria Layout, Victoria Layout, Victoria Road",78.04989638825788,yearly,3.0,"1 Covered, 1 Open",,,Residential House,Ready to Move,owner,,onlyboys,,6.0,5000.0,,6.0,False,False,"6 BHK, Residential House is available for Sale in , Bangalore for 90.0 Lac(s)|9000000|1800.0|Victoria Layout, Victoria Layout, Victoria Road|Residential House|owner",1,False,False,1.5,Other,23327649.610709,-14327649.610709,-61.419173597890556,61.419173597890556,False,Potentially Underpriced,Large negative price deviation,Potentially Underpriced,None
17500000,Laundry Service,"4 BHK, Residential House is available for Sale in Chunchaghatta, Bangalore for 1.7 Crore(s)",3.0,,Bangalore,6400.0,Ceramic Tiles,Semi-Furnished,East Facing Property,"Channasandra Main Road, Nagondanahalli",13.889367470400558,Dasanapura,78.4780621952879,yearly,3.0,2 Covered,Dec '24,Less Than 2 Hour Powercut,Residential House,Under Construction,agent,,couples,Water Availability 24 Hours Available,4.0,2734.375,3.0,4.0,False,True,"4 BHK, Residential House is available for Sale in Chunchaghatta, Bangalore for 1.7 Crore(s)|17500000|6400.0|Dasanapura|Residential House|agent",1,False,False,1.0,Other,39040318.93031515,-21540318.93031515,-55.17454652141406,55.17454652141406,True,Potentially Underpriced,Large negative price deviation + Extreme area,Potentially Underpriced,Extreme Area
8700000,"Private pool ,Jogging and Strolling Track,Internet/Wi-Fi Connectivity,Visitor Parking,Conference Room","5 BHK, Residential House is available for Sale in , Bangalore for 87.0 Lac(s)",,,Bangalore,1668.0,,,,"Channasandra Main Road, Nagondanahalli",,"Gowda Muniswamy Garden, Ejipura",,yearly,3.0,1 Open,,,Residential House,Ready to Move,agent,,family,,5.0,5215.827338129497,,5.0,False,False,"5 BHK, Residential House is available for Sale in , Bangalore for 87.0 Lac(s)|8700000|1668.0|Gowda Muniswamy Garden, Ejipura|Residential House|agent",1,False,False,0.5,Other,24323856.797350723,-15623856.797350723,-64.23264586499467,64.23264586499467,False,Potentially Underpriced,Large negative price deviation,Potentially Underpriced,None
49500000,"Private pool ,Jogging and Strolling Track,Internet/Wi-Fi Connectivity,Visitor Parking,Conference Room","4 BHK, Villa is available for Sale in Devanahalli, Bangalore for 4.9 Crore(s)",,,Bangalore,1668.0,,,,"Channasandra Main Road, Nagondanahalli",,"Gowda Muniswamy Garden, Ejipura",,halfyearly,3.0,1 Open,,,Residential House,Ready to Move,owner,,bachelors,,4.0,29676.258992805757,,4.0,False,False,"4 BHK, Villa is available for Sale in Devanahalli, Bangalore for 4.9 Crore(s)|49500000|1668.0|Gowda Muniswamy Garden, Ejipura|Residential House|owner",1,False,False,0.5,Other,16140452.482300222,33359547.517699778,206.68285200976976,206.68285200976976,False,Potentially Overpriced,Large positive price deviation,Potentially Overpriced,None
12000000,"Private pool ,Jogging and Strolling Track,Internet/Wi-Fi Connectivity,Visitor Parking,Conference Room","1 BHK, Residential House is available for Sale in Bilekahalli, Bangalore for 1.2 Crore(s)",,,Bangalore,1668.0,,,,"Channasandra Main Road, Nagondanahalli",,"Gowda Muniswamy Garden, Ejipura",,halfyearly,3.0,1 Open,,,Residential House,Ready to Move,builder,,bachelors,,1.0,7194.244604316546,,1.0,False,False,"1 BHK, Residential House is available for Sale in Bilekahalli, Bangalore for 1.2 Crore(s)|12000000|1668.0|Gowda Muniswamy Garden, Ejipura|Residential House|builder",1,False,False,0.5,Other,5720404.3292052625,6279595.6707947375,109.77538141376738,109.77538141376738,False,Potentially Overpriced,Large positive price deviation,Potentially Overpriced,None
69600000,"Skyline View,Theme based Architectures,Fingerprint Access,Banquet Hall,Jogging and Strolling Track,Outdoor Tennis Courts,Private Garage,Laundry Service,RO Water System,Service/Goods Lift,Visitor Parking,Intercom Facility,Conference Room","2 BHK, Residential House is available for Sale in Jayanagar, Bangalore for 6.9 Crore(s)",,,Bangalore,2478.0,"Ceramic Tiles,Marble,Vitrified,Wooden",,,"Channasandra Main Road, Nagondanahalli",13.43943144636696,Bommasandra,77.89258030983677,monthly,3.0,2 Covered,Jun '26,,Villa,Under Construction,builder,,couples,,2.0,28087.167070217918,,2.0,True,False,"2 BHK, Residential House is available for Sale in Jayanagar, Bangalore for 6.9 Crore(s)|69600000|2478.0|Bommasandra|Villa|builder",1,False,False,1.0,Other,7345129.287685697,62254870.7123143,847.5667108635683,847.5667108635683,False,Potentially Overpriced,Large positive price deviation,Potentially Overpriced,None
89000000,"Sea facing,Smart Home,Skydeck,Island Kitchen Layout,Wrap Around Balcony,Theme based Architectures,Private pool ,Helipad,Full Glass Wall,Bar/Lounge,Fingerprint Access,House help accommodation,Air Conditioned,Jogging and Strolling Track,Laundry Service,Internet/Wi-Fi Connectivity,Service/Goods Lift,Conference Room,Mansion,Downtown","4 BHK, Villa is available for Sale in Whitefield, Bangalore for 8.9 Crore(s)",4.0,,Bangalore,5200.0,Marble,Semi-Furnished,East Facing Property,"Channasandra Main Road, Nagondanahalli",13.185159413858596,Whitefield,78.03089821814889,yearly,3.0,3 Covered,Dec '24,No/Rare Powercut,Villa,Under Construction,agent,,bachelors,Water Availability 24 Hours Available,4.0,17115.384615384617,4.0,4.0,True,True,"4 BHK, Villa is available for Sale in Whitefield, Bangalore for 8.9 Crore(s)|89000000|5200.0|Whitefield|Villa|agent",1,False,False,1.0,Whitefield,36668571.19970152,52331428.80029848,142.7146656882133,142.7146656882133,True,Potentially Overpriced,Large positive price deviation + Extreme area,Potentially Overpriced,Extreme Area
36000000,"Town House,Private Garage,Visitor Parking","4 BHK, Residential House is available for Sale in Chikkagubbi, Bangalore for 3.6 Crore(s)",4.0,,Bangalore,2801.0,Marble,Semi-Furnished,East Facing Property,"Channasandra Main Road, Nagondanahalli",13.185159413858596,Chikkagubbi,78.03089821814889,quarterly,3.0,2 Covered,Dec '24,No/Rare Powercut,Residential House,Ready to Move,owner,,family,Water Availability 24 Hours Available,4.0,12852.55265976437,4.0,4.0,False,False,"4 BHK, Residential House is available for Sale in Chikkagubbi, Bangalore for 3.6 Crore(s)|36000000|2801.0|Chikkagubbi|Residential House|owner",1,False,False,1.0,Other,17242735.50781203,18757264.49218797,108.78357719800181,108.78357719800181,False,Potentially Overpriced,Large positive price deviation,Potentially Overpriced,None
2850000,"Town House,Private Garage,Visitor Parking","2 BHK, Residential House is available for Sale in Minhaj Nagar, Bangalore for 28.50 Lac(s)",4.0,,Bangalore,2801.0,Marble,Semi-Furnished,East Facing Property,"Channasandra Main Road, Nagondanahalli",13.185159413858596,Chikkagubbi,78.03089821814889,monthly,3.0,2 Covered,Dec '24,No/Rare Powercut,Residential House,Ready to Move,agent,,onlygirls,Water Availability 24 Hours Available,2.0,1017.493752231346,4.0,2.0,False,False,"2 BHK, Residential House is available for Sale in Minhaj Nagar, Bangalore for 28.50 Lac(s)|2850000|2801.0|Chikkagubbi|Residential House|agent",1,False,False,1.0,Other,7135733.776883857,-4285733.776883857,-60.060169155517706,60.060169155517706,False,Potentially Underpriced,Large negative price deviation,Potentially Underpriced,None
16000000,"Town House,Private Garage,Visitor Parking","2 BHK, Residential House is available for Sale in Jayamahal, Bangalore for 1.6 Crore(s)",4.0,,Bangalore,2801.0,Marble,Semi-Furnished,East Facing Property,"Channasandra Main Road, Nagondanahalli",13.185159413858596,Chikkagubbi,78.03089821814889,monthly,3.0,2 Covered,Dec '24,No/Rare Powercut,Residential House,Ready to Move,owner,,onlyboys,Water Availability 24 Hours Available,2.0,5712.245626561942,4.0,2.0,False,False,"2 BHK, Residential House is available for Sale in Jayamahal, Bangalore for 1.6 Crore(s)|16000000|2801.0|Chikkagubbi|Residential House|owner",1,False,False,1.0,Other,3312415.131702799,12687584.8682972,383.03124348351076,383.03124348351076,False,Potentially Overpriced,Large positive price deviation,Potentially Overpriced,None
1580000,"Town House,Private Garage,Visitor Parking","2 BHK, Residential House is available for Sale in Gangamma Circle Church Road, Bangalore for 15.80 Lac(s)",4.0,,Bangalore,2801.0,Marble,Semi-Furnished,East Facing Property,"Channasandra Main Road, Nagondanahalli",13.185159413858596,Chikkagubbi,78.03089821814889,quarterly,3.0,2 Covered,Dec '24,No/Rare Powercut,Residential House,Ready to Move,owner,,bachelors,Water Availability 24 Hours Available,2.0,564.0842556229918,4.0,2.0,False,False,"2 BHK, Residential House is available for Sale in Gangamma Circle Church Road, Bangalore for 15.80 Lac(s)|1580000|2801.0|Chikkagubbi|Residential House|owner",1,False,False,1.0,Other,9251446.85101893,-7671446.85101893,-82.92159026103054,82.92159026103054,False,Potentially Underpriced,Large negative price deviation,Potentially Underpriced,None
5700000,"Town House,Private Garage,Visitor Parking","3 BHK, Residential House is available for Sale in Block 8th Sir M Vishweshwaraiah Layout, Bangalore for 57.0 Lac(s)",4.0,,Bangalore,2801.0,Marble,Semi-Furnished,East Facing Property,"Channasandra Main Road, Nagondanahalli",13.185159413858596,Chikkagubbi,78.03089821814889,yearly,3.0,2 Covered,Dec '24,No/Rare Powercut,Residential House,Ready to Move,builder,,bachelors,Water Availability 24 Hours Available,3.0,2034.987504462692,4.0,3.0,False,False,"3 BHK, Residential House is available for Sale in Block 8th Sir M Vishweshwaraiah Layout, Bangalore for 57.0 Lac(s)|5700000|2801.0|Chikkagubbi|Residential House|builder",1,False,False,1.0,Other,16139009.611891696,-10439009.611891696,-64.68184766554651,64.68184766554651,False,Potentially Underpriced,Large negative price deviation,Potentially Underpriced,None
1900000,"Town House,Private Garage,Visitor Parking","1 BHK, Residential House is available for Sale in Medi Agrahara, Bangalore for 19.0 Lac(s)",4.0,,Bangalore,2801.0,Marble,Semi-Furnished,East Facing Property,"Channasandra Main Road, Nagondanahalli",13.185159413858596,Chikkagubbi,78.03089821814889,monthly,3.0,2 Covered,Dec '24,No/Rare Powercut,Residential House,Ready to Move,contractor,,onlyboys,Water Availability 24 Hours Available,1.0,678.3291681542306,4.0,1.0,False,False,"1 BHK, Residential House is available for Sale in Medi Agrahara, Bangalore for 19.0 Lac(s)|1900000|2801.0|Chikkagubbi|Residential House|contractor",1,False,False,1.0,Other,4493007.334320689,-2593007.3343206886,-57.71206546923505,57.71206546923505,False,Potentially Underpriced,Large negative price deviation,Potentially Underpriced,None
6330000,"Town House,Private Garage,Visitor Parking","5 BHK, Residential House is available for Sale in Shirke Layout, Bangalore for 63.30 Lac(s)",4.0,,Bangalore,2801.0,Marble,Semi-Furnished,East Facing Property,"Channasandra Main Road, Nagondanahalli",13.185159413858596,Chikkagubbi,78.03089821814889,quarterly,3.0,2 Covered,Dec '24,No/Rare Powercut,Residential House,Ready to Move,agent,,onlyboys,Water Availability 24 Hours Available,5.0,2259.9071760085685,4.0,5.0,False,False,"5 BHK, Residential House is available for Sale in Shirke Layout, Bangalore for 63.30 Lac(s)|6330000|2801.0|Chikkagubbi|Residential House|agent",1,False,False,1.0,Other,19146766.8971923,-12816766.8971923,-66.93958810911185,66.93958810911185,False,Potentially Underpriced,Large negative price deviation,Potentially Underpriced,None
9500000,"Town House,Private Garage,Visitor Parking","5 BHK, Residential House is available for Sale in Bandappa Garden, Bangalore for 95.0 Lac(s)",4.0,,Bangalore,2801.0,Marble,Semi-Furnished,East Facing Property,"Channasandra Main Road, Nagondanahalli",13.185159413858596,Chikkagubbi,78.03089821814889,halfyearly,3.0,2 Covered,Dec '24,No/Rare Powercut,Residential House,Ready to Move,owner,,onlygirls,Water Availability 24 Hours Available,5.0,3391.645840771153,4.0,5.0,False,False,"5 BHK, Residential House is available for Sale in Bandappa Garden, Bangalore for 95.0 Lac(s)|9500000|2801.0|Chikkagubbi|Residential House|owner",1,False,False,1.0,Other,32882837.33769577,-23382837.33769577,-71.10954902571768,71.10954902571768,False,Potentially Underpriced,Large negative price deviation,Potentially Underpriced,None
60000000,Visitor Parking,"> 10 BHK, Residential House is available for Sale in Nagdevanahalli, Bangalore for 6.0 Crore(s)",,,Bangalore,3000.0,,,,"Channasandra Main Road, Nagondanahalli",13.11229021406592,Nagdevanahalli,77.60493489215445,halfyearly,3.0,"5 Covered, 5 Open",,,Residential House,Ready to Move,builder,,bachelors,,10.0,20000.0,,10.0,True,False,"> 10 BHK, Residential House is available for Sale in Nagdevanahalli, Bangalore for 6.0 Crore(s)|60000000|3000.0|Nagdevanahalli|Residential House|builder",1,False,False,1.5,Nagdevanahalli,19627499.378622495,40372500.621377505,205.69355190172445,205.69355190172445,False,Potentially Overpriced,Large positive price deviation,Potentially Overpriced,None
32500000,Visitor Parking,"7 BHK, Residential House is available for Sale in Kalyan Nagar, Bangalore for 3.2 Crore(s)",,,Bangalore,3000.0,,,,"Channasandra Main Road, Nagondanahalli",13.11229021406592,Nagdevanahalli,77.60493489215445,halfyearly,3.0,"5 Covered, 5 Open",,,Residential House,Ready to Move,owner,,couples,,7.0,10833.333333333334,,7.0,False,False,"7 BHK, Residential House is available for Sale in Kalyan Nagar, Bangalore for 3.2 Crore(s)|32500000|3000.0|Nagdevanahalli|Residential House|owner",1,False,False,1.5,Nagdevanahalli,7629017.315455093,24870982.684544906,326.00506272492686,326.00506272492686,False,Potentially Overpriced,Large positive price deviation,Potentially Overpriced,None
21000000,Visitor Parking,"2 BHK, Residential House is available for Sale in Chikkabanavara, Bangalore for 2.1 Crore(s)",,,Bangalore,3000.0,,,,"Channasandra Main Road, Nagondanahalli",13.11229021406592,Nagdevanahalli,77.60493489215445,yearly,3.0,"5 Covered, 5 Open",,,Residential House,Ready to Move,contractor,,family,,2.0,7000.0,,2.0,False,False,"2 BHK, Residential House is available for Sale in Chikkabanavara, Bangalore for 2.1 Crore(s)|21000000|3000.0|Nagdevanahalli|Residential House|contractor",1,False,False,1.5,Nagdevanahalli,6520525.894155015,14479474.105844986,222.0599126647799,222.0599126647799,False,Potentially Overpriced,Large positive price deviation,Potentially Overpriced,None
5860000,Visitor Parking,"4 BHK, Residential House is available for Sale in LIC Colony Jayanagar, Bangalore for 58.60 Lac(s)",,,Bangalore,3000.0,,,,"Channasandra Main Road, Nagondanahalli",13.11229021406592,Nagdevanahalli,77.60493489215445,quarterly,3.0,"5 Covered, 5 Open",,,Residential House,Ready to Move,owner,,onlyboys,,4.0,1953.3333333333333,,4.0,False,False,"4 BHK, Residential House is available for Sale in LIC Colony Jayanagar, Bangalore for 58.60 Lac(s)|5860000|3000.0|Nagdevanahalli|Residential House|owner",1,False,False,1.5,Nagdevanahalli,13403116.286839645,-7543116.286839645,-56.27882445701182,56.27882445701182,False,Potentially Underpriced,Large negative price deviation,Potentially Underpriced,None
1350000,Visitor Parking,"1 BHK, Residential House is available for Sale in Venkatadri Layout, Bangalore for 13.50 Lac(s)",,,Bangalore,3000.0,,,,"Channasandra Main Road, Nagondanahalli",13.11229021406592,Nagdevanahalli,77.60493489215445,halfyearly,3.0,"5 Covered, 5 Open",,,Residential House,Ready to Move,owner,,onlygirls,,1.0,450.0,,1.0,False,False,"1 BHK, Residential House is available for Sale in Venkatadri Layout, Bangalore for 13.50 Lac(s)|1350000|3000.0|Nagdevanahalli|Residential House|owner",1,False,False,1.5,Nagdevanahalli,2812699.534078085,-1462699.5340780849,-52.00340514002012,52.00340514002012,False,Potentially Underpriced,Large negative price deviation,Potentially Underpriced,None
3920000,Visitor Parking,"3 BHK, Residential House is available for Sale in Widia Layout, Bangalore for 39.20 Lac(s)",,,Bangalore,3000.0,,,,"Channasandra Main Road, Nagondanahalli",13.11229021406592,Nagdevanahalli,77.60493489215445,monthly,3.0,"5 Covered, 5 Open",,,Residential House,Ready to Move,builder,,onlygirls,,3.0,1306.6666666666667,,3.0,False,False,"3 BHK, Residential House is available for Sale in Widia Layout, Bangalore for 39.20 Lac(s)|3920000|3000.0|Nagdevanahalli|Residential House|builder",1,False,False,1.5,Nagdevanahalli,18270784.4913347,-14350784.4913347,-78.54498255474941,78.54498255474941,False,Potentially Underpriced,Large negative price deviation,Potentially Underpriced,None
3500000,Visitor Parking,"3 BHK, Residential House is available for Sale in RT Nagar, Bangalore for 35.0 Lac(s)",,,Bangalore,3000.0,,,,"Channasandra Main Road, Nagondanahalli",13.11229021406592,Nagdevanahalli,77.60493489215445,yearly,3.0,"5 Covered, 5 Open",,,Residential House,Ready to Move,owner,,onlygirls,,3.0,1166.6666666666667,,3.0,False,False,"3 BHK, Residential House is available for Sale in RT Nagar, Bangalore for 35.0 Lac(s)|3500000|3000.0|Nagdevanahalli|Residential House|owner",1,False,False,1.5,Nagdevanahalli,8092085.48338287,-4592085.48338287,-56.74786175717911,56.74786175717911,False,Potentially Underpriced,Large negative price deviation,Potentially Underpriced,None
3800000,Visitor Parking,"2 BHK, Residential House is available for Sale in Jinkethimmanahalli, Bangalore for 38.0 Lac(s)",,,Bangalore,3000.0,,,,"Channasandra Main Road, Nagondanahalli",13.11229021406592,Nagdevanahalli,77.60493489215445,monthly,3.0,"5 Covered, 5 Open",,,Residential House,Ready to Move,owner,,bachelors,,2.0,1266.6666666666667,,2.0,False,False,"2 BHK, Residential House is available for Sale in Jinkethimmanahalli, Bangalore for 38.0 Lac(s)|3800000|3000.0|Nagdevanahalli|Residential House|owner",1,False,False,1.5,Nagdevanahalli,9415719.596918246,-5615719.596918246,-59.64195873840874,59.64195873840874,False,Potentially Underpriced,Large negative price deviation,Potentially Underpriced,None
2400000,Visitor Parking,"2 BHK, Residential House is available for Sale in Electronic City, Bangalore for 24.0 Lac(s)",,,Bangalore,3000.0,,,,"Channasandra Main Road, Nagondanahalli",13.11229021406592,Nagdevanahalli,77.60493489215445,halfyearly,3.0,1 Open,,,Residential House,Ready to Move,owner,,bachelors,,2.0,800.0,,2.0,False,False,"2 BHK, Residential House is available for Sale in Electronic City, Bangalore for 24.0 Lac(s)|2400000|3000.0|Nagdevanahalli|Residential House|owner",1,False,False,0.5,Nagdevanahalli,6105560.006713573,-3705560.006713573,-60.69156641878878,60.69156641878878,False,Potentially Underpriced,Large negative price deviation,Potentially Underpriced,None
950000,Visitor Parking,"1 BHK, Residential House is available for Sale in Gangamma Circle Church Road, Bangalore for 9.50 Lac(s)",,,Bangalore,3000.0,,,,"Channasandra Main Road, Nagondanahalli",13.11229021406592,Nagdevanahalli,77.60493489215445,monthly,3.0,1 Open,,,Residential House,Ready to Move,agent,,bachelors,,1.0,316.6666666666667,,1.0,False,False,"1 BHK, Residential House is available for Sale in Gangamma Circle Church Road, Bangalore for 9.50 Lac(s)|950000|3000.0|Nagdevanahalli|Residential House|agent",1,False,False,0.5,Nagdevanahalli,3019796.316675308,-2069796.3166753082,-68.54092460626889,68.54092460626889,False,Potentially Underpriced,Large negative price deviation,Potentially Underpriced,None
3800000,Visitor Parking,"5 BHK, Residential House is available for Sale in Metro Lay Out, Bangalore for 38.0 Lac(s)",,,Bangalore,3000.0,,,,"Channasandra Main Road, Nagondanahalli",13.11229021406592,Nagdevanahalli,77.60493489215445,monthly,3.0,1 Open,,,Residential House,Ready to Move,contractor,,bachelors,,5.0,1266.6666666666667,,5.0,False,False,"5 BHK, Residential House is available for Sale in Metro Lay Out, Bangalore for 38.0 Lac(s)|3800000|3000.0|Nagdevanahalli|Residential House|contractor",1,False,False,0.5,Nagdevanahalli,8365827.907284702,-4565827.907284702,-54.577119657325504,54.577119657325504,False,Potentially Underpriced,Large negative price deviation,Potentially Underpriced,None
4590000,Visitor Parking,"4 BHK, Residential House is available for Sale in Bandapura, Bangalore for 45.90 Lac(s)",,,Bangalore,3000.0,,,,"Channasandra Main Road, Nagondanahalli",13.11229021406592,Nagdevanahalli,77.60493489215445,quarterly,3.0,1 Open,,,Residential House,Ready to Move,builder,,bachelors,,4.0,1530.0,,4.0,False,False,"4 BHK, Residential House is available for Sale in Bandapura, Bangalore for 45.90 Lac(s)|4590000|3000.0|Nagdevanahalli|Residential House|builder",1,False,False,0.5,Nagdevanahalli,13304112.602313789,-8714112.602313789,-65.49939002168601,65.49939002168601,False,Potentially Underpriced,Large negative price deviation,Potentially Underpriced,None
50000000,Visitor Parking,"6 BHK, Villa is available for Sale in New Baiyyappanahalli Extension, Bangalore for 5.0 Crore(s)",,,Bangalore,1600.0,,,,"Channasandra Main Road, Nagondanahalli",,,,quarterly,3.0,"1 Covered, 2 Open",,,Unknown,Ready to Move,builder,,family,,6.0,31250.0,,6.0,False,False,"6 BHK, Villa is available for Sale in New Baiyyappanahalli Extension, Bangalore for 5.0 Crore(s)|50000000|1600.0|<MISSING>|<MISSING>|builder",1,False,False,1.5,Other,17347673.071760926,32652326.928239074,188.2230936285716,188.2230936285716,False,Potentially Overpriced,Large positive price deviation,Potentially Overpriced,None
38000000,Visitor Parking,"4 BHK, Residential House is available for Sale in Jayamahal Extension, Bangalore for 3.8 Crore(s)",,,Bangalore,3000.0,,,,"Channasandra Main Road, Nagondanahalli",13.11229021406592,Nagdevanahalli,77.60493489215445,quarterly,3.0,1 Open,,,Residential House,Ready to Move,builder,,onlygirls,,4.0,12666.666666666666,,4.0,False,False,"4 BHK, Residential House is available for Sale in Jayamahal Extension, Bangalore for 3.8 Crore(s)|38000000|3000.0|Nagdevanahalli|Residential House|builder",1,False,False,0.5,Nagdevanahalli,7296450.831317939,30703549.16868206,420.80115221082303,420.80115221082303,False,Potentially Overpriced,Large positive price deviation,Potentially Overpriced,None
5200000,Visitor Parking,"2 BHK, Residential House is available for Sale in Krishnarajapura, Bangalore for 52.0 Lac(s)",,,Bangalore,1600.0,,,,"Channasandra Main Road, Nagondanahalli",,,,monthly,3.0,"1 Covered, 2 Open",,,Unknown,Ready to Move,builder,,onlyboys,,2.0,3250.0,,2.0,False,False,"2 BHK, Residential House is available for Sale in Krishnarajapura, Bangalore for 52.0 Lac(s)|5200000|1600.0|<MISSING>|<MISSING>|builder",1,False,False,1.5,Other,10669196.49913982,-5469196.499139819,-51.261559383415246,51.261559383415246,False,Potentially Underpriced,Large negative price deviation,Potentially Underpriced,None
28000000,Visitor Parking,"2 BHK, Residential House is available for Sale in , Bangalore for 2.8 Crore(s)",,,Bangalore,1600.0,,,,"Channasandra Main Road, Nagondanahalli",,,,halfyearly,3.0,1 Open,,,Unknown,Ready to Move,owner,,bachelors,,2.0,17500.0,,2.0,False,False,"2 BHK, Residential House is available for Sale in , Bangalore for 2.8 Crore(s)|28000000|1600.0|<MISSING>|<MISSING>|owner",1,False,False,0.5,Other,6887997.886450097,21112002.113549903,306.5041897745196,306.5041897745196,False,Potentially Overpriced,Large positive price deviation,Potentially Overpriced,None
43000000,Visitor Parking,"4 BHK, Residential House is available for Sale in , Bangalore for 4.3 Crore(s)",,,Bangalore,1600.0,,,,"Channasandra Main Road, Nagondanahalli",,,,halfyearly,3.0,1 Open,,,Unknown,Ready to Move,agent,,onlygirls,,4.0,26875.0,,4.0,False,False,"4 BHK, Residential House is available for Sale in , Bangalore for 4.3 Crore(s)|43000000|1600.0|<MISSING>|<MISSING>|agent",1,False,False,0.5,Other,15143310.42373253,27856689.57626747,183.95376438041308,183.95376438041308,False,Potentially Overpriced,Large positive price deviation,Potentially Overpriced,None
12000000,Visitor Parking,"5 BHK, Residential House is available for Sale in , Bangalore for 1.2 Crore(s)",,,Bangalore,1600.0,,,,"Channasandra Main Road, Nagondanahalli",,,,quarterly,3.0,1 Open,,,Unknown,Ready to Move,owner,,couples,,5.0,7500.0,,5.0,False,False,"5 BHK, Residential House is available for Sale in , Bangalore for 1.2 Crore(s)|12000000|1600.0|<MISSING>|<MISSING>|owner",1,False,False,0.5,Other,26432022.860550065,-14432022.860550065,-54.6005235266724,54.6005235266724,False,Potentially Underpriced,Large negative price deviation,Potentially Underpriced,None
42000000,Visitor Parking,"10 BHK, Residential House is available for Sale in Bangalore City Municipal Corporation Layout, Bangalore for 4.2 Crore(s)",,,Bangalore,1600.0,,,,"Channasandra Main Road, Nagondanahalli",,,,monthly,3.0,1 Open,,,Unknown,Ready to Move,contractor,,onlygirls,,10.0,26250.0,,10.0,False,False,"10 BHK, Residential House is available for Sale in Bangalore City Municipal Corporation Layout, Bangalore for 4.2 Crore(s)|42000000|1600.0|<MISSING>|<MISSING>|contractor",1,False,False,0.5,Other,19860380.38722025,22139619.61277975,111.47631203995543,111.47631203995543,False,Potentially Overpriced,Large positive price deviation,Potentially Overpriced,None
38000000,Visitor Parking,"5 BHK, Residential House is available for Sale in Widia Layout, Bangalore for 3.8 Crore(s)",,,Bangalore,1600.0,,,,"Channasandra Main Road, Nagondanahalli",,,,quarterly,3.0,1 Open,,,Unknown,Ready to Move,builder,,onlyboys,,5.0,23750.0,,5.0,False,False,"5 BHK, Residential House is available for Sale in Widia Layout, Bangalore for 3.8 Crore(s)|38000000|1600.0|<MISSING>|<MISSING>|builder",1,False,False,0.5,Other,16509483.041850965,21490516.958149035,130.1707443150783,130.1707443150783,False,Potentially Overpriced,Large positive price deviation,Potentially Overpriced,None
3800000,Visitor Parking,"2 BHK, Residential House is available for Sale in Dasappa Layout Ramamurthy Nagar, Bangalore for 38.0 Lac(s)",,,Bangalore,1600.0,,,,"Channasandra Main Road, Nagondanahalli",,,,monthly,3.0,1 Open,,,Unknown,Ready to Move,builder,,onlygirls,,2.0,2375.0,,2.0,False,False,"2 BHK, Residential House is available for Sale in Dasappa Layout Ramamurthy Nagar, Bangalore for 38.0 Lac(s)|3800000|1600.0|<MISSING>|<MISSING>|builder",1,False,False,0.5,Other,10532847.011642786,-6732847.011642786,-63.92238493733403,63.92238493733403,False,Potentially Underpriced,Large negative price deviation,Potentially Underpriced,None
10130000,Visitor Parking,"8 BHK, Residential House is available for Sale in FCI Layout, Bangalore for 1.1 Crore(s)",,,Bangalore,1600.0,,,,"Channasandra Main Road, Nagondanahalli",,,,yearly,3.0,1 Open,,,Unknown,Ready to Move,agent,,couples,,8.0,6331.25,,8.0,False,False,"8 BHK, Residential House is available for Sale in FCI Layout, Bangalore for 1.1 Crore(s)|10130000|1600.0|<MISSING>|<MISSING>|agent",1,False,False,0.5,Other,25510096.360821556,-15380096.360821556,-60.29023231931938,60.29023231931938,False,Potentially Underpriced,Large negative price deviation,Potentially Underpriced,None
30000000,"Bar/Lounge,Air Conditioned,Banquet Hall,Jogging and Strolling Track,Laundry Service,Visitor Parking,Intercom Facility,Conference Room","3 BHK, Residential House is available for Sale in Block 2nd JayaNagar East, Bangalore for 3.0 Crore(s)",,,Bangalore,2200.0,,,,"Channasandra Main Road, Nagondanahalli",13.544157023684129,Phase 2 Electronic City,77.95688285970692,monthly,3.0,1 Covered,,,Residential House,Ready to Move,agent,,onlyboys,,3.0,13636.363636363636,,3.0,False,False,"3 BHK, Residential House is available for Sale in Block 2nd JayaNagar East, Bangalore for 3.0 Crore(s)|30000000|2200.0|Phase 2 Electronic City|Residential House|agent",1,False,False,1.0,Phase 2 Electronic City,10570425.813025488,19429574.18697451,183.81070479707896,183.81070479707896,False,Potentially Overpriced,Large positive price deviation,Potentially Overpriced,None
30500000,"Bar/Lounge,Air Conditioned,Banquet Hall,Jogging and Strolling Track,Laundry Service,Visitor Parking,Intercom Facility,Conference Room","2 BHK, Residential House is available for Sale in 2nd Block Rajajinagar, Bangalore for 3.5 Crore(s)",,,Bangalore,2200.0,,,,"Channasandra Main Road, Nagondanahalli",13.544157023684129,Phase 2 Electronic City,77.95688285970692,yearly,3.0,1 Open,,,Residential House,Ready to Move,agent,,bachelors,,2.0,13863.636363636364,,2.0,False,False,"2 BHK, Residential House is available for Sale in 2nd Block Rajajinagar, Bangalore for 3.5 Crore(s)|30500000|2200.0|Phase 2 Electronic City|Residential House|agent",1,False,False,0.5,Phase 2 Electronic City,7787621.216113974,22712378.783886027,291.64719435621845,291.64719435621845,False,Potentially Overpriced,Large positive price deviation,Potentially Overpriced,None
9500000,Visitor Parking,"5 BHK, Residential House is available for Sale in Medi Agrahara, Bangalore for 95.0 Lac(s)",,,Bangalore,1600.0,,,,"Channasandra Main Road, Nagondanahalli",,,,halfyearly,3.0,1 Open,,,Unknown,Ready to Move,owner,,onlygirls,,5.0,5937.5,,5.0,False,False,"5 BHK, Residential House is available for Sale in Medi Agrahara, Bangalore for 95.0 Lac(s)|9500000|1600.0|<MISSING>|<MISSING>|owner",1,False,False,0.5,Other,26432022.860550065,-16932022.860550065,-64.05874779194897,64.05874779194897,False,Potentially Underpriced,Large negative price deviation,Potentially Underpriced,None
4280000,Visitor Parking,"3 BHK, Residential House is available for Sale in Bande Kodigehalli, Bangalore for 42.80 Lac(s)",,,Bangalore,1600.0,,,,"Channasandra Main Road, Nagondanahalli",,,,halfyearly,3.0,1 Open,,,Unknown,Ready to Move,owner,,onlygirls,,3.0,2675.0,,3.0,False,False,"3 BHK, Residential House is available for Sale in Bande Kodigehalli, Bangalore for 42.80 Lac(s)|4280000|1600.0|<MISSING>|<MISSING>|owner",1,False,False,0.5,Other,17234781.52046698,-12954781.52046698,-75.16649691835471,75.16649691835471,False,Potentially Underpriced,Large negative price deviation,Potentially Underpriced,None
25000000,"Bar/Lounge,Air Conditioned,Banquet Hall,Jogging and Strolling Track,Laundry Service,Visitor Parking,Intercom Facility,Conference Room","2 BHK, Residential House is available for Sale in Laggere, Bangalore for 2.5 Crore(s)",,,Bangalore,2200.0,,,,"Channasandra Main Road, Nagondanahalli",13.544157023684129,Phase 2 Electronic City,77.95688285970692,monthly,3.0,1 Covered,,,Residential House,Ready to Move,owner,,family,,2.0,11363.636363636364,,2.0,False,False,"2 BHK, Residential House is available for Sale in Laggere, Bangalore for 2.5 Crore(s)|25000000|2200.0|Phase 2 Electronic City|Residential House|owner",1,False,False,1.0,Phase 2 Electronic City,5690897.834326425,19309102.165673576,339.2979935293286,339.2979935293286,False,Potentially Overpriced,Large positive price deviation,Potentially Overpriced,None
12000000,"Bar/Lounge,Air Conditioned,Banquet Hall,Jogging and Strolling Track,Laundry Service,Visitor Parking,Intercom Facility,Conference Room","1 BHK, Residential House is available for Sale in Chamrajpet, Bangalore for 1.2 Crore(s)",,,Bangalore,2200.0,,,,"Channasandra Main Road, Nagondanahalli",13.544157023684129,Phase 2 Electronic City,77.95688285970692,quarterly,3.0,1 Covered,,,Residential House,Ready to Move,builder,,onlygirls,,1.0,5454.545454545455,,1.0,False,False,"1 BHK, Residential House is available for Sale in Chamrajpet, Bangalore for 1.2 Crore(s)|12000000|2200.0|Phase 2 Electronic City|Residential House|builder",1,False,False,1.0,Phase 2 Electronic City,5924752.053332708,6075247.946667292,102.54012137520472,102.54012137520472,False,Potentially Overpriced,Large positive price deviation,Potentially Overpriced,None
4500000,"Bar/Lounge,Air Conditioned,Banquet Hall,Jogging and Strolling Track,Laundry Service,Visitor Parking,Intercom Facility,Conference Room","3 BHK, Residential House is available for Sale in Halasuru, Bangalore for 45.0 Lac(s)",,,Bangalore,2200.0,,,,"Channasandra Main Road, Nagondanahalli",13.544157023684129,Phase 2 Electronic City,77.95688285970692,quarterly,3.0,3 Covered,,,Residential House,Ready to Move,agent,,couples,,3.0,2045.4545454545455,,3.0,False,False,"3 BHK, Residential House is available for Sale in Halasuru, Bangalore for 45.0 Lac(s)|4500000|2200.0|Phase 2 Electronic City|Residential House|agent",1,False,False,1.0,Phase 2 Electronic City,25708869.05418486,-21208869.05418486,-82.49631288519285,82.49631288519285,False,Potentially Underpriced,Large negative price deviation,Potentially Underpriced,None
42500000,"Bar/Lounge,Air Conditioned,Banquet Hall,Jogging and Strolling Track,Laundry Service,Visitor Parking,Intercom Facility,Conference Room","5 BHK, Residential House is available for Sale in RBI Colony Jayanagar, Bangalore for 4.2 Crore(s)",,,Bangalore,2200.0,,,,"Channasandra Main Road, Nagondanahalli",13.544157023684129,Phase 2 Electronic City,77.95688285970692,yearly,3.0,3 Covered,,,Residential House,Ready to Move,agent,,couples,,5.0,19318.18181818182,,5.0,False,False,"5 BHK, Residential House is available for Sale in RBI Colony Jayanagar, Bangalore for 4.2 Crore(s)|42500000|2200.0|Phase 2 Electronic City|Residential House|agent",1,False,False,1.0,Phase 2 Electronic City,17933736.47056803,24566263.52943197,136.98352024827017,136.98352024827017,False,Potentially Overpriced,Large positive price deviation,Potentially Overpriced,None
4700000,"Bar/Lounge,Air Conditioned,Banquet Hall,Jogging and Strolling Track,Laundry Service,Visitor Parking,Intercom Facility,Conference Room","1 BHK, Residential House is available for Sale in Jalahalli Village, Bangalore for 47.0 Lac(s)",,,Bangalore,2200.0,,,,"Channasandra Main Road, Nagondanahalli",13.544157023684129,Phase 2 Electronic City,77.95688285970692,halfyearly,3.0,3 Covered,,,Residential House,Ready to Move,owner,,bachelors,,1.0,2136.3636363636365,,1.0,False,False,"1 BHK, Residential House is available for Sale in Jalahalli Village, Bangalore for 47.0 Lac(s)|4700000|2200.0|Phase 2 Electronic City|Residential House|owner",1,False,False,1.0,Phase 2 Electronic City,10147043.352682296,-5447043.352682296,-53.68108879955076,53.68108879955076,False,Potentially Underpriced,Large negative price deviation,Potentially Underpriced,None
1700000,"Bar/Lounge,Air Conditioned,Banquet Hall,Jogging and Strolling Track,Laundry Service,Visitor Parking,Intercom Facility,Conference Room","2 BHK, Residential House is available for Sale in , Bangalore for 17.0 Lac(s)",,,Bangalore,2200.0,,,,"Channasandra Main Road, Nagondanahalli",13.544157023684129,Phase 2 Electronic City,77.95688285970692,halfyearly,3.0,3 Covered,,,Residential House,Ready to Move,owner,,bachelors,,2.0,772.7272727272727,,2.0,False,False,"2 BHK, Residential House is available for Sale in , Bangalore for 17.0 Lac(s)|1700000|2200.0|Phase 2 Electronic City|Residential House|owner",1,False,False,1.0,Phase 2 Electronic City,11744281.735600831,-10044281.735600831,-85.52487041547434,85.52487041547434,False,Potentially Underpriced,Large negative price deviation,Potentially Underpriced,None
32000000,"Bar/Lounge,Air Conditioned,Banquet Hall,Jogging and Strolling Track,Laundry Service,Visitor Parking,Intercom Facility,Conference Room","3 BHK, Residential House is available for Sale in Chiranjeevi Layout, Bangalore for 3.2 Crore(s)",,,Bangalore,2200.0,,,,"Channasandra Main Road, Nagondanahalli",13.544157023684129,Phase 2 Electronic City,77.95688285970692,monthly,3.0,3 Covered,,,Residential House,Ready to Move,owner,,family,,3.0,14545.454545454546,,3.0,False,False,"3 BHK, Residential House is available for Sale in Chiranjeevi Layout, Bangalore for 3.2 Crore(s)|32000000|2200.0|Phase 2 Electronic City|Residential House|owner",1,False,False,1.0,Phase 2 Electronic City,13355588.749977896,18644411.250022106,139.60007004597955,139.60007004597955,False,Potentially Overpriced,Large positive price deviation,Potentially Overpriced,None
12000000,"Bar/Lounge,Air Conditioned,Banquet Hall,Jogging and Strolling Track,Laundry Service,Visitor Parking,Intercom Facility,Conference Room","3 BHK, Residential House is available for Sale in Nagondanahalli, Bangalore for 1.2 Crore(s)",,,Bangalore,2200.0,,,,"Channasandra Main Road, Nagondanahalli",13.544157023684129,Phase 2 Electronic City,77.95688285970692,quarterly,3.0,3 Covered,,,Residential House,Ready to Move,agent,,family,,3.0,5454.545454545455,,3.0,False,False,"3 BHK, Residential House is available for Sale in Nagondanahalli, Bangalore for 1.2 Crore(s)|12000000|2200.0|Phase 2 Electronic City|Residential House|agent",1,False,False,1.0,Phase 2 Electronic City,25708869.05418486,-13708869.054184861,-53.32350102718092,53.32350102718092,False,Potentially Underpriced,Large negative price deviation,Potentially Underpriced,None
65000000,Air Conditioned,"5 BHK, Residential House is available for Sale in Mahalakshmipuram, Bangalore for 6.5 Crore(s)",,,Bangalore,2400.0,,,,"Channasandra Main Road, Nagondanahalli",,Mahalakshmipuram,,quarterly,3.0,3 Covered,,,Residential House,Ready to Move,agent,,bachelors,,5.0,27083.333333333332,,5.0,True,False,"5 BHK, Residential House is available for Sale in Mahalakshmipuram, Bangalore for 6.5 Crore(s)|65000000|2400.0|Mahalakshmipuram|Residential House|agent",1,False,False,1.0,Other,16791681.027407166,48208318.97259283,287.09644313697856,287.09644313697856,False,Potentially Overpriced,Large positive price deviation,Potentially Overpriced,None
67500000,"Town House,Water Front,Private jaccuzi,Wine Cellar,Helipad,Full Glass Wall,Sky Villa,Bar/Lounge,Fingerprint Access,House help accommodation,Jogging and Strolling Track,Outdoor Tennis Courts,Private Garage,Internet/Wi-Fi Connectivity,Visitor Parking,Conference Room,Downtown","3 BHK, Residential House is available for Sale in Indiranagar, Bangalore for 6.7 Crore(s)",4.0,1500000.0,Bangalore,5300.0,"Marble,Mosaic",Unfurnished,East Facing Property,Close to Sarjapura main road sompura gate. near Prestige smart city,13.449295108710851,Whitefield,77.97442015597285,yearly,2.0,3 Covered,Dec '24,No/Rare Powercut,Villa,Under Construction,owner,8562.0,family,Water Availability 24 Hours Available,3.0,12735.849056603774,4.0,3.0,True,True,"3 BHK, Residential House is available for Sale in Indiranagar, Bangalore for 6.7 Crore(s)|67500000|5300.0|Whitefield|Villa|owner",1,False,False,1.0,Whitefield,19974767.18103062,47525232.818969384,237.92634171026802,237.92634171026802,True,Potentially Overpriced,Large positive price deviation + Extreme area,Potentially Overpriced,Extreme Area
120000000,"Town House,Water Front,Private jaccuzi,Wine Cellar,Helipad,Full Glass Wall,Sky Villa,Bar/Lounge,Fingerprint Access,House help accommodation,Jogging and Strolling Track,Outdoor Tennis Courts,Private Garage,Internet/Wi-Fi Connectivity,Visitor Parking,Conference Room,Downtown","9 BHK, Residential House is available for Sale in Victoria Layout, Bangalore for 12.0 Crore(s)",4.0,1500000.0,Bangalore,5300.0,"Marble,Mosaic",Unfurnished,East Facing Property,Close to Sarjapura main road sompura gate. near Prestige smart city,13.449295108710851,Whitefield,77.97442015597285,halfyearly,2.0,4 Covered,Dec '24,No/Rare Powercut,Villa,Under Construction,contractor,8562.0,couples,Water Availability 24 Hours Available,9.0,22641.509433962263,4.0,9.0,True,True,"9 BHK, Residential House is available for Sale in Victoria Layout, Bangalore for 12.0 Crore(s)|120000000|5300.0|Whitefield|Villa|contractor",1,False,False,1.0,Whitefield,37528703.916479856,82471296.08352014,219.75524725570074,219.75524725570074,True,Potentially Overpriced,Large positive price deviation + Extreme area,Potentially Overpriced,Extreme Area
280000000,"Wrap Around Balcony,Fingerprint Access,Air Conditioned,Visitor Parking","8 BHK, Residential House is available for Sale in Block 1st JayaNagar, Bangalore for 28.0 Crore(s)",,,Bangalore,5400.0,,,,"Channasandra Main Road, Nagondanahalli",,Chakravarthy Layout,,halfyearly,3.0,4 Covered,,,Residential House,Ready to Move,builder,,family,,8.0,51851.851851851854,,8.0,True,True,"8 BHK, Residential House is available for Sale in Block 1st JayaNagar, Bangalore for 28.0 Crore(s)|280000000|5400.0|Chakravarthy Layout|Residential House|builder",1,False,False,1.0,Other,24819946.5804625,255180053.41953748,1028.124909907773,1028.124909907773,True,Potentially Overpriced,Large positive price deviation + Extreme area,Potentially Overpriced,Extreme Area
76000000,"Banquet Hall,Visitor Parking,Intercom Facility,Conference Room","4 BHK, Villa is available for Sale in Devanahalli, Bangalore for 7.6 Crore(s)",3.0,500000.0,Bangalore,1925.0,Vitrified,Unfurnished,"Near BGS Global School, Bidaraguppe","Near BGS Global School, Bidaraguppe",14.096045382210423,Phase 2 Electronic City,77.86108684824069,quarterly,3.0,1 Covered,Jan '24,No/Rare Powercut,Villa,Under Construction,contractor,6089.0,couples,Water Availability 24 Hours Available,4.0,39480.51948051948,3.0,4.0,True,False,"4 BHK, Villa is available for Sale in Devanahalli, Bangalore for 7.6 Crore(s)|76000000|1925.0|Phase 2 Electronic City|Villa|contractor",1,False,False,1.0,Phase 2 Electronic City,24839194.814722754,51160805.185277246,205.96804995849976,205.96804995849976,False,Potentially Overpriced,Large positive price deviation,Potentially Overpriced,None
81237986,"Private jaccuzi,Concierge Services,Private pool ,Bar/Lounge,Health club with Steam / Jaccuzi,Golf Course,House help accommodation,Air Conditioned,Banquet Hall,Jogging and Strolling Track,Outdoor Tennis Courts,Private Garage,Laundry Service,Internet/Wi-Fi Connectivity,RO Water System,Service/Goods Lift,Visitor Parking,Intercom Facility,Conference Room","4 BHK, Villa is available for Sale in Devanahalli, Bangalore for 8.1 Crore(s)",4.0,8650520.0,Bangalore,4750.0,Marble,Unfurnished,East Facing Property,"15 mins to Airport, 10 mins to Nandi hills, 2 mins to JW Marriott.",13.546010905252889,Devanahalli,78.34262100465583,yearly,4.0,2 Covered,Nov '25,No/Rare Powercut,Villa,Under Construction,agent,12161.0,onlygirls,Water Availability 24 Hours Available,4.0,17102.73389473684,4.0,4.0,True,True,"4 BHK, Villa is available for Sale in Devanahalli, Bangalore for 8.1 Crore(s)|81237986|4750.0|Devanahalli|Villa|agent",1,False,False,1.0,Devanahalli,28417660.651028164,52820325.348971836,185.87147618381027,185.87147618381027,True,Potentially Overpriced,Large positive price deviation + Extreme area,Potentially Overpriced,Extreme Area
49500000,"Smart Home,Visitor Parking","3 BHK, Villa is available for Sale in Hennur Gardens, Bangalore for 4.9 Crore(s)",4.0,8650520.0,Bangalore,1200.0,Ceramic Tiles,Unfurnished,East Facing Property,"15 mins to Airport, 10 mins to Nandi hills, 2 mins to JW Marriott.",13.546010905252889,Krishnarajapura,78.34262100465583,halfyearly,4.0,2 Covered,Oct '21,No/Rare Powercut,Residential House,Ready to Move,contractor,12161.0,onlyboys,Water Availability 24 Hours Available,3.0,41250.0,4.0,3.0,False,False,"3 BHK, Villa is available for Sale in Hennur Gardens, Bangalore for 4.9 Crore(s)|49500000|1200.0|Krishnarajapura|Residential House|contractor",1,False,False,1.0,Krishnarajapura,13952709.046102948,35547290.95389705,254.76981449581336,254.76981449581336,False,Potentially Overpriced,Large positive price deviation,Potentially Overpriced,None
65000000,"Smart Home,Wrap Around Balcony,Theme based Architectures,Wine Cellar,Fingerprint Access,House help accommodation,Air Conditioned,Banquet Hall,Jogging and Strolling Track,Outdoor Tennis Courts,Laundry Service,Internet/Wi-Fi Connectivity,RO Water System,Visitor Parking","4 BHK, Villa is available for Sale in Yelahanka, Bangalore for 6.5 Crore(s)",4.0,500000.0,Bangalore,1640.0,Vitrified,Unfurnished,East Facing Property,"Close to IT Park, schools and Hospitals",13.720173553785314,Chandapura Anekal Road,77.72154327802103,halfyearly,1.0,1 Covered,Dec '23,No/Rare Powercut,Villa,Under Construction,agent,13265.0,family,Water Availability 24 Hours Available,4.0,39634.14634146341,4.0,4.0,True,False,"4 BHK, Villa is available for Sale in Yelahanka, Bangalore for 6.5 Crore(s)|65000000|1640.0|Chandapura Anekal Road|Villa|agent",1,False,False,1.0,Other,21915377.853378356,43084622.146621644,196.59538810999763,196.59538810999763,False,Potentially Overpriced,Large positive price deviation,Potentially Overpriced,None
59999999,"Laundry Service,Intercom Facility","> 10 BHK, Residential House is available for Sale in Phase 6 JP Nagar, Bangalore for 5.9 Crore(s)",,,Bangalore,2400.0,,,,"Channasandra Main Road, Nagondanahalli",,Phase 6 JP Nagar,,yearly,3.0,5 Covered,,,Residential House,Ready to Move,owner,,couples,,10.0,24999.999583333334,,10.0,True,False,"> 10 BHK, Residential House is available for Sale in Phase 6 JP Nagar, Bangalore for 5.9 Crore(s)|59999999|2400.0|Phase 6 JP Nagar|Residential House|owner",1,False,False,1.0,Other,27351576.328301173,32648422.671698827,119.36578089620711,119.36578089620711,False,Potentially Overpriced,Large positive price deviation,Potentially Overpriced,None
195000000,"Banquet Hall,Jogging and Strolling Track,Outdoor Tennis Courts,Visitor Parking,Conference Room","3 BHK, Residential House is available for Sale in Langford Town, Bangalore for 19.5 Crore(s)",,,Bangalore,19500.0,"Vitrified,Wooden",,,"Channasandra Main Road, Nagondanahalli",13.119110547181812,Panathur,77.81747522512414,halfyearly,3.0,2 Covered,Dec '23,,Villa,Under Construction,owner,,couples,,3.0,10000.0,,3.0,True,True,"3 BHK, Residential House is available for Sale in Langford Town, Bangalore for 19.5 Crore(s)|195000000|19500.0|Panathur|Villa|owner",1,False,False,1.0,Other,16972984.077487644,178027015.92251235,1048.8845986643032,1048.8845986643032,True,Potentially Overpriced,Large positive price deviation + Extreme area,Potentially Overpriced,Extreme Area
147825000,"Water Front,Skydeck,Concierge Services,Theme based Architectures,Wine Cellar,Full Glass Wall,Bar/Lounge,Fingerprint Access,Health club with Steam / Jaccuzi,House help accommodation,Air Conditioned,Banquet Hall,Jogging and Strolling Track,Outdoor Tennis Courts,Internet/Wi-Fi Connectivity,RO Water System,Visitor Parking,Intercom Facility,Conference Room,Mansion","4 BHK, Residential House is available for Sale in Jayanagar, Bangalore for 14.7 Crore(s)",,,Bangalore,2630.0,Ceramic Tiles,,,"Channasandra Main Road, Nagondanahalli",13.318021739152206,Devanahalli,78.68540948812743,halfyearly,3.0,2 Covered,Dec '26,,Villa,Under Construction,builder,,onlyboys,,4.0,56207.22433460076,,4.0,True,False,"4 BHK, Residential House is available for Sale in Jayanagar, Bangalore for 14.7 Crore(s)|147825000|2630.0|Devanahalli|Villa|builder",1,False,False,1.0,Devanahalli,29506445.832608156,118318554.16739184,400.99222671080116,400.99222671080116,False,Potentially Overpriced,Large positive price deviation,Potentially Overpriced,None
8000000,Jogging and Strolling Track,"3 BHK, Villa is available for Sale in Bannerughatta, Bangalore for 80.0 Lac(s)",3.0,200000.0,Bangalore,1300.0,Vitrified,Unfurnished,East Facing Property,near international school,12.80027868616195,Bannerughatta,78.34875698723,quarterly,2.0,1 Covered,Dec '24,No/Rare Powercut,Villa,Under Construction,agent,5000.0,onlygirls,Water Availability 24 Hours Available,3.0,6153.846153846154,3.0,3.0,False,False,"3 BHK, Villa is available for Sale in Bannerughatta, Bangalore for 80.0 Lac(s)|8000000|1300.0|Bannerughatta|Villa|agent",1,False,False,1.0,Other,18049690.586318202,-10049690.586318202,-55.677910589425515,55.677910589425515,False,Potentially Underpriced,Large negative price deviation,Potentially Underpriced,None
110000000,"Water Front,Full Glass Wall,Sky Villa,Fingerprint Access,Air Conditioned,RO Water System,Visitor Parking","> 10 BHK, Residential House is available for Sale in Sadashiva Nagar, Bangalore for 11.0 Crore(s)",3.0,200000.0,Bangalore,3500.0,Vitrified,Unfurnished,East Facing Property,near international school,13.976847586208637,Nagarabhavi Main Road,78.16342862071818,yearly,2.0,2 Covered,Dec '24,No/Rare Powercut,Villa,Ready to Move,contractor,5000.0,onlyboys,Water Availability 24 Hours Available,10.0,31428.571428571428,3.0,10.0,True,False,"> 10 BHK, Residential House is available for Sale in Sadashiva Nagar, Bangalore for 11.0 Crore(s)|110000000|3500.0|Nagarabhavi Main Road|Villa|contractor",1,False,False,1.0,Other,25535190.889940552,84464809.11005944,330.77806026245094,330.77806026245094,False,Potentially Overpriced,Large positive price deviation,Potentially Overpriced,None
16000000,"Private pool ,Air Conditioned,Jogging and Strolling Track,Private Garage,Laundry Service,Internet/Wi-Fi Connectivity,Service/Goods Lift,Visitor Parking,Intercom Facility,Conference Room","10 BHK, Residential House is available for Sale in Block 1st Koramangala, Bangalore for 1.6 Crore(s)",3.0,200000.0,Bangalore,3550.0,Vitrified,Unfurnished,East Facing Property,near international school,13.867552606279569,Kasavanahalli,78.15382329539574,monthly,2.0,2 Covered,Dec '24,No/Rare Powercut,Villa,Ready to Move,agent,5000.0,onlygirls,Water Availability 24 Hours Available,10.0,4507.042253521126,3.0,10.0,False,False,"10 BHK, Residential House is available for Sale in Block 1st Koramangala, Bangalore for 1.6 Crore(s)|16000000|3550.0|Kasavanahalli|Villa|agent",1,False,False,1.0,Other,51950729.01645526,-35950729.01645526,-69.20158715206472,69.20158715206472,False,Potentially Underpriced,Large negative price deviation,Potentially Underpriced,None
55000000,"Water Front,Air Conditioned,Banquet Hall,Laundry Service,Visitor Parking,Intercom Facility,Conference Room","4 BHK, Villa is available for Sale in Whitefield, Bangalore for 5.5 Crore(s)",3.0,200000.0,Bangalore,1750.0,"Ceramic Tiles,Vitrified,Wooden",Unfurnished,East Facing Property,near international school,13.116043599049858,Whitefield,78.03897335134819,quarterly,2.0,2 Covered,Dec '24,No/Rare Powercut,Villa,Ready to Move,agent,5000.0,family,Water Availability 24 Hours Available,4.0,31428.571428571428,3.0,4.0,False,False,"4 BHK, Villa is available for Sale in Whitefield, Bangalore for 5.5 Crore(s)|55000000|1750.0|Whitefield|Villa|agent",1,False,False,1.0,Whitefield,21706755.89056221,33293244.10943779,153.3773368866843,153.3773368866843,False,Potentially Overpriced,Large positive price deviation,Potentially Overpriced,None
12500000,Visitor Parking,"4 BHK, Residential House is available for Sale in Kodigehalli Main Road, Bangalore for 1.2 Crore(s)",,,Bangalore,1200.0,,,,"Channasandra Main Road, Nagondanahalli",13.24176207723545,Kodigehalli Main Road,77.80425943294412,quarterly,3.0,1 Covered,,,Residential House,Ready to Move,owner,,bachelors,,4.0,10416.666666666666,,4.0,False,False,"4 BHK, Residential House is available for Sale in Kodigehalli Main Road, Bangalore for 1.2 Crore(s)|12500000|1200.0|Kodigehalli Main Road|Residential House|owner",1,False,False,1.0,Other,27928440.412693523,-15428440.412693523,-55.242756790963774,55.242756790963774,False,Potentially Underpriced,Large negative price deviation,Potentially Underpriced,None
14500000,Visitor Parking,"5 BHK, Residential House is available for Sale in Manjunatha Nagar Bagalakunte, Bangalore for 1.4 Crore(s)",,,Bangalore,1200.0,,,,"Channasandra Main Road, Nagondanahalli",13.24176207723545,Kodigehalli Main Road,77.80425943294412,yearly,3.0,1 Covered,,,Residential House,Ready to Move,builder,,onlyboys,,5.0,12083.333333333334,,5.0,False,False,"5 BHK, Residential House is available for Sale in Manjunatha Nagar Bagalakunte, Bangalore for 1.4 Crore(s)|14500000|1200.0|Kodigehalli Main Road|Residential House|builder",1,False,False,1.0,Other,31819405.990296748,-17319405.990296748,-54.43032467538288,54.43032467538288,False,Potentially Underpriced,Large negative price deviation,Potentially Underpriced,None
23500000,Visitor Parking,"2 BHK, Residential House is available for Sale in T Dasarahalli, Bangalore for 2.3 Crore(s)",,,Bangalore,1200.0,,,,"Channasandra Main Road, Nagondanahalli",13.24176207723545,Kodigehalli Main Road,77.80425943294412,yearly,3.0,1 Covered,,,Residential House,Ready to Move,builder,,bachelors,,2.0,19583.333333333332,,2.0,False,False,"2 BHK, Residential House is available for Sale in T Dasarahalli, Bangalore for 2.3 Crore(s)|23500000|1200.0|Kodigehalli Main Road|Residential House|builder",1,False,False,1.0,Other,10653749.109056829,12846250.890943171,120.5796265656611,120.5796265656611,False,Potentially Overpriced,Large positive price deviation,Potentially Overpriced,None
11000000,Visitor Parking,"3 BHK, Villa is available for Sale in Basavanapura, Bangalore for 1.1 Crore(s)",,,Bangalore,1200.0,,,,"Channasandra Main Road, Nagondanahalli",13.24176207723545,Kodigehalli Main Road,77.80425943294412,yearly,3.0,1 Covered,,,Residential House,Ready to Move,contractor,,onlyboys,,3.0,9166.666666666666,,3.0,False,False,"3 BHK, Villa is available for Sale in Basavanapura, Bangalore for 1.1 Crore(s)|11000000|1200.0|Kodigehalli Main Road|Residential House|contractor",1,False,False,1.0,Other,22488121.8803657,-11488121.8803657,-51.085288231188116,51.085288231188116,False,Potentially Underpriced,Large negative price deviation,Potentially Underpriced,None
9500000,"Smart Home,Island Kitchen Layout,Theme based Architectures,Bar/Lounge,House help accommodation,Air Conditioned,Internet/Wi-Fi Connectivity,Visitor Parking","4 BHK, Residential House is available for Sale in Abbigere, Bangalore for 95.0 Lac(s)",,,Bangalore,8000.0,,,,"Channasandra Main Road, Nagondanahalli",13.186957140985642,BEL Layout Vidyaranyapura,78.03128176651425,quarterly,3.0,2 Open,,,Residential House,Ready to Move,owner,,bachelors,,4.0,1187.5,,4.0,False,True,"4 BHK, Residential House is available for Sale in Abbigere, Bangalore for 95.0 Lac(s)|9500000|8000.0|BEL Layout Vidyaranyapura|Residential House|owner",1,False,False,0.5,Other,35235089.766527236,-25735089.766527236,-73.03824096107499,73.03824096107499,True,Potentially Underpriced,Large negative price deviation + Extreme area,Potentially Underpriced,Extreme Area
37500000,"Laundry Service,Visitor Parking","6 BHK, Residential House is available for Sale in 1st Main Road Kadabagere, Bangalore for 3.7 Crore(s)",,,Bangalore,2028.0,,,,"Channasandra Main Road, Nagondanahalli",13.35170157278548,Ramaswamipalya Lingarajapuram,78.19201758974316,quarterly,3.0,1 Open,,,Residential House,Ready to Move,contractor,,onlygirls,,6.0,18491.12426035503,,6.0,False,False,"6 BHK, Residential House is available for Sale in 1st Main Road Kadabagere, Bangalore for 3.7 Crore(s)|37500000|2028.0|Ramaswamipalya Lingarajapuram|Residential House|contractor",1,False,False,0.5,Other,16885543.461165264,20614456.538834736,122.08346498438458,122.08346498438458,False,Potentially Overpriced,Large positive price deviation,Potentially Overpriced,None
100000000,"Bar/Lounge,Air Conditioned,Banquet Hall,Jogging and Strolling Track,Outdoor Tennis Courts,Laundry Service,Internet/Wi-Fi Connectivity,RO Water System,Service/Goods Lift,Intercom Facility,Conference Room","5 BHK, Residential House is available for Sale in Sahakar Nagar, Bangalore for 10.0 Crore(s)",,,Bangalore,3460.0,,,,"Channasandra Main Road, Nagondanahalli",,Sahakar Nagar,,monthly,3.0,"3 Covered, 2 Open",,,Residential House,Ready to Move,owner,,family,,5.0,28901.73410404624,,5.0,True,False,"5 BHK, Residential House is available for Sale in Sahakar Nagar, Bangalore for 10.0 Crore(s)|100000000|3460.0|Sahakar Nagar|Residential House|owner",1,False,False,1.5,Other,20825045.795285583,79174954.20471442,380.19102086506916,380.19102086506916,False,Potentially Overpriced,Large positive price deviation,Potentially Overpriced,None
21000000,"Bar/Lounge,Air Conditioned,Banquet Hall,Jogging and Strolling Track,Outdoor Tennis Courts,Laundry Service,Internet/Wi-Fi Connectivity,RO Water System,Service/Goods Lift,Intercom Facility,Conference Room","2 BHK, Residential House is available for Sale in Kengeri Satellite Town, Bangalore for 2.1 Crore(s)",,,Bangalore,3460.0,,,,"Channasandra Main Road, Nagondanahalli",,Sahakar Nagar,,halfyearly,3.0,"3 Covered, 2 Open",,,Residential House,Ready to Move,owner,,family,,2.0,6069.364161849711,,2.0,False,False,"2 BHK, Residential House is available for Sale in Kengeri Satellite Town, Bangalore for 2.1 Crore(s)|21000000|3460.0|Sahakar Nagar|Residential House|owner",1,False,False,1.5,Other,10417615.630059544,10582384.369940456,101.58163581506578,101.58163581506578,False,Potentially Overpriced,Large positive price deviation,Potentially Overpriced,None
62500000,Visitor Parking,"5 BHK, Residential House is available for Sale in Chickpet, Bangalore for 6.2 Crore(s)",,,Bangalore,1200.0,,,,"Channasandra Main Road, Nagondanahalli",,Anjanapura Township,,halfyearly,3.0,2 Covered,,,Residential House,Ready to Move,owner,,couples,,5.0,52083.333333333336,,5.0,True,False,"5 BHK, Residential House is available for Sale in Chickpet, Bangalore for 6.2 Crore(s)|62500000|1200.0|Anjanapura Township|Residential House|owner",1,False,False,1.0,Anjanapura Township,23642947.88912841,38857052.11087159,164.34943854331715,164.34943854331715,False,Potentially Overpriced,Large positive price deviation,Potentially Overpriced,None
53000000,Visitor Parking,"4 BHK, Residential House is available for Sale in Padmanabhanagar, Bangalore for 5.3 Crore(s)",,,Bangalore,1200.0,,,,"Channasandra Main Road, Nagondanahalli",,Anjanapura Township,,quarterly,3.0,2 Covered,,,Residential House,Ready to Move,owner,,onlygirls,,4.0,44166.666666666664,,4.0,False,False,"4 BHK, Residential House is available for Sale in Padmanabhanagar, Bangalore for 5.3 Crore(s)|53000000|1200.0|Anjanapura Township|Residential House|owner",1,False,False,1.0,Anjanapura Township,23047989.711365603,29952010.288634397,129.95497943087085,129.95497943087085,False,Potentially Overpriced,Large positive price deviation,Potentially Overpriced,None
9900000,Visitor Parking,"6 BHK, Residential House is available for Sale in Soladevanahalli, Bangalore for 99.0 Lac(s)",,,Bangalore,1200.0,,,,"Channasandra Main Road, Nagondanahalli",,Anjanapura Township,,yearly,3.0,2 Covered,,,Residential House,Ready to Move,builder,,bachelors,,6.0,8250.0,,6.0,False,False,"6 BHK, Residential House is available for Sale in Soladevanahalli, Bangalore for 99.0 Lac(s)|9900000|1200.0|Anjanapura Township|Residential House|builder",1,False,False,1.0,Anjanapura Township,27494076.800358724,-17594076.800358724,-63.99224432270869,63.99224432270869,False,Potentially Underpriced,Large negative price deviation,Potentially Underpriced,None
10500000,Laundry Service,"5 BHK, Residential House is available for Sale in Tharabanahalli, Bangalore for 1.5 Crore(s)",,,Bangalore,1350.0,,,,"Channasandra Main Road, Nagondanahalli",13.989085274694494,AGB Layout Maruthi Nagar,78.37412011235335,monthly,3.0,1 Covered,,,Residential House,Ready to Move,owner,,bachelors,,5.0,7777.777777777777,,5.0,False,False,"5 BHK, Residential House is available for Sale in Tharabanahalli, Bangalore for 1.5 Crore(s)|10500000|1350.0|AGB Layout Maruthi Nagar|Residential House|owner",1,False,False,1.0,Other,30640974.903851617,-20140974.903851617,-65.73216083056113,65.73216083056113,False,Potentially Underpriced,Large negative price deviation,Potentially Underpriced,None
13000000,Visitor Parking,"6 BHK, Residential House is available for Sale in Sunkadakatte, Bangalore for 1.3 Crore(s)",,,Bangalore,1200.0,,,,"Channasandra Main Road, Nagondanahalli",,Anjanapura Township,,halfyearly,3.0,2 Covered,,,Residential House,Ready to Move,contractor,,bachelors,,6.0,10833.333333333334,,6.0,False,False,"6 BHK, Residential House is available for Sale in Sunkadakatte, Bangalore for 1.3 Crore(s)|13000000|1200.0|Anjanapura Township|Residential House|contractor",1,False,False,1.0,Anjanapura Township,27378612.6839361,-14378612.6839361,-52.517681775645585,52.517681775645585,False,Potentially Underpriced,Large negative price deviation,Potentially Underpriced,None
55000000,Laundry Service,"8 BHK, Residential House is available for Sale in Kalyan Nagar, Bangalore for 5.5 Crore(s)",,,Bangalore,1350.0,,,,"Channasandra Main Road, Nagondanahalli",13.989085274694494,AGB Layout Maruthi Nagar,78.37412011235335,monthly,3.0,1 Covered,,,Residential House,Ready to Move,owner,,onlygirls,,8.0,40740.74074074074,,8.0,False,False,"8 BHK, Residential House is available for Sale in Kalyan Nagar, Bangalore for 5.5 Crore(s)|55000000|1350.0|AGB Layout Maruthi Nagar|Residential House|owner",1,False,False,1.0,Other,19043308.91586564,35956691.084134355,188.81535369190797,188.81535369190797,False,Potentially Overpriced,Large positive price deviation,Potentially Overpriced,None
15600000,Visitor Parking,"4 BHK, Residential House is available for Sale in Muddanapalya, Bangalore for 1.5 Crore(s)",,,Bangalore,1200.0,,,,"Channasandra Main Road, Nagondanahalli",,Anjanapura Township,,monthly,3.0,"2 Covered, 2 Open",,,Residential House,Ready to Move,owner,,bachelors,,4.0,13000.0,,4.0,False,False,"4 BHK, Residential House is available for Sale in Muddanapalya, Bangalore for 1.5 Crore(s)|15600000|1200.0|Anjanapura Township|Residential House|owner",1,False,False,1.5,Anjanapura Township,38627345.34872491,-23027345.34872491,-59.61410275760781,59.61410275760781,False,Potentially Underpriced,Large negative price deviation,Potentially Underpriced,None
17500000,Visitor Parking,"5 BHK, Residential House is available for Sale in Nelamangala Town, Bangalore for 1.7 Crore(s)",,,Bangalore,1200.0,,,,"Channasandra Main Road, Nagondanahalli",,Anjanapura Township,,halfyearly,3.0,"2 Covered, 2 Open",,,Residential House,Ready to Move,contractor,,bachelors,,5.0,14583.333333333334,,5.0,False,False,"5 BHK, Residential House is available for Sale in Nelamangala Town, Bangalore for 1.7 Crore(s)|17500000|1200.0|Anjanapura Township|Residential House|contractor",1,False,False,1.5,Anjanapura Township,42785603.08473966,-25285603.084739663,-59.098391191681664,59.098391191681664,False,Potentially Underpriced,Large negative price deviation,Potentially Underpriced,None
12000000,Laundry Service,"6 BHK, Residential House is available for Sale in Bapuji Nagar, Bangalore for 1.2 Crore(s)",,,Bangalore,1350.0,,,,"Channasandra Main Road, Nagondanahalli",13.989085274694494,AGB Layout Maruthi Nagar,78.37412011235335,quarterly,3.0,"1 Covered, 2 Open",,,Residential House,Ready to Move,contractor,,bachelors,,6.0,8888.888888888889,,6.0,False,False,"6 BHK, Residential House is available for Sale in Bapuji Nagar, Bangalore for 1.2 Crore(s)|12000000|1350.0|AGB Layout Maruthi Nagar|Residential House|contractor",1,False,False,1.5,Other,26062088.52993485,-14062088.52993485,-53.95610759967748,53.95610759967748,False,Potentially Underpriced,Large negative price deviation,Potentially Underpriced,None
120000000,Visitor Parking,"6 BHK, Villa is available for Sale in Whitefield, Bangalore for 12.0 Crore(s)",,,Bangalore,1200.0,,,,"Channasandra Main Road, Nagondanahalli",,Anjanapura Township,,quarterly,3.0,"2 Covered, 2 Open",,,Residential House,Ready to Move,contractor,,couples,,6.0,100000.0,,6.0,True,False,"6 BHK, Villa is available for Sale in Whitefield, Bangalore for 12.0 Crore(s)|120000000|1200.0|Anjanapura Township|Residential House|contractor",1,False,False,1.5,Anjanapura Township,24452412.31529856,95547587.68470144,390.74912713181453,390.74912713181453,False,Potentially Overpriced,Large positive price deviation,Potentially Overpriced,None
14500000,Visitor Parking,"4 BHK, Residential House is available for Sale in , Bangalore for 1.4 Crore(s)",,,Bangalore,1200.0,,,,"Channasandra Main Road, Nagondanahalli",,Anjanapura Township,,yearly,3.0,"2 Covered, 2 Open",,,Residential House,Ready to Move,agent,,family,,4.0,12083.333333333334,,4.0,False,False,"4 BHK, Residential House is available for Sale in , Bangalore for 1.4 Crore(s)|14500000|1200.0|Anjanapura Township|Residential House|agent",1,False,False,1.5,Anjanapura Township,30366978.209859636,-15866978.209859636,-52.250764301295874,52.250764301295874,False,Potentially Underpriced,Large negative price deviation,Potentially Underpriced,None
57500000,Visitor Parking,"4 BHK, Residential House is available for Sale in Shanti Nagar, Bangalore for 5.7 Crore(s)",,,Bangalore,1200.0,,,,"Channasandra Main Road, Nagondanahalli",,Anjanapura Township,,quarterly,3.0,"2 Covered, 2 Open",,,Residential House,Ready to Move,contractor,,onlygirls,,4.0,47916.666666666664,,4.0,True,False,"4 BHK, Residential House is available for Sale in Shanti Nagar, Bangalore for 5.7 Crore(s)|57500000|1200.0|Anjanapura Township|Residential House|contractor",1,False,False,1.5,Anjanapura Township,27673313.90312093,29826686.09687907,107.7814034173742,107.7814034173742,False,Potentially Overpriced,Large positive price deviation,Potentially Overpriced,None
45000000,Laundry Service,"2 BHK, Residential House is available for Sale in Phase 6 JP Nagar, Bangalore for 4.5 Crore(s)",,,Bangalore,1350.0,,,,"Channasandra Main Road, Nagondanahalli",13.989085274694494,AGB Layout Maruthi Nagar,78.37412011235335,quarterly,3.0,"1 Covered, 2 Open",,,Residential House,Ready to Move,contractor,,onlygirls,,2.0,33333.333333333336,,2.0,False,False,"2 BHK, Residential House is available for Sale in Phase 6 JP Nagar, Bangalore for 4.5 Crore(s)|45000000|1350.0|AGB Layout Maruthi Nagar|Residential House|contractor",1,False,False,1.5,Other,13583994.031437844,31416005.968562156,231.27223036063734,231.27223036063734,False,Potentially Overpriced,Large positive price deviation,Potentially Overpriced,None
45000000,Laundry Service,"5 BHK, Residential House is available for Sale in Rajarajeshwari Layout Dooravani Nagar, Bangalore for 4.5 Crore(s)",,,Bangalore,1350.0,,,,"Channasandra Main Road, Nagondanahalli",13.989085274694494,AGB Layout Maruthi Nagar,78.37412011235335,yearly,3.0,"1 Covered, 2 Open",,,Residential House,Ready to Move,agent,,couples,,5.0,33333.333333333336,,5.0,False,False,"5 BHK, Residential House is available for Sale in Rajarajeshwari Layout Dooravani Nagar, Bangalore for 4.5 Crore(s)|45000000|1350.0|AGB Layout Maruthi Nagar|Residential House|agent",1,False,False,1.5,Other,14177057.5456489,30822942.454351097,217.4142437886274,217.4142437886274,False,Potentially Overpriced,Large positive price deviation,Potentially Overpriced,None
80000000,"Smart Home,Air Conditioned,Banquet Hall,Intercom Facility","4 BHK, Villa is available for Sale in Sarjapura, Bangalore for 8.0 Crore(s)",,,Bangalore,4500.0,,,,"Channasandra Main Road, Nagondanahalli",13.989085274694494,Sarjapura,78.37412011235335,halfyearly,3.0,2 Covered,,,Villa,Ready to Move,owner,,bachelors,,4.0,17777.777777777777,,4.0,True,True,"4 BHK, Villa is available for Sale in Sarjapura, Bangalore for 8.0 Crore(s)|80000000|4500.0|Sarjapura|Villa|owner",1,False,False,1.0,Other,38314150.577988915,41685849.422011085,108.80013987823907,108.80013987823907,True,Potentially Overpriced,Large positive price deviation + Extreme area,Potentially Overpriced,Extreme Area
77500000,"Smart Home,Air Conditioned,Banquet Hall,Intercom Facility","6 BHK, Villa is available for Sale in Sarjapur Road, Bangalore for 7.7 Crore(s)",,,Bangalore,4500.0,,,,"Channasandra Main Road, Nagondanahalli",13.989085274694494,Sarjapura,78.37412011235335,monthly,3.0,2 Covered,,,Villa,Ready to Move,contractor,,bachelors,,6.0,17222.222222222223,,6.0,True,True,"6 BHK, Villa is available for Sale in Sarjapur Road, Bangalore for 7.7 Crore(s)|77500000|4500.0|Sarjapura|Villa|contractor",1,False,False,1.0,Other,21998258.614100203,55501741.3858998,252.30061324183586,252.30061324183586,True,Potentially Overpriced,Large positive price deviation + Extreme area,Potentially Overpriced,Extreme Area
15000000,"Health club with Steam / Jaccuzi,House help accommodation,Air Conditioned,Jogging and Strolling Track,Laundry Service,Internet/Wi-Fi Connectivity,Visitor Parking,Intercom Facility","2 BHK, Residential House is available for Sale in KSRTC Layout Chikkalasandra, Bangalore for 1.5 Crore(s)",,,Bangalore,2500.0,"Granite,Marble,Wooden",,,"Channasandra Main Road, Nagondanahalli",12.902274226248911,Sarjapur Road,77.83289527667709,halfyearly,3.0,2 Covered,May '25,,Villa,Under Construction,owner,,onlygirls,,2.0,6000.0,,2.0,False,False,"2 BHK, Residential House is available for Sale in KSRTC Layout Chikkalasandra, Bangalore for 1.5 Crore(s)|15000000|2500.0|Sarjapur Road|Villa|owner",1,False,False,1.0,Sarjapur Road,5353760.226063913,9646239.773936087,180.17691055671366,180.17691055671366,False,Potentially Overpriced,Large positive price deviation,Potentially Overpriced,None
84000000,"RO Water System,Visitor Parking","6 BHK, Residential House is available for Sale in Block 4 Koramangala, Bangalore for 8.4 Crore(s)",,,Bangalore,4000.0,"Granite,Marble,Wooden",,,"Channasandra Main Road, Nagondanahalli",13.634016476546718,Block 4 Koramangala,77.7600897496163,quarterly,3.0,3 Covered,May '25,,Residential House,Ready to Move,contractor,,onlygirls,,6.0,21000.0,,6.0,True,False,"6 BHK, Residential House is available for Sale in Block 4 Koramangala, Bangalore for 8.4 Crore(s)|84000000|4000.0|Block 4 Koramangala|Residential House|contractor",1,False,False,1.0,Other,22312986.875663877,61687013.12433612,276.46237354092807,276.46237354092807,False,Potentially Overpriced,Large positive price deviation,Potentially Overpriced,None
120000000,"Island Kitchen Layout,House help accommodation,Air Conditioned","4 BHK, Residential House is available for Sale in Block 3rd Koramangala, Bangalore for 12.0 Crore(s)",,,Bangalore,3600.0,,,,"Channasandra Main Road, Nagondanahalli",,Block 3rd Koramangala,,quarterly,3.0,3 Open,,,Residential House,Ready to Move,owner,,onlygirls,,4.0,33333.333333333336,,4.0,True,False,"4 BHK, Residential House is available for Sale in Block 3rd Koramangala, Bangalore for 12.0 Crore(s)|120000000|3600.0|Block 3rd Koramangala|Residential House|owner",1,False,False,0.5,Other,27176327.52362629,92823672.4763737,341.56076605890024,341.56076605890024,False,Potentially Overpriced,Large positive price deviation,Potentially Overpriced,None
60000000,Visitor Parking,"8 BHK, Residential House is available for Sale in Devinagar, Bangalore for 6.0 Crore(s)",,,Bangalore,1000.0,,,,"Channasandra Main Road, Nagondanahalli",13.425008261666328,"Msr Nagar, Mathikere",78.01682192270408,yearly,3.0,9 Open,,,Residential House,Ready to Move,agent,,onlyboys,,8.0,60000.0,,8.0,True,False,"8 BHK, Residential House is available for Sale in Devinagar, Bangalore for 6.0 Crore(s)|60000000|1000.0|Msr Nagar, Mathikere|Residential House|agent",1,False,False,0.5,Other,14496277.975236416,45503722.024763584,313.8993478360191,313.8993478360191,False,Potentially Overpriced,Large positive price deviation,Potentially Overpriced,None
105000000,"Private Garage,RO Water System,Visitor Parking","4 BHK, Villa is available for Sale in Sarjapur Road, Bangalore for 10.5 Crore(s)",,,Bangalore,3800.0,,,,"Channasandra Main Road, Nagondanahalli",13.081293365616151,"East Of Ngef Layout, Bennigana Halli",77.99691355713085,yearly,3.0,2 Covered,,,Residential House,Ready to Move,owner,,bachelors,,4.0,27631.57894736842,,4.0,True,False,"4 BHK, Villa is available for Sale in Sarjapur Road, Bangalore for 10.5 Crore(s)|105000000|3800.0|East Of Ngef Layout, Bennigana Halli|Residential House|owner",1,False,False,1.0,Other,23667049.483551383,81332950.51644862,343.6547955543638,343.6547955543638,False,Potentially Overpriced,Large positive price deviation,Potentially Overpriced,None
13000000,Visitor Parking,"6 BHK, Residential House is available for Sale in Koralur, Bangalore for 1.3 Crore(s)",,,Bangalore,1000.0,,,,"Channasandra Main Road, Nagondanahalli",13.425008261666328,"Msr Nagar, Mathikere",78.01682192270408,monthly,3.0,9 Open,,,Residential House,Ready to Move,agent,,family,,6.0,13000.0,,6.0,False,False,"6 BHK, Residential House is available for Sale in Koralur, Bangalore for 1.3 Crore(s)|13000000|1000.0|Msr Nagar, Mathikere|Residential House|agent",1,False,False,0.5,Other,26054602.129990343,-13054602.129990343,-50.104784041064846,50.104784041064846,False,Potentially Underpriced,Large negative price deviation,Potentially Underpriced,None
90749000,"Air Conditioned,Internet/Wi-Fi Connectivity,Visitor Parking","4 BHK, Residential House is available for Sale in Block 5th Koramangala, Bangalore for 9.7 Crore(s)",,,Bangalore,3000.0,,,,"Channasandra Main Road, Nagondanahalli",13.081293365616151,Block 5th Koramangala,77.99691355713085,monthly,3.0,3 Covered,,,Residential House,Ready to Move,owner,,onlyboys,,4.0,30249.666666666668,,4.0,True,False,"4 BHK, Residential House is available for Sale in Block 5th Koramangala, Bangalore for 9.7 Crore(s)|90749000|3000.0|Block 5th Koramangala|Residential House|owner",1,False,False,1.0,Other,26654441.805297006,64094558.194703,240.4648300755845,240.4648300755845,False,Potentially Overpriced,Large positive price deviation,Potentially Overpriced,None
46000000,Visitor Parking,"3 BHK, Villa is available for Sale in Devanahalli, Bangalore for 4.6 Crore(s)",,,Bangalore,6110.0,,,,"Channasandra Main Road, Nagondanahalli",13.299229169331705,Laggere,77.67184548791614,halfyearly,3.0,"3 Covered, 2 Open",,,Residential House,Ready to Move,builder,,onlyboys,,3.0,7528.641571194763,,3.0,False,True,"3 BHK, Villa is available for Sale in Devanahalli, Bangalore for 4.6 Crore(s)|46000000|6110.0|Laggere|Residential House|builder",1,False,False,1.5,Other,17998813.61805906,28001186.38194094,155.57240036002165,155.57240036002165,True,Potentially Overpriced,Large positive price deviation + Extreme area,Potentially Overpriced,Extreme Area
80000000,Visitor Parking,"2 BHK, Residential House is available for Sale in Stage 2 Indiranagar, Bangalore for 8.0 Crore(s)",,,Bangalore,6110.0,,,,"Channasandra Main Road, Nagondanahalli",13.299229169331705,Laggere,77.67184548791614,quarterly,3.0,"3 Covered, 2 Open",,,Residential House,Ready to Move,agent,,onlygirls,,2.0,13093.289689034369,,2.0,True,True,"2 BHK, Residential House is available for Sale in Stage 2 Indiranagar, Bangalore for 8.0 Crore(s)|80000000|6110.0|Laggere|Residential House|agent",1,False,False,1.5,Other,15555165.716420144,64444834.283579856,414.29860316789444,414.29860316789444,True,Potentially Overpriced,Large positive price deviation + Extreme area,Potentially Overpriced,Extreme Area
13000000,Visitor Parking,"5 BHK, Residential House is available for Sale in , Bangalore for 1.3 Crore(s)",,,Bangalore,6110.0,,,,"Channasandra Main Road, Nagondanahalli",13.299229169331705,Laggere,77.67184548791614,quarterly,3.0,1 Covered,,,Residential House,Ready to Move,builder,,couples,,5.0,2127.659574468085,,5.0,False,True,"5 BHK, Residential House is available for Sale in , Bangalore for 1.3 Crore(s)|13000000|6110.0|Laggere|Residential House|builder",1,False,False,1.0,Other,39484197.0877464,-26484197.087746397,-67.07543534161304,67.07543534161304,True,Potentially Underpriced,Large negative price deviation + Extreme area,Potentially Underpriced,Extreme Area
14000000,Visitor Parking,"4 BHK, Villa is available for Sale in Electronic City, Bangalore for 1.4 Crore(s)",,,Bangalore,6110.0,,,,"Channasandra Main Road, Nagondanahalli",13.299229169331705,Laggere,77.67184548791614,halfyearly,3.0,1 Covered,,,Residential House,Ready to Move,agent,,bachelors,,4.0,2291.3256955810148,,4.0,False,True,"4 BHK, Villa is available for Sale in Electronic City, Bangalore for 1.4 Crore(s)|14000000|6110.0|Laggere|Residential House|agent",1,False,False,1.0,Other,55827972.15417791,-41827972.15417791,-74.92296520938152,74.92296520938152,True,Potentially Underpriced,Large negative price deviation + Extreme area,Potentially Underpriced,Extreme Area
18000000,Visitor Parking,"> 10 BHK, Residential House is available for Sale in Kodigehalli Kadugodi, Bangalore for 1.8 Crore(s)",,,Bangalore,6110.0,,,,"Channasandra Main Road, Nagondanahalli",13.299229169331705,Laggere,77.67184548791614,yearly,3.0,2 Covered,,,Residential House,Ready to Move,contractor,,couples,,10.0,2945.9901800327334,,10.0,False,True,"> 10 BHK, Residential House is available for Sale in Kodigehalli Kadugodi, Bangalore for 1.8 Crore(s)|18000000|6110.0|Laggere|Residential House|contractor",1,False,False,1.0,Other,43716553.21975761,-25716553.21975761,-58.8256651673423,58.8256651673423,True,Potentially Underpriced,Large negative price deviation + Extreme area,Potentially Underpriced,Extreme Area
120000000,Visitor Parking,"4 BHK, Villa is available for Sale in Whitefield, Bangalore for 12.0 Crore(s)",,,Bangalore,6110.0,,,,"Channasandra Main Road, Nagondanahalli",13.299229169331705,Laggere,77.67184548791614,monthly,3.0,2 Covered,,,Residential House,Ready to Move,contractor,,bachelors,,4.0,19639.934533551554,,4.0,True,True,"4 BHK, Villa is available for Sale in Whitefield, Bangalore for 12.0 Crore(s)|120000000|6110.0|Laggere|Residential House|contractor",1,False,False,1.0,Other,22422199.35792136,97577800.64207864,435.1838955869695,435.1838955869695,True,Potentially Overpriced,Large positive price deviation + Extreme area,Potentially Overpriced,Extreme Area
69000000,"Water Front,Theme based Architectures,Laundry Service,Visitor Parking,Conference Room","5 BHK, Villa is available for Sale in JP Nagar, Bangalore for 6.9 Crore(s)",,,Bangalore,6110.0,,,,"Channasandra Main Road, Nagondanahalli",13.299229169331705,Laggere,77.67184548791614,quarterly,3.0,2 Covered,,,Residential House,Ready to Move,agent,,bachelors,,5.0,11292.962356792144,,5.0,True,True,"5 BHK, Villa is available for Sale in JP Nagar, Bangalore for 6.9 Crore(s)|69000000|6110.0|Laggere|Residential House|agent",1,False,False,1.0,Other,29591632.6096295,39408367.3903705,133.17402223203635,133.17402223203635,True,Potentially Overpriced,Large positive price deviation + Extreme area,Potentially Overpriced,Extreme Area
59000000,"Air Conditioned,Internet/Wi-Fi Connectivity,RO Water System,Visitor Parking","5 BHK, Residential House is available for Sale in BEL Layout Vidyaranyapura, Bangalore for 5.9 Crore(s)",,,Bangalore,2400.0,,,,"Channasandra Main Road, Nagondanahalli",13.405937387690624,BDA Layout Naagarabhaavi,78.30090313641823,quarterly,3.0,"3 Covered, 2 Open",,,Residential House,Ready to Move,owner,,onlygirls,,5.0,24583.333333333332,,5.0,True,False,"5 BHK, Residential House is available for Sale in BEL Layout Vidyaranyapura, Bangalore for 5.9 Crore(s)|59000000|2400.0|BDA Layout Naagarabhaavi|Residential House|owner",1,False,False,1.5,Other,22097905.964001767,36902094.03599823,166.99362417467515,166.99362417467515,False,Potentially Overpriced,Large positive price deviation,Potentially Overpriced,None
145320000,"Water Front,Theme based Architectures,Laundry Service,Visitor Parking,Conference Room","4 BHK, Residential House is available for Sale in Abshot Layout, Bangalore for 14.5 Crore(s)",,,Bangalore,6110.0,,,,"Channasandra Main Road, Nagondanahalli",13.299229169331705,Laggere,77.67184548791614,halfyearly,3.0,"1 Covered, 2 Open",,,Residential House,Ready to Move,builder,,onlygirls,,4.0,23783.960720130934,,4.0,True,True,"4 BHK, Residential House is available for Sale in Abshot Layout, Bangalore for 14.5 Crore(s)|145320000|6110.0|Laggere|Residential House|builder",1,False,False,1.5,Other,33921602.43502043,111398397.56497957,328.3995730401363,328.3995730401363,True,Potentially Overpriced,Large positive price deviation + Extreme area,Potentially Overpriced,Extreme Area
105000000,"Banquet Hall,Outdoor Tennis Courts,Visitor Parking,Conference Room","4 BHK, Villa is available for Sale in Whitefield, Bangalore for 10.5 Crore(s)",,,Bangalore,4500.0,,,,"Channasandra Main Road, Nagondanahalli",13.484458493792848,Whitefield,78.32718888787143,yearly,3.0,"1 Covered, 1 Open",,,Villa,Ready to Move,builder,,couples,,4.0,23333.333333333332,,4.0,True,True,"4 BHK, Villa is available for Sale in Whitefield, Bangalore for 10.5 Crore(s)|105000000|4500.0|Whitefield|Villa|builder",1,False,False,1.5,Whitefield,34537408.542869635,70462591.45713037,204.01817747752708,204.01817747752708,True,Potentially Overpriced,Large positive price deviation + Extreme area,Potentially Overpriced,Extreme Area
5500000,"Banquet Hall,Outdoor Tennis Courts,Visitor Parking,Conference Room","5 BHK, Residential House is available for Sale in Aduru, Bangalore for 55.0 Lac(s)",,,Bangalore,4500.0,,,,"Channasandra Main Road, Nagondanahalli",13.484458493792848,Whitefield,78.32718888787143,monthly,3.0,"1 Covered, 1 Open",,,Villa,Ready to Move,agent,,couples,,5.0,1222.2222222222222,,5.0,False,True,"5 BHK, Residential House is available for Sale in Aduru, Bangalore for 55.0 Lac(s)|5500000|4500.0|Whitefield|Villa|agent",1,False,False,1.5,Whitefield,22418795.275959022,-16918795.275959022,-75.467013582581,75.467013582581,True,Potentially Underpriced,Large negative price deviation + Extreme area,Potentially Underpriced,Extreme Area
14800000,"Banquet Hall,Outdoor Tennis Courts,Visitor Parking,Conference Room","5 BHK, Residential House is available for Sale in Kurudusonnenahalli, Bangalore for 1.4 Crore(s)",,,Bangalore,4500.0,,,,"Channasandra Main Road, Nagondanahalli",13.484458493792848,Whitefield,78.32718888787143,halfyearly,3.0,"1 Covered, 1 Open",,,Villa,Ready to Move,contractor,,couples,,5.0,3288.8888888888887,,5.0,False,True,"5 BHK, Residential House is available for Sale in Kurudusonnenahalli, Bangalore for 1.4 Crore(s)|14800000|4500.0|Whitefield|Villa|contractor",1,False,False,1.5,Whitefield,37936051.37329304,-23136051.373293042,-60.98697817976071,60.98697817976071,True,Potentially Underpriced,Large negative price deviation + Extreme area,Potentially Underpriced,Extreme Area
65000000,"Banquet Hall,Outdoor Tennis Courts,Visitor Parking,Conference Room","5 BHK, Residential House is available for Sale in Gaurav Nagar, Bangalore for 6.5 Crore(s)",,,Bangalore,4500.0,,,,"Channasandra Main Road, Nagondanahalli",13.484458493792848,Whitefield,78.32718888787143,monthly,3.0,"1 Covered, 1 Open",,,Villa,Ready to Move,builder,,onlyboys,,5.0,14444.444444444445,,5.0,True,True,"5 BHK, Residential House is available for Sale in Gaurav Nagar, Bangalore for 6.5 Crore(s)|65000000|4500.0|Whitefield|Villa|builder",1,False,False,1.5,Whitefield,24194362.77290027,40805637.22709973,168.65762330721722,168.65762330721722,True,Potentially Overpriced,Large positive price deviation + Extreme area,Potentially Overpriced,Extreme Area
12000000,"Air Conditioned,Internet/Wi-Fi Connectivity,RO Water System,Visitor Parking","5 BHK, Residential House is available for Sale in , Bangalore for 1.2 Crore(s)",,,Bangalore,2400.0,,,,"Channasandra Main Road, Nagondanahalli",13.405937387690624,BDA Layout Naagarabhaavi,78.30090313641823,monthly,3.0,2 Covered,,,Residential House,Ready to Move,owner,,onlyboys,,5.0,5000.0,,5.0,False,False,"5 BHK, Residential House is available for Sale in , Bangalore for 1.2 Crore(s)|12000000|2400.0|BDA Layout Naagarabhaavi|Residential House|owner",1,False,False,1.0,Other,27922894.1586507,-15922894.1586507,-57.02451210172167,57.02451210172167,False,Potentially Underpriced,Large negative price deviation,Potentially Underpriced,None
8245000,"Air Conditioned,Internet/Wi-Fi Connectivity,RO Water System,Visitor Parking","4 BHK, Residential House is available for Sale in , Bangalore for 82.45 Lac(s)",,,Bangalore,2400.0,,,,"Channasandra Main Road, Nagondanahalli",13.405937387690624,BDA Layout Naagarabhaavi,78.30090313641823,yearly,3.0,2 Covered,,,Residential House,Ready to Move,owner,,family,,4.0,3435.4166666666665,,4.0,False,False,"4 BHK, Residential House is available for Sale in , Bangalore for 82.45 Lac(s)|8245000|2400.0|BDA Layout Naagarabhaavi|Residential House|owner",1,False,False,1.0,Other,18297551.872615397,-10052551.872615397,-54.93932708921741,54.93932708921741,False,Potentially Underpriced,Large negative price deviation,Potentially Underpriced,None
7000000,"Air Conditioned,Outdoor Tennis Courts,Private Garage,Visitor Parking","3 BHK, Villa is available for Sale in Hoskote Chintamani Road, Bangalore for 70.0 Lac(s)",,,Bangalore,2000.0,,,,"Channasandra Main Road, Nagondanahalli",,Huskur,,halfyearly,3.0,1 Covered,,,Residential House,Ready to Move,owner,,onlygirls,,3.0,3500.0,,3.0,False,False,"3 BHK, Villa is available for Sale in Hoskote Chintamani Road, Bangalore for 70.0 Lac(s)|7000000|2000.0|Huskur|Residential House|owner",1,False,False,1.0,Other,16190684.712717615,-9190684.712717615,-56.765262716149536,56.765262716149536,False,Potentially Underpriced,Large negative price deviation,Potentially Underpriced,None
20000000,"Air Conditioned,Outdoor Tennis Courts,Private Garage,Visitor Parking","2 BHK, Residential House is available for Sale in Vibhutipura, Bangalore for 2.0 Crore(s)",,,Bangalore,2000.0,,,,"Channasandra Main Road, Nagondanahalli",,Huskur,,halfyearly,3.0,1 Covered,,,Residential House,Ready to Move,agent,,onlyboys,,2.0,10000.0,,2.0,False,False,"2 BHK, Residential House is available for Sale in Vibhutipura, Bangalore for 2.0 Crore(s)|20000000|2000.0|Huskur|Residential House|agent",1,False,False,1.0,Other,6081272.605194134,13918727.394805867,228.87853083444426,228.87853083444426,False,Potentially Overpriced,Large positive price deviation,Potentially Overpriced,None
30000000,"Town House,Skyline View,Sea facing,Smart Home,Skydeck,Private jaccuzi,Island Kitchen Layout,Private pool ,Helipad,Full Glass Wall,Sky Villa,Bar/Lounge,Fingerprint Access,Health club with Steam / Jaccuzi,House help accommodation,Air Conditioned,Jogging and Strolling Track,Internet/Wi-Fi Connectivity,Visitor Parking,Conference Room,Mansion,Downtown","2 BHK, Residential House is available for Sale in Lottegollahalli, Bangalore for 3.0 Crore(s)",,,Bangalore,1240.0,"Mosaic,Vitrified,Ceramic Tiles,Marble,Normal Tiles/Kotah Stone,Granite,Marbonite",,,"Channasandra Main Road, Nagondanahalli",13.970409830198909,Devanahalli,77.9227802212669,quarterly,3.0,"2 Covered, 1 Open",Jun '23,,Villa,Ready to Move,agent,,bachelors,,2.0,24193.548387096773,,2.0,False,False,"2 BHK, Residential House is available for Sale in Lottegollahalli, Bangalore for 3.0 Crore(s)|30000000|1240.0|Devanahalli|Villa|agent",1,False,False,1.5,Devanahalli,8937831.07632622,21062168.92367378,235.65190194141726,235.65190194141726,False,Potentially Overpriced,Large positive price deviation,Potentially Overpriced,None
45000000,"Air Conditioned,Jogging and Strolling Track,Outdoor Tennis Courts,Laundry Service,Internet/Wi-Fi Connectivity,Service/Goods Lift,Intercom Facility,Conference Room","3 BHK, Residential House is available for Sale in Sahakar Nagar, Bangalore for 4.5 Crore(s)",,,Bangalore,8000.0,,,,"Channasandra Main Road, Nagondanahalli",13.494181316099276,Whitefield,78.33760813651975,monthly,3.0,2 Open,,,Residential House,Ready to Move,agent,,onlygirls,,3.0,5625.0,,3.0,False,True,"3 BHK, Residential House is available for Sale in Sahakar Nagar, Bangalore for 4.5 Crore(s)|45000000|8000.0|Whitefield|Residential House|agent",1,False,False,0.5,Whitefield,22112828.90063762,22887171.09936238,103.50177809544047,103.50177809544047,True,Potentially Overpriced,Large positive price deviation + Extreme area,Potentially Overpriced,Extreme Area
80000000,"Air Conditioned,Jogging and Strolling Track,Outdoor Tennis Courts,Laundry Service,Internet/Wi-Fi Connectivity,Service/Goods Lift,Intercom Facility,Conference Room","5 BHK, Villa is available for Sale in Whitefield, Bangalore for 8.0 Crore(s)",,,Bangalore,8000.0,,,,"Channasandra Main Road, Nagondanahalli",13.494181316099276,Whitefield,78.33760813651975,monthly,3.0,2 Open,,,Residential House,Ready to Move,owner,,onlygirls,,5.0,10000.0,,5.0,True,True,"5 BHK, Villa is available for Sale in Whitefield, Bangalore for 8.0 Crore(s)|80000000|8000.0|Whitefield|Residential House|owner",1,False,False,0.5,Whitefield,32050432.195027024,47949567.80497298,149.60661844807473,149.60661844807473,True,Potentially Overpriced,Large positive price deviation + Extreme area,Potentially Overpriced,Extreme Area
19000000,Visitor Parking,"4 BHK, Villa is available for Sale in Hennur Gardens, Bangalore for 1.9 Crore(s)",,,Bangalore,5500.0,,,,"Channasandra Main Road, Nagondanahalli",13.494181316099276,"Dodsworth Layout, Whitefield",78.33760813651975,yearly,3.0,"1 Covered, 1 Open",,,Villa,Ready to Move,contractor,,onlyboys,,4.0,3454.5454545454545,,4.0,False,True,"4 BHK, Villa is available for Sale in Hennur Gardens, Bangalore for 1.9 Crore(s)|19000000|5500.0|Dodsworth Layout, Whitefield|Villa|contractor",1,False,False,1.5,Other,46971662.160278074,-27971662.160278074,-59.550079502897624,59.550079502897624,True,Potentially Underpriced,Large negative price deviation + Extreme area,Potentially Underpriced,Extreme Area
13000000,Visitor Parking,"7 BHK, Residential House is available for Sale in Bannerghatta Main Road, Bangalore for 1.3 Crore(s)",,,Bangalore,5500.0,,,,"Channasandra Main Road, Nagondanahalli",13.494181316099276,"Dodsworth Layout, Whitefield",78.33760813651975,monthly,3.0,2 Covered,,,Villa,Ready to Move,builder,,bachelors,,7.0,2363.6363636363635,,7.0,False,True,"7 BHK, Residential House is available for Sale in Bannerghatta Main Road, Bangalore for 1.3 Crore(s)|13000000|5500.0|Dodsworth Layout, Whitefield|Villa|builder",1,False,False,1.0,Other,31310746.287859827,-18310746.287859827,-58.48070857052515,58.48070857052515,True,Potentially Underpriced,Large negative price deviation + Extreme area,Potentially Underpriced,Extreme Area
11500000,Visitor Parking,"2 BHK, Residential House is available for Sale in Margondanahalli, Bangalore for 1.1 Crore(s)",,,Bangalore,5500.0,,,,"Channasandra Main Road, Nagondanahalli",13.494181316099276,"Dodsworth Layout, Whitefield",78.33760813651975,halfyearly,3.0,2 Covered,,,Villa,Ready to Move,owner,,onlygirls,,2.0,2090.909090909091,,2.0,False,True,"2 BHK, Residential House is available for Sale in Margondanahalli, Bangalore for 1.1 Crore(s)|11500000|5500.0|Dodsworth Layout, Whitefield|Villa|owner",1,False,False,1.0,Other,26405900.11088031,-14905900.110880312,-56.44912708254346,56.44912708254346,True,Potentially Underpriced,Large negative price deviation + Extreme area,Potentially Underpriced,Extreme Area
65000000,"Laundry Service,Internet/Wi-Fi Connectivity","> 10 BHK, Residential House is available for Sale in Nagavara, Bangalore for 6.5 Crore(s)",,,Bangalore,3000.0,,,,"Channasandra Main Road, Nagondanahalli",,Nagavara,,quarterly,3.0,5 Covered,,,Residential House,Ready to Move,builder,,onlyboys,,10.0,21666.666666666668,,10.0,True,False,"> 10 BHK, Residential House is available for Sale in Nagavara, Bangalore for 6.5 Crore(s)|65000000|3000.0|Nagavara|Residential House|builder",1,False,False,1.0,Other,19729468.944096282,45270531.05590372,229.45640951704468,229.45640951704468,False,Potentially Overpriced,Large positive price deviation,Potentially Overpriced,None
150000000,"Air Conditioned,Jogging and Strolling Track,Outdoor Tennis Courts,Laundry Service,Internet/Wi-Fi Connectivity,RO Water System,Service/Goods Lift,Intercom Facility,Conference Room","5 BHK, Residential House is available for Sale in C V Raman Nagar, Bangalore for 15.0 Crore(s)",,,Bangalore,2000.0,,,,"Channasandra Main Road, Nagondanahalli",13.508089663000831,Devanahalli,78.58978248343202,quarterly,3.0,2 Covered,,,Villa,Ready to Move,owner,,couples,,5.0,75000.0,,5.0,True,False,"5 BHK, Residential House is available for Sale in C V Raman Nagar, Bangalore for 15.0 Crore(s)|150000000|2000.0|Devanahalli|Villa|owner",1,False,False,1.0,Devanahalli,17758749.304367583,132241250.69563241,744.6540768673897,744.6540768673897,False,Potentially Overpriced,Large positive price deviation,Potentially Overpriced,None
14800000,"Air Conditioned,RO Water System","4 BHK, Residential House is available for Sale in Prakruthi Township, Bangalore for 1.4 Crore(s)",,,Bangalore,3200.0,,,,"Channasandra Main Road, Nagondanahalli",13.494181316099276,11 Block 2nd Stage Naagarabhaavi,78.33760813651975,monthly,3.0,2 Open,,,Residential House,Ready to Move,owner,,onlyboys,,4.0,4625.0,,4.0,False,False,"4 BHK, Residential House is available for Sale in Prakruthi Township, Bangalore for 1.4 Crore(s)|14800000|3200.0|11 Block 2nd Stage Naagarabhaavi|Residential House|owner",1,False,False,0.5,Other,35894881.49025939,-21094881.490259387,-58.768494599944,58.768494599944,False,Potentially Underpriced,Large negative price deviation,Potentially Underpriced,None
11500000,Visitor Parking,"4 BHK, Residential House is available for Sale in Block 7th Stage 6th Banashankari, Bangalore for 1.1 Crore(s)",,,Bangalore,9300.0,,,,"Channasandra Main Road, Nagondanahalli",13.148180707009624,Sector 1st HSR Layout,78.02598754641801,halfyearly,3.0,1 Covered,,,Residential House,Ready to Move,contractor,,couples,,4.0,1236.5591397849462,,4.0,False,True,"4 BHK, Residential House is available for Sale in Block 7th Stage 6th Banashankari, Bangalore for 1.1 Crore(s)|11500000|9300.0|Sector 1st HSR Layout|Residential House|contractor",1,False,False,1.0,Other,31966811.27528984,-20466811.27528984,-64.02518880921528,64.02518880921528,True,Potentially Underpriced,Large negative price deviation + Extreme area,Potentially Underpriced,Extreme Area
40000000,"Skydeck,House help accommodation,Air Conditioned,Jogging and Strolling Track,RO Water System,Visitor Parking","3 BHK, Residential House is available for Sale in Stage 1 Indiranagar, Bangalore for 4.0 Crore(s)",,,Bangalore,2199.0,,,,"Channasandra Main Road, Nagondanahalli",13.148180707009624,Stage 1 Indiranagar,78.02598754641801,monthly,3.0,"1 Covered, 1 Open",,,Residential House,Ready to Move,contractor,,onlyboys,,3.0,18190.086402910412,,3.0,False,False,"3 BHK, Residential House is available for Sale in Stage 1 Indiranagar, Bangalore for 4.0 Crore(s)|40000000|2199.0|Stage 1 Indiranagar|Residential House|contractor",1,False,False,1.5,Other,16370806.290212734,23629193.709787264,144.33738504323975,144.33738504323975,False,Potentially Overpriced,Large positive price deviation,Potentially Overpriced,None
62000000,"Skydeck,House help accommodation,Air Conditioned,Jogging and Strolling Track,RO Water System,Visitor Parking","5 BHK, Residential House is available for Sale in Sector 1st HSR Layout, Bangalore for 6.2 Crore(s)",,,Bangalore,2199.0,,,,"Channasandra Main Road, Nagondanahalli",13.148180707009624,Stage 1 Indiranagar,78.02598754641801,quarterly,3.0,"1 Covered, 1 Open",,,Residential House,Ready to Move,owner,,onlygirls,,5.0,28194.63392451114,,5.0,True,False,"5 BHK, Residential House is available for Sale in Sector 1st HSR Layout, Bangalore for 6.2 Crore(s)|62000000|2199.0|Stage 1 Indiranagar|Residential House|owner",1,False,False,1.5,Other,19139821.461224172,42860178.53877583,223.93196627046552,223.93196627046552,False,Potentially Overpriced,Large positive price deviation,Potentially Overpriced,None
110000000,"Wrap Around Balcony,Jogging and Strolling Track,Visitor Parking","> 10 BHK, Residential House is available for Sale in Jayanagar, Bangalore for 11.0 Crore(s)",,,Bangalore,3040.0,,,,"Channasandra Main Road, Nagondanahalli",13.973193516023311,Yelahanka,78.12344365071988,yearly,3.0,"1 Covered, 1 Open",,,Villa,Ready to Move,agent,,family,,10.0,36184.21052631579,,10.0,True,False,"> 10 BHK, Residential House is available for Sale in Jayanagar, Bangalore for 11.0 Crore(s)|110000000|3040.0|Yelahanka|Villa|agent",1,False,False,1.5,Yelahanka,25478767.99668001,84521232.00332,331.73202100797596,331.73202100797596,False,Potentially Overpriced,Large positive price deviation,Potentially Overpriced,None
45000000,"Skydeck,House help accommodation,Air Conditioned,Jogging and Strolling Track,RO Water System,Visitor Parking","4 BHK, Residential House is available for Sale in Malleshwaram, Bangalore for 4.5 Crore(s)",,,Bangalore,2199.0,,,,"Channasandra Main Road, Nagondanahalli",13.148180707009624,Stage 1 Indiranagar,78.02598754641801,quarterly,3.0,2 Covered,,,Residential House,Ready to Move,builder,,bachelors,,4.0,20463.847203274214,,4.0,False,False,"4 BHK, Residential House is available for Sale in Malleshwaram, Bangalore for 4.5 Crore(s)|45000000|2199.0|Stage 1 Indiranagar|Residential House|builder",1,False,False,1.0,Other,15552704.071102142,29447295.928897858,189.33875289000517,189.33875289000517,False,Potentially Overpriced,Large positive price deviation,Potentially Overpriced,None
209900000,Air Conditioned,"4 BHK, Residential House is available for Sale in Dollars Colony Stage 2nd RMV, Bangalore for 20.9 Crore(s)",,,Bangalore,7800.0,,,,"Channasandra Main Road, Nagondanahalli",13.199813476419765,Dollars Colony Stage 2nd RMV,77.63677292495721,quarterly,3.0,5 Open,,,Residential House,Ready to Move,owner,,couples,,4.0,26910.25641025641,,4.0,True,True,"4 BHK, Residential House is available for Sale in Dollars Colony Stage 2nd RMV, Bangalore for 20.9 Crore(s)|209900000|7800.0|Dollars Colony Stage 2nd RMV|Residential House|owner",1,False,False,0.5,Other,37802751.35162134,172097248.64837867,455.25059022191385,455.25059022191385,True,Potentially Overpriced,Large positive price deviation + Extreme area,Potentially Overpriced,Extreme Area
17000000,"Water Front,Skydeck,Fireplace,Theme based Architectures,Bar/Lounge,Fingerprint Access,Health club with Steam / Jaccuzi,Banquet Hall,Jogging and Strolling Track,Intercom Facility,Conference Room,Mansion","4 BHK, Villa is available for Sale in Sarjapura, Bangalore for 1.7 Crore(s)",,,Bangalore,3300.0,Marble,,,"Channasandra Main Road, Nagondanahalli",13.996326174768862,Devanahalli,78.24094838317139,yearly,3.0,2 Covered,Dec '24,,Villa,Under Construction,owner,,onlygirls,,4.0,5151.515151515152,,4.0,False,False,"4 BHK, Villa is available for Sale in Sarjapura, Bangalore for 1.7 Crore(s)|17000000|3300.0|Devanahalli|Villa|owner",1,False,False,1.0,Devanahalli,47275920.22300733,-30275920.22300733,-64.04089033104263,64.04089033104263,False,Potentially Underpriced,Large negative price deviation,Potentially Underpriced,None
20000000,"House help accommodation,Jogging and Strolling Track,Visitor Parking,Intercom Facility","4 BHK, Villa is available for Sale in Electronic City, Bangalore for 2.0 Crore(s)",,,Bangalore,3300.0,Marble,,,"Channasandra Main Road, Nagondanahalli",13.996326174768862,Devanahalli,78.24094838317139,halfyearly,3.0,2 Covered,Dec '24,,Villa,Under Construction,agent,,onlyboys,,4.0,6060.606060606061,,4.0,False,False,"4 BHK, Villa is available for Sale in Electronic City, Bangalore for 2.0 Crore(s)|20000000|3300.0|Devanahalli|Villa|agent",1,False,False,1.0,Devanahalli,40199914.72827887,-20199914.728278868,-50.248650686985464,50.248650686985464,False,Potentially Underpriced,Large negative price deviation,Potentially Underpriced,None
420000000,Visitor Parking,"10 BHK, Residential House is available for Sale in Sadashiva Nagar, Bangalore for 42.0 Crore(s)",,,Bangalore,7800.0,,,,"Channasandra Main Road, Nagondanahalli",13.199813476419765,Dollars Colony Stage 2nd RMV,77.63677292495721,yearly,3.0,5 Covered,,,Residential House,Ready to Move,builder,,onlygirls,,10.0,53846.153846153844,,10.0,True,True,"10 BHK, Residential House is available for Sale in Sadashiva Nagar, Bangalore for 42.0 Crore(s)|420000000|7800.0|Dollars Colony Stage 2nd RMV|Residential House|builder",1,False,False,1.0,Other,31966719.873447705,388033280.1265523,1213.866426279356,1213.866426279356,True,Potentially Overpriced,Large positive price deviation + Extreme area,Potentially Overpriced,Extreme Area
59000000,"Bar/Lounge,Banquet Hall,Jogging and Strolling Track,Intercom Facility","4 BHK, Residential House is available for Sale in Phase 3rd JP Nagar, Bangalore for 5.9 Crore(s)",,,Bangalore,2200.0,Marble,,,"Channasandra Main Road, Nagondanahalli",13.32484981828263,Hennur Main Road,77.65004311761622,halfyearly,3.0,2 Covered,Jun '24,,Villa,Under Construction,contractor,,onlygirls,,4.0,26818.18181818182,,4.0,True,False,"4 BHK, Residential House is available for Sale in Phase 3rd JP Nagar, Bangalore for 5.9 Crore(s)|59000000|2200.0|Hennur Main Road|Villa|contractor",1,False,False,1.0,Other,23216859.82883516,35783140.17116484,154.1256674458725,154.1256674458725,False,Potentially Overpriced,Large positive price deviation,Potentially Overpriced,None
60000000,"Bar/Lounge,Banquet Hall,Jogging and Strolling Track,Intercom Facility","5 BHK, Residential House is available for Sale in JP Nagar, Bangalore for 6.0 Crore(s)",,,Bangalore,2200.0,Marble,,,"Channasandra Main Road, Nagondanahalli",13.32484981828263,Hennur Main Road,77.65004311761622,halfyearly,3.0,1 Covered,Jun '24,,Villa,Under Construction,agent,,family,,5.0,27272.727272727272,,5.0,True,False,"5 BHK, Residential House is available for Sale in JP Nagar, Bangalore for 6.0 Crore(s)|60000000|2200.0|Hennur Main Road|Villa|agent",1,False,False,1.0,Other,25478576.193996426,34521423.80600357,135.49196604690152,135.49196604690152,False,Potentially Overpriced,Large positive price deviation,Potentially Overpriced,None
21000000,"Air Conditioned,Visitor Parking","10 BHK, Residential House is available for Sale in Hesaraghatta, Bangalore for 2.1 Crore(s)",,,Bangalore,4800.0,Marble,,,"Channasandra Main Road, Nagondanahalli",12.813297102047509,Pushpagiri Nagar Pushpagirihalli,78.46018588227068,monthly,3.0,"3 Covered, 2 Open",Dec '24,,Residential House,Ready to Move,builder,,bachelors,,10.0,4375.0,,10.0,False,True,"10 BHK, Residential House is available for Sale in Hesaraghatta, Bangalore for 2.1 Crore(s)|21000000|4800.0|Pushpagiri Nagar Pushpagirihalli|Residential House|builder",1,False,False,1.5,Other,47508064.53444206,-26508064.53444206,-55.79697845872974,55.79697845872974,True,Potentially Underpriced,Large negative price deviation + Extreme area,Potentially Underpriced,Extreme Area
82500000,"Golf Course,Jogging and Strolling Track,Outdoor Tennis Courts,Visitor Parking","6 BHK, Villa is available for Sale in Devanahalli, Bangalore for 8.2 Crore(s)",,,Bangalore,4800.0,Marble,,,"Channasandra Main Road, Nagondanahalli",12.813297102047509,Pushpagiri Nagar Pushpagirihalli,78.46018588227068,yearly,3.0,2 Covered,Dec '24,,Residential House,Ready to Move,agent,,onlygirls,,6.0,17187.5,,6.0,True,True,"6 BHK, Villa is available for Sale in Devanahalli, Bangalore for 8.2 Crore(s)|82500000|4800.0|Pushpagiri Nagar Pushpagirihalli|Residential House|agent",1,False,False,1.0,Other,28990378.39382717,53509621.60617283,184.57717550029105,184.57717550029105,True,Potentially Overpriced,Large positive price deviation + Extreme area,Potentially Overpriced,Extreme Area
9500000,"Golf Course,Jogging and Strolling Track,Outdoor Tennis Courts,Visitor Parking","4 BHK, Residential House is available for Sale in Thotada Guddadhalli Village, Bangalore for 95.0 Lac(s)",,,Bangalore,4800.0,Marble,,,"Channasandra Main Road, Nagondanahalli",12.813297102047509,Pushpagiri Nagar Pushpagirihalli,78.46018588227068,yearly,3.0,2 Covered,Dec '24,,Residential House,Ready to Move,builder,,onlygirls,,4.0,1979.1666666666667,,4.0,False,True,"4 BHK, Residential House is available for Sale in Thotada Guddadhalli Village, Bangalore for 95.0 Lac(s)|9500000|4800.0|Pushpagiri Nagar Pushpagirihalli|Residential House|builder",1,False,False,1.0,Other,29923530.456715032,-20423530.456715032,-68.25240920772389,68.25240920772389,True,Potentially Underpriced,Large negative price deviation + Extreme area,Potentially Underpriced,Extreme Area
5500000,"Skydeck,Air Conditioned,Banquet Hall,Jogging and Strolling Track,Internet/Wi-Fi Connectivity,Visitor Parking,Intercom Facility","4 BHK, Residential House is available for Sale in Kaveri Pura, Bangalore for 55.0 Lac(s)",,,Bangalore,3200.0,,,,"Channasandra Main Road, Nagondanahalli",13.023290767669248,"Himagiri Meadows, Gottigere, bannerghatta main Road",77.76369103483562,halfyearly,3.0,"1 Covered, 1 Open",,,Villa,Ready to Move,owner,,bachelors,,4.0,1718.75,,4.0,False,False,"4 BHK, Residential House is available for Sale in Kaveri Pura, Bangalore for 55.0 Lac(s)|5500000|3200.0|Himagiri Meadows, Gottigere, bannerghatta main Road|Villa|owner",1,False,False,1.5,"Himagiri Meadows, Gottigere, bannerghatta main Road",45663451.93939269,-40163451.93939269,-87.95535649100744,87.95535649100744,False,Potentially Underpriced,Large negative price deviation,Potentially Underpriced,None
31400000,"Skydeck,Air Conditioned,Banquet Hall,Jogging and Strolling Track,Internet/Wi-Fi Connectivity,Visitor Parking,Intercom Facility","2 BHK, Residential House is available for Sale in Malleshwaram, Bangalore for 3.1 Crore(s)",,,Bangalore,3200.0,,,,"Channasandra Main Road, Nagondanahalli",13.023290767669248,"Himagiri Meadows, Gottigere, bannerghatta main Road",77.76369103483562,yearly,3.0,"1 Covered, 1 Open",,,Villa,Ready to Move,contractor,,onlygirls,,2.0,9812.5,,2.0,False,False,"2 BHK, Residential House is available for Sale in Malleshwaram, Bangalore for 3.1 Crore(s)|31400000|3200.0|Himagiri Meadows, Gottigere, bannerghatta main Road|Villa|contractor",1,False,False,1.5,"Himagiri Meadows, Gottigere, bannerghatta main Road",8132551.063057402,23267448.9369426,286.1027094270133,286.1027094270133,False,Potentially Overpriced,Large positive price deviation,Potentially Overpriced,None
75000000,"Skydeck,Air Conditioned,Banquet Hall,Jogging and Strolling Track,Internet/Wi-Fi Connectivity,Visitor Parking,Intercom Facility","> 10 BHK, Residential House is available for Sale in Maruti Nagar, Bangalore for 7.5 Crore(s)",,,Bangalore,3200.0,,,,"Channasandra Main Road, Nagondanahalli",13.023290767669248,"Himagiri Meadows, Gottigere, bannerghatta main Road",77.76369103483562,yearly,3.0,"1 Covered, 1 Open",,,Villa,Ready to Move,owner,,bachelors,,10.0,23437.5,,10.0,True,False,"> 10 BHK, Residential House is available for Sale in Maruti Nagar, Bangalore for 7.5 Crore(s)|75000000|3200.0|Himagiri Meadows, Gottigere, bannerghatta main Road|Villa|owner",1,False,False,1.5,"Himagiri Meadows, Gottigere, bannerghatta main Road",25861173.344178986,49138826.65582101,190.01004324841094,190.01004324841094,False,Potentially Overpriced,Large positive price deviation,Potentially Overpriced,None
10300000,"Wrap Around Balcony,Bar/Lounge,Jogging and Strolling Track,Visitor Parking,Conference Room","5 BHK, Residential House is available for Sale in Hoskote, Bangalore for 1.3 Crore(s)",,,Bangalore,2800.0,Vitrified,,East Facing Property,"Channasandra Main Road, Nagondanahalli",13.19953837215992,Bannerghatta Main Road,78.5413840177249,quarterly,2.0,2 Covered,May '24,,Villa,Under Construction,agent,,couples,,5.0,3678.5714285714284,,5.0,False,False,"5 BHK, Residential House is available for Sale in Hoskote, Bangalore for 1.3 Crore(s)|10300000|2800.0|Bannerghatta Main Road|Villa|agent",1,False,False,1.0,Bannerghatta Main Road,21019705.41159042,-10719705.41159042,-50.99836178331736,50.99836178331736,False,Potentially Underpriced,Large negative price deviation,Potentially Underpriced,None
8500000,"Skydeck,Air Conditioned,Banquet Hall,Jogging and Strolling Track,Internet/Wi-Fi Connectivity,Visitor Parking,Intercom Facility","5 BHK, Residential House is available for Sale in Bidarahalli, Bangalore for 85.0 Lac(s)",,,Bangalore,3200.0,,,,"Channasandra Main Road, Nagondanahalli",13.023290767669248,"Himagiri Meadows, Gottigere, bannerghatta main Road",77.76369103483562,yearly,3.0,"1 Covered, 1 Open",,,Villa,Ready to Move,owner,,family,,5.0,2656.25,,5.0,False,False,"5 BHK, Residential House is available for Sale in Bidarahalli, Bangalore for 85.0 Lac(s)|8500000|3200.0|Himagiri Meadows, Gottigere, bannerghatta main Road|Villa|owner",1,False,False,1.5,"Himagiri Meadows, Gottigere, bannerghatta main Road",24973229.08688995,-16473229.086889949,-65.96355252888704,65.96355252888704,False,Potentially Underpriced,Large negative price deviation,Potentially Underpriced,None
39500000,"Wrap Around Balcony,Bar/Lounge,Jogging and Strolling Track,Visitor Parking,Conference Room","2 BHK, Residential House is available for Sale in Allalasandra Yelahanka, Bangalore for 3.9 Crore(s)",,,Bangalore,2800.0,Vitrified,,East Facing Property,"Channasandra Main Road, Nagondanahalli",13.19953837215992,Bannerghatta Main Road,78.5413840177249,yearly,2.0,3 Open,May '24,,Villa,Under Construction,agent,,onlyboys,,2.0,14107.142857142857,,2.0,False,False,"2 BHK, Residential House is available for Sale in Allalasandra Yelahanka, Bangalore for 3.9 Crore(s)|39500000|2800.0|Bannerghatta Main Road|Villa|agent",1,False,False,0.5,Bannerghatta Main Road,11687749.163744677,27812250.836255323,237.96070951393057,237.96070951393057,False,Potentially Overpriced,Large positive price deviation,Potentially Overpriced,None
31000000,"Wrap Around Balcony,Bar/Lounge,Jogging and Strolling Track,Visitor Parking,Conference Room","2 BHK, Residential House is available for Sale in Mahalakshmi Layout, Bangalore for 3.1 Crore(s)",,,Bangalore,2800.0,Vitrified,,East Facing Property,"Channasandra Main Road, Nagondanahalli",13.19953837215992,Bannerghatta Main Road,78.5413840177249,halfyearly,2.0,3 Open,May '24,,Villa,Under Construction,agent,,bachelors,,2.0,11071.42857142857,,2.0,False,False,"2 BHK, Residential House is available for Sale in Mahalakshmi Layout, Bangalore for 3.1 Crore(s)|31000000|2800.0|Bannerghatta Main Road|Villa|agent",1,False,False,0.5,Bannerghatta Main Road,14384300.190771475,16615699.809228525,115.5127436779208,115.5127436779208,False,Potentially Overpriced,Large positive price deviation,Potentially Overpriced,None
1000000,"Skydeck,Air Conditioned,Banquet Hall,Jogging and Strolling Track,Internet/Wi-Fi Connectivity,Visitor Parking,Intercom Facility","1 BHK, Residential House is available for Sale in Chikkajala, Bangalore for 10.0 Lac(s)",,,Bangalore,3200.0,,,,"Channasandra Main Road, Nagondanahalli",13.023290767669248,"Himagiri Meadows, Gottigere, bannerghatta main Road",77.76369103483562,halfyearly,3.0,"1 Covered, 1 Open",,,Villa,Ready to Move,builder,,couples,,1.0,312.5,,1.0,False,False,"1 BHK, Residential House is available for Sale in Chikkajala, Bangalore for 10.0 Lac(s)|1000000|3200.0|Himagiri Meadows, Gottigere, bannerghatta main Road|Villa|builder",1,False,False,1.5,"Himagiri Meadows, Gottigere, bannerghatta main Road",15899682.148267375,-14899682.148267375,-93.71056609387017,93.71056609387017,False,Potentially Underpriced,Large negative price deviation,Potentially Underpriced,None
166000000,"Skydeck,Air Conditioned,Banquet Hall,Jogging and Strolling Track,Internet/Wi-Fi Connectivity,Visitor Parking,Intercom Facility","6 BHK, Residential House is available for Sale in Jayanagar, Bangalore for 16.6 Crore(s)",,,Bangalore,3200.0,,,,"Channasandra Main Road, Nagondanahalli",13.023290767669248,"Himagiri Meadows, Gottigere, bannerghatta main Road",77.76369103483562,yearly,3.0,"1 Covered, 1 Open",,,Villa,Ready to Move,builder,,family,,6.0,51875.0,,6.0,True,False,"6 BHK, Residential House is available for Sale in Jayanagar, Bangalore for 16.6 Crore(s)|166000000|3200.0|Himagiri Meadows, Gottigere, bannerghatta main Road|Villa|builder",1,False,False,1.5,"Himagiri Meadows, Gottigere, bannerghatta main Road",22516229.797036663,143483770.20296335,637.245984324814,637.245984324814,False,Potentially Overpriced,Large positive price deviation,Potentially Overpriced,None
13000000,"Skydeck,Air Conditioned,Banquet Hall,Jogging and Strolling Track,Internet/Wi-Fi Connectivity,Visitor Parking,Intercom Facility","9 BHK, Residential House is available for Sale in Kannahalli, Bangalore for 1.3 Crore(s)",,,Bangalore,3200.0,,,,"Channasandra Main Road, Nagondanahalli",13.023290767669248,"Himagiri Meadows, Gottigere, bannerghatta main Road",77.76369103483562,quarterly,3.0,"1 Covered, 1 Open",,,Villa,Ready to Move,builder,,bachelors,,9.0,4062.5,,9.0,False,False,"9 BHK, Residential House is available for Sale in Kannahalli, Bangalore for 1.3 Crore(s)|13000000|3200.0|Himagiri Meadows, Gottigere, bannerghatta main Road|Villa|builder",1,False,False,1.5,"Himagiri Meadows, Gottigere, bannerghatta main Road",47181517.86262913,-34181517.86262913,-72.44683810756149,72.44683810756149,False,Potentially Underpriced,Large negative price deviation,Potentially Underpriced,None
46000000,"Skydeck,Air Conditioned,Banquet Hall,Jogging and Strolling Track,Internet/Wi-Fi Connectivity,Visitor Parking,Intercom Facility","1 BHK, Residential House is available for Sale in Yarandahalli, Bangalore for 4.6 Crore(s)",,,Bangalore,3200.0,,,,"Channasandra Main Road, Nagondanahalli",13.023290767669248,"Himagiri Meadows, Gottigere, bannerghatta main Road",77.76369103483562,yearly,3.0,"1 Covered, 1 Open",,,Villa,Ready to Move,agent,,onlygirls,,1.0,14375.0,,1.0,False,False,"1 BHK, Residential House is available for Sale in Yarandahalli, Bangalore for 4.6 Crore(s)|46000000|3200.0|Himagiri Meadows, Gottigere, bannerghatta main Road|Villa|agent",1,False,False,1.5,"Himagiri Meadows, Gottigere, bannerghatta main Road",3100441.1788511653,42899558.821148835,1383.6598195694457,1383.6598195694457,False,Potentially Overpriced,Large positive price deviation,Potentially Overpriced,None
92000000,"Water Front,Skyline View,Sea facing,Smart Home,Island Kitchen Layout,Theme based Architectures,Bar/Lounge,Fingerprint Access,Health club with Steam / Jaccuzi,House help accommodation,Jogging and Strolling Track,Outdoor Tennis Courts,Private Garage,Laundry Service,Internet/Wi-Fi Connectivity,RO Water System,Service/Goods Lift,Visitor Parking,Intercom Facility,Conference Room,Mansion","4 BHK, Villa is available for Sale in Whitefield, Bangalore for 9.2 Crore(s)",,,Bangalore,2924.0,"Ceramic Tiles,Mosaic,Normal Tiles/Kotah Stone,Vitrified",,,"Channasandra Main Road, Nagondanahalli",,Budigere,,yearly,3.0,2 Covered,Dec '25,,Villa,Under Construction,agent,,onlygirls,,4.0,31463.74829001368,,4.0,True,False,"4 BHK, Villa is available for Sale in Whitefield, Bangalore for 9.2 Crore(s)|92000000|2924.0|Budigere|Villa|agent",1,False,False,1.0,Other,30154921.674182884,61845078.325817116,205.09115889618025,205.09115889618025,False,Potentially Overpriced,Large positive price deviation,Potentially Overpriced,None
7000000,"Water Front,Skyline View,Sea facing,Smart Home,Island Kitchen Layout,Theme based Architectures,Bar/Lounge,Fingerprint Access,Health club with Steam / Jaccuzi,House help accommodation,Jogging and Strolling Track,Outdoor Tennis Courts,Private Garage,Laundry Service,Internet/Wi-Fi Connectivity,RO Water System,Service/Goods Lift,Visitor Parking,Intercom Facility,Conference Room,Mansion","1 BHK, Residential House is available for Sale in Shetty halli, Bangalore for 70.0 Lac(s)",,,Bangalore,2924.0,"Ceramic Tiles,Mosaic,Normal Tiles/Kotah Stone,Vitrified",,,"Channasandra Main Road, Nagondanahalli",,Budigere,,yearly,3.0,2 Covered,Dec '25,,Villa,Under Construction,contractor,,onlyboys,,1.0,2393.980848153215,,1.0,False,False,"1 BHK, Residential House is available for Sale in Shetty halli, Bangalore for 70.0 Lac(s)|7000000|2924.0|Budigere|Villa|contractor",1,False,False,1.0,Other,2643853.177913784,4356146.822086216,164.7650806964845,164.7650806964845,False,Potentially Overpriced,Large positive price deviation,Potentially Overpriced,None
12500000,"Bar/Lounge,RO Water System","4 BHK, Residential House is available for Sale in Block 2nd Anjanapura, Bangalore for 1.2 Crore(s)",,,Bangalore,2000.0,,,,"Channasandra Main Road, Nagondanahalli",,Block 2nd Anjanapura,,yearly,3.0,1 Covered,,,Residential House,Ready to Move,agent,,onlygirls,,4.0,6250.0,,4.0,False,False,"4 BHK, Residential House is available for Sale in Block 2nd Anjanapura, Bangalore for 1.2 Crore(s)|12500000|2000.0|Block 2nd Anjanapura|Residential House|agent",1,False,False,1.0,Block 2nd Anjanapura,46439246.85208142,-33939246.85208142,-73.08311213613115,73.08311213613115,False,Potentially Underpriced,Large negative price deviation,Potentially Underpriced,None
79500000,"Bar/Lounge,RO Water System","2 BHK, Residential House is available for Sale in Phase 3rd JP Nagar, Bangalore for 7.9 Crore(s)",,,Bangalore,2000.0,,,,"Channasandra Main Road, Nagondanahalli",,Block 2nd Anjanapura,,monthly,3.0,1 Covered,,,Residential House,Ready to Move,builder,,onlygirls,,2.0,39750.0,,2.0,True,False,"2 BHK, Residential House is available for Sale in Phase 3rd JP Nagar, Bangalore for 7.9 Crore(s)|79500000|2000.0|Block 2nd Anjanapura|Residential House|builder",1,False,False,1.0,Block 2nd Anjanapura,20650266.924925618,58849733.07507438,284.98291711687574,284.98291711687574,False,Potentially Overpriced,Large positive price deviation,Potentially Overpriced,None
26000000,"Bar/Lounge,RO Water System","4 BHK, Residential House is available for Sale in Old Madras Road, Bangalore for 2.6 Crore(s)",,,Bangalore,2000.0,,,,"Channasandra Main Road, Nagondanahalli",,Block 2nd Anjanapura,,halfyearly,3.0,4 Covered,,,Residential House,Ready to Move,owner,,family,,4.0,13000.0,,4.0,False,False,"4 BHK, Residential House is available for Sale in Old Madras Road, Bangalore for 2.6 Crore(s)|26000000|2000.0|Block 2nd Anjanapura|Residential House|owner",1,False,False,1.0,Block 2nd Anjanapura,62929853.2231369,-36929853.2231369,-58.68415597950133,58.68415597950133,False,Potentially Underpriced,Large negative price deviation,Potentially Underpriced,None
192000000,"Bar/Lounge,RO Water System","6 BHK, Residential House is available for Sale in Block 8 Jaya Nagar, Bangalore for 19.2 Crore(s)",,,Bangalore,2000.0,,,,"Channasandra Main Road, Nagondanahalli",,Block 2nd Anjanapura,,monthly,3.0,4 Covered,,,Residential House,Ready to Move,owner,,onlyboys,,6.0,96000.0,,6.0,True,False,"6 BHK, Residential House is available for Sale in Block 8 Jaya Nagar, Bangalore for 19.2 Crore(s)|192000000|2000.0|Block 2nd Anjanapura|Residential House|owner",1,False,False,1.0,Block 2nd Anjanapura,30495052.453992058,161504947.54600793,529.6103287235552,529.6103287235552,False,Potentially Overpriced,Large positive price deviation,Potentially Overpriced,None
1900000,"Bar/Lounge,RO Water System","2 BHK, Residential House is available for Sale in Nelamangala Town, Bangalore for 19.0 Lac(s)",,,Bangalore,2000.0,,,,"Channasandra Main Road, Nagondanahalli",,Block 2nd Anjanapura,,yearly,3.0,4 Covered,,,Residential House,Ready to Move,agent,,bachelors,,2.0,950.0,,2.0,False,False,"2 BHK, Residential House is available for Sale in Nelamangala Town, Bangalore for 19.0 Lac(s)|1900000|2000.0|Block 2nd Anjanapura|Residential House|agent",1,False,False,1.0,Block 2nd Anjanapura,21048425.03306555,-19148425.03306555,-90.9731963459725,90.9731963459725,False,Potentially Underpriced,Large negative price deviation,Potentially Underpriced,None
63000000,"Bar/Lounge,Banquet Hall,Outdoor Tennis Courts,Private Garage,Laundry Service,RO Water System,Service/Goods Lift,Visitor Parking,Conference Room","4 BHK, Villa is available for Sale in Hennur Main Road, Bangalore for 6.3 Crore(s)",,,Bangalore,1800.0,Vitrified,,,"Channasandra Main Road, Nagondanahalli",13.52559106270275,Yelahanka,77.82090053988586,quarterly,3.0,1 Open,Mar '25,,Villa,Ready to Move,agent,,bachelors,,4.0,35000.0,,4.0,True,False,"4 BHK, Villa is available for Sale in Hennur Main Road, Bangalore for 6.3 Crore(s)|63000000|1800.0|Yelahanka|Villa|agent",1,False,False,0.5,Yelahanka,24060942.212489914,38939057.78751008,161.835132820763,161.835132820763,False,Potentially Overpriced,Large positive price deviation,Potentially Overpriced,None
50000000,"Bar/Lounge,RO Water System","3 BHK, Residential House is available for Sale in T Dasarahalli, Bangalore for 5.0 Crore(s)",,,Bangalore,2000.0,,,,"Channasandra Main Road, Nagondanahalli",,Block 2nd Anjanapura,,monthly,3.0,4 Covered,,,Residential House,Ready to Move,owner,,onlyboys,,3.0,25000.0,,3.0,False,False,"3 BHK, Residential House is available for Sale in T Dasarahalli, Bangalore for 5.0 Crore(s)|50000000|2000.0|Block 2nd Anjanapura|Residential House|owner",1,False,False,1.0,Block 2nd Anjanapura,19200978.787592012,30799021.212407988,160.4033916870468,160.4033916870468,False,Potentially Overpriced,Large positive price deviation,Potentially Overpriced,None
6500000,"Bar/Lounge,RO Water System","2 BHK, Residential House is available for Sale in Maruthi Nagar Yelahanka, Bangalore for 65.0 Lac(s)",,,Bangalore,2000.0,,,,"Channasandra Main Road, Nagondanahalli",,Block 2nd Anjanapura,,halfyearly,3.0,4 Covered,,,Residential House,Ready to Move,contractor,,couples,,2.0,3250.0,,2.0,False,False,"2 BHK, Residential House is available for Sale in Maruthi Nagar Yelahanka, Bangalore for 65.0 Lac(s)|6500000|2000.0|Block 2nd Anjanapura|Residential House|contractor",1,False,False,1.0,Block 2nd Anjanapura,22163601.691231612,-15663601.691231612,-70.67263664744735,70.67263664744735,False,Potentially Underpriced,Large negative price deviation,Potentially Underpriced,None
9500000,"Bar/Lounge,RO Water System","3 BHK, Residential House is available for Sale in Mysore Road, Bangalore for 95.0 Lac(s)",,,Bangalore,2000.0,,,,"Channasandra Main Road, Nagondanahalli",,Block 2nd Anjanapura,,halfyearly,3.0,4 Covered,,,Residential House,Ready to Move,agent,,onlygirls,,3.0,4750.0,,3.0,False,False,"3 BHK, Residential House is available for Sale in Mysore Road, Bangalore for 95.0 Lac(s)|9500000|2000.0|Block 2nd Anjanapura|Residential House|agent",1,False,False,1.0,Block 2nd Anjanapura,23404292.848299973,-13904292.848299973,-59.40915599725093,59.40915599725093,False,Potentially Underpriced,Large negative price deviation,Potentially Underpriced,None
15000000,"Bar/Lounge,RO Water System","4 BHK, Residential House is available for Sale in Thanisandra Main Road, Bangalore for 1.5 Crore(s)",,,Bangalore,2000.0,,,,"Channasandra Main Road, Nagondanahalli",,Block 2nd Anjanapura,,monthly,3.0,4 Covered,,,Residential House,Ready to Move,builder,,onlyboys,,4.0,7500.0,,4.0,False,False,"4 BHK, Residential House is available for Sale in Thanisandra Main Road, Bangalore for 1.5 Crore(s)|15000000|2000.0|Block 2nd Anjanapura|Residential House|builder",1,False,False,1.0,Block 2nd Anjanapura,49959381.20565756,-34959381.20565756,-69.97560890866008,69.97560890866008,False,Potentially Underpriced,Large negative price deviation,Potentially Underpriced,None
15900000,"Bar/Lounge,RO Water System","7 BHK, Residential House is available for Sale in Singasandra, Bangalore for 1.5 Crore(s)",,,Bangalore,2000.0,,,,"Channasandra Main Road, Nagondanahalli",,Block 2nd Anjanapura,,yearly,3.0,4 Covered,,,Residential House,Ready to Move,agent,,bachelors,,7.0,7950.0,,7.0,False,False,"7 BHK, Residential House is available for Sale in Singasandra, Bangalore for 1.5 Crore(s)|15900000|2000.0|Block 2nd Anjanapura|Residential House|agent",1,False,False,1.0,Block 2nd Anjanapura,40532521.883212924,-24632521.883212924,-60.772241002390736,60.772241002390736,False,Potentially Underpriced,Large negative price deviation,Potentially Underpriced,None
225000000,"Bar/Lounge,RO Water System","4 BHK, Residential House is available for Sale in Hoysala Nagar Ramamurthy Nagar, Bangalore for 22.5 Crore(s)",,,Bangalore,2000.0,,,,"Channasandra Main Road, Nagondanahalli",,Block 2nd Anjanapura,,yearly,3.0,4 Covered,,,Residential House,Ready to Move,contractor,,onlygirls,,4.0,112500.0,,4.0,True,False,"4 BHK, Residential House is available for Sale in Hoysala Nagar Ramamurthy Nagar, Bangalore for 22.5 Crore(s)|225000000|2000.0|Block 2nd Anjanapura|Residential House|contractor",1,False,False,1.0,Block 2nd Anjanapura,23367185.00316991,201632814.9968301,862.8887688845589,862.8887688845589,False,Potentially Overpriced,Large positive price deviation,Potentially Overpriced,None
3500000,"Town House,Water Front,Jogging and Strolling Track,Outdoor Tennis Courts,Visitor Parking","2 BHK, Residential House is available for Sale in , Bangalore for 35.0 Lac(s)",3.0,100000.0,Bangalore,1162.0,Granite,Semi-Furnished,East Facing Property,Near STAR Ring Road and Metro Station.,13.816304341549795,Katamnallur,78.57523057646463,quarterly,2.0,"1 Covered, 1 Open",May '23,No/Rare Powercut,Villa,Ready to Move,agent,9000.0,onlygirls,Water Availability 24 Hours Available,2.0,3012.0481927710844,3.0,2.0,False,False,"2 BHK, Residential House is available for Sale in , Bangalore for 35.0 Lac(s)|3500000|1162.0|Katamnallur|Villa|agent",1,False,False,1.5,Other,14309948.785021182,-10809948.785021182,-75.541491779037,75.541491779037,False,Potentially Underpriced,Large negative price deviation,Potentially Underpriced,None
36500000,"Water Front,Skyline View,Sea facing,Smart Home,Skydeck,Wine Cellar,Service/Goods Lift,Visitor Parking","4 BHK, Residential House is available for Sale in Ramamurthy Nagar, Bangalore for 3.6 Crore(s)",,,Bangalore,3500.0,,,,"Channasandra Main Road, Nagondanahalli",13.122311641637344,Defence Layout Sahakar Nagar,78.33499597783663,halfyearly,3.0,"1 Covered, 1 Open",,,Residential House,Ready to Move,agent,,family,,4.0,10428.57142857143,,4.0,False,False,"4 BHK, Residential House is available for Sale in Ramamurthy Nagar, Bangalore for 3.6 Crore(s)|36500000|3500.0|Defence Layout Sahakar Nagar|Residential House|agent",1,False,False,1.5,Other,17757354.340922143,18742645.659077857,105.54863804167658,105.54863804167658,False,Potentially Overpriced,Large positive price deviation,Potentially Overpriced,None
58500000,"Water Front,Skyline View,Sea facing,Smart Home,Skydeck,Wine Cellar,Service/Goods Lift,Visitor Parking","4 BHK, Residential House is available for Sale in Yelahanka, Bangalore for 5.8 Crore(s)",,,Bangalore,3500.0,,,,"Channasandra Main Road, Nagondanahalli",13.122311641637344,Defence Layout Sahakar Nagar,78.33499597783663,yearly,3.0,1 Covered,,,Residential House,Ready to Move,builder,,onlygirls,,4.0,16714.285714285714,,4.0,True,False,"4 BHK, Residential House is available for Sale in Yelahanka, Bangalore for 5.8 Crore(s)|58500000|3500.0|Defence Layout Sahakar Nagar|Residential House|builder",1,False,False,1.0,Other,21193864.86456375,37306135.13543625,176.02327548012397,176.02327548012397,False,Potentially Overpriced,Large positive price deviation,Potentially Overpriced,None
50000000,"Water Front,Skyline View,Sea facing,Smart Home,Skydeck,Wine Cellar,Service/Goods Lift,Visitor Parking","9 BHK, Residential House is available for Sale in , Bangalore for 5.0 Crore(s)",,,Bangalore,3500.0,,,,"Channasandra Main Road, Nagondanahalli",13.122311641637344,Defence Layout Sahakar Nagar,78.33499597783663,monthly,3.0,1 Covered,,,Residential House,Ready to Move,owner,,onlygirls,,9.0,14285.714285714286,,9.0,False,False,"9 BHK, Residential House is available for Sale in , Bangalore for 5.0 Crore(s)|50000000|3500.0|Defence Layout Sahakar Nagar|Residential House|owner",1,False,False,1.0,Other,23070532.115732707,26929467.884267293,116.72668731339328,116.72668731339328,False,Potentially Overpriced,Large positive price deviation,Potentially Overpriced,None
24000000,Visitor Parking,"2 BHK, Residential House is available for Sale in Block 1st HRBR Layout, Bangalore for 2.4 Crore(s)",,,Bangalore,3000.0,Granite,,,"Channasandra Main Road, Nagondanahalli",,Budigere Cross,,quarterly,3.0,1 Covered,Oct '23,,Residential House,Ready to Move,contractor,,family,,2.0,8000.0,,2.0,False,False,"2 BHK, Residential House is available for Sale in Block 1st HRBR Layout, Bangalore for 2.4 Crore(s)|24000000|3000.0|Budigere Cross|Residential House|contractor",1,False,False,1.0,Other,10188952.71552908,13811047.28447092,135.54923327322317,135.54923327322317,False,Potentially Overpriced,Large positive price deviation,Potentially Overpriced,None
13000000,"Bar/Lounge,Air Conditioned,Banquet Hall,Jogging and Strolling Track,Outdoor Tennis Courts,Laundry Service,Internet/Wi-Fi Connectivity,RO Water System,Service/Goods Lift,Intercom Facility,Conference Room","4 BHK, Residential House is available for Sale in Phase 7 JP Nagar, Bangalore for 1.3 Crore(s)",,,Bangalore,6800.0,Granite,,,"Channasandra Main Road, Nagondanahalli",,AECS Layout Marathahalli,,halfyearly,3.0,1 Covered,Oct '23,,Residential House,Ready to Move,builder,,onlyboys,,4.0,1911.764705882353,,4.0,False,True,"4 BHK, Residential House is available for Sale in Phase 7 JP Nagar, Bangalore for 1.3 Crore(s)|13000000|6800.0|AECS Layout Marathahalli|Residential House|builder",1,False,False,1.0,Other,37667580.45364376,-24667580.45364376,-65.48756292961619,65.48756292961619,True,Potentially Underpriced,Large negative price deviation + Extreme area,Potentially Underpriced,Extreme Area
6800000,"Bar/Lounge,Air Conditioned,Banquet Hall,Jogging and Strolling Track,Outdoor Tennis Courts,Laundry Service,Internet/Wi-Fi Connectivity,RO Water System,Service/Goods Lift,Intercom Facility,Conference Room","3 BHK, Residential House is available for Sale in Vidyaranyapura, Bangalore for 68.0 Lac(s)",,,Bangalore,6800.0,Granite,,,"Channasandra Main Road, Nagondanahalli",,AECS Layout Marathahalli,,halfyearly,3.0,1 Covered,Oct '23,,Residential House,Ready to Move,builder,,bachelors,,3.0,1000.0,,3.0,False,True,"3 BHK, Residential House is available for Sale in Vidyaranyapura, Bangalore for 68.0 Lac(s)|6800000|6800.0|AECS Layout Marathahalli|Residential House|builder",1,False,False,1.0,Other,19140453.73235603,-12340453.73235603,-64.47315149846776,64.47315149846776,True,Potentially Underpriced,Large negative price deviation + Extreme area,Potentially Underpriced,Extreme Area
23200000,"Jogging and Strolling Track,Visitor Parking","4 BHK, Villa is available for Sale in Panathur, Bangalore for 2.3 Crore(s)",,,Bangalore,3999.0,Granite,,,"Channasandra Main Road, Nagondanahalli",13.340173103999994,Yelahanka,77.6630850312097,halfyearly,3.0,2 Covered,Oct '23,,Villa,Ready to Move,owner,,bachelors,,4.0,5801.450362590647,,4.0,False,False,"4 BHK, Villa is available for Sale in Panathur, Bangalore for 2.3 Crore(s)|23200000|3999.0|Yelahanka|Villa|owner",1,False,False,1.0,Yelahanka,47895913.55448618,-24695913.554486178,-51.561629629200446,51.561629629200446,False,Potentially Underpriced,Large negative price deviation,Potentially Underpriced,None
3900000,Visitor Parking,"2 BHK, Residential House is available for Sale in Yerappanahalli, Bangalore for 39.0 Lac(s)",,,Bangalore,2750.0,Granite,,,"Channasandra Main Road, Nagondanahalli",13.518049584551136,Hsr Layout,78.00568409434447,yearly,3.0,1 Covered,Oct '23,,Residential House,Ready to Move,contractor,,onlyboys,,2.0,1418.1818181818182,,2.0,False,False,"2 BHK, Residential House is available for Sale in Yerappanahalli, Bangalore for 39.0 Lac(s)|3900000|2750.0|Hsr Layout|Residential House|contractor",1,False,False,1.0,Other,9949811.82964993,-6049811.829649931,-60.80327882806588,60.80327882806588,False,Potentially Underpriced,Large negative price deviation,Potentially Underpriced,None
40000000,Visitor Parking,"> 10 BHK, Residential House is available for Sale in Garvebhavi Palya, Bangalore for 4.0 Crore(s)",,,Bangalore,2200.0,,,,"Channasandra Main Road, Nagondanahalli",,Garvebhavi Palya,,quarterly,3.0,"4 Covered, 5 Open",,,Residential House,Ready to Move,builder,,family,,10.0,18181.81818181818,,10.0,False,False,"> 10 BHK, Residential House is available for Sale in Garvebhavi Palya, Bangalore for 4.0 Crore(s)|40000000|2200.0|Garvebhavi Palya|Residential House|builder",1,False,False,1.5,Other,19425343.881216176,20574656.118783824,105.91656057465735,105.91656057465735,False,Potentially Overpriced,Large positive price deviation,Potentially Overpriced,None
93000000,Visitor Parking,"3 BHK, Residential House is available for Sale in Seshadripuram, Bangalore for 9.3 Crore(s)",,,Bangalore,2200.0,,,,"Channasandra Main Road, Nagondanahalli",,Garvebhavi Palya,,yearly,3.0,"4 Covered, 5 Open",,,Residential House,Ready to Move,owner,,onlygirls,,3.0,42272.72727272727,,3.0,True,False,"3 BHK, Residential House is available for Sale in Seshadripuram, Bangalore for 9.3 Crore(s)|93000000|2200.0|Garvebhavi Palya|Residential House|owner",1,False,False,1.5,Other,15847365.151486926,77152634.84851307,486.8483442578717,486.8483442578717,False,Potentially Overpriced,Large positive price deviation,Potentially Overpriced,None
13000000,Visitor Parking,"> 10 BHK, Residential House is available for Sale in Vittasandra, Bangalore for 1.3 Crore(s)",,,Bangalore,2200.0,,,,"Channasandra Main Road, Nagondanahalli",,Garvebhavi Palya,,yearly,3.0,"4 Covered, 5 Open",,,Residential House,Ready to Move,contractor,,onlygirls,,10.0,5909.090909090909,,10.0,False,False,"> 10 BHK, Residential House is available for Sale in Vittasandra, Bangalore for 1.3 Crore(s)|13000000|2200.0|Garvebhavi Palya|Residential House|contractor",1,False,False,1.5,Other,29250391.164128374,-16250391.164128374,-55.556149909055804,55.556149909055804,False,Potentially Underpriced,Large negative price deviation,Potentially Underpriced,None
11000000,Jogging and Strolling Track,"5 BHK, Residential House is available for Sale in , Bangalore for 1.1 Crore(s)",,,Bangalore,640.0,,,,"Channasandra Main Road, Nagondanahalli",,,,halfyearly,3.0,2 Covered,,,Unknown,Ready to Move,owner,,onlygirls,,5.0,17187.5,,5.0,False,False,"5 BHK, Residential House is available for Sale in , Bangalore for 1.1 Crore(s)|11000000|640.0|<MISSING>|<MISSING>|owner",1,False,False,1.0,Other,24987393.928468604,-13987393.928468604,-55.97780212098271,55.97780212098271,False,Potentially Underpriced,Large negative price deviation,Potentially Underpriced,None
100000000,Jogging and Strolling Track,"5 BHK, Residential House is available for Sale in , Bangalore for 10.0 Crore(s)",,,Bangalore,640.0,,,,"Channasandra Main Road, Nagondanahalli",,,,halfyearly,3.0,2 Covered,,,Unknown,Ready to Move,contractor,,onlygirls,,5.0,156250.0,,5.0,True,False,"5 BHK, Residential House is available for Sale in , Bangalore for 10.0 Crore(s)|100000000|640.0|<MISSING>|<MISSING>|contractor",1,False,False,1.0,Other,23838249.38232734,76161750.61767265,319.4938915025183,319.4938915025183,False,Potentially Overpriced,Large positive price deviation,Potentially Overpriced,None
6800000,Visitor Parking,"3 BHK, Villa is available for Sale in Bommanahalli, Bangalore for 68.0 Lac(s)",,,Bangalore,2200.0,,,,"Channasandra Main Road, Nagondanahalli",,Garvebhavi Palya,,halfyearly,3.0,1 Covered,,,Residential House,Ready to Move,owner,,couples,,3.0,3090.909090909091,,3.0,False,False,"3 BHK, Villa is available for Sale in Bommanahalli, Bangalore for 68.0 Lac(s)|6800000|2200.0|Garvebhavi Palya|Residential House|owner",1,False,False,1.0,Other,15691502.638960255,-8891502.638960255,-56.66444344777819,56.66444344777819,False,Potentially Underpriced,Large negative price deviation,Potentially Underpriced,None
800000,"RO Water System,Visitor Parking","1 BHK, Residential House is available for Sale in Choodasandra, Bangalore for 8.0 Lac(s)",2.0,,Bangalore,720.0,Vitrified,Unfurnished,East Facing Property,"Channasandra Main Road, Nagondanahalli",,Hoskote,,monthly,2.0,1 Covered,May '24,No/Rare Powercut,Villa,Under Construction,agent,,family,,1.0,1111.111111111111,2.0,1.0,False,False,"1 BHK, Residential House is available for Sale in Choodasandra, Bangalore for 8.0 Lac(s)|800000|720.0|Hoskote|Villa|agent",1,False,False,1.0,Other,4071427.3397780517,-3271427.3397780517,-80.35087124891167,80.35087124891167,False,Potentially Underpriced,Large negative price deviation,Potentially Underpriced,None
50000000,Jogging and Strolling Track,"9 BHK, Residential House is available for Sale in Ramamurthy Nagar, Bangalore for 5.0 Crore(s)",,,Bangalore,640.0,,,,"Channasandra Main Road, Nagondanahalli",,,,halfyearly,3.0,2 Covered,,,Unknown,Ready to Move,builder,,bachelors,,9.0,78125.0,,9.0,False,False,"9 BHK, Residential House is available for Sale in Ramamurthy Nagar, Bangalore for 5.0 Crore(s)|50000000|640.0|<MISSING>|<MISSING>|builder",1,False,False,1.0,Other,21608717.680020437,28391282.319979563,131.38809410347534,131.38809410347534,False,Potentially Overpriced,Large positive price deviation,Potentially Overpriced,None
180000000,"House help accommodation,Air Conditioned,Private Garage,Visitor Parking,Intercom Facility,Conference Room,Mansion","10 BHK, Residential House is available for Sale in D Costa Layout, Bangalore for 18.0 Crore(s)",,,Bangalore,4200.0,,,,"Channasandra Main Road, Nagondanahalli",,"D Costa Layout, Cooke Town",,monthly,3.0,9 Covered,,,Residential House,Ready to Move,contractor,,onlygirls,,10.0,42857.142857142855,,10.0,True,True,"10 BHK, Residential House is available for Sale in D Costa Layout, Bangalore for 18.0 Crore(s)|180000000|4200.0|D Costa Layout, Cooke Town|Residential House|contractor",1,False,False,1.0,Other,22181763.254979867,157818236.74502012,711.477419224504,711.477419224504,True,Potentially Overpriced,Large positive price deviation + Extreme area,Potentially Overpriced,Extreme Area
13000000,"House help accommodation,Air Conditioned,Private Garage,Visitor Parking,Intercom Facility,Conference Room,Mansion","4 BHK, Residential House is available for Sale in Block 3rd Stage 6th Banashankari, Bangalore for 1.3 Crore(s)",,,Bangalore,4200.0,,,,"Channasandra Main Road, Nagondanahalli",,"D Costa Layout, Cooke Town",,halfyearly,3.0,2 Covered,,,Residential House,Ready to Move,contractor,,family,,4.0,3095.2380952380954,,4.0,False,True,"4 BHK, Residential House is available for Sale in Block 3rd Stage 6th Banashankari, Bangalore for 1.3 Crore(s)|13000000|4200.0|D Costa Layout, Cooke Town|Residential House|contractor",1,False,False,1.0,Other,46631826.017858334,-33631826.017858334,-72.1220438697351,72.1220438697351,True,Potentially Underpriced,Large negative price deviation + Extreme area,Potentially Underpriced,Extreme Area
92500000,Air Conditioned,"4 BHK, Villa is available for Sale in Whitefield, Bangalore for 9.2 Crore(s)",,,Bangalore,3756.0,,,,"Channasandra Main Road, Nagondanahalli",13.122505562413318,Whitefield,78.48728049254213,monthly,3.0,2 Open,,,Villa,Ready to Move,contractor,,couples,,4.0,24627.263045793396,,4.0,True,False,"4 BHK, Villa is available for Sale in Whitefield, Bangalore for 9.2 Crore(s)|92500000|3756.0|Whitefield|Villa|contractor",1,False,False,0.5,Whitefield,42057449.120249026,50442550.879750974,119.93725709689997,119.93725709689997,False,Potentially Overpriced,Large positive price deviation,Potentially Overpriced,None
6100000,Jogging and Strolling Track,"4 BHK, Residential House is available for Sale in Bileshivale, Bangalore for 61.0 Lac(s)",,,Bangalore,640.0,,,,"Channasandra Main Road, Nagondanahalli",,,,quarterly,3.0,1 Open,,,Unknown,Ready to Move,agent,,couples,,4.0,9531.25,,4.0,False,False,"4 BHK, Residential House is available for Sale in Bileshivale, Bangalore for 61.0 Lac(s)|6100000|640.0|<MISSING>|<MISSING>|agent",1,False,False,0.5,Other,13730147.028712928,-7630147.028712928,-55.57221647194686,55.57221647194686,False,Potentially Underpriced,Large negative price deviation,Potentially Underpriced,None
24000000,Air Conditioned,"4 BHK, Residential House is available for Sale in Vishweshwaraiah Layout BDA Layout, Bangalore for 2.4 Crore(s)",,,Bangalore,3756.0,,,,"Channasandra Main Road, Nagondanahalli",13.122505562413318,Whitefield,78.48728049254213,monthly,3.0,2 Open,,,Villa,Ready to Move,builder,,family,,4.0,6389.776357827476,,4.0,False,False,"4 BHK, Residential House is available for Sale in Vishweshwaraiah Layout BDA Layout, Bangalore for 2.4 Crore(s)|24000000|3756.0|Whitefield|Villa|builder",1,False,False,0.5,Whitefield,52148885.379672304,-28148885.379672304,-53.97792335297884,53.97792335297884,False,Potentially Underpriced,Large negative price deviation,Potentially Underpriced,None
80000000,"Banquet Hall,Internet/Wi-Fi Connectivity,Intercom Facility,Conference Room","5 BHK, Villa is available for Sale in Whitefield, Bangalore for 8.0 Crore(s)",,,Bangalore,3300.0,,,,"Channasandra Main Road, Nagondanahalli",13.043450879988818,Whitefield,78.39126685099876,yearly,3.0,"1 Covered, 1 Open",,,Villa,Ready to Move,agent,,couples,,5.0,24242.424242424244,,5.0,True,False,"5 BHK, Villa is available for Sale in Whitefield, Bangalore for 8.0 Crore(s)|80000000|3300.0|Whitefield|Villa|agent",1,False,False,1.5,Whitefield,16823116.243468877,63176883.75653112,375.5361541953195,375.5361541953195,False,Potentially Overpriced,Large positive price deviation,Potentially Overpriced,None
150000000,Visitor Parking,"5 BHK, Residential House is available for Sale in RMV Extension Stage 2nd RMV, Bangalore for 15.0 Crore(s)",,,Bangalore,7700.0,,,,"Channasandra Main Road, Nagondanahalli",13.043450879988818,RMV Extension Stage 2nd RMV,78.39126685099876,quarterly,3.0,4 Covered,,,Residential House,Ready to Move,agent,,onlyboys,,5.0,19480.51948051948,,5.0,True,True,"5 BHK, Residential House is available for Sale in RMV Extension Stage 2nd RMV, Bangalore for 15.0 Crore(s)|150000000|7700.0|RMV Extension Stage 2nd RMV|Residential House|agent",1,False,False,1.0,Other,42858188.36268036,107141811.63731964,249.9914619130648,249.9914619130648,True,Potentially Overpriced,Large positive price deviation + Extreme area,Potentially Overpriced,Extreme Area
15000000,"Marble flooring,Well Furnished,Modular Kitchen,RO Water System,Visitor Parking","8 BHK, Residential House is available for Sale in Horamavu Agara, Bangalore for 1.5 Crore(s)",,,Bangalore,10845.0,,,,"Channasandra Main Road, Nagondanahalli",13.483539928964678,"Sampige Layout, Vijayanagar",77.60414706600983,yearly,3.0,"1 Covered, 2 Open",,,Residential House,Ready to Move,builder,,couples,,8.0,1383.1258644536654,,8.0,False,True,"8 BHK, Residential House is available for Sale in Horamavu Agara, Bangalore for 1.5 Crore(s)|15000000|10845.0|Sampige Layout, Vijayanagar|Residential House|builder",1,False,False,1.5,Other,89851866.83500579,-74851866.83500579,-83.30585604020408,83.30585604020408,True,Potentially Underpriced,Large negative price deviation + Extreme area,Potentially Underpriced,Extreme Area
50600000,"Water Front,Skydeck,Concierge Services,Theme based Architectures,Wine Cellar,Full Glass Wall,Bar/Lounge,Fingerprint Access,Health club with Steam / Jaccuzi,House help accommodation,Air Conditioned,Banquet Hall,Jogging and Strolling Track,Outdoor Tennis Courts,Internet/Wi-Fi Connectivity,RO Water System,Visitor Parking,Intercom Facility,Conference Room,Mansion","3 BHK, Villa is available for Sale in Devanahalli, Bangalore for 5.6 Crore(s)",,,Bangalore,2800.0,Vitrified,,,"Channasandra Main Road, Nagondanahalli",13.043450879988818,Devanahalli,78.39126685099876,halfyearly,3.0,2 Covered,Dec '24,,Villa,Under Construction,owner,,bachelors,,3.0,18071.428571428572,,3.0,False,False,"3 BHK, Villa is available for Sale in Devanahalli, Bangalore for 5.6 Crore(s)|50600000|2800.0|Devanahalli|Villa|owner",1,False,False,1.0,Devanahalli,12931562.627795497,37668437.372204505,291.29068509662403,291.29068509662403,False,Potentially Overpriced,Large positive price deviation,Potentially Overpriced,None
31000000,"Air Conditioned,Laundry Service,RO Water System,Visitor Parking","3 BHK, Residential House is available for Sale in Phase 2nd JP Nagar, Bangalore for 3.1 Crore(s)",4.0,100000.0,Bangalore,1200.0,"Granite,Marble,Vitrified",Semi-Furnished,Near to ganesha tempal.,Near to ganesha tempal.,13.043450879988818,A Block AECS Layout,78.39126685099876,halfyearly,1.0,3 Covered,Mar '24,No/Rare Powercut,Residential House,Under Construction,builder,6667.0,couples,Water Availability 24 Hours Available,3.0,25833.333333333332,4.0,3.0,False,False,"3 BHK, Residential House is available for Sale in Phase 2nd JP Nagar, Bangalore for 3.1 Crore(s)|31000000|1200.0|A Block AECS Layout|Residential House|builder",1,False,False,1.0,Other,12092692.97639565,18907307.02360435,156.35315525260168,156.35315525260168,False,Potentially Overpriced,Large positive price deviation,Potentially Overpriced,None
100000000,"Air Conditioned,Laundry Service,RO Water System,Visitor Parking","5 BHK, Residential House is available for Sale in Cox Town, Bangalore for 10.0 Crore(s)",4.0,100000.0,Bangalore,1200.0,"Granite,Marble,Vitrified",Semi-Furnished,Near to ganesha tempal.,Near to ganesha tempal.,13.043450879988818,A Block AECS Layout,78.39126685099876,yearly,1.0,2 Open,Mar '24,No/Rare Powercut,Residential House,Under Construction,agent,6667.0,onlygirls,Water Availability 24 Hours Available,5.0,83333.33333333333,4.0,5.0,True,False,"5 BHK, Residential House is available for Sale in Cox Town, Bangalore for 10.0 Crore(s)|100000000|1200.0|A Block AECS Layout|Residential House|agent",1,False,False,0.5,Other,16342199.818516638,83657800.18148336,511.91272356549166,511.91272356549166,False,Potentially Overpriced,Large positive price deviation,Potentially Overpriced,None
11000000,"Bar/Lounge,Air Conditioned","3 BHK, Residential House is available for Sale in Yarandahalli, Bangalore for 1.1 Crore(s)",4.0,2500000.0,Bangalore,4000.0,Granite,Unfurnished,East Facing Property,Nanjappa circle.,13.734215634514593,Mathikere,78.0534906702538,yearly,2.0,1 Open,Jan '23,No/Rare Powercut,Villa,Ready to Move,builder,7260.0,bachelors,Water Availability 24 Hours Available,3.0,2750.0,4.0,3.0,False,False,"3 BHK, Residential House is available for Sale in Yarandahalli, Bangalore for 1.1 Crore(s)|11000000|4000.0|Mathikere|Villa|builder",1,False,False,0.5,Other,24101695.730193943,-13101695.730193943,-54.36005780199316,54.36005780199316,False,Potentially Underpriced,Large negative price deviation,Potentially Underpriced,None
40000000,"Smart Home,Concierge Services,Fireplace,Private Garage,Laundry Service,Internet/Wi-Fi Connectivity,Service/Goods Lift,Visitor Parking","8 BHK, Residential House is available for Sale in Vijayanagar, Bangalore for 4.0 Crore(s)",4.0,100000.0,Bangalore,900.0,"Granite,Marble,Vitrified",Semi-Furnished,Near to ganesha tempal.,Near to ganesha tempal.,13.043450879988818,Agara Village,78.39126685099876,yearly,1.0,"1 Covered, 1 Open",Mar '24,No/Rare Powercut,Residential House,Ready to Move,owner,6667.0,couples,Water Availability 24 Hours Available,8.0,44444.444444444445,4.0,8.0,False,False,"8 BHK, Residential House is available for Sale in Vijayanagar, Bangalore for 4.0 Crore(s)|40000000|900.0|Agara Village|Residential House|owner",1,False,False,1.5,Other,15976143.297238588,24023856.70276141,150.37331761360602,150.37331761360602,False,Potentially Overpriced,Large positive price deviation,Potentially Overpriced,None
6500000,"Jogging and Strolling Track,Laundry Service,Visitor Parking","3 BHK, Residential House is available for Sale in Hommadevanahalli, Bangalore for 65.0 Lac(s)",4.0,100000.0,Bangalore,3990.0,"Granite,Marble,Vitrified",Semi-Furnished,Near to ganesha tempal.,Near to ganesha tempal.,13.931451237811736,Chandapura,78.41279274883892,quarterly,1.0,2 Covered,Mar '24,No/Rare Powercut,Residential House,Ready to Move,agent,6667.0,family,Water Availability 24 Hours Available,3.0,1629.0726817042607,4.0,3.0,False,False,"3 BHK, Residential House is available for Sale in Hommadevanahalli, Bangalore for 65.0 Lac(s)|6500000|3990.0|Chandapura|Residential House|agent",1,False,False,1.0,Chandapura,34028203.73326837,-27528203.733268373,-80.89819829765172,80.89819829765172,False,Potentially Underpriced,Large negative price deviation,Potentially Underpriced,None
2500000,"Bar/Lounge,Air Conditioned","2 BHK, Residential House is available for Sale in Jigani Road, Bangalore for 25.0 Lac(s)",4.0,2500000.0,Bangalore,4000.0,Granite,Unfurnished,East Facing Property,Nanjappa circle.,13.734215634514593,Mathikere,78.0534906702538,monthly,2.0,2 Covered,Jan '23,No/Rare Powercut,Villa,Ready to Move,builder,7260.0,family,Water Availability 24 Hours Available,2.0,625.0,4.0,2.0,False,False,"2 BHK, Residential House is available for Sale in Jigani Road, Bangalore for 25.0 Lac(s)|2500000|4000.0|Mathikere|Villa|builder",1,False,False,1.0,Other,9501184.839934602,-7001184.839934602,-73.68749222210471,73.68749222210471,False,Potentially Underpriced,Large negative price deviation,Potentially Underpriced,None
42120000,"Jogging and Strolling Track,Laundry Service,Visitor Parking","3 BHK, Residential House is available for Sale in Basaveshwar Nagar, Bangalore for 4.2 Crore(s)",4.0,100000.0,Bangalore,3990.0,"Granite,Marble,Vitrified",Semi-Furnished,Near to ganesha tempal.,Near to ganesha tempal.,13.931451237811736,Chandapura,78.41279274883892,monthly,1.0,2 Covered,Mar '24,No/Rare Powercut,Residential House,Ready to Move,agent,6667.0,family,Water Availability 24 Hours Available,3.0,10556.390977443609,4.0,3.0,False,False,"3 BHK, Residential House is available for Sale in Basaveshwar Nagar, Bangalore for 4.2 Crore(s)|42120000|3990.0|Chandapura|Residential House|agent",1,False,False,1.0,Chandapura,15205915.915132837,26914084.084867164,176.99745437946575,176.99745437946575,False,Potentially Overpriced,Large positive price deviation,Potentially Overpriced,None
15000000,"Jogging and Strolling Track,Laundry Service,Visitor Parking","5 BHK, Residential House is available for Sale in Hebbal Kempapura, Bangalore for 1.5 Crore(s)",4.0,100000.0,Bangalore,3990.0,"Granite,Marble,Vitrified",Semi-Furnished,Near to ganesha tempal.,Near to ganesha tempal.,13.931451237811736,Chandapura,78.41279274883892,quarterly,1.0,2 Covered,Mar '24,No/Rare Powercut,Residential House,Ready to Move,owner,6667.0,couples,Water Availability 24 Hours Available,5.0,3759.3984962406016,4.0,5.0,False,False,"5 BHK, Residential House is available for Sale in Hebbal Kempapura, Bangalore for 1.5 Crore(s)|15000000|3990.0|Chandapura|Residential House|owner",1,False,False,1.0,Chandapura,40246630.06438428,-25246630.06438428,-62.72979880302066,62.72979880302066,False,Potentially Underpriced,Large negative price deviation,Potentially Underpriced,None
22700000,"Jogging and Strolling Track,Visitor Parking,Conference Room","2 BHK, Residential House is available for Sale in Stage 2 Kumaraswamy Layout, Bangalore for 2.2 Crore(s)",4.0,3900000.0,Bangalore,1872.0,Vitrified,Unfurnished,East Facing Property,Behind Orion Uptown Mall,12.78604518664152,Chandapura,78.49720051483513,yearly,2.0,1 Covered,Dec '22,No/Rare Powercut,Villa,Ready to Move,contractor,6335.0,onlyboys,Water Availability 24 Hours Available,2.0,12126.068376068377,4.0,2.0,False,False,"2 BHK, Residential House is available for Sale in Stage 2 Kumaraswamy Layout, Bangalore for 2.2 Crore(s)|22700000|1872.0|Chandapura|Villa|contractor",1,False,False,1.0,Chandapura,8852606.7353638,13847393.2646362,156.42164707621725,156.42164707621725,False,Potentially Overpriced,Large positive price deviation,Potentially Overpriced,None
20400000,"Air Conditioned,Intercom Facility","4 BHK, Residential House is available for Sale in Srinivasnagar Banashankari, Bangalore for 2.4 Crore(s)",,,Bangalore,5600.0,,,,"Channasandra Main Road, Nagondanahalli",13.436918221095972,Hagadur Main Road,77.94813700383048,quarterly,3.0,2 Covered,,,Villa,Ready to Move,contractor,,couples,,4.0,3642.8571428571427,,4.0,False,True,"4 BHK, Residential House is available for Sale in Srinivasnagar Banashankari, Bangalore for 2.4 Crore(s)|20400000|5600.0|Hagadur Main Road|Villa|contractor",1,False,False,1.0,Other,46590074.79549929,-26190074.795499288,-56.2138500752725,56.2138500752725,True,Potentially Underpriced,Large negative price deviation + Extreme area,Potentially Underpriced,Extreme Area
10000000,"Air Conditioned,Intercom Facility","3 BHK, Villa is available for Sale in Phase 9th JP Nagar, Bangalore for 1.0 Crore(s)",,,Bangalore,5600.0,,,,"Channasandra Main Road, Nagondanahalli",13.436918221095972,Hagadur Main Road,77.94813700383048,yearly,3.0,2 Covered,,,Villa,Ready to Move,contractor,,onlygirls,,3.0,1785.7142857142858,,3.0,False,True,"3 BHK, Villa is available for Sale in Phase 9th JP Nagar, Bangalore for 1.0 Crore(s)|10000000|5600.0|Hagadur Main Road|Villa|contractor",1,False,False,1.0,Other,20941822.07791794,-10941822.07791794,-52.248663164107015,52.248663164107015,True,Potentially Underpriced,Large negative price deviation + Extreme area,Potentially Underpriced,Extreme Area
10500000,"Jogging and Strolling Track,Outdoor Tennis Courts,Internet/Wi-Fi Connectivity,RO Water System,Visitor Parking,Intercom Facility,Conference Room","8 BHK, Residential House is available for Sale in Stage 2 Kumaraswamy Layout, Bangalore for 1.5 Crore(s)",,,Bangalore,2000.0,,,,"Channasandra Main Road, Nagondanahalli",12.860579980804264,Anekal,77.95538676016648,halfyearly,3.0,1 Covered,,,Residential House,Ready to Move,owner,,onlyboys,,8.0,5250.0,,8.0,False,False,"8 BHK, Residential House is available for Sale in Stage 2 Kumaraswamy Layout, Bangalore for 1.5 Crore(s)|10500000|2000.0|Anekal|Residential House|owner",1,False,False,1.0,Other,31776332.57572749,-21276332.57572749,-66.95653919477013,66.95653919477013,False,Potentially Underpriced,Large negative price deviation,Potentially Underpriced,None
42500000,"Jogging and Strolling Track,Outdoor Tennis Courts,Internet/Wi-Fi Connectivity,RO Water System,Visitor Parking,Intercom Facility,Conference Room","10 BHK, Residential House is available for Sale in Phase 3rd Stage 3rd Banashankari, Bangalore for 4.2 Crore(s)",,,Bangalore,2000.0,,,,"Channasandra Main Road, Nagondanahalli",12.860579980804264,Anekal,77.95538676016648,monthly,3.0,1 Covered,,,Residential House,Ready to Move,builder,,onlyboys,,10.0,21250.0,,10.0,False,False,"10 BHK, Residential House is available for Sale in Phase 3rd Stage 3rd Banashankari, Bangalore for 4.2 Crore(s)|42500000|2000.0|Anekal|Residential House|builder",1,False,False,1.0,Other,20795085.781739563,21704914.218260437,104.37520886458572,104.37520886458572,False,Potentially Overpriced,Large positive price deviation,Potentially Overpriced,None
14600000,"Town House,Wrap Around Balcony,House help accommodation,Jogging and Strolling Track,Internet/Wi-Fi Connectivity,Visitor Parking,Conference Room","4 BHK, Villa is available for Sale in Devanahalli, Bangalore for 1.4 Crore(s)",4.0,7000000.0,Bangalore,64000.0,Vitrified,Unfurnished,Near  to Bangalore International Airport,Near  to Bangalore International Airport,12.860579980804264,Devanahalli,77.95538676016648,monthly,4.0,"4 Covered, 10 Open",Dec '22,No/Rare Powercut,Villa,Ready to Move,owner,4867.0,family,Water Availability 24 Hours Available,4.0,228.125,4.0,4.0,False,True,"4 BHK, Villa is available for Sale in Devanahalli, Bangalore for 1.4 Crore(s)|14600000|64000.0|Devanahalli|Villa|owner",1,False,False,1.5,Devanahalli,33572211.98597143,-18972211.98597143,-56.511653131164564,56.511653131164564,True,Potentially Underpriced,Large negative price deviation + Extreme area,Potentially Underpriced,Extreme Area
112500000,"Bar/Lounge,Banquet Hall,Jogging and Strolling Track,Outdoor Tennis Courts,Laundry Service,Service/Goods Lift,Visitor Parking,Conference Room","4 BHK, Villa is available for Sale in Yelahanka, Bangalore for 11.2 Crore(s)",4.0,7000000.0,Bangalore,3345.0,Vitrified,Unfurnished,Near  to Bangalore International Airport,Near  to Bangalore International Airport,13.555417912089982,Yelahanka,77.76622326678546,monthly,4.0,2 Covered,Dec '22,No/Rare Powercut,Villa,Ready to Move,builder,4867.0,bachelors,Water Availability 24 Hours Available,4.0,33632.28699551569,4.0,4.0,True,False,"4 BHK, Villa is available for Sale in Yelahanka, Bangalore for 11.2 Crore(s)|112500000|3345.0|Yelahanka|Villa|builder",1,False,False,1.0,Yelahanka,38782390.098127946,73717609.90187205,190.08011036800553,190.08011036800553,False,Potentially Overpriced,Large positive price deviation,Potentially Overpriced,None
53500000,"Water Front,Theme based Architectures,Air Conditioned,Banquet Hall,Conference Room","4 BHK, Villa is available for Sale in Whitefield, Bangalore for 5.3 Crore(s)",4.0,7000000.0,Bangalore,4806.0,Vitrified,Unfurnished,Near  to Bangalore International Airport,Near  to Bangalore International Airport,13.38940938498042,Whitefield,77.75352098004139,quarterly,4.0,"2 Covered, 3 Open",Dec '22,No/Rare Powercut,Villa,Ready to Move,contractor,4867.0,couples,Water Availability 24 Hours Available,4.0,11131.918435289223,4.0,4.0,False,True,"4 BHK, Villa is available for Sale in Whitefield, Bangalore for 5.3 Crore(s)|53500000|4806.0|Whitefield|Villa|contractor",1,False,False,1.5,Whitefield,23165241.386273906,30334758.613726094,130.94946047788795,130.94946047788795,True,Potentially Overpriced,Large positive price deviation + Extreme area,Potentially Overpriced,Extreme Area
13000000,"Water Front,Theme based Architectures,Air Conditioned,Banquet Hall,Conference Room","4 BHK, Residential House is available for Sale in RT Nagar, Bangalore for 1.3 Crore(s)",4.0,7000000.0,Bangalore,4806.0,Vitrified,Unfurnished,Near  to Bangalore International Airport,Near  to Bangalore International Airport,13.38940938498042,Whitefield,77.75352098004139,quarterly,4.0,"2 Covered, 3 Open",Dec '22,No/Rare Powercut,Villa,Ready to Move,contractor,4867.0,onlyboys,Water Availability 24 Hours Available,4.0,2704.9521431543903,4.0,4.0,False,True,"4 BHK, Residential House is available for Sale in RT Nagar, Bangalore for 1.3 Crore(s)|13000000|4806.0|Whitefield|Villa|contractor",1,False,False,1.5,Whitefield,36797969.96511662,-23797969.96511662,-64.67196420801578,64.67196420801578,True,Potentially Underpriced,Large negative price deviation + Extreme area,Potentially Underpriced,Extreme Area
7600000,"Skyline View,Sky Villa,House help accommodation,Banquet Hall,Jogging and Strolling Track,Outdoor Tennis Courts,Private Garage,Internet/Wi-Fi Connectivity,Visitor Parking,Intercom Facility,Conference Room,Mansion","5 BHK, Residential House is available for Sale in KEB Layout Sanjayanagara, Bangalore for 76.0 Lac(s)",4.0,100000.0,Bangalore,1400.0,"Vitrified,Wooden,Marble",Unfurnished,East Facing Property,"Peaceful area, no disturbances.",13.327362104662894,Begur,77.64703791693715,halfyearly,1.0,1 Open,May '23,No/Rare Powercut,Villa,Ready to Move,owner,6977.0,bachelors,Water Availability 24 Hours Available,5.0,5428.571428571428,4.0,5.0,False,False,"5 BHK, Residential House is available for Sale in KEB Layout Sanjayanagara, Bangalore for 76.0 Lac(s)|7600000|1400.0|Begur|Villa|owner",1,False,False,0.5,Other,17189366.05242385,-9589366.05242385,-55.78661844292778,55.78661844292778,False,Potentially Underpriced,Large negative price deviation,Potentially Underpriced,None
4750000,"Skyline View,Sky Villa,House help accommodation,Banquet Hall,Jogging and Strolling Track,Outdoor Tennis Courts,Private Garage,Internet/Wi-Fi Connectivity,Visitor Parking,Intercom Facility,Conference Room,Mansion","9 BHK, Residential House is available for Sale in Eswara Layout, Bangalore for 47.50 Lac(s)",4.0,100000.0,Bangalore,1400.0,"Vitrified,Wooden,Marble",Unfurnished,East Facing Property,"Peaceful area, no disturbances.",13.327362104662894,Begur,77.64703791693715,quarterly,1.0,1 Open,May '23,No/Rare Powercut,Villa,Ready to Move,builder,6977.0,onlyboys,Water Availability 24 Hours Available,9.0,3392.8571428571427,4.0,9.0,False,False,"9 BHK, Residential House is available for Sale in Eswara Layout, Bangalore for 47.50 Lac(s)|4750000|1400.0|Begur|Villa|builder",1,False,False,0.5,Other,21903248.259313736,-17153248.259313736,-78.31371884313918,78.31371884313918,False,Potentially Underpriced,Large negative price deviation,Potentially Underpriced,None
3800000,"Skyline View,Sky Villa,House help accommodation,Banquet Hall,Jogging and Strolling Track,Outdoor Tennis Courts,Private Garage,Internet/Wi-Fi Connectivity,Visitor Parking,Intercom Facility,Conference Room,Mansion","2 BHK, Residential House is available for Sale in Ayyappa Layout Chandra Layout, Bangalore for 38.0 Lac(s)",4.0,100000.0,Bangalore,1400.0,"Vitrified,Wooden,Marble",Unfurnished,East Facing Property,"Peaceful area, no disturbances.",13.327362104662894,Begur,77.64703791693715,quarterly,1.0,1 Open,May '23,No/Rare Powercut,Villa,Ready to Move,owner,6977.0,onlyboys,Water Availability 24 Hours Available,2.0,2714.285714285714,4.0,2.0,False,False,"2 BHK, Residential House is available for Sale in Ayyappa Layout Chandra Layout, Bangalore for 38.0 Lac(s)|3800000|1400.0|Begur|Villa|owner",1,False,False,0.5,Other,11898329.502060197,-8098329.502060197,-68.06274360327616,68.06274360327616,False,Potentially Underpriced,Large negative price deviation,Potentially Underpriced,None
2220000,"Skyline View,Sky Villa,House help accommodation,Banquet Hall,Jogging and Strolling Track,Outdoor Tennis Courts,Private Garage,Internet/Wi-Fi Connectivity,Visitor Parking,Intercom Facility,Conference Room,Mansion","1 BHK, Residential House is available for Sale in Ayyappa Layout Chandra Layout, Bangalore for 22.20 Lac(s)",4.0,100000.0,Bangalore,1400.0,"Vitrified,Wooden,Marble",Unfurnished,East Facing Property,"Peaceful area, no disturbances.",13.327362104662894,Begur,77.64703791693715,yearly,1.0,1 Open,May '23,No/Rare Powercut,Villa,Ready to Move,builder,6977.0,couples,Water Availability 24 Hours Available,1.0,1585.7142857142858,4.0,1.0,False,False,"1 BHK, Residential House is available for Sale in Ayyappa Layout Chandra Layout, Bangalore for 22.20 Lac(s)|2220000|1400.0|Begur|Villa|builder",1,False,False,0.5,Other,7153047.742015425,-4933047.742015425,-68.96427816411445,68.96427816411445,False,Potentially Underpriced,Large negative price deviation,Potentially Underpriced,None
28000000,"Jogging and Strolling Track,Outdoor Tennis Courts,Internet/Wi-Fi Connectivity,Service/Goods Lift,Visitor Parking,Intercom Facility","4 BHK, Villa is available for Sale in Sarjapur Road, Bangalore for 2.8 Crore(s)",4.0,1000000.0,Bangalore,2900.0,"Vitrified,Wooden",Unfurnished,East Facing Property,Behind Prestige Smart City,13.03493305509378,Sarjapur Road,78.7258068962972,halfyearly,3.0,2 Covered,Dec '25,No/Rare Powercut,Villa,Under Construction,owner,8235.0,family,Water Availability 24 Hours Available,4.0,9655.172413793103,4.0,4.0,False,False,"4 BHK, Villa is available for Sale in Sarjapur Road, Bangalore for 2.8 Crore(s)|28000000|2900.0|Sarjapur Road|Villa|owner",1,False,False,1.0,Sarjapur Road,11791255.294051317,16208744.705948683,137.46411473361945,137.46411473361945,False,Potentially Overpriced,Large positive price deviation,Potentially Overpriced,None
5070000,"Jogging and Strolling Track,Outdoor Tennis Courts,Internet/Wi-Fi Connectivity,Service/Goods Lift,Visitor Parking,Intercom Facility","4 BHK, Residential House is available for Sale in Agara Village, Bangalore for 50.70 Lac(s)",4.0,1000000.0,Bangalore,2900.0,"Vitrified,Wooden",Unfurnished,East Facing Property,Behind Prestige Smart City,13.03493305509378,Sarjapur Road,78.7258068962972,yearly,3.0,2 Covered,Dec '25,No/Rare Powercut,Villa,Under Construction,builder,8235.0,onlyboys,Water Availability 24 Hours Available,4.0,1748.2758620689656,4.0,4.0,False,False,"4 BHK, Residential House is available for Sale in Agara Village, Bangalore for 50.70 Lac(s)|5070000|2900.0|Sarjapur Road|Villa|builder",1,False,False,1.0,Sarjapur Road,22951780.05350029,-17881780.05350029,-77.91021006570341,77.91021006570341,False,Potentially Underpriced,Large negative price deviation,Potentially Underpriced,None
1900000,"Jogging and Strolling Track,Outdoor Tennis Courts,Internet/Wi-Fi Connectivity,Service/Goods Lift,Visitor Parking,Intercom Facility","2 BHK, Residential House is available for Sale in Railway Layout, Bangalore for 19.0 Lac(s)",4.0,1000000.0,Bangalore,2900.0,"Vitrified,Wooden",Unfurnished,East Facing Property,Behind Prestige Smart City,13.03493305509378,Sarjapur Road,78.7258068962972,quarterly,3.0,2 Covered,Dec '25,No/Rare Powercut,Villa,Under Construction,builder,8235.0,bachelors,Water Availability 24 Hours Available,2.0,655.1724137931035,4.0,2.0,False,False,"2 BHK, Residential House is available for Sale in Railway Layout, Bangalore for 19.0 Lac(s)|1900000|2900.0|Sarjapur Road|Villa|builder",1,False,False,1.0,Sarjapur Road,4338608.019545018,-2438608.0195450177,-56.20715235299709,56.20715235299709,False,Potentially Underpriced,Large negative price deviation,Potentially Underpriced,None
27500000,"Jogging and Strolling Track,Visitor Parking","2 BHK, Residential House is available for Sale in AECS Layout Sanjayanagara, Bangalore for 2.7 Crore(s)",,,Bangalore,3000.0,,,,"Channasandra Main Road, Nagondanahalli",13.643911418580268,Banjara Layout,78.13593874018143,monthly,3.0,2 Covered,,,Residential House,Ready to Move,builder,,bachelors,,2.0,9166.666666666666,,2.0,False,False,"2 BHK, Residential House is available for Sale in AECS Layout Sanjayanagara, Bangalore for 2.7 Crore(s)|27500000|3000.0|Banjara Layout|Residential House|builder",1,False,False,1.0,Other,10450081.151427137,17049918.848572865,163.15585115092057,163.15585115092057,False,Potentially Overpriced,Large positive price deviation,Potentially Overpriced,None
28000000,"Smart Home,Private jaccuzi,Full Glass Wall,Bar/Lounge,House help accommodation,Air Conditioned,Laundry Service,Visitor Parking","4 BHK, Residential House is available for Sale in Yelahanka, Bangalore for 2.8 Crore(s)",,,Bangalore,5400.0,,,,"Channasandra Main Road, Nagondanahalli",13.531022176862098,Yelahanka,78.3926083908192,yearly,3.0,3 Covered,,,Residential House,Ready to Move,builder,,family,,4.0,5185.185185185185,,4.0,False,True,"4 BHK, Residential House is available for Sale in Yelahanka, Bangalore for 2.8 Crore(s)|28000000|5400.0|Yelahanka|Residential House|builder",1,False,False,1.0,Yelahanka,61675879.30135117,-33675879.30135117,-54.6013768799457,54.6013768799457,True,Potentially Underpriced,Large negative price deviation + Extreme area,Potentially Underpriced,Extreme Area
3800000,"Jogging and Strolling Track,Outdoor Tennis Courts,Internet/Wi-Fi Connectivity,Service/Goods Lift,Visitor Parking,Intercom Facility","3 BHK, Residential House is available for Sale in Aradhana layout, Bangalore for 38.0 Lac(s)",4.0,1000000.0,Bangalore,2900.0,"Vitrified,Wooden",Unfurnished,East Facing Property,Behind Prestige Smart City,13.03493305509378,Sarjapur Road,78.7258068962972,quarterly,3.0,2 Covered,Dec '25,No/Rare Powercut,Villa,Under Construction,owner,8235.0,family,Water Availability 24 Hours Available,3.0,1310.344827586207,4.0,3.0,False,False,"3 BHK, Residential House is available for Sale in Aradhana layout, Bangalore for 38.0 Lac(s)|3800000|2900.0|Sarjapur Road|Villa|owner",1,False,False,1.0,Sarjapur Road,8196189.491375387,-4396189.491375387,-53.63699187288642,53.63699187288642,False,Potentially Underpriced,Large negative price deviation,Potentially Underpriced,None
35000000,"House help accommodation,Outdoor Tennis Courts,Private Garage,Visitor Parking","3 BHK, Villa is available for Sale in Doddaballapur Main Road, Bangalore for 3.5 Crore(s)",,,Bangalore,4415.0,,,,"Channasandra Main Road, Nagondanahalli",13.279419311241163,Doddaballapur Main Road,78.40028308170695,quarterly,3.0,2 Covered,,,Villa,Ready to Move,contractor,,bachelors,,3.0,7927.519818799547,,3.0,False,True,"3 BHK, Villa is available for Sale in Doddaballapur Main Road, Bangalore for 3.5 Crore(s)|35000000|4415.0|Doddaballapur Main Road|Villa|contractor",1,False,False,1.0,Other,16679607.472379353,18320392.527620647,109.83707235292172,109.83707235292172,True,Potentially Overpriced,Large positive price deviation + Extreme area,Potentially Overpriced,Extreme Area
11500000,"Smart Home,Private jaccuzi,Full Glass Wall,Bar/Lounge,House help accommodation,Air Conditioned,Laundry Service,Visitor Parking","6 BHK, Residential House is available for Sale in Neelasandra, Bangalore for 1.1 Crore(s)",,,Bangalore,5400.0,,,,"Channasandra Main Road, Nagondanahalli",13.531022176862098,Yelahanka,78.3926083908192,quarterly,3.0,3 Covered,,,Residential House,Ready to Move,contractor,,couples,,6.0,2129.6296296296296,,6.0,False,True,"6 BHK, Residential House is available for Sale in Neelasandra, Bangalore for 1.1 Crore(s)|11500000|5400.0|Yelahanka|Residential House|contractor",1,False,False,1.0,Yelahanka,62951520.6972534,-51451520.6972534,-81.7319742674592,81.7319742674592,True,Potentially Underpriced,Large negative price deviation + Extreme area,Potentially Underpriced,Extreme Area
4990000,"Jogging and Strolling Track,Outdoor Tennis Courts,Internet/Wi-Fi Connectivity,Service/Goods Lift,Visitor Parking,Intercom Facility","3 BHK, Villa is available for Sale in Vinayaka Layout Hebbal Kempapura, Bangalore for 49.90 Lac(s)",4.0,1000000.0,Bangalore,2900.0,"Vitrified,Wooden",Unfurnished,East Facing Property,Behind Prestige Smart City,13.03493305509378,Sarjapur Road,78.7258068962972,halfyearly,3.0,2 Covered,Dec '25,No/Rare Powercut,Villa,Under Construction,agent,8235.0,family,Water Availability 24 Hours Available,3.0,1720.6896551724137,4.0,3.0,False,False,"3 BHK, Villa is available for Sale in Vinayaka Layout Hebbal Kempapura, Bangalore for 49.90 Lac(s)|4990000|2900.0|Sarjapur Road|Villa|agent",1,False,False,1.0,Sarjapur Road,13886991.090612303,-8896991.090612303,-64.06709007415384,64.06709007415384,False,Potentially Underpriced,Large negative price deviation,Potentially Underpriced,None
85000000,"Smart Home,Private jaccuzi,Full Glass Wall,Bar/Lounge,House help accommodation,Air Conditioned,Laundry Service,Visitor Parking","5 BHK, Villa is available for Sale in Bannerghatta Main Road, Bangalore for 8.5 Crore(s)",,,Bangalore,5400.0,,,,"Channasandra Main Road, Nagondanahalli",13.531022176862098,Yelahanka,78.3926083908192,monthly,3.0,3 Covered,,,Residential House,Ready to Move,builder,,onlygirls,,5.0,15740.74074074074,,5.0,True,True,"5 BHK, Villa is available for Sale in Bannerghatta Main Road, Bangalore for 8.5 Crore(s)|85000000|5400.0|Yelahanka|Residential House|builder",1,False,False,1.0,Yelahanka,31009561.319730237,53990438.68026976,174.10900503748064,174.10900503748064,True,Potentially Overpriced,Large positive price deviation + Extreme area,Potentially Overpriced,Extreme Area
90000000,"Laundry Service,Visitor Parking","4 BHK, Residential House is available for Sale in Cox Town, Bangalore for 9.0 Crore(s)",,,Bangalore,5400.0,,,,"Channasandra Main Road, Nagondanahalli",13.531022176862098,Yelahanka,78.3926083908192,yearly,3.0,3 Open,,,Residential House,Ready to Move,agent,,family,,4.0,16666.666666666668,,4.0,True,True,"4 BHK, Residential House is available for Sale in Cox Town, Bangalore for 9.0 Crore(s)|90000000|5400.0|Yelahanka|Residential House|agent",1,False,False,0.5,Yelahanka,40329795.68991823,49670204.31008177,123.1600692747831,123.1600692747831,True,Potentially Overpriced,Large positive price deviation + Extreme area,Potentially Overpriced,Extreme Area
16000000,Visitor Parking,"5 BHK, Residential House is available for Sale in NRI Layout, Bangalore for 1.6 Crore(s)",,,Bangalore,3600.0,,,,"Channasandra Main Road, Nagondanahalli",13.185876477609431,Nri Layout,78.52617350943702,halfyearly,3.0,1 Open,,,Residential House,Ready to Move,agent,,family,,5.0,4444.444444444444,,5.0,False,False,"5 BHK, Residential House is available for Sale in NRI Layout, Bangalore for 1.6 Crore(s)|16000000|3600.0|Nri Layout|Residential House|agent",1,False,False,0.5,Other,33837971.825766586,-17837971.825766586,-52.71584218349491,52.71584218349491,False,Potentially Underpriced,Large negative price deviation,Potentially Underpriced,None
120000000,"House help accommodation,Private Garage,Internet/Wi-Fi Connectivity,Visitor Parking","5 BHK, Residential House is available for Sale in Sanjayanagara, Bangalore for 12.0 Crore(s)",,,Bangalore,4480.0,,,,"Channasandra Main Road, Nagondanahalli",13.119636369248587,Sanjayanagara,78.52889145246377,yearly,3.0,3 Covered,,,Residential House,Ready to Move,owner,,couples,,5.0,26785.714285714286,,5.0,True,True,"5 BHK, Residential House is available for Sale in Sanjayanagara, Bangalore for 12.0 Crore(s)|120000000|4480.0|Sanjayanagara|Residential House|owner",1,False,False,1.0,Other,29440376.75508445,90559623.24491554,307.60347939255087,307.60347939255087,True,Potentially Overpriced,Large positive price deviation + Extreme area,Potentially Overpriced,Extreme Area
2990000,Visitor Parking,"2 BHK, Residential House is available for Sale in Malle Nalsandra, Bangalore for 29.90 Lac(s)",,,Bangalore,3600.0,,,,"Channasandra Main Road, Nagondanahalli",13.185876477609431,Nri Layout,78.52617350943702,quarterly,3.0,1 Open,,,Residential House,Ready to Move,contractor,,family,,2.0,830.5555555555555,,2.0,False,False,"2 BHK, Residential House is available for Sale in Malle Nalsandra, Bangalore for 29.90 Lac(s)|2990000|3600.0|Nri Layout|Residential House|contractor",1,False,False,0.5,Other,7157967.509759481,-4167967.509759481,-58.228365860514096,58.228365860514096,False,Potentially Underpriced,Large negative price deviation,Potentially Underpriced,None
12000000,Visitor Parking,"5 BHK, Residential House is available for Sale in Udaya nagar, Bangalore for 1.2 Crore(s)",,,Bangalore,3600.0,,,,"Channasandra Main Road, Nagondanahalli",13.185876477609431,Nri Layout,78.52617350943702,halfyearly,3.0,1 Open,,,Residential House,Ready to Move,builder,,bachelors,,5.0,3333.3333333333335,,5.0,False,False,"5 BHK, Residential House is available for Sale in Udaya nagar, Bangalore for 1.2 Crore(s)|12000000|3600.0|Nri Layout|Residential House|builder",1,False,False,0.5,Other,33928062.521214314,-21928062.521214314,-64.63104843520988,64.63104843520988,False,Potentially Underpriced,Large negative price deviation,Potentially Underpriced,None
15000000,"Jogging and Strolling Track,Outdoor Tennis Courts,Internet/Wi-Fi Connectivity,Service/Goods Lift,Visitor Parking,Intercom Facility","4 BHK, Residential House is available for Sale in Sultanpalya, Bangalore for 1.5 Crore(s)",4.0,1000000.0,Bangalore,2900.0,"Vitrified,Wooden",Unfurnished,East Facing Property,Behind Prestige Smart City,13.03493305509378,Sarjapur Road,78.7258068962972,monthly,3.0,2 Covered,Dec '25,No/Rare Powercut,Villa,Under Construction,owner,8235.0,onlygirls,Water Availability 24 Hours Available,4.0,5172.413793103448,4.0,4.0,False,False,"4 BHK, Residential House is available for Sale in Sultanpalya, Bangalore for 1.5 Crore(s)|15000000|2900.0|Sarjapur Road|Villa|owner",1,False,False,1.0,Sarjapur Road,39493816.994424395,-24493816.994424395,-62.019371280021765,62.019371280021765,False,Potentially Underpriced,Large negative price deviation,Potentially Underpriced,None
29000000,Visitor Parking,"3 BHK, Residential House is available for Sale in New BEL Road, Bangalore for 2.9 Crore(s)",,,Bangalore,3700.0,,,,"Channasandra Main Road, Nagondanahalli",13.122663830301851,Stage 2nd BTM Layout,77.60566139610852,monthly,3.0,1 Covered,,,Residential House,Ready to Move,contractor,,family,,3.0,7837.8378378378375,,3.0,False,False,"3 BHK, Residential House is available for Sale in New BEL Road, Bangalore for 2.9 Crore(s)|29000000|3700.0|Stage 2nd BTM Layout|Residential House|contractor",1,False,False,1.0,Other,10967563.271600822,18032436.72839918,164.4160720284331,164.4160720284331,False,Potentially Overpriced,Large positive price deviation,Potentially Overpriced,None
8500000,"Jogging and Strolling Track,Outdoor Tennis Courts,Internet/Wi-Fi Connectivity,Service/Goods Lift,Visitor Parking,Intercom Facility","4 BHK, Residential House is available for Sale in Nagavara, Bangalore for 85.0 Lac(s)",4.0,1000000.0,Bangalore,2900.0,"Vitrified,Wooden",Unfurnished,East Facing Property,Behind Prestige Smart City,13.03493305509378,Sarjapur Road,78.7258068962972,monthly,3.0,2 Covered,Dec '25,No/Rare Powercut,Villa,Under Construction,agent,8235.0,couples,Water Availability 24 Hours Available,4.0,2931.0344827586205,4.0,4.0,False,False,"4 BHK, Residential House is available for Sale in Nagavara, Bangalore for 85.0 Lac(s)|8500000|2900.0|Sarjapur Road|Villa|agent",1,False,False,1.0,Sarjapur Road,22945630.986694988,-14445630.986694988,-62.9559108445145,62.9559108445145,False,Potentially Underpriced,Large negative price deviation,Potentially Underpriced,None
2600000,"Jogging and Strolling Track,Outdoor Tennis Courts,Internet/Wi-Fi Connectivity,Service/Goods Lift,Visitor Parking,Intercom Facility","2 BHK, Residential House is available for Sale in Kanaka Nagar NRI Layout, Bangalore for 26.0 Lac(s)",4.0,1000000.0,Bangalore,2900.0,"Vitrified,Wooden",Unfurnished,East Facing Property,Behind Prestige Smart City,13.03493305509378,Sarjapur Road,78.7258068962972,monthly,3.0,2 Covered,Dec '25,No/Rare Powercut,Villa,Under Construction,agent,8235.0,family,Water Availability 24 Hours Available,2.0,896.551724137931,4.0,2.0,False,False,"2 BHK, Residential House is available for Sale in Kanaka Nagar NRI Layout, Bangalore for 26.0 Lac(s)|2600000|2900.0|Sarjapur Road|Villa|agent",1,False,False,1.0,Sarjapur Road,5394014.160118574,-2794014.1601185743,-51.79842093809325,51.79842093809325,False,Potentially Underpriced,Large negative price deviation,Potentially Underpriced,None
35000000,"Jogging and Strolling Track,Outdoor Tennis Courts,Internet/Wi-Fi Connectivity,Service/Goods Lift,Visitor Parking,Intercom Facility","3 BHK, Residential House is available for Sale in Block 3rd Stage 6th Banashankari, Bangalore for 3.5 Crore(s)",4.0,1000000.0,Bangalore,2900.0,"Vitrified,Wooden",Unfurnished,East Facing Property,Behind Prestige Smart City,13.03493305509378,Sarjapur Road,78.7258068962972,quarterly,3.0,2 Covered,Dec '25,No/Rare Powercut,Villa,Under Construction,agent,8235.0,bachelors,Water Availability 24 Hours Available,3.0,12068.965517241379,4.0,3.0,False,False,"3 BHK, Residential House is available for Sale in Block 3rd Stage 6th Banashankari, Bangalore for 3.5 Crore(s)|35000000|2900.0|Sarjapur Road|Villa|agent",1,False,False,1.0,Sarjapur Road,7880159.638831285,27119840.361168716,344.15343856144125,344.15343856144125,False,Potentially Overpriced,Large positive price deviation,Potentially Overpriced,None
8500000,Visitor Parking,"6 BHK, Residential House is available for Sale in Thavarekere, Bangalore for 85.0 Lac(s)",,,Bangalore,3700.0,,,,"Channasandra Main Road, Nagondanahalli",13.122663830301851,Stage 2nd BTM Layout,77.60566139610852,halfyearly,3.0,1 Covered,,,Residential House,Ready to Move,agent,,onlygirls,,6.0,2297.2972972972975,,6.0,False,False,"6 BHK, Residential House is available for Sale in Thavarekere, Bangalore for 85.0 Lac(s)|8500000|3700.0|Stage 2nd BTM Layout|Residential House|agent",1,False,False,1.0,Other,24379635.793960776,-15879635.793960776,-65.13483600888908,65.13483600888908,False,Potentially Underpriced,Large negative price deviation,Potentially Underpriced,None
13000000,"Jogging and Strolling Track,Outdoor Tennis Courts,Internet/Wi-Fi Connectivity,Service/Goods Lift,Visitor Parking,Intercom Facility","2 BHK, Residential House is available for Sale in Mathikere Extension, Bangalore for 1.3 Crore(s)",4.0,1000000.0,Bangalore,2900.0,"Vitrified,Wooden",Unfurnished,East Facing Property,Behind Prestige Smart City,13.03493305509378,Sarjapur Road,78.7258068962972,halfyearly,3.0,2 Covered,Dec '25,No/Rare Powercut,Villa,Under Construction,agent,8235.0,onlygirls,Water Availability 24 Hours Available,2.0,4482.758620689655,4.0,2.0,False,False,"2 BHK, Residential House is available for Sale in Mathikere Extension, Bangalore for 1.3 Crore(s)|13000000|2900.0|Sarjapur Road|Villa|agent",1,False,False,1.0,Sarjapur Road,3142338.93351809,9857661.06648191,313.70457722857736,313.70457722857736,False,Potentially Overpriced,Large positive price deviation,Potentially Overpriced,None
890000,"Jogging and Strolling Track,Outdoor Tennis Courts,Internet/Wi-Fi Connectivity,Service/Goods Lift,Visitor Parking,Intercom Facility","1 BHK, Residential House is available for Sale in BK Nagar, Bangalore for 8.90 Lac(s)",4.0,1000000.0,Bangalore,2900.0,"Vitrified,Wooden",Unfurnished,East Facing Property,Behind Prestige Smart City,13.03493305509378,Sarjapur Road,78.7258068962972,halfyearly,3.0,2 Covered,Dec '25,No/Rare Powercut,Villa,Under Construction,builder,8235.0,onlyboys,Water Availability 24 Hours Available,1.0,306.8965517241379,4.0,1.0,False,False,"1 BHK, Residential House is available for Sale in BK Nagar, Bangalore for 8.90 Lac(s)|890000|2900.0|Sarjapur Road|Villa|builder",1,False,False,1.0,Sarjapur Road,3123214.3058712366,-2233214.3058712366,-71.5037165932893,71.5037165932893,False,Potentially Underpriced,Large negative price deviation,Potentially Underpriced,None
2400000,Visitor Parking,"1 BHK, Residential House is available for Sale in , Bangalore for 24.0 Lac(s)",,,Bangalore,3700.0,,,,"Channasandra Main Road, Nagondanahalli",13.122663830301851,Stage 2nd BTM Layout,77.60566139610852,halfyearly,3.0,1 Covered,,,Residential House,Ready to Move,owner,,family,,1.0,648.6486486486486,,1.0,False,False,"1 BHK, Residential House is available for Sale in , Bangalore for 24.0 Lac(s)|2400000|3700.0|Stage 2nd BTM Layout|Residential House|owner",1,False,False,1.0,Other,6588499.74838201,-4188499.7483820096,-63.57289076941398,63.57289076941398,False,Potentially Underpriced,Large negative price deviation,Potentially Underpriced,None
11400000,"Water Front,Smart Home,Theme based Architectures,Jogging and Strolling Track,Outdoor Tennis Courts,Internet/Wi-Fi Connectivity,RO Water System,Visitor Parking,Conference Room","5 BHK, Residential House is available for Sale in Marenahalli Jayanagar, Bangalore for 1.1 Crore(s)",3.0,100000.0,Bangalore,1750.0,"Vitrified,Wooden,Marble",Unfurnished,East Facing Property,Opposite to Nandi upachar hotel.,13.590474239039883,Devanahalli,78.31481204319459,halfyearly,2.0,"2 Covered, 1 Open",Jul '24,No/Rare Powercut,Villa,Under Construction,owner,5566.0,bachelors,Water Availability 24 Hours Available,5.0,6514.285714285715,3.0,5.0,False,False,"5 BHK, Residential House is available for Sale in Marenahalli Jayanagar, Bangalore for 1.1 Crore(s)|11400000|1750.0|Devanahalli|Villa|owner",1,False,False,1.5,Devanahalli,26926699.22573709,-15526699.225737091,-57.66283901183237,57.66283901183237,False,Potentially Underpriced,Large negative price deviation,Potentially Underpriced,None
48500000,"Water Front,Smart Home,Theme based Architectures,Jogging and Strolling Track,Outdoor Tennis Courts,Internet/Wi-Fi Connectivity,RO Water System,Visitor Parking,Conference Room","6 BHK, Residential House is available for Sale in RR Nagar, Bangalore for 4.8 Crore(s)",3.0,100000.0,Bangalore,1750.0,"Vitrified,Wooden,Marble",Unfurnished,East Facing Property,Opposite to Nandi upachar hotel.,13.590474239039883,Devanahalli,78.31481204319459,quarterly,2.0,1 Covered,Jul '24,No/Rare Powercut,Villa,Under Construction,agent,5566.0,family,Water Availability 24 Hours Available,6.0,27714.285714285714,3.0,6.0,False,False,"6 BHK, Residential House is available for Sale in RR Nagar, Bangalore for 4.8 Crore(s)|48500000|1750.0|Devanahalli|Villa|agent",1,False,False,1.0,Devanahalli,20857221.33494207,27642778.66505793,132.53337163732365,132.53337163732365,False,Potentially Overpriced,Large positive price deviation,Potentially Overpriced,None
10600000,Visitor Parking,"4 BHK, Residential House is available for Sale in Sir M V Nagar, Bangalore for 1.6 Crore(s)",,,Bangalore,3500.0,,,,"Channasandra Main Road, Nagondanahalli",13.114700471573451,Kengeri,78.0026592110122,yearly,3.0,"1 Covered, 1 Open",,,Residential House,Ready to Move,contractor,,onlyboys,,4.0,3028.5714285714284,,4.0,False,False,"4 BHK, Residential House is available for Sale in Sir M V Nagar, Bangalore for 1.6 Crore(s)|10600000|3500.0|Kengeri|Residential House|contractor",1,False,False,1.5,Other,21906383.687199056,-11306383.687199056,-51.612278177186845,51.612278177186845,False,Potentially Underpriced,Large negative price deviation,Potentially Underpriced,None
37500000,"Water Front,Smart Home,Theme based Architectures,Jogging and Strolling Track,Outdoor Tennis Courts,Internet/Wi-Fi Connectivity,RO Water System,Visitor Parking,Conference Room","3 BHK, Residential House is available for Sale in Cholourpalya, Bangalore for 3.7 Crore(s)",3.0,100000.0,Bangalore,1750.0,"Vitrified,Wooden,Marble",Unfurnished,East Facing Property,Opposite to Nandi upachar hotel.,13.590474239039883,Devanahalli,78.31481204319459,yearly,2.0,1 Covered,Jul '24,No/Rare Powercut,Villa,Under Construction,owner,5566.0,onlygirls,Water Availability 24 Hours Available,3.0,21428.571428571428,3.0,3.0,False,False,"3 BHK, Residential House is available for Sale in Cholourpalya, Bangalore for 3.7 Crore(s)|37500000|1750.0|Devanahalli|Villa|owner",1,False,False,1.0,Devanahalli,13106452.94331352,24393547.05668648,186.11860250969934,186.11860250969934,False,Potentially Overpriced,Large positive price deviation,Potentially Overpriced,None
11500000,Visitor Parking,"5 BHK, Residential House is available for Sale in Hosakerehalli, Bangalore for 1.1 Crore(s)",,,Bangalore,3500.0,,,,"Channasandra Main Road, Nagondanahalli",13.114700471573451,Kengeri,78.0026592110122,yearly,3.0,"1 Covered, 1 Open",,,Residential House,Ready to Move,owner,,bachelors,,5.0,3285.714285714286,,5.0,False,False,"5 BHK, Residential House is available for Sale in Hosakerehalli, Bangalore for 1.1 Crore(s)|11500000|3500.0|Kengeri|Residential House|owner",1,False,False,1.5,Other,28116215.336242482,-16616215.336242482,-59.09833573803861,59.09833573803861,False,Potentially Underpriced,Large negative price deviation,Potentially Underpriced,None
45000000,"Water Front,Smart Home,Theme based Architectures,Jogging and Strolling Track,Outdoor Tennis Courts,Internet/Wi-Fi Connectivity,RO Water System,Visitor Parking,Conference Room","4 BHK, Residential House is available for Sale in Thanisandra, Bangalore for 4.5 Crore(s)",3.0,100000.0,Bangalore,1750.0,"Vitrified,Wooden,Marble",Unfurnished,East Facing Property,Opposite to Nandi upachar hotel.,13.590474239039883,Devanahalli,78.31481204319459,yearly,2.0,1 Covered,Jul '24,No/Rare Powercut,Villa,Under Construction,owner,5566.0,onlygirls,Water Availability 24 Hours Available,4.0,25714.285714285714,3.0,4.0,False,False,"4 BHK, Residential House is available for Sale in Thanisandra, Bangalore for 4.5 Crore(s)|45000000|1750.0|Devanahalli|Villa|owner",1,False,False,1.0,Devanahalli,18645583.244668,26354416.755332,141.34401916801644,141.34401916801644,False,Potentially Overpriced,Large positive price deviation,Potentially Overpriced,None
14900000,"Water Front,Smart Home,Theme based Architectures,Jogging and Strolling Track,Outdoor Tennis Courts,Internet/Wi-Fi Connectivity,RO Water System,Visitor Parking,Conference Room","> 10 BHK, Residential House is available for Sale in Battarahalli, Bangalore for 1.4 Crore(s)",3.0,100000.0,Bangalore,1750.0,"Vitrified,Wooden,Marble",Unfurnished,East Facing Property,Opposite to Nandi upachar hotel.,13.590474239039883,Devanahalli,78.31481204319459,monthly,2.0,1 Covered,Jul '24,No/Rare Powercut,Villa,Under Construction,builder,5566.0,bachelors,Water Availability 24 Hours Available,10.0,8514.285714285714,3.0,10.0,False,False,"> 10 BHK, Residential House is available for Sale in Battarahalli, Bangalore for 1.4 Crore(s)|14900000|1750.0|Devanahalli|Villa|builder",1,False,False,1.0,Devanahalli,32477202.823497154,-17577202.823497154,-54.12166472286247,54.12166472286247,False,Potentially Underpriced,Large negative price deviation,Potentially Underpriced,None
2990000,"Water Front,Smart Home,Theme based Architectures,Jogging and Strolling Track,Outdoor Tennis Courts,Internet/Wi-Fi Connectivity,RO Water System,Visitor Parking,Conference Room","2 BHK, Residential House is available for Sale in Bannerughatta, Bangalore for 29.90 Lac(s)",3.0,100000.0,Bangalore,1750.0,"Vitrified,Wooden,Marble",Unfurnished,East Facing Property,Opposite to Nandi upachar hotel.,13.590474239039883,Devanahalli,78.31481204319459,monthly,2.0,1 Covered,Jul '24,No/Rare Powercut,Villa,Under Construction,agent,5566.0,bachelors,Water Availability 24 Hours Available,2.0,1708.5714285714287,3.0,2.0,False,False,"2 BHK, Residential House is available for Sale in Bannerughatta, Bangalore for 29.90 Lac(s)|2990000|1750.0|Devanahalli|Villa|agent",1,False,False,1.0,Devanahalli,9855285.520140987,-6865285.520140987,-69.66095001621804,69.66095001621804,False,Potentially Underpriced,Large negative price deviation,Potentially Underpriced,None
5900000,"House help accommodation,Visitor Parking","4 BHK, Residential House is available for Sale in Hebbal, Bangalore for 59.0 Lac(s)",,,Bangalore,1300.0,Marble,,,"Channasandra Main Road, Nagondanahalli",13.511671172836428,Attibele,78.614433308329,quarterly,3.0,1 Open,Oct '23,,Villa,Ready to Move,agent,,onlygirls,,4.0,4538.461538461538,,4.0,False,False,"4 BHK, Residential House is available for Sale in Hebbal, Bangalore for 59.0 Lac(s)|5900000|1300.0|Attibele|Villa|agent",1,False,False,0.5,Other,23892535.7660519,-17992535.7660519,-75.3060953522434,75.3060953522434,False,Potentially Underpriced,Large negative price deviation,Potentially Underpriced,None
55000000,"House help accommodation,Visitor Parking","4 BHK, Villa is available for Sale in Whitefield, Bangalore for 5.5 Crore(s)",,,Bangalore,1300.0,Marble,,,"Channasandra Main Road, Nagondanahalli",13.511671172836428,Attibele,78.614433308329,quarterly,3.0,1 Open,Oct '23,,Villa,Ready to Move,builder,,bachelors,,4.0,42307.692307692305,,4.0,False,False,"4 BHK, Villa is available for Sale in Whitefield, Bangalore for 5.5 Crore(s)|55000000|1300.0|Attibele|Villa|builder",1,False,False,0.5,Other,11037466.88119519,43962533.11880481,398.3027409459764,398.3027409459764,False,Potentially Overpriced,Large positive price deviation,Potentially Overpriced,None
44000000,Visitor Parking,"3 BHK, Residential House is available for Sale in Sampangiram Nagar, Bangalore for 4.4 Crore(s)",,,Bangalore,1080.0,Marble,,,"Channasandra Main Road, Nagondanahalli",13.5288212367776,Raghavendra Layout Hulimavu,78.30230566778205,quarterly,3.0,1 Open,Oct '23,,Residential House,Ready to Move,owner,,onlygirls,,3.0,40740.74074074074,,3.0,False,False,"3 BHK, Residential House is available for Sale in Sampangiram Nagar, Bangalore for 4.4 Crore(s)|44000000|1080.0|Raghavendra Layout Hulimavu|Residential House|owner",1,False,False,0.5,Other,15894219.081182567,28105780.91881743,176.8302096206308,176.8302096206308,False,Potentially Overpriced,Large positive price deviation,Potentially Overpriced,None
30000000,Visitor Parking,"6 BHK, Residential House is available for Sale in Vijayanagar, Bangalore for 3.0 Crore(s)",,,Bangalore,1080.0,Marble,,,"Channasandra Main Road, Nagondanahalli",13.5288212367776,Raghavendra Layout Hulimavu,78.30230566778205,quarterly,3.0,1 Open,Oct '23,,Residential House,Ready to Move,builder,,onlygirls,,6.0,27777.777777777777,,6.0,False,False,"6 BHK, Residential House is available for Sale in Vijayanagar, Bangalore for 3.0 Crore(s)|30000000|1080.0|Raghavendra Layout Hulimavu|Residential House|builder",1,False,False,0.5,Other,14825215.97165415,15174784.02834585,102.3579289324356,102.3579289324356,False,Potentially Overpriced,Large positive price deviation,Potentially Overpriced,None
35000000,Visitor Parking,"3 BHK, Residential House is available for Sale in Kalidasa Layout, Bangalore for 3.5 Crore(s)",,,Bangalore,1500.0,Marble,,,"Channasandra Main Road, Nagondanahalli",13.800456034714298,"Kalidasa Layout, Banashankari",78.10349528380058,halfyearly,3.0,1 Covered,Oct '23,,Residential House,Ready to Move,contractor,,couples,,3.0,23333.333333333332,,3.0,False,False,"3 BHK, Residential House is available for Sale in Kalidasa Layout, Bangalore for 3.5 Crore(s)|35000000|1500.0|Kalidasa Layout, Banashankari|Residential House|contractor",1,False,False,1.0,Other,17140629.796737205,17859370.203262795,104.19319718731926,104.19319718731926,False,Potentially Overpriced,Large positive price deviation,Potentially Overpriced,None
13500000,"Air Conditioned,Internet/Wi-Fi Connectivity,RO Water System,Intercom Facility","5 BHK, Residential House is available for Sale in Maragondanahalli, Bangalore for 1.3 Crore(s)",,,Bangalore,6000.0,Marble,,,"Channasandra Main Road, Nagondanahalli",13.35122860526297,Bannerghatta Main Road,77.9436556144396,yearly,3.0,1 Covered,Oct '23,,Residential House,Ready to Move,contractor,,couples,,5.0,2250.0,,5.0,False,True,"5 BHK, Residential House is available for Sale in Maragondanahalli, Bangalore for 1.3 Crore(s)|13500000|6000.0|Bannerghatta Main Road|Residential House|contractor",1,False,False,1.0,Bannerghatta Main Road,48142931.63483435,-34642931.63483435,-71.95850036221739,71.95850036221739,True,Potentially Underpriced,Large negative price deviation + Extreme area,Potentially Underpriced,Extreme Area
11000000,Visitor Parking,"5 BHK, Residential House is available for Sale in Abbigere, Bangalore for 1.1 Crore(s)",,,Bangalore,7000.0,Marble,,,"Channasandra Main Road, Nagondanahalli",13.08732095836801,Sarjapur Road,78.45747341560609,monthly,3.0,1 Covered,Oct '23,,Residential House,Ready to Move,builder,,onlygirls,,5.0,1571.4285714285713,,5.0,False,True,"5 BHK, Residential House is available for Sale in Abbigere, Bangalore for 1.1 Crore(s)|11000000|7000.0|Sarjapur Road|Residential House|builder",1,False,False,1.0,Sarjapur Road,23411240.33575672,-12411240.33575672,-53.01402299817769,53.01402299817769,True,Potentially Underpriced,Large negative price deviation + Extreme area,Potentially Underpriced,Extreme Area
20000000,RO Water System,"2 BHK, Residential House is available for Sale in MEI Layout, Bangalore for 2.0 Crore(s)",,,Bangalore,1600.0,,,,"Channasandra Main Road, Nagondanahalli",,Abbigere,,monthly,3.0,1 Open,,,Residential House,Ready to Move,agent,,onlygirls,,2.0,12500.0,,2.0,False,False,"2 BHK, Residential House is available for Sale in MEI Layout, Bangalore for 2.0 Crore(s)|20000000|1600.0|Abbigere|Residential House|agent",1,False,False,0.5,Abbigere,9763124.344149271,10236875.655850729,104.85245598644211,104.85245598644211,False,Potentially Overpriced,Large positive price deviation,Potentially Overpriced,None
8500000,RO Water System,"5 BHK, Residential House is available for Sale in MM Layout, Bangalore for 85.0 Lac(s)",,,Bangalore,1600.0,,,,"Channasandra Main Road, Nagondanahalli",,Abbigere,,yearly,3.0,1 Open,,,Residential House,Ready to Move,builder,,bachelors,,5.0,5312.5,,5.0,False,False,"5 BHK, Residential House is available for Sale in MM Layout, Bangalore for 85.0 Lac(s)|8500000|1600.0|Abbigere|Residential House|builder",1,False,False,0.5,Abbigere,19476918.774150874,-10976918.774150874,-56.35860015352675,56.35860015352675,False,Potentially Underpriced,Large negative price deviation,Potentially Underpriced,None
2990000,RO Water System,"2 BHK, Residential House is available for Sale in Bannerghatta Main Road, Bangalore for 29.90 Lac(s)",,,Bangalore,1600.0,,,,"Channasandra Main Road, Nagondanahalli",,Abbigere,,quarterly,3.0,1 Open,,,Residential House,Ready to Move,contractor,,family,,2.0,1868.75,,2.0,False,False,"2 BHK, Residential House is available for Sale in Bannerghatta Main Road, Bangalore for 29.90 Lac(s)|2990000|1600.0|Abbigere|Residential House|contractor",1,False,False,0.5,Abbigere,12277708.823527368,-9287708.823527368,-75.64692205217996,75.64692205217996,False,Potentially Underpriced,Large negative price deviation,Potentially Underpriced,None
6500000,RO Water System,"4 BHK, Residential House is available for Sale in Phase 2 Electronic City, Bangalore for 65.0 Lac(s)",,,Bangalore,1600.0,,,,"Channasandra Main Road, Nagondanahalli",,Abbigere,,halfyearly,3.0,1 Covered,,,Residential House,Ready to Move,contractor,,onlygirls,,4.0,4062.5,,4.0,False,False,"4 BHK, Residential House is available for Sale in Phase 2 Electronic City, Bangalore for 65.0 Lac(s)|6500000|1600.0|Abbigere|Residential House|contractor",1,False,False,1.0,Abbigere,19012768.32836283,-12512768.32836283,-65.81244830978432,65.81244830978432,False,Potentially Underpriced,Large negative price deviation,Potentially Underpriced,None
2295000,RO Water System,"1 BHK, Residential House is available for Sale in Hoskote, Bangalore for 22.95 Lac(s)",,,Bangalore,1600.0,,,,"Channasandra Main Road, Nagondanahalli",,Abbigere,,quarterly,3.0,1 Covered,,,Residential House,Ready to Move,agent,,couples,,1.0,1434.375,,1.0,False,False,"1 BHK, Residential House is available for Sale in Hoskote, Bangalore for 22.95 Lac(s)|2295000|1600.0|Abbigere|Residential House|agent",1,False,False,1.0,Abbigere,6877991.467795991,-4582991.467795991,-66.63270068383179,66.63270068383179,False,Potentially Underpriced,Large negative price deviation,Potentially Underpriced,None
11500000,Visitor Parking,"4 BHK, Residential House is available for Sale in Stage 2 Kumaraswamy Layout, Bangalore for 1.1 Crore(s)",,,Bangalore,3200.0,,,,"Channasandra Main Road, Nagondanahalli",13.137455019722232,"Medaralli, Chikbanavara",78.03626467047772,monthly,3.0,2 Covered,,,Residential House,Ready to Move,builder,,onlygirls,,4.0,3593.75,,4.0,False,False,"4 BHK, Residential House is available for Sale in Stage 2 Kumaraswamy Layout, Bangalore for 1.1 Crore(s)|11500000|3200.0|Medaralli, Chikbanavara|Residential House|builder",1,False,False,1.0,Other,25068406.296579283,-13568406.296579283,-54.12552412009839,54.12552412009839,False,Potentially Underpriced,Large negative price deviation,Potentially Underpriced,None
23000000,RO Water System,"2 BHK, Residential House is available for Sale in Phase 3rd Stage 3rd Banashankari, Bangalore for 2.3 Crore(s)",,,Bangalore,1600.0,,,,"Channasandra Main Road, Nagondanahalli",,Abbigere,,monthly,3.0,1 Covered,,,Residential House,Ready to Move,contractor,,couples,,2.0,14375.0,,2.0,False,False,"2 BHK, Residential House is available for Sale in Phase 3rd Stage 3rd Banashankari, Bangalore for 2.3 Crore(s)|23000000|1600.0|Abbigere|Residential House|contractor",1,False,False,1.0,Abbigere,8993721.330093447,14006278.669906553,155.73396323767378,155.73396323767378,False,Potentially Overpriced,Large positive price deviation,Potentially Overpriced,None
10500000,Visitor Parking,"4 BHK, Residential House is available for Sale in , Bangalore for 1.5 Crore(s)",,,Bangalore,3200.0,,,,"Channasandra Main Road, Nagondanahalli",13.137455019722232,"Medaralli, Chikbanavara",78.03626467047772,monthly,3.0,2 Covered,,,Residential House,Ready to Move,agent,,onlyboys,,4.0,3281.25,,4.0,False,False,"4 BHK, Residential House is available for Sale in , Bangalore for 1.5 Crore(s)|10500000|3200.0|Medaralli, Chikbanavara|Residential House|agent",1,False,False,1.0,Other,21171070.38620024,-10671070.386200242,-50.404019218394716,50.404019218394716,False,Potentially Underpriced,Large negative price deviation,Potentially Underpriced,None
30000000,Visitor Parking,"3 BHK, Residential House is available for Sale in , Bangalore for 3.0 Crore(s)",,,Bangalore,3200.0,,,,"Channasandra Main Road, Nagondanahalli",13.137455019722232,"Medaralli, Chikbanavara",78.03626467047772,yearly,3.0,1 Covered,,,Residential House,Ready to Move,owner,,family,,3.0,9375.0,,3.0,False,False,"3 BHK, Residential House is available for Sale in , Bangalore for 3.0 Crore(s)|30000000|3200.0|Medaralli, Chikbanavara|Residential House|owner",1,False,False,1.0,Other,13116843.353977226,16883156.646022774,128.71356461616617,128.71356461616617,False,Potentially Overpriced,Large positive price deviation,Potentially Overpriced,None
55000000,Visitor Parking,"5 BHK, Residential House is available for Sale in Vidyaranyapura, Bangalore for 5.5 Crore(s)",,,Bangalore,3200.0,,,,"Channasandra Main Road, Nagondanahalli",13.137455019722232,"Medaralli, Chikbanavara",78.03626467047772,quarterly,3.0,1 Covered,,,Residential House,Ready to Move,builder,,bachelors,,5.0,17187.5,,5.0,False,False,"5 BHK, Residential House is available for Sale in Vidyaranyapura, Bangalore for 5.5 Crore(s)|55000000|3200.0|Medaralli, Chikbanavara|Residential House|builder",1,False,False,1.0,Other,21679522.16911615,33320477.83088385,153.69562839512662,153.69562839512662,False,Potentially Overpriced,Large positive price deviation,Potentially Overpriced,None
27000000,"Service/Goods Lift,Visitor Parking","3 BHK, Villa is available for Sale in Sarjapur Road, Bangalore for 2.7 Crore(s)",,,Bangalore,2800.0,,,,"Channasandra Main Road, Nagondanahalli",13.670498009994152,Sarjapur Road,77.92930605209699,yearly,3.0,3 Covered,,,Villa,Ready to Move,contractor,,onlygirls,,3.0,9642.857142857143,,3.0,False,False,"3 BHK, Villa is available for Sale in Sarjapur Road, Bangalore for 2.7 Crore(s)|27000000|2800.0|Sarjapur Road|Villa|contractor",1,False,False,1.0,Sarjapur Road,12918531.263622286,14081468.736377714,109.00208738148261,109.00208738148261,False,Potentially Overpriced,Large positive price deviation,Potentially Overpriced,None
11000000,Smart Home,"4 BHK, Residential House is available for Sale in , Bangalore for 1.1 Crore(s)",,,Bangalore,2500.0,,,,"Channasandra Main Road, Nagondanahalli",13.515042214543357,Varthur,78.72185335181148,quarterly,3.0,1 Covered,,,Residential House,Ready to Move,agent,,onlyboys,,4.0,4400.0,,4.0,False,False,"4 BHK, Residential House is available for Sale in , Bangalore for 1.1 Crore(s)|11000000|2500.0|Varthur|Residential House|agent",1,False,False,1.0,Varthur,22670852.38893983,-11670852.388939831,-51.47954822657464,51.47954822657464,False,Potentially Underpriced,Large negative price deviation,Potentially Underpriced,None
25000000,Smart Home,"2 BHK, Residential House is available for Sale in Maruti Nagar Devinagar, Bangalore for 2.5 Crore(s)",,,Bangalore,2500.0,,,,"Channasandra Main Road, Nagondanahalli",13.515042214543357,Varthur,78.72185335181148,monthly,3.0,1 Covered,,,Residential House,Ready to Move,agent,,bachelors,,2.0,10000.0,,2.0,False,False,"2 BHK, Residential House is available for Sale in Maruti Nagar Devinagar, Bangalore for 2.5 Crore(s)|25000000|2500.0|Varthur|Residential House|agent",1,False,False,1.0,Varthur,12187283.134657653,12812716.865342347,105.13185526071938,105.13185526071938,False,Potentially Overpriced,Large positive price deviation,Potentially Overpriced,None
42500000,Visitor Parking,"7 BHK, Residential House is available for Sale in Hebbal Kempapura, Bangalore for 4.2 Crore(s)",,,Bangalore,1250.0,,,,"Channasandra Main Road, Nagondanahalli",13.222023706149558,Krishnarajapura,78.04808487283049,quarterly,3.0,4 Covered,,,Residential House,Ready to Move,owner,,onlygirls,,7.0,34000.0,,7.0,False,False,"7 BHK, Residential House is available for Sale in Hebbal Kempapura, Bangalore for 4.2 Crore(s)|42500000|1250.0|Krishnarajapura|Residential House|owner",1,False,False,1.0,Krishnarajapura,21175637.393238515,21324362.606761485,100.7023411421394,100.7023411421394,False,Potentially Overpriced,Large positive price deviation,Potentially Overpriced,None
40000000,Visitor Parking,"4 BHK, Residential House is available for Sale in Channasandra Srinivaspura, Bangalore for 4.0 Crore(s)",,,Bangalore,1250.0,,,,"Channasandra Main Road, Nagondanahalli",13.222023706149558,Krishnarajapura,78.04808487283049,halfyearly,3.0,1 Covered,,,Residential House,Ready to Move,agent,,bachelors,,4.0,32000.0,,4.0,False,False,"4 BHK, Residential House is available for Sale in Channasandra Srinivaspura, Bangalore for 4.0 Crore(s)|40000000|1250.0|Krishnarajapura|Residential House|agent",1,False,False,1.0,Krishnarajapura,18724439.557504095,21275560.442495905,113.62455136324445,113.62455136324445,False,Potentially Overpriced,Large positive price deviation,Potentially Overpriced,None
40000000,"Wrap Around Balcony,Air Conditioned,RO Water System,Visitor Parking","4 BHK, Residential House is available for Sale in Hebbal Kempapura, Bangalore for 4.0 Crore(s)",,,Bangalore,1250.0,,,,"Channasandra Main Road, Nagondanahalli",13.222023706149558,Krishnarajapura,78.04808487283049,halfyearly,3.0,2 Covered,,,Residential House,Ready to Move,agent,,onlygirls,,4.0,32000.0,,4.0,False,False,"4 BHK, Residential House is available for Sale in Hebbal Kempapura, Bangalore for 4.0 Crore(s)|40000000|1250.0|Krishnarajapura|Residential House|agent",1,False,False,1.0,Krishnarajapura,18724439.557504095,21275560.442495905,113.62455136324445,113.62455136324445,False,Potentially Overpriced,Large positive price deviation,Potentially Overpriced,None
63000000,"RO Water System,Visitor Parking","> 10 BHK, Residential House is available for Sale in Lottegollahalli, Bangalore for 6.3 Crore(s)",,,Bangalore,1600.0,,,,"Channasandra Main Road, Nagondanahalli",,Hanumanthappa Layout Sultanpalya,,monthly,3.0,1 Covered,,,Residential House,Ready to Move,owner,,couples,,10.0,39375.0,,10.0,True,False,"> 10 BHK, Residential House is available for Sale in Lottegollahalli, Bangalore for 6.3 Crore(s)|63000000|1600.0|Hanumanthappa Layout Sultanpalya|Residential House|owner",1,False,False,1.0,Other,24444947.71521768,38555052.28478232,157.72196665726838,157.72196665726838,False,Potentially Overpriced,Large positive price deviation,Potentially Overpriced,None
9800000,"Town House,Water Front,Wrap Around Balcony,Wine Cellar,Full Glass Wall,Fingerprint Access,House help accommodation,Jogging and Strolling Track,Outdoor Tennis Courts,Visitor Parking,Conference Room,Downtown","5 BHK, Residential House is available for Sale in , Bangalore for 98.0 Lac(s)",,,Bangalore,1250.0,,,,"Channasandra Main Road, Nagondanahalli",13.222023706149558,Krishnarajapura,78.04808487283049,monthly,3.0,"2 Covered, 1 Open",,,Residential House,Ready to Move,agent,,onlygirls,,5.0,7840.0,,5.0,False,False,"5 BHK, Residential House is available for Sale in , Bangalore for 98.0 Lac(s)|9800000|1250.0|Krishnarajapura|Residential House|agent",1,False,False,1.5,Krishnarajapura,25074397.613332864,-15274397.613332864,-60.916309332236864,60.916309332236864,False,Potentially Underpriced,Large negative price deviation,Potentially Underpriced,None
57000000,"RO Water System,Visitor Parking","4 BHK, Residential House is available for Sale in Dinnur, Bangalore for 5.7 Crore(s)",,,Bangalore,1600.0,,,,"Channasandra Main Road, Nagondanahalli",,Hanumanthappa Layout Sultanpalya,,yearly,3.0,1 Covered,,,Residential House,Ready to Move,agent,,couples,,4.0,35625.0,,4.0,False,False,"4 BHK, Residential House is available for Sale in Dinnur, Bangalore for 5.7 Crore(s)|57000000|1600.0|Hanumanthappa Layout Sultanpalya|Residential House|agent",1,False,False,1.0,Other,22223391.855357613,34776608.14464238,156.4865002200753,156.4865002200753,False,Potentially Overpriced,Large positive price deviation,Potentially Overpriced,None
45000000,"Town House,Water Front,Wrap Around Balcony,Wine Cellar,Full Glass Wall,Fingerprint Access,House help accommodation,Jogging and Strolling Track,Outdoor Tennis Courts,Visitor Parking,Conference Room,Downtown","2 BHK, Residential House is available for Sale in Krishnarajapura, Bangalore for 4.5 Crore(s)",,,Bangalore,1250.0,,,,"Channasandra Main Road, Nagondanahalli",13.222023706149558,Krishnarajapura,78.04808487283049,monthly,3.0,"2 Covered, 1 Open",,,Residential House,Ready to Move,builder,,bachelors,,2.0,36000.0,,2.0,False,False,"2 BHK, Residential House is available for Sale in Krishnarajapura, Bangalore for 4.5 Crore(s)|45000000|1250.0|Krishnarajapura|Residential House|builder",1,False,False,1.5,Krishnarajapura,11907881.614131767,33092118.385868233,277.9009689397308,277.9009689397308,False,Potentially Overpriced,Large positive price deviation,Potentially Overpriced,None
8400000,"Town House,Water Front,Wrap Around Balcony,Wine Cellar,Full Glass Wall,Fingerprint Access,House help accommodation,Jogging and Strolling Track,Outdoor Tennis Courts,Visitor Parking,Conference Room,Downtown","2 BHK, Villa is available for Sale in , Bangalore for 84.0 Lac(s)",,,Bangalore,1250.0,,,,"Channasandra Main Road, Nagondanahalli",13.222023706149558,Krishnarajapura,78.04808487283049,monthly,3.0,"2 Covered, 1 Open",,,Residential House,Ready to Move,owner,,couples,,2.0,6720.0,,2.0,False,False,"2 BHK, Villa is available for Sale in , Bangalore for 84.0 Lac(s)|8400000|1250.0|Krishnarajapura|Residential House|owner",1,False,False,1.5,Krishnarajapura,23275202.364825904,-14875202.364825904,-63.910088220352925,63.910088220352925,False,Potentially Underpriced,Large negative price deviation,Potentially Underpriced,None
68000000,"Town House,Water Front,Wrap Around Balcony,Wine Cellar,Full Glass Wall,Fingerprint Access,House help accommodation,Jogging and Strolling Track,Outdoor Tennis Courts,Visitor Parking,Conference Room,Downtown","6 BHK, Villa is available for Sale in Sarjapur Road, Bangalore for 6.8 Crore(s)",,,Bangalore,1250.0,,,,"Channasandra Main Road, Nagondanahalli",13.222023706149558,Krishnarajapura,78.04808487283049,monthly,3.0,"2 Covered, 1 Open",,,Residential House,Ready to Move,agent,,onlyboys,,6.0,54400.0,,6.0,True,False,"6 BHK, Villa is available for Sale in Sarjapur Road, Bangalore for 6.8 Crore(s)|68000000|1250.0|Krishnarajapura|Residential House|agent",1,False,False,1.5,Krishnarajapura,21651539.721461095,46348460.278538905,214.0654238672833,214.0654238672833,False,Potentially Overpriced,Large positive price deviation,Potentially Overpriced,None
12000000,"Town House,Water Front,Wrap Around Balcony,Wine Cellar,Full Glass Wall,Fingerprint Access,House help accommodation,Jogging and Strolling Track,Outdoor Tennis Courts,Visitor Parking,Conference Room,Downtown","7 BHK, Residential House is available for Sale in Jagajeevanram Nagar, Bangalore for 1.2 Crore(s)",,,Bangalore,1250.0,,,,"Channasandra Main Road, Nagondanahalli",13.222023706149558,Krishnarajapura,78.04808487283049,halfyearly,3.0,"2 Covered, 1 Open",,,Residential House,Ready to Move,agent,,onlygirls,,7.0,9600.0,,7.0,False,False,"7 BHK, Residential House is available for Sale in Jagajeevanram Nagar, Bangalore for 1.2 Crore(s)|12000000|1250.0|Krishnarajapura|Residential House|agent",1,False,False,1.5,Krishnarajapura,28967586.04040123,-16967586.04040123,-58.57438730564728,58.57438730564728,False,Potentially Underpriced,Large negative price deviation,Potentially Underpriced,None
81000000,"Town House,Water Front,Wrap Around Balcony,Wine Cellar,Full Glass Wall,Fingerprint Access,House help accommodation,Jogging and Strolling Track,Outdoor Tennis Courts,Visitor Parking,Conference Room,Downtown","> 10 BHK, Residential House is available for Sale in Koramangala, Bangalore for 8.1 Crore(s)",,,Bangalore,1250.0,,,,"Channasandra Main Road, Nagondanahalli",13.222023706149558,Krishnarajapura,78.04808487283049,halfyearly,3.0,"2 Covered, 1 Open",,,Residential House,Ready to Move,agent,,onlygirls,,10.0,64800.0,,10.0,True,False,"> 10 BHK, Residential House is available for Sale in Koramangala, Bangalore for 8.1 Crore(s)|81000000|1250.0|Krishnarajapura|Residential House|agent",1,False,False,1.5,Krishnarajapura,22423093.469178315,58576906.53082168,261.23472486674785,261.23472486674785,False,Potentially Overpriced,Large positive price deviation,Potentially Overpriced,None
50000000,"Town House,Water Front,Wrap Around Balcony,Wine Cellar,Full Glass Wall,Fingerprint Access,House help accommodation,Jogging and Strolling Track,Outdoor Tennis Courts,Visitor Parking,Conference Room,Downtown","4 BHK, Villa is available for Sale in , Bangalore for 5.0 Crore(s)",,,Bangalore,1250.0,,,,"Channasandra Main Road, Nagondanahalli",13.222023706149558,Krishnarajapura,78.04808487283049,quarterly,3.0,"2 Covered, 1 Open",,,Residential House,Ready to Move,owner,,family,,4.0,40000.0,,4.0,False,False,"4 BHK, Villa is available for Sale in , Bangalore for 5.0 Crore(s)|50000000|1250.0|Krishnarajapura|Residential House|owner",1,False,False,1.5,Krishnarajapura,22335629.73941917,27664370.26058083,123.85757904894528,123.85757904894528,False,Potentially Overpriced,Large positive price deviation,Potentially Overpriced,None
30000000,"Town House,Water Front,Wrap Around Balcony,Wine Cellar,Full Glass Wall,Fingerprint Access,House help accommodation,Jogging and Strolling Track,Outdoor Tennis Courts,Visitor Parking,Conference Room,Downtown","2 BHK, Residential House is available for Sale in Thyagaraja Nagar, Bangalore for 3.0 Crore(s)",,,Bangalore,1250.0,,,,"Channasandra Main Road, Nagondanahalli",13.222023706149558,Krishnarajapura,78.04808487283049,halfyearly,3.0,"2 Covered, 1 Open",,,Residential House,Ready to Move,owner,,family,,2.0,24000.0,,2.0,False,False,"2 BHK, Residential House is available for Sale in Thyagaraja Nagar, Bangalore for 3.0 Crore(s)|30000000|1250.0|Krishnarajapura|Residential House|owner",1,False,False,1.5,Krishnarajapura,12391101.241116691,17608898.75888331,142.1092315867188,142.1092315867188,False,Potentially Overpriced,Large positive price deviation,Potentially Overpriced,None
70000000,RO Water System,"2 BHK, Residential House is available for Sale in Jayamahal Extension, Bangalore for 7.0 Crore(s)",,,Bangalore,5229.0,,,,"Channasandra Main Road, Nagondanahalli",,"Jayamahal Extension, Jayamahal",,yearly,3.0,1 Covered,,,Residential House,Ready to Move,agent,,family,,2.0,13386.880856760376,,2.0,True,True,"2 BHK, Residential House is available for Sale in Jayamahal Extension, Bangalore for 7.0 Crore(s)|70000000|5229.0|Jayamahal Extension, Jayamahal|Residential House|agent",1,False,False,1.0,Other,10071700.322256984,59928299.67774302,595.0167078076206,595.0167078076206,True,Potentially Overpriced,Large positive price deviation + Extreme area,Potentially Overpriced,Extreme Area
7500000,"Wine Cellar,Health club with Steam / Jaccuzi,Outdoor Tennis Courts,Visitor Parking,Conference Room","3 BHK, Residential House is available for Sale in Nagasandra, Bangalore for 75.0 Lac(s)",,,Bangalore,2572.0,"Vitrified,Wooden",,,"Channasandra Main Road, Nagondanahalli",13.445935634794395,Whitefield,77.8509865624447,yearly,3.0,2 Covered,Dec '23,,Villa,Under Construction,contractor,,onlyboys,,3.0,2916.01866251944,,3.0,False,False,"3 BHK, Residential House is available for Sale in Nagasandra, Bangalore for 75.0 Lac(s)|7500000|2572.0|Whitefield|Villa|contractor",1,False,False,1.0,Whitefield,15573712.356536273,-8073712.356536273,-51.84192549406978,51.84192549406978,False,Potentially Underpriced,Large negative price deviation,Potentially Underpriced,None
11000000,"Wine Cellar,Health club with Steam / Jaccuzi,Outdoor Tennis Courts,Visitor Parking,Conference Room","4 BHK, Residential House is available for Sale in Hegganahalli Cross, Bangalore for 1.1 Crore(s)",,,Bangalore,2572.0,"Vitrified,Wooden",,,"Channasandra Main Road, Nagondanahalli",13.445935634794395,Whitefield,77.8509865624447,monthly,3.0,2 Covered,Dec '23,,Villa,Under Construction,contractor,,onlygirls,,4.0,4276.827371695179,,4.0,False,False,"4 BHK, Residential House is available for Sale in Hegganahalli Cross, Bangalore for 1.1 Crore(s)|11000000|2572.0|Whitefield|Villa|contractor",1,False,False,1.0,Whitefield,35685279.844778635,-24685279.844778635,-69.17496500560723,69.17496500560723,False,Potentially Underpriced,Large negative price deviation,Potentially Underpriced,None
29385807,"Wine Cellar,Health club with Steam / Jaccuzi,Outdoor Tennis Courts,Visitor Parking,Conference Room","3 BHK, Villa is available for Sale in Sarjapur Road, Bangalore for 2.9 Crore(s)",,,Bangalore,2572.0,"Vitrified,Wooden",,,"Channasandra Main Road, Nagondanahalli",13.445935634794395,Whitefield,77.8509865624447,yearly,3.0,2 Covered,Dec '23,,Villa,Under Construction,builder,,family,,3.0,11425.274883359254,,3.0,False,False,"3 BHK, Villa is available for Sale in Sarjapur Road, Bangalore for 2.9 Crore(s)|29385807|2572.0|Whitefield|Villa|builder",1,False,False,1.0,Whitefield,12651305.423207644,16734501.576792356,132.27489983835554,132.27489983835554,False,Potentially Overpriced,Large positive price deviation,Potentially Overpriced,None
11000000,"Private pool ,Air Conditioned,Jogging and Strolling Track,Outdoor Tennis Courts,Laundry Service,Internet/Wi-Fi Connectivity,RO Water System,Visitor Parking,Intercom Facility","4 BHK, Villa is available for Sale in Bommasandra, Bangalore for 1.1 Crore(s)",,,Bangalore,2650.0,,,,"Channasandra Main Road, Nagondanahalli",13.24923272731458,Whitefield,77.7708919712717,monthly,3.0,2 Covered,,,Villa,Ready to Move,builder,,bachelors,,4.0,4150.943396226415,,4.0,False,False,"4 BHK, Villa is available for Sale in Bommasandra, Bangalore for 1.1 Crore(s)|11000000|2650.0|Whitefield|Villa|builder",1,False,False,1.0,Whitefield,31006240.505726583,-20006240.505726583,-64.52327073329513,64.52327073329513,False,Potentially Underpriced,Large negative price deviation,Potentially Underpriced,None
5600000,"Private pool ,Air Conditioned,Jogging and Strolling Track,Outdoor Tennis Courts,Laundry Service,Internet/Wi-Fi Connectivity,RO Water System,Visitor Parking,Intercom Facility","3 BHK, Villa is available for Sale in Jigani, Bangalore for 56.0 Lac(s)",,,Bangalore,2650.0,,,,"Channasandra Main Road, Nagondanahalli",13.24923272731458,Whitefield,77.7708919712717,quarterly,3.0,2 Covered,,,Villa,Ready to Move,contractor,,bachelors,,3.0,2113.2075471698113,,3.0,False,False,"3 BHK, Villa is available for Sale in Jigani, Bangalore for 56.0 Lac(s)|5600000|2650.0|Whitefield|Villa|contractor",1,False,False,1.0,Whitefield,11705183.322016263,-6105183.322016263,-52.157947074037125,52.157947074037125,False,Potentially Underpriced,Large negative price deviation,Potentially Underpriced,None
35000000,"Air Conditioned,Banquet Hall","3 BHK, Villa is available for Sale in Sarjapur Road, Bangalore for 3.5 Crore(s)",,,Bangalore,1850.0,,,,"Channasandra Main Road, Nagondanahalli",13.72675353851908,Sarjapur Road,78.27304117281324,halfyearly,3.0,"1 Covered, 1 Open",,,Villa,Ready to Move,owner,,family,,3.0,18918.91891891892,,3.0,False,False,"3 BHK, Villa is available for Sale in Sarjapur Road, Bangalore for 3.5 Crore(s)|35000000|1850.0|Sarjapur Road|Villa|owner",1,False,False,1.5,Sarjapur Road,17288088.096524578,17711911.903475422,102.4515365989837,102.4515365989837,False,Potentially Overpriced,Large positive price deviation,Potentially Overpriced,None
90000000,Visitor Parking,"4 BHK, Residential House is available for Sale in Whitefield, Bangalore for 9.0 Crore(s)",,,Bangalore,4500.0,,,,"Channasandra Main Road, Nagondanahalli",13.348395317136514,Whitefield,78.24081595414152,quarterly,3.0,2 Covered,,,Residential House,Ready to Move,contractor,,bachelors,,4.0,20000.0,,4.0,True,True,"4 BHK, Residential House is available for Sale in Whitefield, Bangalore for 9.0 Crore(s)|90000000|4500.0|Whitefield|Residential House|contractor",1,False,False,1.0,Whitefield,31484658.101899747,58515341.89810026,185.85350906055896,185.85350906055896,True,Potentially Overpriced,Large positive price deviation + Extreme area,Potentially Overpriced,Extreme Area
2700000,"Air Conditioned,Banquet Hall","2 BHK, Residential House is available for Sale in Kogilu, Bangalore for 27.0 Lac(s)",,,Bangalore,1850.0,,,,"Channasandra Main Road, Nagondanahalli",13.72675353851908,Sarjapur Road,78.27304117281324,yearly,3.0,"1 Covered, 1 Open",,,Villa,Ready to Move,owner,,onlyboys,,2.0,1459.4594594594594,,2.0,False,False,"2 BHK, Residential House is available for Sale in Kogilu, Bangalore for 27.0 Lac(s)|2700000|1850.0|Sarjapur Road|Villa|owner",1,False,False,1.5,Sarjapur Road,10294042.986049015,-7594042.986049015,-73.77123833989064,73.77123833989064,False,Potentially Underpriced,Large negative price deviation,Potentially Underpriced,None
33500000,"Air Conditioned,Banquet Hall","4 BHK, Villa is available for Sale in Sarjapur Road, Bangalore for 3.3 Crore(s)",,,Bangalore,1850.0,,,,"Channasandra Main Road, Nagondanahalli",13.72675353851908,Sarjapur Road,78.27304117281324,quarterly,3.0,2 Covered,,,Villa,Ready to Move,owner,,couples,,4.0,18108.108108108107,,4.0,False,False,"4 BHK, Villa is available for Sale in Sarjapur Road, Bangalore for 3.3 Crore(s)|33500000|1850.0|Sarjapur Road|Villa|owner",1,False,False,1.0,Sarjapur Road,15792144.45969548,17707855.54030452,112.13078493233324,112.13078493233324,False,Potentially Overpriced,Large positive price deviation,Potentially Overpriced,None
3800000,"Skyline View,House help accommodation,Downtown","6 BHK, Residential House is available for Sale in Tata Silk Farm, Bangalore for 38.0 Lac(s)",,,Bangalore,1250.0,,,,"Channasandra Main Road, Nagondanahalli",13.41614931745378,Sir M V Nagar,78.51753823114996,halfyearly,3.0,"1 Covered, 1 Open",,,Residential House,Ready to Move,contractor,,onlyboys,,6.0,3040.0,,6.0,False,False,"6 BHK, Residential House is available for Sale in Tata Silk Farm, Bangalore for 38.0 Lac(s)|3800000|1250.0|Sir M V Nagar|Residential House|contractor",1,False,False,1.5,Sir M V Nagar,18619533.769866053,-14819533.769866053,-79.59132571756476,79.59132571756476,False,Potentially Underpriced,Large negative price deviation,Potentially Underpriced,None
4500000,Air Conditioned,"2 BHK, Residential House is available for Sale in Margondanahalli, Bangalore for 45.0 Lac(s)",,,Bangalore,3000.0,,,,"Channasandra Main Road, Nagondanahalli",13.92849281977788,Halasuru,77.83324122638177,yearly,3.0,"1 Covered, 1 Open",,,Residential House,Ready to Move,builder,,family,,2.0,1500.0,,2.0,False,False,"2 BHK, Residential House is available for Sale in Margondanahalli, Bangalore for 45.0 Lac(s)|4500000|3000.0|Halasuru|Residential House|builder",1,False,False,1.5,Other,14909279.108504405,-10409279.108504405,-69.81745416897351,69.81745416897351,False,Potentially Underpriced,Large negative price deviation,Potentially Underpriced,None
4500000,"Skyline View,House help accommodation,Downtown","4 BHK, Residential House is available for Sale in Krishnarajapura, Bangalore for 45.0 Lac(s)",,,Bangalore,1250.0,,,,"Channasandra Main Road, Nagondanahalli",13.41614931745378,Sir M V Nagar,78.51753823114996,monthly,3.0,2 Open,,,Residential House,Ready to Move,owner,,bachelors,,4.0,3600.0,,4.0,False,False,"4 BHK, Residential House is available for Sale in Krishnarajapura, Bangalore for 45.0 Lac(s)|4500000|1250.0|Sir M V Nagar|Residential House|owner",1,False,False,0.5,Sir M V Nagar,16656246.220891384,-12156246.220891384,-72.98310831671185,72.98310831671185,False,Potentially Underpriced,Large negative price deviation,Potentially Underpriced,None
11000000,"Theme based Architectures,Health club with Steam / Jaccuzi,House help accommodation,Banquet Hall,Jogging and Strolling Track,Outdoor Tennis Courts,Private Garage,Laundry Service,Internet/Wi-Fi Connectivity,RO Water System,Visitor Parking,Conference Room,Mansion","4 BHK, Villa is available for Sale in Hosur Road, Bangalore for 1.1 Crore(s)",,,Bangalore,1768.0,,,,"Channasandra Main Road, Nagondanahalli",13.531268108171002,Whitefield,77.94266835316296,quarterly,3.0,1 Covered,,,Villa,Ready to Move,owner,,bachelors,,4.0,6221.719457013574,,4.0,False,False,"4 BHK, Villa is available for Sale in Hosur Road, Bangalore for 1.1 Crore(s)|11000000|1768.0|Whitefield|Villa|owner",1,False,False,1.0,Whitefield,25282858.768707898,-14282858.768707898,-56.492261810145905,56.492261810145905,False,Potentially Underpriced,Large negative price deviation,Potentially Underpriced,None
47580000,"Town House,Smart Home,Private pool ,Bar/Lounge,Air Conditioned,Banquet Hall,Private Garage,Conference Room,Downtown","4 BHK, Villa is available for Sale in Whitefield, Bangalore for 4.7 Crore(s)",,,Bangalore,4758.0,,,,"Channasandra Main Road, Nagondanahalli",13.89051409430041,Whitefield,78.70793207128277,yearly,3.0,2 Covered,,,Villa,Ready to Move,contractor,,onlyboys,,4.0,10000.0,,4.0,False,True,"4 BHK, Villa is available for Sale in Whitefield, Bangalore for 4.7 Crore(s)|47580000|4758.0|Whitefield|Villa|contractor",1,False,False,1.0,Whitefield,22016079.866200913,25563920.133799087,116.11476833823092,116.11476833823092,True,Potentially Overpriced,Large positive price deviation + Extreme area,Potentially Overpriced,Extreme Area
4000000,"Skyline View,House help accommodation,Downtown","2 BHK, Residential House is available for Sale in Kaval Bairasandra, Bangalore for 40.0 Lac(s)",,,Bangalore,1250.0,,,,"Channasandra Main Road, Nagondanahalli",13.41614931745378,Sir M V Nagar,78.51753823114996,quarterly,3.0,"1 Covered, 2 Open",,,Residential House,Ready to Move,builder,,onlygirls,,2.0,3200.0,,2.0,False,False,"2 BHK, Residential House is available for Sale in Kaval Bairasandra, Bangalore for 40.0 Lac(s)|4000000|1250.0|Sir M V Nagar|Residential House|builder",1,False,False,1.5,Sir M V Nagar,19727776.029501047,-15727776.029501047,-79.72401960556338,79.72401960556338,False,Potentially Underpriced,Large negative price deviation,Potentially Underpriced,None
12000000,"Town House,Smart Home,Private pool ,Bar/Lounge,Air Conditioned,Banquet Hall,Private Garage,Conference Room,Downtown","4 BHK, Residential House is available for Sale in Ganganagar, Bangalore for 1.2 Crore(s)",,,Bangalore,4758.0,,,,"Channasandra Main Road, Nagondanahalli",13.89051409430041,Whitefield,78.70793207128277,yearly,3.0,2 Covered,,,Villa,Ready to Move,builder,,family,,4.0,2522.068095838588,,4.0,False,True,"4 BHK, Residential House is available for Sale in Ganganagar, Bangalore for 1.2 Crore(s)|12000000|4758.0|Whitefield|Villa|builder",1,False,False,1.0,Whitefield,33842134.66517608,-21842134.66517608,-64.54124387032792,64.54124387032792,True,Potentially Underpriced,Large negative price deviation + Extreme area,Potentially Underpriced,Extreme Area
17500000,Visitor Parking,"7 BHK, Residential House is available for Sale in BCC Layout, Bangalore for 1.7 Crore(s)",,,Bangalore,2700.0,,,,"Channasandra Main Road, Nagondanahalli",13.68591517449771,Block 4th Anjanapura Township,77.77303793181409,monthly,3.0,1 Covered,,,Residential House,Ready to Move,agent,,onlygirls,,7.0,6481.481481481482,,7.0,False,False,"7 BHK, Residential House is available for Sale in BCC Layout, Bangalore for 1.7 Crore(s)|17500000|2700.0|Block 4th Anjanapura Township|Residential House|agent",1,False,False,1.0,Other,35229294.94274092,-17729294.942740917,-50.325432205091815,50.325432205091815,False,Potentially Underpriced,Large negative price deviation,Potentially Underpriced,None
72000000,"Skyline View,House help accommodation,Downtown","4 BHK, Residential House is available for Sale in Stage 1 Indiranagar, Bangalore for 7.2 Crore(s)",,,Bangalore,1250.0,,,,"Channasandra Main Road, Nagondanahalli",13.41614931745378,Sir M V Nagar,78.51753823114996,quarterly,3.0,"1 Covered, 2 Open",,,Residential House,Ready to Move,contractor,,couples,,4.0,57600.0,,4.0,True,False,"4 BHK, Residential House is available for Sale in Stage 1 Indiranagar, Bangalore for 7.2 Crore(s)|72000000|1250.0|Sir M V Nagar|Residential House|contractor",1,False,False,1.5,Sir M V Nagar,15516975.901861267,56483024.098138735,364.0079385014935,364.0079385014935,False,Potentially Overpriced,Large positive price deviation,Potentially Overpriced,None
800000,"Banquet Hall,Jogging and Strolling Track,Laundry Service,Internet/Wi-Fi Connectivity,RO Water System,Visitor Parking,Conference Room","2 BHK, Residential House is available for Sale in Magadi Main Road, Bangalore for 8.0 Lac(s)",,,Bangalore,4758.0,,,,"Channasandra Main Road, Nagondanahalli",13.89051409430041,Whitefield,78.70793207128277,halfyearly,3.0,1 Open,,,Villa,Ready to Move,contractor,,bachelors,,2.0,168.13787305590586,,2.0,False,True,"2 BHK, Residential House is available for Sale in Magadi Main Road, Bangalore for 8.0 Lac(s)|800000|4758.0|Whitefield|Villa|contractor",1,False,False,0.5,Whitefield,6967211.525928996,-6167211.525928996,-88.51764444035119,88.51764444035119,True,Potentially Underpriced,Large negative price deviation + Extreme area,Potentially Underpriced,Extreme Area
13500000,"Banquet Hall,Jogging and Strolling Track,Laundry Service,Internet/Wi-Fi Connectivity,RO Water System,Visitor Parking,Conference Room","4 BHK, Residential House is available for Sale in kathreguppe, Bangalore for 1.3 Crore(s)",,,Bangalore,4758.0,,,,"Channasandra Main Road, Nagondanahalli",13.89051409430041,Whitefield,78.70793207128277,halfyearly,3.0,1 Open,,,Villa,Ready to Move,contractor,,onlyboys,,4.0,2837.326607818411,,4.0,False,True,"4 BHK, Residential House is available for Sale in kathreguppe, Bangalore for 1.3 Crore(s)|13500000|4758.0|Whitefield|Villa|contractor",1,False,False,0.5,Whitefield,42385824.74874509,-28885824.74874509,-68.14972911338786,68.14972911338786,True,Potentially Underpriced,Large negative price deviation + Extreme area,Potentially Underpriced,Extreme Area
8800000,"Skyline View,House help accommodation,Downtown","4 BHK, Residential House is available for Sale in Ananda Puram, Bangalore for 88.0 Lac(s)",,,Bangalore,1250.0,,,,"Channasandra Main Road, Nagondanahalli",13.41614931745378,Sir M V Nagar,78.51753823114996,quarterly,3.0,1 Covered,,,Residential House,Ready to Move,agent,,bachelors,,4.0,7040.0,,4.0,False,False,"4 BHK, Residential House is available for Sale in Ananda Puram, Bangalore for 88.0 Lac(s)|8800000|1250.0|Sir M V Nagar|Residential House|agent",1,False,False,1.0,Sir M V Nagar,23247112.478288546,-14447112.478288546,-62.14583635615525,62.14583635615525,False,Potentially Underpriced,Large negative price deviation,Potentially Underpriced,None
20000000,"Smart Home,Jogging and Strolling Track,Visitor Parking,Conference Room","2 BHK, Villa is available for Sale in Konena Agrahara Murgesh Pallya, Bangalore for 2.0 Crore(s)",,,Bangalore,1489.0,,,,"Channasandra Main Road, Nagondanahalli",13.04177588766115,Chandapura,77.87252467878963,quarterly,3.0,"2 Covered, 1 Open",,,Villa,Ready to Move,agent,,bachelors,,2.0,13431.833445265278,,2.0,False,False,"2 BHK, Villa is available for Sale in Konena Agrahara Murgesh Pallya, Bangalore for 2.0 Crore(s)|20000000|1489.0|Chandapura|Villa|agent",1,False,False,1.5,Chandapura,7708758.474569996,12291241.525430005,159.44515016233694,159.44515016233694,False,Potentially Overpriced,Large positive price deviation,Potentially Overpriced,None
4800000,"Smart Home,Jogging and Strolling Track,Visitor Parking,Conference Room","2 BHK, Residential House is available for Sale in Kanakapura Road, Bangalore for 48.0 Lac(s)",,,Bangalore,1489.0,,,,"Channasandra Main Road, Nagondanahalli",13.04177588766115,Chandapura,77.87252467878963,monthly,3.0,"2 Covered, 1 Open",,,Villa,Ready to Move,contractor,,onlygirls,,2.0,3223.640026863667,,2.0,False,False,"2 BHK, Residential House is available for Sale in Kanakapura Road, Bangalore for 48.0 Lac(s)|4800000|1489.0|Chandapura|Villa|contractor",1,False,False,1.5,Chandapura,17882891.425990596,-13082891.425990596,-73.15870299909226,73.15870299909226,False,Potentially Underpriced,Large negative price deviation,Potentially Underpriced,None
83000000,"Private jaccuzi,Bar/Lounge,House help accommodation,Air Conditioned,Internet/Wi-Fi Connectivity,RO Water System","7 BHK, Residential House is available for Sale in Block 3rd HRBR Layout, Bangalore for 8.3 Crore(s)",,,Bangalore,4600.0,,,,"Channasandra Main Road, Nagondanahalli",13.281540158446669,Block 3rd HRBR Layout,78.0634307261426,yearly,3.0,4 Covered,,,Residential House,Ready to Move,owner,,family,,7.0,18043.478260869564,,7.0,True,True,"7 BHK, Residential House is available for Sale in Block 3rd HRBR Layout, Bangalore for 8.3 Crore(s)|83000000|4600.0|Block 3rd HRBR Layout|Residential House|owner",1,False,False,1.0,Block 3rd HRBR Layout,18535293.668988436,64464706.33101156,347.7943618388309,347.7943618388309,True,Potentially Overpriced,Large positive price deviation + Extreme area,Potentially Overpriced,Extreme Area
9000000,"Banquet Hall,Jogging and Strolling Track,Laundry Service,Internet/Wi-Fi Connectivity,RO Water System,Visitor Parking,Conference Room","2 BHK, Residential House is available for Sale in Mathikere, Bangalore for 90.0 Lac(s)",,,Bangalore,4758.0,,,,"Channasandra Main Road, Nagondanahalli",13.89051409430041,Whitefield,78.70793207128277,monthly,3.0,1 Open,,,Villa,Ready to Move,contractor,,onlyboys,,2.0,1891.5510718789408,,2.0,False,True,"2 BHK, Residential House is available for Sale in Mathikere, Bangalore for 90.0 Lac(s)|9000000|4758.0|Whitefield|Villa|contractor",1,False,False,0.5,Whitefield,2722590.70039606,6277409.29960394,230.5674995029827,230.5674995029827,True,Potentially Overpriced,Large positive price deviation + Extreme area,Potentially Overpriced,Extreme Area
6500000,"Skyline View,House help accommodation,Downtown","3 BHK, Residential House is available for Sale in Vijayanagar, Bangalore for 65.0 Lac(s)",,,Bangalore,1250.0,,,,"Channasandra Main Road, Nagondanahalli",13.41614931745378,Sir M V Nagar,78.51753823114996,monthly,3.0,1 Covered,,,Residential House,Ready to Move,builder,,family,,3.0,5200.0,,3.0,False,False,"3 BHK, Residential House is available for Sale in Vijayanagar, Bangalore for 65.0 Lac(s)|6500000|1250.0|Sir M V Nagar|Residential House|builder",1,False,False,1.0,Sir M V Nagar,13620258.668199377,-7120258.668199377,-52.27697095668072,52.27697095668072,False,Potentially Underpriced,Large negative price deviation,Potentially Underpriced,None
7100000,Visitor Parking,"3 BHK, Residential House is available for Sale in Bidarahalli, Bangalore for 71.0 Lac(s)",,,Bangalore,2000.0,,,,"Channasandra Main Road, Nagondanahalli",13.49950289537438,Banaswadi,78.2526568315122,quarterly,3.0,1 Open,,,Villa,Ready to Move,owner,,onlygirls,,3.0,3550.0,,3.0,False,False,"3 BHK, Residential House is available for Sale in Bidarahalli, Bangalore for 71.0 Lac(s)|7100000|2000.0|Banaswadi|Villa|owner",1,False,False,0.5,Other,15334667.300200658,-8234667.300200658,-53.69968020168853,53.69968020168853,False,Potentially Underpriced,Large negative price deviation,Potentially Underpriced,None
90000000,Visitor Parking,"4 BHK, Villa is available for Sale in Whitefield, Bangalore for 9.0 Crore(s)",,,Bangalore,2000.0,,,,"Channasandra Main Road, Nagondanahalli",13.49950289537438,Banaswadi,78.2526568315122,yearly,3.0,1 Open,,,Villa,Ready to Move,agent,,couples,,4.0,45000.0,,4.0,True,False,"4 BHK, Villa is available for Sale in Whitefield, Bangalore for 9.0 Crore(s)|90000000|2000.0|Banaswadi|Villa|agent",1,False,False,0.5,Other,19233869.36375312,70766130.63624687,367.924567323973,367.924567323973,False,Potentially Overpriced,Large positive price deviation,Potentially Overpriced,None
53500000,"Skyline View,House help accommodation,Downtown","5 BHK, Residential House is available for Sale in Stage 2nd Hal, Bangalore for 5.3 Crore(s)",,,Bangalore,1250.0,,,,"Channasandra Main Road, Nagondanahalli",13.41614931745378,Sir M V Nagar,78.51753823114996,quarterly,3.0,1 Covered,,,Residential House,Ready to Move,builder,,couples,,5.0,42800.0,,5.0,False,False,"5 BHK, Residential House is available for Sale in Stage 2nd Hal, Bangalore for 5.3 Crore(s)|53500000|1250.0|Sir M V Nagar|Residential House|builder",1,False,False,1.0,Sir M V Nagar,15576192.47704415,37923807.52295585,243.4728999326833,243.4728999326833,False,Potentially Overpriced,Large positive price deviation,Potentially Overpriced,None
1490000,"Water Front,Wine Cellar,Private pool ,Air Conditioned,Visitor Parking","2 BHK, Residential House is available for Sale in Bannerghatta Main Road, Bangalore for 14.90 Lac(s)",,,Bangalore,2400.0,,,,"Channasandra Main Road, Nagondanahalli",13.063582219634554,Block 4th Stage 6th Banashankari,77.77636207566132,quarterly,3.0,2 Covered,,,Residential House,Ready to Move,builder,,bachelors,,2.0,620.8333333333334,,2.0,False,False,"2 BHK, Residential House is available for Sale in Bannerghatta Main Road, Bangalore for 14.90 Lac(s)|1490000|2400.0|Block 4th Stage 6th Banashankari|Residential House|builder",1,False,False,1.0,Other,14195256.596499063,-12705256.596499063,-89.50353598844086,89.50353598844086,False,Potentially Underpriced,Large negative price deviation,Potentially Underpriced,None
400000000,"Private Garage,RO Water System,Conference Room","7 BHK, Residential House is available for Sale in Sadashiva Nagar, Bangalore for 40.0 Crore(s)",,,Bangalore,2775.0,,,,"Channasandra Main Road, Nagondanahalli",13.515401563077718,Talaghattapura,78.0696562493137,yearly,3.0,10 Covered,,,Villa,Ready to Move,agent,,couples,,7.0,144144.14414414414,,7.0,True,False,"7 BHK, Residential House is available for Sale in Sadashiva Nagar, Bangalore for 40.0 Crore(s)|400000000|2775.0|Talaghattapura|Villa|agent",1,False,False,1.0,Other,21946564.60022056,378053435.39977944,1722.608719343619,1722.608719343619,False,Potentially Overpriced,Large positive price deviation,Potentially Overpriced,None
10000000,"Water Front,Wine Cellar,Private pool ,Air Conditioned,Visitor Parking","5 BHK, Residential House is available for Sale in Naagarabhaavi, Bangalore for 1.0 Crore(s)",,,Bangalore,2400.0,,,,"Channasandra Main Road, Nagondanahalli",13.063582219634554,Block 4th Stage 6th Banashankari,77.77636207566132,yearly,3.0,2 Covered,,,Residential House,Ready to Move,contractor,,onlyboys,,5.0,4166.666666666667,,5.0,False,False,"5 BHK, Residential House is available for Sale in Naagarabhaavi, Bangalore for 1.0 Crore(s)|10000000|2400.0|Block 4th Stage 6th Banashankari|Residential House|contractor",1,False,False,1.0,Other,24284614.264221147,-14284614.264221147,-58.82166423893693,58.82166423893693,False,Potentially Underpriced,Large negative price deviation,Potentially Underpriced,None
48000000,"Private jaccuzi,Bar/Lounge,House help accommodation,Air Conditioned,Internet/Wi-Fi Connectivity,RO Water System","3 BHK, Residential House is available for Sale in Stage 2nd BTM Layout, Bangalore for 4.8 Crore(s)",,,Bangalore,4600.0,,,,"Channasandra Main Road, Nagondanahalli",13.281540158446669,Block 3rd HRBR Layout,78.0634307261426,monthly,3.0,4 Covered,,,Residential House,Ready to Move,builder,,onlygirls,,3.0,10434.782608695652,,3.0,False,True,"3 BHK, Residential House is available for Sale in Stage 2nd BTM Layout, Bangalore for 4.8 Crore(s)|48000000|4600.0|Block 3rd HRBR Layout|Residential House|builder",1,False,False,1.0,Block 3rd HRBR Layout,17905973.708355673,30094026.291644327,168.06696347153243,168.06696347153243,True,Potentially Overpriced,Large positive price deviation + Extreme area,Potentially Overpriced,Extreme Area
10200000,"Private jaccuzi,Bar/Lounge,House help accommodation,Air Conditioned,Internet/Wi-Fi Connectivity,RO Water System","3 BHK, Villa is available for Sale in , Bangalore for 1.2 Crore(s)",,,Bangalore,4600.0,,,,"Channasandra Main Road, Nagondanahalli",13.281540158446669,Block 3rd HRBR Layout,78.0634307261426,quarterly,3.0,4 Covered,,,Residential House,Ready to Move,builder,,couples,,3.0,2217.391304347826,,3.0,False,True,"3 BHK, Villa is available for Sale in , Bangalore for 1.2 Crore(s)|10200000|4600.0|Block 3rd HRBR Layout|Residential House|builder",1,False,False,1.0,Block 3rd HRBR Layout,21921061.04816495,-11721061.048164949,-53.469405620519176,53.469405620519176,True,Potentially Underpriced,Large negative price deviation + Extreme area,Potentially Underpriced,Extreme Area
12000000,"Visitor Parking,Conference Room","5 BHK, Residential House is available for Sale in Horamavu Agara, Bangalore for 1.2 Crore(s)",,,Bangalore,4700.0,,,,"Channasandra Main Road, Nagondanahalli",13.151251849513486,Naagarabhaavi,78.50273414599809,halfyearly,3.0,1 Covered,,,Villa,Ready to Move,contractor,,couples,,5.0,2553.191489361702,,5.0,False,True,"5 BHK, Residential House is available for Sale in Horamavu Agara, Bangalore for 1.2 Crore(s)|12000000|4700.0|Naagarabhaavi|Villa|contractor",1,False,False,1.0,Other,34902988.199856184,-22902988.199856184,-65.61898960831827,65.61898960831827,True,Potentially Underpriced,Large negative price deviation + Extreme area,Potentially Underpriced,Extreme Area
9800000,"Jogging and Strolling Track,Visitor Parking","3 BHK, Villa is available for Sale in Doddahagade, Bangalore for 98.0 Lac(s)",,,Bangalore,1515.0,,,,"Channasandra Main Road, Nagondanahalli",13.217851342149414,"Vs Reddy Colony, Kadugodi",77.90320435926323,halfyearly,3.0,1 Covered,,,Villa,Ready to Move,contractor,,onlygirls,,3.0,6468.646864686469,,3.0,False,False,"3 BHK, Villa is available for Sale in Doddahagade, Bangalore for 98.0 Lac(s)|9800000|1515.0|Vs Reddy Colony, Kadugodi|Villa|contractor",1,False,False,1.0,Other,20142620.829040058,-10342620.829040058,-51.34694693815054,51.34694693815054,False,Potentially Underpriced,Large negative price deviation,Potentially Underpriced,None
7600000,Visitor Parking,"3 BHK, Villa is available for Sale in Sarjapura, Bangalore for 76.0 Lac(s)",,,Bangalore,1200.0,Granite,,,"Channasandra Main Road, Nagondanahalli",13.063582219634554,Ganigarapalya,77.77636207566132,yearly,3.0,10 Covered,Oct '21,,Residential House,Ready to Move,owner,,onlygirls,,3.0,6333.333333333333,,3.0,False,False,"3 BHK, Villa is available for Sale in Sarjapura, Bangalore for 76.0 Lac(s)|7600000|1200.0|Ganigarapalya|Residential House|owner",1,False,False,1.0,Other,22759147.163686547,-15159147.163686547,-66.60683308851655,66.60683308851655,False,Potentially Underpriced,Large negative price deviation,Potentially Underpriced,None
15200000,"Private jaccuzi,Bar/Lounge,House help accommodation,Air Conditioned,Internet/Wi-Fi Connectivity,RO Water System","10 BHK, Residential House is available for Sale in Narasimhaswamy Nagar, Bangalore for 1.5 Crore(s)",,,Bangalore,4600.0,,,,"Channasandra Main Road, Nagondanahalli",13.281540158446669,Block 3rd HRBR Layout,78.0634307261426,quarterly,3.0,4 Covered,,,Residential House,Ready to Move,contractor,,onlyboys,,10.0,3304.3478260869565,,10.0,False,True,"10 BHK, Residential House is available for Sale in Narasimhaswamy Nagar, Bangalore for 1.5 Crore(s)|15200000|4600.0|Block 3rd HRBR Layout|Residential House|contractor",1,False,False,1.0,Block 3rd HRBR Layout,46655854.68205109,-31455854.682051092,-67.42102335583712,67.42102335583712,True,Potentially Underpriced,Large negative price deviation + Extreme area,Potentially Underpriced,Extreme Area
7600000,Visitor Parking,"3 BHK, Residential House is available for Sale in BDA Layout HSR Layout, Bangalore for 76.0 Lac(s)",,,Bangalore,1030.0,,,,"Channasandra Main Road, Nagondanahalli",13.290596942956627,Kasturi Nagar,77.68474954806914,monthly,3.0,"1 Covered, 1 Open",,,Residential House,Ready to Move,contractor,,onlygirls,,3.0,7378.640776699029,,3.0,False,False,"3 BHK, Residential House is available for Sale in BDA Layout HSR Layout, Bangalore for 76.0 Lac(s)|7600000|1030.0|Kasturi Nagar|Residential House|contractor",1,False,False,1.5,Other,15847635.767342893,-8247635.767342893,-52.04331982653675,52.04331982653675,False,Potentially Underpriced,Large negative price deviation,Potentially Underpriced,None
32500000,Visitor Parking,"5 BHK, Villa is available for Sale in Electronic City, Bangalore for 3.2 Crore(s)",,,Bangalore,700.0,,,,"Channasandra Main Road, Nagondanahalli",13.101098400683108,Hanumanthnagar,78.0419893500847,halfyearly,3.0,1 Open,,,Residential House,Ready to Move,contractor,,onlyboys,,5.0,46428.57142857143,,5.0,False,False,"5 BHK, Villa is available for Sale in Electronic City, Bangalore for 3.2 Crore(s)|32500000|700.0|Hanumanthnagar|Residential House|contractor",1,False,False,0.5,Other,11497072.628034648,21002927.371965352,182.6806531668894,182.6806531668894,False,Potentially Overpriced,Large positive price deviation,Potentially Overpriced,None
12500000,"Private jaccuzi,Bar/Lounge,House help accommodation,Air Conditioned,Internet/Wi-Fi Connectivity,RO Water System","7 BHK, Residential House is available for Sale in Maragondanahalli, Bangalore for 1.2 Crore(s)",,,Bangalore,4600.0,,,,"Channasandra Main Road, Nagondanahalli",13.281540158446669,Block 3rd HRBR Layout,78.0634307261426,quarterly,3.0,2 Covered,,,Residential House,Ready to Move,contractor,,onlygirls,,7.0,2717.391304347826,,7.0,False,True,"7 BHK, Residential House is available for Sale in Maragondanahalli, Bangalore for 1.2 Crore(s)|12500000|4600.0|Block 3rd HRBR Layout|Residential House|contractor",1,False,False,1.0,Block 3rd HRBR Layout,28719195.676389143,-16219195.676389143,-56.47510417474331,56.47510417474331,True,Potentially Underpriced,Large negative price deviation + Extreme area,Potentially Underpriced,Extreme Area
14000000,"Private jaccuzi,Bar/Lounge,House help accommodation,Air Conditioned,Internet/Wi-Fi Connectivity,RO Water System","5 BHK, Residential House is available for Sale in Ramachandrapura Jalahalli East, Bangalore for 1.4 Crore(s)",,,Bangalore,4600.0,,,,"Channasandra Main Road, Nagondanahalli",13.281540158446669,Block 3rd HRBR Layout,78.0634307261426,yearly,3.0,2 Covered,,,Residential House,Ready to Move,agent,,couples,,5.0,3043.478260869565,,5.0,False,True,"5 BHK, Residential House is available for Sale in Ramachandrapura Jalahalli East, Bangalore for 1.4 Crore(s)|14000000|4600.0|Block 3rd HRBR Layout|Residential House|agent",1,False,False,1.0,Block 3rd HRBR Layout,28829734.43207148,-14829734.43207148,-51.43902545135561,51.43902545135561,True,Potentially Underpriced,Large negative price deviation + Extreme area,Potentially Underpriced,Extreme Area
4500000,Visitor Parking,"6 BHK, Residential House is available for Sale in Ejipura, Bangalore for 45.0 Lac(s)",,,Bangalore,700.0,,,,"Channasandra Main Road, Nagondanahalli",13.101098400683108,Hanumanthnagar,78.0419893500847,quarterly,3.0,1 Open,,,Residential House,Ready to Move,contractor,,couples,,6.0,6428.571428571428,,6.0,False,False,"6 BHK, Residential House is available for Sale in Ejipura, Bangalore for 45.0 Lac(s)|4500000|700.0|Hanumanthnagar|Residential House|contractor",1,False,False,0.5,Other,25917400.317799002,-21417400.317799002,-82.63714745761138,82.63714745761138,False,Potentially Underpriced,Large negative price deviation,Potentially Underpriced,None
50000000,Conference Room,"5 BHK, Residential House is available for Sale in Rajajinagar, Bangalore for 5.0 Crore(s)",,,Bangalore,2750.0,"Vitrified,Granite",,,"Channasandra Main Road, Nagondanahalli",13.78664305310393,Rajajinagar,78.22117413347735,monthly,3.0,1 Covered,Apr '23,,Residential House,Ready to Move,agent,,family,,5.0,18181.81818181818,,5.0,False,False,"5 BHK, Residential House is available for Sale in Rajajinagar, Bangalore for 5.0 Crore(s)|50000000|2750.0|Rajajinagar|Residential House|agent",1,False,False,1.0,Other,19776763.15969964,30223236.84030036,152.82195876162464,152.82195876162464,False,Potentially Overpriced,Large positive price deviation,Potentially Overpriced,None
16000000,"Private jaccuzi,Bar/Lounge,House help accommodation,Air Conditioned,Internet/Wi-Fi Connectivity,RO Water System","5 BHK, Residential House is available for Sale in Rajanukunte, Bangalore for 1.6 Crore(s)",,,Bangalore,4600.0,,,,"Channasandra Main Road, Nagondanahalli",13.281540158446669,Block 3rd HRBR Layout,78.0634307261426,quarterly,3.0,1 Open,,,Residential House,Ready to Move,owner,,family,,5.0,3478.2608695652175,,5.0,False,True,"5 BHK, Residential House is available for Sale in Rajanukunte, Bangalore for 1.6 Crore(s)|16000000|4600.0|Block 3rd HRBR Layout|Residential House|owner",1,False,False,0.5,Block 3rd HRBR Layout,48760917.497597344,-32760917.497597344,-67.18683564395936,67.18683564395936,True,Potentially Underpriced,Large negative price deviation + Extreme area,Potentially Underpriced,Extreme Area
54000000,"Private jaccuzi,Bar/Lounge,House help accommodation,Air Conditioned,Internet/Wi-Fi Connectivity,RO Water System","5 BHK, Residential House is available for Sale in Kumara Park East, Bangalore for 5.4 Crore(s)",,,Bangalore,4600.0,,,,"Channasandra Main Road, Nagondanahalli",13.281540158446669,Block 3rd HRBR Layout,78.0634307261426,quarterly,3.0,1 Open,,,Residential House,Ready to Move,contractor,,couples,,5.0,11739.130434782608,,5.0,False,True,"5 BHK, Residential House is available for Sale in Kumara Park East, Bangalore for 5.4 Crore(s)|54000000|4600.0|Block 3rd HRBR Layout|Residential House|contractor",1,False,False,0.5,Block 3rd HRBR Layout,17084146.146696534,36915853.85330346,216.08252198452234,216.08252198452234,True,Potentially Overpriced,Large positive price deviation + Extreme area,Potentially Overpriced,Extreme Area
16000000,"Banquet Hall,Outdoor Tennis Courts,Visitor Parking,Conference Room","4 BHK, Villa is available for Sale in Chandapura Anekal Road, Bangalore for 1.6 Crore(s)",4.0,500000.0,Bangalore,2845.0,"Vitrified,Marble",Unfurnished,East Facing Property,"Channasandra Main Road, Nagondanahalli",13.192960709249087,Chandapura Anekal Road,77.98563507092865,monthly,1.0,1 Covered,Jun '23,No/Rare Powercut,Villa,Ready to Move,contractor,,onlyboys,Water Availability 24 Hours Available,4.0,5623.90158172232,4.0,4.0,False,False,"4 BHK, Villa is available for Sale in Chandapura Anekal Road, Bangalore for 1.6 Crore(s)|16000000|2845.0|Chandapura Anekal Road|Villa|contractor",1,False,False,1.0,Other,35630006.132707834,-19630006.132707834,-55.094029620970986,55.094029620970986,False,Potentially Underpriced,Large negative price deviation,Potentially Underpriced,None
8000000,Visitor Parking,"3 BHK, Residential House is available for Sale in Yelahanka, Bangalore for 80.0 Lac(s)",,,Bangalore,1400.0,,,,"Channasandra Main Road, Nagondanahalli",13.6462396913953,Oil Mill Road,78.10296402171403,yearly,3.0,1 Covered,,,Residential House,Ready to Move,contractor,,onlyboys,,3.0,5714.285714285715,,3.0,False,False,"3 BHK, Residential House is available for Sale in Yelahanka, Bangalore for 80.0 Lac(s)|8000000|1400.0|Oil Mill Road|Residential House|contractor",1,False,False,1.0,Other,16299781.542319164,-8299781.542319164,-50.91958760778738,50.91958760778738,False,Potentially Underpriced,Large negative price deviation,Potentially Underpriced,None
10500000,Visitor Parking,"7 BHK, Residential House is available for Sale in Begur, Bangalore for 1.5 Crore(s)",,,Bangalore,1400.0,,,,"Channasandra Main Road, Nagondanahalli",13.6462396913953,Oil Mill Road,78.10296402171403,monthly,3.0,2 Covered,,,Residential House,Ready to Move,builder,,bachelors,,7.0,7500.0,,7.0,False,False,"7 BHK, Residential House is available for Sale in Begur, Bangalore for 1.5 Crore(s)|10500000|1400.0|Oil Mill Road|Residential House|builder",1,False,False,1.0,Other,22252715.25109875,-11752715.251098748,-52.81474695776034,52.81474695776034,False,Potentially Underpriced,Large negative price deviation,Potentially Underpriced,None
20000000,Private Garage,"4 BHK, Residential House is available for Sale in Vishweshwaraiah Layout Mallathahalli, Bangalore for 2.0 Crore(s)",,,Bangalore,3000.0,,,,"Channasandra Main Road, Nagondanahalli",,Vishweshwaraiah Layout Mallathahalli,,yearly,3.0,1 Covered,,,Residential House,Ready to Move,owner,,onlyboys,,4.0,6666.666666666667,,4.0,False,False,"4 BHK, Residential House is available for Sale in Vishweshwaraiah Layout Mallathahalli, Bangalore for 2.0 Crore(s)|20000000|3000.0|Vishweshwaraiah Layout Mallathahalli|Residential House|owner",1,False,False,1.0,Other,50284991.41469956,-30284991.414699562,-60.22670097512734,60.22670097512734,False,Potentially Underpriced,Large negative price deviation,Potentially Underpriced,None
8000000,Private Garage,"3 BHK, Residential House is available for Sale in Jigani, Bangalore for 80.0 Lac(s)",,,Bangalore,3000.0,,,,"Channasandra Main Road, Nagondanahalli",,Vishweshwaraiah Layout Mallathahalli,,halfyearly,3.0,1 Covered,,,Residential House,Ready to Move,contractor,,bachelors,,3.0,2666.6666666666665,,3.0,False,False,"3 BHK, Residential House is available for Sale in Jigani, Bangalore for 80.0 Lac(s)|8000000|3000.0|Vishweshwaraiah Layout Mallathahalli|Residential House|contractor",1,False,False,1.0,Other,16025463.405773945,-8025463.405773945,-50.079446706560674,50.079446706560674,False,Potentially Underpriced,Large negative price deviation,Potentially Underpriced,None
54500000,"Jogging and Strolling Track,Visitor Parking","5 BHK, Villa is available for Sale in Whitefield, Bangalore for 5.4 Crore(s)",,,Bangalore,1800.0,,,,"Channasandra Main Road, Nagondanahalli",,Parappana Agrahara,,halfyearly,3.0,"2 Covered, 1 Open",,,Villa,Ready to Move,contractor,,family,,5.0,30277.777777777777,,5.0,False,False,"5 BHK, Villa is available for Sale in Whitefield, Bangalore for 5.4 Crore(s)|54500000|1800.0|Parappana Agrahara|Villa|contractor",1,False,False,1.5,Other,21020547.902367175,33479452.097632825,159.27012108881627,159.27012108881627,False,Potentially Overpriced,Large positive price deviation,Potentially Overpriced,None
100000000,Visitor Parking,"3 BHK, Residential House is available for Sale in Kasturi Nagar, Bangalore for 10.0 Crore(s)",,,Bangalore,3000.0,,,,"Channasandra Main Road, Nagondanahalli",13.144382267012094,Amarjyoti Layout,77.98931444989121,monthly,3.0,"1 Covered, 1 Open",,,Residential House,Ready to Move,builder,,onlyboys,,3.0,33333.333333333336,,3.0,True,False,"3 BHK, Residential House is available for Sale in Kasturi Nagar, Bangalore for 10.0 Crore(s)|100000000|3000.0|Amarjyoti Layout|Residential House|builder",1,False,False,1.5,Other,14606816.777786162,85393183.22221383,584.611859800135,584.611859800135,False,Potentially Overpriced,Large positive price deviation,Potentially Overpriced,None
42000000,Visitor Parking,"6 BHK, Residential House is available for Sale in Stage 3rd Banashankari, Bangalore for 4.2 Crore(s)",,,Bangalore,2050.0,,,,"Channasandra Main Road, Nagondanahalli",13.463215230407856,Hoskote,78.12814958979119,monthly,3.0,"2 Covered, 1 Open",,,Villa,Ready to Move,contractor,,family,,6.0,20487.80487804878,,6.0,False,False,"6 BHK, Residential House is available for Sale in Stage 3rd Banashankari, Bangalore for 4.2 Crore(s)|42000000|2050.0|Hoskote|Villa|contractor",1,False,False,1.5,Other,15523563.287115602,26476436.712884396,170.55643877111365,170.55643877111365,False,Potentially Overpriced,Large positive price deviation,Potentially Overpriced,None
11000000,Visitor Parking,"4 BHK, Residential House is available for Sale in Kasturi Nagar, Bangalore for 1.1 Crore(s)",,,Bangalore,2050.0,,,,"Channasandra Main Road, Nagondanahalli",13.463215230407856,Hoskote,78.12814958979119,yearly,3.0,"2 Covered, 1 Open",,,Villa,Ready to Move,contractor,,bachelors,,4.0,5365.8536585365855,,4.0,False,False,"4 BHK, Residential House is available for Sale in Kasturi Nagar, Bangalore for 1.1 Crore(s)|11000000|2050.0|Hoskote|Villa|contractor",1,False,False,1.5,Other,22506504.104006663,-11506504.104006663,-51.12523940116602,51.12523940116602,False,Potentially Underpriced,Large negative price deviation,Potentially Underpriced,None
11000000,Visitor Parking,"6 BHK, Residential House is available for Sale in Mudalapalya, Bangalore for 1.1 Crore(s)",,,Bangalore,2050.0,,,,"Channasandra Main Road, Nagondanahalli",13.463215230407856,Hoskote,78.12814958979119,halfyearly,3.0,"2 Covered, 1 Open",,,Villa,Ready to Move,contractor,,onlygirls,,6.0,5365.8536585365855,,6.0,False,False,"6 BHK, Residential House is available for Sale in Mudalapalya, Bangalore for 1.1 Crore(s)|11000000|2050.0|Hoskote|Villa|contractor",1,False,False,1.5,Other,27786810.453509364,-16786810.453509364,-60.41287279659424,60.41287279659424,False,Potentially Underpriced,Large negative price deviation,Potentially Underpriced,None
8000000,Visitor Parking,"5 BHK, Residential House is available for Sale in Bannerghatta Main Road, Bangalore for 80.0 Lac(s)",,,Bangalore,2160.0,,,,"Channasandra Main Road, Nagondanahalli",13.221600145270084,Bannerghatta Main Road,77.78659514935131,halfyearly,3.0,1 Covered,,,Residential House,Ready to Move,owner,,onlyboys,,5.0,3703.703703703704,,5.0,False,False,"5 BHK, Residential House is available for Sale in Bannerghatta Main Road, Bangalore for 80.0 Lac(s)|8000000|2160.0|Bannerghatta Main Road|Residential House|owner",1,False,False,1.0,Bannerghatta Main Road,30645856.12214297,-22645856.12214297,-73.89532872530961,73.89532872530961,False,Potentially Underpriced,Large negative price deviation,Potentially Underpriced,None
30000000,Visitor Parking,"3 BHK, Residential House is available for Sale in Chikka Banaswadi, Bangalore for 3.0 Crore(s)",,,Bangalore,2700.0,,,,"Channasandra Main Road, Nagondanahalli",13.106209733519735,"Chikka Banaswadi, Banaswadi",77.76994159002568,monthly,3.0,"1 Covered, 1 Open",,,Residential House,Ready to Move,owner,,onlyboys,,3.0,11111.111111111111,,3.0,False,False,"3 BHK, Residential House is available for Sale in Chikka Banaswadi, Bangalore for 3.0 Crore(s)|30000000|2700.0|Chikka Banaswadi, Banaswadi|Residential House|owner",1,False,False,1.5,Other,9624651.684900641,20375348.31509936,211.69959165446622,211.69959165446622,False,Potentially Overpriced,Large positive price deviation,Potentially Overpriced,None
45000000,Visitor Parking,"7 BHK, Residential House is available for Sale in Koramangala, Bangalore for 4.5 Crore(s)",,,Bangalore,2700.0,,,,"Channasandra Main Road, Nagondanahalli",13.106209733519735,"Chikka Banaswadi, Banaswadi",77.76994159002568,monthly,3.0,"1 Covered, 1 Open",,,Residential House,Ready to Move,owner,,couples,,7.0,16666.666666666668,,7.0,False,False,"7 BHK, Residential House is available for Sale in Koramangala, Bangalore for 4.5 Crore(s)|45000000|2700.0|Chikka Banaswadi, Banaswadi|Residential House|owner",1,False,False,1.5,Other,20287156.394680265,24712843.605319735,121.81521709863677,121.81521709863677,False,Potentially Overpriced,Large positive price deviation,Potentially Overpriced,None
6300000,Visitor Parking,"3 BHK, Residential House is available for Sale in Attur Layout, Bangalore for 63.0 Lac(s)",,,Bangalore,2700.0,,,,"Channasandra Main Road, Nagondanahalli",13.106209733519735,"Chikka Banaswadi, Banaswadi",77.76994159002568,halfyearly,3.0,"1 Covered, 1 Open",,,Residential House,Ready to Move,owner,,couples,,3.0,2333.3333333333335,,3.0,False,False,"3 BHK, Residential House is available for Sale in Attur Layout, Bangalore for 63.0 Lac(s)|6300000|2700.0|Chikka Banaswadi, Banaswadi|Residential House|owner",1,False,False,1.5,Other,19294042.80851823,-12994042.80851823,-67.34743432196295,67.34743432196295,False,Potentially Underpriced,Large negative price deviation,Potentially Underpriced,None
10000000,Visitor Parking,"7 BHK, Residential House is available for Sale in Kalyan Nagar, Bangalore for 1.0 Crore(s)",,,Bangalore,2500.0,,,,"Channasandra Main Road, Nagondanahalli",13.066144429887231,Kalyan Nagar,77.70294916065775,yearly,3.0,1 Covered,,,Residential House,Ready to Move,builder,,bachelors,,7.0,4000.0,,7.0,False,False,"7 BHK, Residential House is available for Sale in Kalyan Nagar, Bangalore for 1.0 Crore(s)|10000000|2500.0|Kalyan Nagar|Residential House|builder",1,False,False,1.0,Other,20793414.73743087,-10793414.73743087,-51.90785098900235,51.90785098900235,False,Potentially Underpriced,Large negative price deviation,Potentially Underpriced,None
6000000,Visitor Parking,"3 BHK, Residential House is available for Sale in Haragadde, Bangalore for 60.0 Lac(s)",,,Bangalore,2500.0,,,,"Channasandra Main Road, Nagondanahalli",13.066144429887231,Kalyan Nagar,77.70294916065775,quarterly,3.0,1 Covered,,,Residential House,Ready to Move,agent,,couples,,3.0,2400.0,,3.0,False,False,"3 BHK, Residential House is available for Sale in Haragadde, Bangalore for 60.0 Lac(s)|6000000|2500.0|Kalyan Nagar|Residential House|agent",1,False,False,1.0,Other,12627499.542474953,-6627499.542474953,-52.48465478206609,52.48465478206609,False,Potentially Underpriced,Large negative price deviation,Potentially Underpriced,None
10200000,Visitor Parking,"8 BHK, Residential House is available for Sale in Naagarabhaavi, Bangalore for 1.2 Crore(s)",,,Bangalore,2500.0,,,,"Channasandra Main Road, Nagondanahalli",13.066144429887231,Kalyan Nagar,77.70294916065775,yearly,3.0,2 Covered,,,Residential House,Ready to Move,contractor,,bachelors,,8.0,4080.0,,8.0,False,False,"8 BHK, Residential House is available for Sale in Naagarabhaavi, Bangalore for 1.2 Crore(s)|10200000|2500.0|Kalyan Nagar|Residential House|contractor",1,False,False,1.0,Other,20766408.543599743,-10566408.543599743,-50.88221452166478,50.88221452166478,False,Potentially Underpriced,Large negative price deviation,Potentially Underpriced,None
4320000,"Town House,Water Front,Visitor Parking","2 BHK, Residential House is available for Sale in Bannerghatta Main Road, Bangalore for 43.20 Lac(s)",,,Bangalore,1140.0,,,,"Channasandra Main Road, Nagondanahalli",13.326862259735623,Kithiganur,78.46775548743204,quarterly,3.0,1 Covered,,,Residential House,Ready to Move,owner,,couples,,2.0,3789.4736842105262,,2.0,False,False,"2 BHK, Residential House is available for Sale in Bannerghatta Main Road, Bangalore for 43.20 Lac(s)|4320000|1140.0|Kithiganur|Residential House|owner",1,False,False,1.0,Other,11897056.171486132,-7577056.171486132,-63.68849623191816,63.68849623191816,False,Potentially Underpriced,Large negative price deviation,Potentially Underpriced,None
6510000,Visitor Parking,"4 BHK, Villa is available for Sale in Sulivara, Bangalore for 65.10 Lac(s)",,,Bangalore,1700.0,,,,"Channasandra Main Road, Nagondanahalli",13.437233709523849,Sulivara,77.67732447875082,halfyearly,3.0,1 Covered,,,Villa,Ready to Move,contractor,,onlyboys,,4.0,3829.4117647058824,,4.0,False,False,"4 BHK, Villa is available for Sale in Sulivara, Bangalore for 65.10 Lac(s)|6510000|1700.0|Sulivara|Villa|contractor",1,False,False,1.0,Other,25558949.24952012,-19048949.24952012,-74.52946935945644,74.52946935945644,False,Potentially Underpriced,Large negative price deviation,Potentially Underpriced,None
52500000,Visitor Parking,"5 BHK, Villa is available for Sale in Stage 5th RR Nagar, Bangalore for 5.2 Crore(s)",,,Bangalore,1700.0,,,,"Channasandra Main Road, Nagondanahalli",13.437233709523849,Sulivara,77.67732447875082,yearly,3.0,1 Covered,,,Villa,Ready to Move,contractor,,onlyboys,,5.0,30882.352941176472,,5.0,False,False,"5 BHK, Villa is available for Sale in Stage 5th RR Nagar, Bangalore for 5.2 Crore(s)|52500000|1700.0|Sulivara|Villa|contractor",1,False,False,1.0,Other,22488188.7702207,30011811.2297793,133.45588449311455,133.45588449311455,False,Potentially Overpriced,Large positive price deviation,Potentially Overpriced,None
50000000,Visitor Parking,"> 10 BHK, Residential House is available for Sale in Devinagar, Bangalore for 5.0 Crore(s)",,,Bangalore,1700.0,,,,"Channasandra Main Road, Nagondanahalli",13.437233709523849,Sulivara,77.67732447875082,quarterly,3.0,1 Covered,,,Villa,Ready to Move,agent,,onlyboys,,10.0,29411.764705882353,,10.0,False,False,"> 10 BHK, Residential House is available for Sale in Devinagar, Bangalore for 5.0 Crore(s)|50000000|1700.0|Sulivara|Villa|agent",1,False,False,1.0,Other,23546450.759866487,26453549.240133513,112.34622793012186,112.34622793012186,False,Potentially Overpriced,Large positive price deviation,Potentially Overpriced,None
36500000,"Air Conditioned,Jogging and Strolling Track,Outdoor Tennis Courts,Private Garage,Visitor Parking","4 BHK, Residential House is available for Sale in Choodasandra, Bangalore for 3.6 Crore(s)",,,Bangalore,1700.0,,,,"Channasandra Main Road, Nagondanahalli",13.437233709523849,Sulivara,77.67732447875082,yearly,3.0,2 Covered,,,Villa,Ready to Move,owner,,onlygirls,,4.0,21470.58823529412,,4.0,False,False,"4 BHK, Residential House is available for Sale in Choodasandra, Bangalore for 3.6 Crore(s)|36500000|1700.0|Sulivara|Villa|owner",1,False,False,1.0,Other,17922330.353945278,18577669.646054722,103.65655179414313,103.65655179414313,False,Potentially Overpriced,Large positive price deviation,Potentially Overpriced,None
12000000,"Town House,Skyline View,Wrap Around Balcony,Theme based Architectures,Internet/Wi-Fi Connectivity,Visitor Parking","4 BHK, Residential House is available for Sale in Block 3rd Stage 6th Banashankari, Bangalore for 1.2 Crore(s)",,,Bangalore,3500.0,,,,"Channasandra Main Road, Nagondanahalli",13.76128018670074,Kasturi Nagar,78.5784385889591,monthly,3.0,2 Covered,,,Residential House,Ready to Move,contractor,,onlyboys,,4.0,3428.5714285714284,,4.0,False,False,"4 BHK, Residential House is available for Sale in Block 3rd Stage 6th Banashankari, Bangalore for 1.2 Crore(s)|12000000|3500.0|Kasturi Nagar|Residential House|contractor",1,False,False,1.0,Other,28291158.614171345,-16291158.614171345,-57.58392166381948,57.58392166381948,False,Potentially Underpriced,Large negative price deviation,Potentially Underpriced,None
6900000,"Air Conditioned,Jogging and Strolling Track,Outdoor Tennis Courts,Private Garage,Visitor Parking","3 BHK, Residential House is available for Sale in , Bangalore for 69.0 Lac(s)",,,Bangalore,1700.0,,,,"Channasandra Main Road, Nagondanahalli",13.437233709523849,Sulivara,77.67732447875082,yearly,3.0,2 Covered,,,Villa,Ready to Move,builder,,couples,,3.0,4058.823529411765,,3.0,False,False,"3 BHK, Residential House is available for Sale in , Bangalore for 69.0 Lac(s)|6900000|1700.0|Sulivara|Villa|builder",1,False,False,1.0,Other,15736242.988213578,-8836242.988213578,-56.15217682411176,56.15217682411176,False,Potentially Underpriced,Large negative price deviation,Potentially Underpriced,None
13000000,"Jogging and Strolling Track,Visitor Parking","4 BHK, Residential House is available for Sale in Ramamurthy Nagar, Bangalore for 1.3 Crore(s)",,,Bangalore,3000.0,,,,"Channasandra Main Road, Nagondanahalli",13.497276330325413,Old Madras Road,78.08598742281443,quarterly,3.0,2 Covered,,,Villa,Ready to Move,builder,,family,,4.0,4333.333333333333,,4.0,False,False,"4 BHK, Residential House is available for Sale in Ramamurthy Nagar, Bangalore for 1.3 Crore(s)|13000000|3000.0|Old Madras Road|Villa|builder",1,False,False,1.0,Other,29397871.73897122,-16397871.738971218,-55.77911178254927,55.77911178254927,False,Potentially Underpriced,Large negative price deviation,Potentially Underpriced,None
50000000,"Theme based Architectures,House help accommodation","6 BHK, Residential House is available for Sale in Jayanagar Housing Society Layout, Bangalore for 5.0 Crore(s)",,,Bangalore,3015.0,,,,"Channasandra Main Road, Nagondanahalli",12.897948855435054,Maruthi Layout Hongasandra,77.99268520878292,quarterly,3.0,"1 Covered, 1 Open",,,Villa,Ready to Move,builder,,bachelors,,6.0,16583.74792703151,,6.0,False,False,"6 BHK, Residential House is available for Sale in Jayanagar Housing Society Layout, Bangalore for 5.0 Crore(s)|50000000|3015.0|Maruthi Layout Hongasandra|Villa|builder",1,False,False,1.5,Other,22328680.345901895,27671319.654098105,123.92725062758478,123.92725062758478,False,Potentially Overpriced,Large positive price deviation,Potentially Overpriced,None
2990000,"Theme based Architectures,House help accommodation","2 BHK, Villa is available for Sale in Bannerghatta Main Road, Bangalore for 29.90 Lac(s)",,,Bangalore,3015.0,,,,"Channasandra Main Road, Nagondanahalli",12.897948855435054,Maruthi Layout Hongasandra,77.99268520878292,yearly,3.0,"1 Covered, 1 Open",,,Villa,Ready to Move,owner,,family,,2.0,991.7081260364843,,2.0,False,False,"2 BHK, Villa is available for Sale in Bannerghatta Main Road, Bangalore for 29.90 Lac(s)|2990000|3015.0|Maruthi Layout Hongasandra|Villa|owner",1,False,False,1.5,Other,10884565.79670161,-7894565.79670161,-72.52991018800152,72.52991018800152,False,Potentially Underpriced,Large negative price deviation,Potentially Underpriced,None
6000000,"Theme based Architectures,House help accommodation","3 BHK, Residential House is available for Sale in Mathikere, Bangalore for 60.0 Lac(s)",,,Bangalore,3015.0,,,,"Channasandra Main Road, Nagondanahalli",12.897948855435054,Maruthi Layout Hongasandra,77.99268520878292,monthly,3.0,"1 Covered, 1 Open",,,Villa,Ready to Move,owner,,couples,,3.0,1990.0497512437812,,3.0,False,False,"3 BHK, Residential House is available for Sale in Mathikere, Bangalore for 60.0 Lac(s)|6000000|3015.0|Maruthi Layout Hongasandra|Villa|owner",1,False,False,1.5,Other,13370234.651816932,-7370234.6518169325,-55.12419821902949,55.12419821902949,False,Potentially Underpriced,Large negative price deviation,Potentially Underpriced,None
11500000,"Theme based Architectures,House help accommodation","1 BHK, Residential House is available for Sale in Kaveri Nagar Banagirinagara, Bangalore for 1.1 Crore(s)",,,Bangalore,3015.0,,,,"Channasandra Main Road, Nagondanahalli",12.897948855435054,Maruthi Layout Hongasandra,77.99268520878292,monthly,3.0,"1 Covered, 1 Open",,,Villa,Ready to Move,builder,,bachelors,,1.0,3814.262023217247,,1.0,False,False,"1 BHK, Residential House is available for Sale in Kaveri Nagar Banagirinagara, Bangalore for 1.1 Crore(s)|11500000|3015.0|Maruthi Layout Hongasandra|Villa|builder",1,False,False,1.5,Other,5257925.982268517,6242074.017731483,118.71741897436065,118.71741897436065,False,Potentially Overpriced,Large positive price deviation,Potentially Overpriced,None
5300000,"Theme based Architectures,House help accommodation","2 BHK, Residential House is available for Sale in Suryanagar, Bangalore for 53.0 Lac(s)",,,Bangalore,3015.0,,,,"Channasandra Main Road, Nagondanahalli",12.897948855435054,Maruthi Layout Hongasandra,77.99268520878292,monthly,3.0,1 Covered,,,Villa,Ready to Move,agent,,onlyboys,,2.0,1757.87728026534,,2.0,False,False,"2 BHK, Residential House is available for Sale in Suryanagar, Bangalore for 53.0 Lac(s)|5300000|3015.0|Maruthi Layout Hongasandra|Villa|agent",1,False,False,1.0,Other,11047428.833473856,-5747428.833473856,-52.02503605236243,52.02503605236243,False,Potentially Underpriced,Large negative price deviation,Potentially Underpriced,None
14000000,"Jogging and Strolling Track,Visitor Parking","4 BHK, Residential House is available for Sale in Vinayaka Extension Nayanda Halli, Bangalore for 1.4 Crore(s)",,,Bangalore,3700.0,,,,"Channasandra Main Road, Nagondanahalli",13.028746187311455,Phase 2 Electronic City,77.9182734464562,halfyearly,3.0,3 Covered,,,Villa,Ready to Move,agent,,bachelors,,4.0,3783.7837837837837,,4.0,False,False,"4 BHK, Residential House is available for Sale in Vinayaka Extension Nayanda Halli, Bangalore for 1.4 Crore(s)|14000000|3700.0|Phase 2 Electronic City|Villa|agent",1,False,False,1.0,Phase 2 Electronic City,28208943.24041547,-14208943.240415469,-50.370349287165276,50.370349287165276,False,Potentially Underpriced,Large negative price deviation,Potentially Underpriced,None
10500000,"Theme based Architectures,House help accommodation","4 BHK, Residential House is available for Sale in Annasandrapalya Extension, Bangalore for 1.5 Crore(s)",,,Bangalore,3015.0,,,,"Channasandra Main Road, Nagondanahalli",12.897948855435054,Maruthi Layout Hongasandra,77.99268520878292,monthly,3.0,1 Covered,,,Villa,Ready to Move,contractor,,family,,4.0,3482.587064676617,,4.0,False,False,"4 BHK, Residential House is available for Sale in Annasandrapalya Extension, Bangalore for 1.5 Crore(s)|10500000|3015.0|Maruthi Layout Hongasandra|Villa|contractor",1,False,False,1.0,Other,32500311.2605856,-22000311.2605856,-67.69261710815132,67.69261710815132,False,Potentially Underpriced,Large negative price deviation,Potentially Underpriced,None
17200000,"Theme based Architectures,House help accommodation","> 10 BHK, Residential House is available for Sale in , Bangalore for 1.7 Crore(s)",,,Bangalore,3015.0,,,,"Channasandra Main Road, Nagondanahalli",12.897948855435054,Maruthi Layout Hongasandra,77.99268520878292,halfyearly,3.0,"2 Covered, 2 Open",,,Villa,Ready to Move,contractor,,onlygirls,,10.0,5704.809286898839,,10.0,False,False,"> 10 BHK, Residential House is available for Sale in , Bangalore for 1.7 Crore(s)|17200000|3015.0|Maruthi Layout Hongasandra|Villa|contractor",1,False,False,1.5,Other,53717727.5500867,-36517727.5500867,-67.98077509149539,67.98077509149539,False,Potentially Underpriced,Large negative price deviation,Potentially Underpriced,None
6200000,"Jogging and Strolling Track,Visitor Parking","1 BHK, Residential House is available for Sale in Hoskote, Bangalore for 62.0 Lac(s)",,,Bangalore,3700.0,,,,"Channasandra Main Road, Nagondanahalli",13.028746187311455,Phase 2 Electronic City,77.9182734464562,yearly,3.0,3 Covered,,,Villa,Ready to Move,builder,,onlyboys,,1.0,1675.6756756756756,,1.0,False,False,"1 BHK, Residential House is available for Sale in Hoskote, Bangalore for 62.0 Lac(s)|6200000|3700.0|Phase 2 Electronic City|Villa|builder",1,False,False,1.0,Phase 2 Electronic City,2831675.494994225,3368324.505005775,118.95164226833994,118.95164226833994,False,Potentially Overpriced,Large positive price deviation,Potentially Overpriced,None
20000000,"Air Conditioned,Banquet Hall,Jogging and Strolling Track,Conference Room","1 BHK, Residential House is available for Sale in Kaveri Nagar Kaval Bairasandra, Bangalore for 2.0 Crore(s)",,,Bangalore,3700.0,,,,"Channasandra Main Road, Nagondanahalli",13.028746187311455,Phase 2 Electronic City,77.9182734464562,monthly,3.0,"1 Covered, 1 Open",,,Villa,Ready to Move,builder,,onlyboys,,1.0,5405.405405405405,,1.0,False,False,"1 BHK, Residential House is available for Sale in Kaveri Nagar Kaval Bairasandra, Bangalore for 2.0 Crore(s)|20000000|3700.0|Phase 2 Electronic City|Villa|builder",1,False,False,1.5,Phase 2 Electronic City,4790043.815732983,15209956.184267018,317.53271513529063,317.53271513529063,False,Potentially Overpriced,Large positive price deviation,Potentially Overpriced,None
2700000,"Water Front,Skydeck,Concierge Services,Wine Cellar,Full Glass Wall,Bar/Lounge,Fingerprint Access,Health club with Steam / Jaccuzi,House help accommodation,Banquet Hall,Jogging and Strolling Track,Outdoor Tennis Courts,Internet/Wi-Fi Connectivity,RO Water System,Visitor Parking,Intercom Facility,Conference Room,Mansion","2 BHK, Residential House is available for Sale in Devanahalli, Bangalore for 27.0 Lac(s)",4.0,5000000.0,Bangalore,2800.0,Vitrified,Unfurnished,East Facing Property,Bannerghatta Road,13.693504848266278,Gottigere,78.13650422755454,quarterly,2.0,2 Covered,Dec '24,No/Rare Powercut,Villa,Under Construction,owner,10280.0,onlyboys,Water Availability 24 Hours Available,2.0,964.2857142857143,4.0,2.0,False,False,"2 BHK, Residential House is available for Sale in Devanahalli, Bangalore for 27.0 Lac(s)|2700000|2800.0|Gottigere|Villa|owner",1,False,False,1.0,Other,9949150.969183275,-7249150.9691832755,-72.8620059303247,72.8620059303247,False,Potentially Underpriced,Large negative price deviation,Potentially Underpriced,None
80000000,"Air Conditioned,Banquet Hall,Jogging and Strolling Track,Conference Room","4 BHK, Residential House is available for Sale in Domlur, Bangalore for 8.0 Crore(s)",,,Bangalore,3700.0,,,,"Channasandra Main Road, Nagondanahalli",13.028746187311455,Phase 2 Electronic City,77.9182734464562,quarterly,3.0,"1 Covered, 1 Open",,,Villa,Ready to Move,contractor,,couples,,4.0,21621.62162162162,,4.0,True,False,"4 BHK, Residential House is available for Sale in Domlur, Bangalore for 8.0 Crore(s)|80000000|3700.0|Phase 2 Electronic City|Villa|contractor",1,False,False,1.5,Phase 2 Electronic City,20694775.58523482,59305224.41476518,286.5709955177185,286.5709955177185,False,Potentially Overpriced,Large positive price deviation,Potentially Overpriced,None
15000000,"Water Front,Skydeck,Concierge Services,Wine Cellar,Full Glass Wall,Bar/Lounge,Fingerprint Access,Health club with Steam / Jaccuzi,House help accommodation,Banquet Hall,Jogging and Strolling Track,Outdoor Tennis Courts,Internet/Wi-Fi Connectivity,RO Water System,Visitor Parking,Intercom Facility,Conference Room,Mansion","2 BHK, Residential House is available for Sale in VSR Layout, Bangalore for 1.5 Crore(s)",4.0,5000000.0,Bangalore,2800.0,Vitrified,Unfurnished,East Facing Property,Bannerghatta Road,13.693504848266278,Gottigere,78.13650422755454,monthly,2.0,2 Covered,Dec '24,No/Rare Powercut,Villa,Under Construction,contractor,10280.0,bachelors,Water Availability 24 Hours Available,2.0,5357.142857142857,4.0,2.0,False,False,"2 BHK, Residential House is available for Sale in VSR Layout, Bangalore for 1.5 Crore(s)|15000000|2800.0|Gottigere|Villa|contractor",1,False,False,1.0,Other,6894758.564474321,8105241.435525679,117.55656648063714,117.55656648063714,False,Potentially Overpriced,Large positive price deviation,Potentially Overpriced,None
12000000,"Water Front,Skydeck,Concierge Services,Wine Cellar,Full Glass Wall,Bar/Lounge,Fingerprint Access,Health club with Steam / Jaccuzi,House help accommodation,Banquet Hall,Jogging and Strolling Track,Outdoor Tennis Courts,Internet/Wi-Fi Connectivity,RO Water System,Visitor Parking,Intercom Facility,Conference Room,Mansion","6 BHK, Residential House is available for Sale in Maruthi Sevanagar, Bangalore for 1.2 Crore(s)",4.0,5000000.0,Bangalore,2800.0,Vitrified,Unfurnished,East Facing Property,Bannerghatta Road,13.693504848266278,Gottigere,78.13650422755454,quarterly,2.0,2 Covered,Dec '24,No/Rare Powercut,Villa,Under Construction,contractor,10280.0,couples,Water Availability 24 Hours Available,6.0,4285.714285714285,4.0,6.0,False,False,"6 BHK, Residential House is available for Sale in Maruthi Sevanagar, Bangalore for 1.2 Crore(s)|12000000|2800.0|Gottigere|Villa|contractor",1,False,False,1.0,Other,26033571.625352353,-14033571.625352353,-53.90567159707735,53.90567159707735,False,Potentially Underpriced,Large negative price deviation,Potentially Underpriced,None
80000000,Bar/Lounge,"4 BHK, Residential House is available for Sale in Geleyara Balaga Layout Jalahalli West, Bangalore for 8.0 Crore(s)",,,Bangalore,3700.0,,,,"Channasandra Main Road, Nagondanahalli",13.028746187311455,Phase 2 Electronic City,77.9182734464562,monthly,3.0,2 Covered,,,Villa,Ready to Move,agent,,bachelors,,4.0,21621.62162162162,,4.0,True,False,"4 BHK, Residential House is available for Sale in Geleyara Balaga Layout Jalahalli West, Bangalore for 8.0 Crore(s)|80000000|3700.0|Phase 2 Electronic City|Villa|agent",1,False,False,1.0,Phase 2 Electronic City,28208943.24041547,51791056.75958453,183.59800407334131,183.59800407334131,False,Potentially Overpriced,Large positive price deviation,Potentially Overpriced,None
50000000,"Water Front,Skydeck,Concierge Services,Wine Cellar,Full Glass Wall,Bar/Lounge,Fingerprint Access,Health club with Steam / Jaccuzi,House help accommodation,Banquet Hall,Jogging and Strolling Track,Outdoor Tennis Courts,Internet/Wi-Fi Connectivity,RO Water System,Visitor Parking,Intercom Facility,Conference Room,Mansion","6 BHK, Residential House is available for Sale in Lal Bagh Main Road, Bangalore for 5.0 Crore(s)",4.0,5000000.0,Bangalore,2800.0,Vitrified,Unfurnished,East Facing Property,Bannerghatta Road,13.693504848266278,Gottigere,78.13650422755454,yearly,2.0,2 Covered,Dec '24,No/Rare Powercut,Villa,Under Construction,builder,10280.0,bachelors,Water Availability 24 Hours Available,6.0,17857.14285714286,4.0,6.0,False,False,"6 BHK, Residential House is available for Sale in Lal Bagh Main Road, Bangalore for 5.0 Crore(s)|50000000|2800.0|Gottigere|Villa|builder",1,False,False,1.0,Other,22311707.82570032,27688292.17429968,124.0975921278702,124.0975921278702,False,Potentially Overpriced,Large positive price deviation,Potentially Overpriced,None
7000000,"Water Front,Skydeck,Concierge Services,Wine Cellar,Full Glass Wall,Bar/Lounge,Fingerprint Access,Health club with Steam / Jaccuzi,House help accommodation,Banquet Hall,Jogging and Strolling Track,Outdoor Tennis Courts,Internet/Wi-Fi Connectivity,RO Water System,Visitor Parking,Intercom Facility,Conference Room,Mansion","5 BHK, Residential House is available for Sale in Gottigere, Bangalore for 70.0 Lac(s)",4.0,5000000.0,Bangalore,2800.0,Vitrified,Unfurnished,East Facing Property,Bannerghatta Road,13.693504848266278,Gottigere,78.13650422755454,yearly,2.0,2 Covered,Dec '24,No/Rare Powercut,Villa,Under Construction,agent,10280.0,bachelors,Water Availability 24 Hours Available,5.0,2500.0,4.0,5.0,False,False,"5 BHK, Residential House is available for Sale in Gottigere, Bangalore for 70.0 Lac(s)|7000000|2800.0|Gottigere|Villa|agent",1,False,False,1.0,Other,22316155.366428424,-15316155.366428424,-68.63258977605733,68.63258977605733,False,Potentially Underpriced,Large negative price deviation,Potentially Underpriced,None
7000000,"Theme based Architectures,Banquet Hall,Jogging and Strolling Track,Outdoor Tennis Courts,Private Garage","3 BHK, Residential House is available for Sale in Anandapura, Bangalore for 70.0 Lac(s)",,,Bangalore,6500.0,,,,"Channasandra Main Road, Nagondanahalli",,Chikkanagamangala,,quarterly,3.0,"1 Covered, 2 Open",,,Villa,Ready to Move,agent,,couples,,3.0,1076.923076923077,,3.0,False,True,"3 BHK, Residential House is available for Sale in Anandapura, Bangalore for 70.0 Lac(s)|7000000|6500.0|Chikkanagamangala|Villa|agent",1,False,False,1.5,Other,21721223.30500079,-14721223.30500079,-67.77345409276089,67.77345409276089,True,Potentially Underpriced,Large negative price deviation + Extreme area,Potentially Underpriced,Extreme Area
9500000,"Theme based Architectures,Banquet Hall,Jogging and Strolling Track,Outdoor Tennis Courts,Private Garage","2 BHK, Residential House is available for Sale in Hennagara, Bangalore for 95.0 Lac(s)",,,Bangalore,6500.0,,,,"Channasandra Main Road, Nagondanahalli",,Chikkanagamangala,,yearly,3.0,"1 Covered, 2 Open",,,Villa,Ready to Move,agent,,couples,,2.0,1461.5384615384614,,2.0,False,True,"2 BHK, Residential House is available for Sale in Hennagara, Bangalore for 95.0 Lac(s)|9500000|6500.0|Chikkanagamangala|Villa|agent",1,False,False,1.5,Other,27585724.751584273,-18085724.751584273,-65.56189809928989,65.56189809928989,True,Potentially Underpriced,Large negative price deviation + Extreme area,Potentially Underpriced,Extreme Area
65000000,Jogging and Strolling Track,"> 10 BHK, Villa is available for Sale in Brookefield, Bangalore for 6.5 Crore(s)",,,Bangalore,1200.0,,,,"Channasandra Main Road, Nagondanahalli",13.128237714727446,Kothnur Narayanapura,78.53279878774006,monthly,3.0,1 Covered,,,Villa,Ready to Move,builder,,family,,10.0,54166.666666666664,,10.0,True,False,"> 10 BHK, Villa is available for Sale in Brookefield, Bangalore for 6.5 Crore(s)|65000000|1200.0|Kothnur Narayanapura|Villa|builder",1,False,False,1.0,Kothnur Narayanapura,20219319.490117535,44780680.509882465,221.47471645506977,221.47471645506977,False,Potentially Overpriced,Large positive price deviation,Potentially Overpriced,None
20000000,"Theme based Architectures,Banquet Hall,Jogging and Strolling Track,Outdoor Tennis Courts,Private Garage","> 10 BHK, Residential House is available for Sale in Cox Town, Bangalore for 2.0 Crore(s)",,,Bangalore,6500.0,,,,"Channasandra Main Road, Nagondanahalli",,Chikkanagamangala,,quarterly,3.0,"1 Covered, 2 Open",,,Villa,Ready to Move,owner,,onlyboys,,10.0,3076.923076923077,,10.0,False,True,"> 10 BHK, Residential House is available for Sale in Cox Town, Bangalore for 2.0 Crore(s)|20000000|6500.0|Chikkanagamangala|Villa|owner",1,False,False,1.5,Other,40365290.007669106,-20365290.007669106,-50.45248034586114,50.45248034586114,True,Potentially Underpriced,Large negative price deviation + Extreme area,Potentially Underpriced,Extreme Area
15000000,"Theme based Architectures,Banquet Hall,Jogging and Strolling Track,Outdoor Tennis Courts,Private Garage","7 BHK, Residential House is available for Sale in , Bangalore for 1.5 Crore(s)",,,Bangalore,6500.0,,,,"Channasandra Main Road, Nagondanahalli",,Chikkanagamangala,,yearly,3.0,"1 Covered, 2 Open",,,Villa,Ready to Move,builder,,couples,,7.0,2307.6923076923076,,7.0,False,True,"7 BHK, Residential House is available for Sale in , Bangalore for 1.5 Crore(s)|15000000|6500.0|Chikkanagamangala|Villa|builder",1,False,False,1.5,Other,49641851.86814671,-34641851.86814671,-69.78356077480476,69.78356077480476,True,Potentially Underpriced,Large negative price deviation + Extreme area,Potentially Underpriced,Extreme Area
23000000,Jogging and Strolling Track,"2 BHK, Residential House is available for Sale in , Bangalore for 2.3 Crore(s)",,,Bangalore,1200.0,,,,"Channasandra Main Road, Nagondanahalli",13.128237714727446,Kothnur Narayanapura,78.53279878774006,quarterly,3.0,"2 Covered, 2 Open",,,Villa,Ready to Move,owner,,onlyboys,,2.0,19166.666666666668,,2.0,False,False,"2 BHK, Residential House is available for Sale in , Bangalore for 2.3 Crore(s)|23000000|1200.0|Kothnur Narayanapura|Villa|owner",1,False,False,1.5,Kothnur Narayanapura,9785137.49265213,13214862.50734787,135.05035077198656,135.05035077198656,False,Potentially Overpriced,Large positive price deviation,Potentially Overpriced,None
39000000,Jogging and Strolling Track,"  Residential House is available for Sale in Kodihalli, Bangalore for 3.9 Crore(s)",,,Bangalore,1200.0,,,,"Channasandra Main Road, Nagondanahalli",13.128237714727446,Kothnur Narayanapura,78.53279878774006,yearly,3.0,"2 Covered, 2 Open",,,Villa,Ready to Move,owner,,couples,,,32500.0,,,False,False,"  Residential House is available for Sale in Kodihalli, Bangalore for 3.9 Crore(s)|39000000|1200.0|Kothnur Narayanapura|Villa|owner",1,False,False,1.5,Kothnur Narayanapura,16909638.448071983,22090361.551928017,130.63769293332663,130.63769293332663,False,Potentially Overpriced,Large positive price deviation,Potentially Overpriced,None
60000000,Jogging and Strolling Track,"4 BHK, Residential House is available for Sale in , Bangalore for 6.0 Crore(s)",,,Bangalore,1200.0,,,,"Channasandra Main Road, Nagondanahalli",13.128237714727446,Kothnur Narayanapura,78.53279878774006,monthly,3.0,"2 Covered, 2 Open",,,Villa,Ready to Move,agent,,bachelors,,4.0,50000.0,,4.0,True,False,"4 BHK, Residential House is available for Sale in , Bangalore for 6.0 Crore(s)|60000000|1200.0|Kothnur Narayanapura|Villa|agent",1,False,False,1.5,Kothnur Narayanapura,18057269.637890298,41942730.362109706,232.2761480733476,232.2761480733476,False,Potentially Overpriced,Large positive price deviation,Potentially Overpriced,None
55000000,Jogging and Strolling Track,"7 BHK, Residential House is available for Sale in Koramangala, Bangalore for 5.5 Crore(s)",,,Bangalore,1200.0,,,,"Channasandra Main Road, Nagondanahalli",13.128237714727446,Kothnur Narayanapura,78.53279878774006,monthly,3.0,"2 Covered, 2 Open",,,Villa,Ready to Move,agent,,onlyboys,,7.0,45833.333333333336,,7.0,False,False,"7 BHK, Residential House is available for Sale in Koramangala, Bangalore for 5.5 Crore(s)|55000000|1200.0|Kothnur Narayanapura|Villa|agent",1,False,False,1.5,Kothnur Narayanapura,23182221.54461228,31817778.45538772,137.2507738059401,137.2507738059401,False,Potentially Overpriced,Large positive price deviation,Potentially Overpriced,None
20000000,Jogging and Strolling Track,"2 BHK, Residential House is available for Sale in Uttarahalli Hobli, Bangalore for 2.0 Crore(s)",,,Bangalore,1200.0,,,,"Channasandra Main Road, Nagondanahalli",13.128237714727446,Kothnur Narayanapura,78.53279878774006,halfyearly,3.0,"2 Covered, 2 Open",,,Villa,Ready to Move,contractor,,onlyboys,,2.0,16666.666666666668,,2.0,False,False,"2 BHK, Residential House is available for Sale in Uttarahalli Hobli, Bangalore for 2.0 Crore(s)|20000000|1200.0|Kothnur Narayanapura|Villa|contractor",1,False,False,1.5,Kothnur Narayanapura,9776456.408712411,10223543.591287589,104.57310055795625,104.57310055795625,False,Potentially Overpriced,Large positive price deviation,Potentially Overpriced,None
9999000,Jogging and Strolling Track,"4 BHK, Residential House is available for Sale in MHR Layout, Bangalore for 99.99 Lac(s)",,,Bangalore,1200.0,,,,"Channasandra Main Road, Nagondanahalli",13.128237714727446,Kothnur Narayanapura,78.53279878774006,monthly,3.0,2 Covered,,,Villa,Ready to Move,owner,,bachelors,,4.0,8332.5,,4.0,False,False,"4 BHK, Residential House is available for Sale in MHR Layout, Bangalore for 99.99 Lac(s)|9999000|1200.0|Kothnur Narayanapura|Villa|owner",1,False,False,1.0,Kothnur Narayanapura,21478115.38629951,-11479115.38629951,-53.44563608044412,53.44563608044412,False,Potentially Underpriced,Large negative price deviation,Potentially Underpriced,None
5400000,Jogging and Strolling Track,"> 10 BHK, Residential House is available for Sale in , Bangalore for 54.0 Lac(s)",,,Bangalore,1200.0,,,,"Channasandra Main Road, Nagondanahalli",13.128237714727446,Kothnur Narayanapura,78.53279878774006,yearly,3.0,2 Covered,,,Villa,Ready to Move,agent,,onlygirls,,10.0,4500.0,,10.0,False,False,"> 10 BHK, Residential House is available for Sale in , Bangalore for 54.0 Lac(s)|5400000|1200.0|Kothnur Narayanapura|Villa|agent",1,False,False,1.0,Kothnur Narayanapura,33450665.184543673,-28050665.184543673,-83.85682326432438,83.85682326432438,False,Potentially Underpriced,Large negative price deviation,Potentially Underpriced,None
5000000,Jogging and Strolling Track,"2 BHK, Residential House is available for Sale in Yadavanahalli, Bangalore for 50.0 Lac(s)",,,Bangalore,1200.0,,,,"Channasandra Main Road, Nagondanahalli",13.128237714727446,Kothnur Narayanapura,78.53279878774006,quarterly,3.0,2 Covered,,,Villa,Ready to Move,contractor,,bachelors,,2.0,4166.666666666667,,2.0,False,False,"2 BHK, Residential House is available for Sale in Yadavanahalli, Bangalore for 50.0 Lac(s)|5000000|1200.0|Kothnur Narayanapura|Villa|contractor",1,False,False,1.0,Kothnur Narayanapura,12911401.023041254,-7911401.023041254,-61.27453565203987,61.27453565203987,False,Potentially Underpriced,Large negative price deviation,Potentially Underpriced,None
58400000,Visitor Parking,"4 BHK, Villa is available for Sale in Whitefield, Bangalore for 5.8 Crore(s)",4.0,500000.0,Bangalore,2900.0,"Vitrified,Wooden",Unfurnished,East Facing Property,Close to Electronic city and also has good access to metro as well.,13.54940595586922,Sarjapur Road,77.81570823811786,monthly,3.0,1 Covered,Dec '25,No/Rare Powercut,Villa,Ready to Move,owner,8862.0,family,Water Availability 24 Hours Available,4.0,20137.931034482757,4.0,4.0,True,False,"4 BHK, Villa is available for Sale in Whitefield, Bangalore for 5.8 Crore(s)|58400000|2900.0|Sarjapur Road|Villa|owner",71,True,True,1.0,Sarjapur Road,27975875.723221403,30424124.276778597,108.7512847775665,108.7512847775665,False,Potentially Overpriced,Large positive price deviation + Repeated listing pattern,Potentially Overpriced,Repeated Listing
58400000,Visitor Parking,"4 BHK, Villa is available for Sale in Whitefield, Bangalore for 5.8 Crore(s)",4.0,500000.0,Bangalore,2900.0,"Vitrified,Wooden",Unfurnished,East Facing Property,Close to Electronic city and also has good access to metro as well.,12.920620944779778,Sarjapur Road,77.85830333037156,quarterly,3.0,1 Covered,Dec '25,No/Rare Powercut,Villa,Ready to Move,owner,8862.0,onlyboys,Water Availability 24 Hours Available,4.0,20137.931034482757,4.0,4.0,True,False,"4 BHK, Villa is available for Sale in Whitefield, Bangalore for 5.8 Crore(s)|58400000|2900.0|Sarjapur Road|Villa|owner",71,True,True,1.0,Sarjapur Road,27975875.723221403,30424124.276778597,108.7512847775665,108.7512847775665,False,Potentially Overpriced,Large positive price deviation + Repeated listing pattern,Potentially Overpriced,Repeated Listing
58400000,Visitor Parking,"4 BHK, Villa is available for Sale in Whitefield, Bangalore for 5.8 Crore(s)",4.0,500000.0,Bangalore,2900.0,"Vitrified,Wooden",Unfurnished,East Facing Property,Close to Electronic city and also has good access to metro as well.,13.632583303682404,Sarjapur Road,77.96131080208913,halfyearly,3.0,1 Covered,Dec '25,No/Rare Powercut,Villa,Ready to Move,owner,8862.0,bachelors,Water Availability 24 Hours Available,4.0,20137.931034482757,4.0,4.0,True,False,"4 BHK, Villa is available for Sale in Whitefield, Bangalore for 5.8 Crore(s)|58400000|2900.0|Sarjapur Road|Villa|owner",71,True,True,1.0,Sarjapur Road,27975875.723221403,30424124.276778597,108.7512847775665,108.7512847775665,False,Potentially Overpriced,Large positive price deviation + Repeated listing pattern,Potentially Overpriced,Repeated Listing
58400000,Visitor Parking,"4 BHK, Villa is available for Sale in Whitefield, Bangalore for 5.8 Crore(s)",4.0,500000.0,Bangalore,2900.0,"Vitrified,Wooden",Unfurnished,East Facing Property,Close to Electronic city and also has good access to metro as well.,13.559833113166304,Sarjapur Road,78.32632314608406,quarterly,3.0,1 Covered,Dec '25,No/Rare Powercut,Villa,Ready to Move,owner,8862.0,onlyboys,Water Availability 24 Hours Available,4.0,20137.931034482757,4.0,4.0,True,False,"4 BHK, Villa is available for Sale in Whitefield, Bangalore for 5.8 Crore(s)|58400000|2900.0|Sarjapur Road|Villa|owner",71,True,True,1.0,Sarjapur Road,27975875.723221403,30424124.276778597,108.7512847775665,108.7512847775665,False,Potentially Overpriced,Large positive price deviation + Repeated listing pattern,Potentially Overpriced,Repeated Listing
58400000,Visitor Parking,"4 BHK, Villa is available for Sale in Whitefield, Bangalore for 5.8 Crore(s)",4.0,500000.0,Bangalore,2900.0,"Vitrified,Wooden",Unfurnished,East Facing Property,Close to Electronic city and also has good access to metro as well.,13.00016768630196,Sarjapur Road,78.3137274891112,yearly,3.0,1 Covered,Dec '25,No/Rare Powercut,Villa,Ready to Move,owner,8862.0,onlygirls,Water Availability 24 Hours Available,4.0,20137.931034482757,4.0,4.0,True,False,"4 BHK, Villa is available for Sale in Whitefield, Bangalore for 5.8 Crore(s)|58400000|2900.0|Sarjapur Road|Villa|owner",71,True,True,1.0,Sarjapur Road,27975875.723221403,30424124.276778597,108.7512847775665,108.7512847775665,False,Potentially Overpriced,Large positive price deviation + Repeated listing pattern,Potentially Overpriced,Repeated Listing
58400000,Visitor Parking,"4 BHK, Villa is available for Sale in Whitefield, Bangalore for 5.8 Crore(s)",4.0,500000.0,Bangalore,2900.0,"Vitrified,Wooden",Unfurnished,East Facing Property,Close to Electronic city and also has good access to metro as well.,13.480950612542705,Sarjapur Road,77.93710163713193,halfyearly,3.0,1 Covered,Dec '25,No/Rare Powercut,Villa,Ready to Move,owner,8862.0,onlyboys,Water Availability 24 Hours Available,4.0,20137.931034482757,4.0,4.0,True,False,"4 BHK, Villa is available for Sale in Whitefield, Bangalore for 5.8 Crore(s)|58400000|2900.0|Sarjapur Road|Villa|owner",71,True,True,1.0,Sarjapur Road,27975875.723221403,30424124.276778597,108.7512847775665,108.7512847775665,False,Potentially Overpriced,Large positive price deviation + Repeated listing pattern,Potentially Overpriced,Repeated Listing
58400000,Visitor Parking,"4 BHK, Villa is available for Sale in Whitefield, Bangalore for 5.8 Crore(s)",4.0,500000.0,Bangalore,2900.0,"Vitrified,Wooden",Unfurnished,East Facing Property,Close to Electronic city and also has good access to metro as well.,13.80072130108363,Sarjapur Road,78.31099935227597,quarterly,3.0,1 Covered,Dec '25,No/Rare Powercut,Villa,Ready to Move,owner,8862.0,couples,Water Availability 24 Hours Available,4.0,20137.931034482757,4.0,4.0,True,False,"4 BHK, Villa is available for Sale in Whitefield, Bangalore for 5.8 Crore(s)|58400000|2900.0|Sarjapur Road|Villa|owner",71,True,True,1.0,Sarjapur Road,27975875.723221403,30424124.276778597,108.7512847775665,108.7512847775665,False,Potentially Overpriced,Large positive price deviation + Repeated listing pattern,Potentially Overpriced,Repeated Listing
58400000,Visitor Parking,"4 BHK, Villa is available for Sale in Whitefield, Bangalore for 5.8 Crore(s)",4.0,500000.0,Bangalore,2900.0,"Vitrified,Wooden",Unfurnished,East Facing Property,Close to Electronic city and also has good access to metro as well.,13.516636557987288,Sarjapur Road,78.20999494303734,yearly,3.0,1 Covered,Dec '25,No/Rare Powercut,Villa,Ready to Move,owner,8862.0,onlyboys,Water Availability 24 Hours Available,4.0,20137.931034482757,4.0,4.0,True,False,"4 BHK, Villa is available for Sale in Whitefield, Bangalore for 5.8 Crore(s)|58400000|2900.0|Sarjapur Road|Villa|owner",71,True,True,1.0,Sarjapur Road,27975875.723221403,30424124.276778597,108.7512847775665,108.7512847775665,False,Potentially Overpriced,Large positive price deviation + Repeated listing pattern,Potentially Overpriced,Repeated Listing
58400000,Visitor Parking,"4 BHK, Villa is available for Sale in Whitefield, Bangalore for 5.8 Crore(s)",4.0,500000.0,Bangalore,2900.0,"Vitrified,Wooden",Unfurnished,East Facing Property,Close to Electronic city and also has good access to metro as well.,13.29859289117565,Sarjapur Road,78.3262490634063,yearly,3.0,1 Covered,Dec '25,No/Rare Powercut,Villa,Ready to Move,owner,8862.0,bachelors,Water Availability 24 Hours Available,4.0,20137.931034482757,4.0,4.0,True,False,"4 BHK, Villa is available for Sale in Whitefield, Bangalore for 5.8 Crore(s)|58400000|2900.0|Sarjapur Road|Villa|owner",71,True,True,1.0,Sarjapur Road,27975875.723221403,30424124.276778597,108.7512847775665,108.7512847775665,False,Potentially Overpriced,Large positive price deviation + Repeated listing pattern,Potentially Overpriced,Repeated Listing
58400000,Visitor Parking,"4 BHK, Villa is available for Sale in Whitefield, Bangalore for 5.8 Crore(s)",4.0,500000.0,Bangalore,2900.0,"Vitrified,Wooden",Unfurnished,East Facing Property,Close to Electronic city and also has good access to metro as well.,13.444549999401262,Sarjapur Road,78.2788127469955,yearly,3.0,1 Covered,Dec '25,No/Rare Powercut,Villa,Ready to Move,owner,8862.0,onlygirls,Water Availability 24 Hours Available,4.0,20137.931034482757,4.0,4.0,True,False,"4 BHK, Villa is available for Sale in Whitefield, Bangalore for 5.8 Crore(s)|58400000|2900.0|Sarjapur Road|Villa|owner",71,True,True,1.0,Sarjapur Road,27975875.723221403,30424124.276778597,108.7512847775665,108.7512847775665,False,Potentially Overpriced,Large positive price deviation + Repeated listing pattern,Potentially Overpriced,Repeated Listing
58400000,Visitor Parking,"4 BHK, Villa is available for Sale in Whitefield, Bangalore for 5.8 Crore(s)",4.0,500000.0,Bangalore,2900.0,"Vitrified,Wooden",Unfurnished,East Facing Property,Close to Electronic city and also has good access to metro as well.,13.699801092317225,Sarjapur Road,78.6125188656197,quarterly,3.0,1 Covered,Dec '25,No/Rare Powercut,Villa,Ready to Move,owner,8862.0,family,Water Availability 24 Hours Available,4.0,20137.931034482757,4.0,4.0,True,False,"4 BHK, Villa is available for Sale in Whitefield, Bangalore for 5.8 Crore(s)|58400000|2900.0|Sarjapur Road|Villa|owner",71,True,True,1.0,Sarjapur Road,27975875.723221403,30424124.276778597,108.7512847775665,108.7512847775665,False,Potentially Overpriced,Large positive price deviation + Repeated listing pattern,Potentially Overpriced,Repeated Listing
58400000,Visitor Parking,"4 BHK, Villa is available for Sale in Whitefield, Bangalore for 5.8 Crore(s)",4.0,500000.0,Bangalore,2900.0,"Vitrified,Wooden",Unfurnished,East Facing Property,Close to Electronic city and also has good access to metro as well.,13.573791352197944,Sarjapur Road,77.77817055908929,yearly,3.0,1 Covered,Dec '25,No/Rare Powercut,Villa,Ready to Move,owner,8862.0,onlygirls,Water Availability 24 Hours Available,4.0,20137.931034482757,4.0,4.0,True,False,"4 BHK, Villa is available for Sale in Whitefield, Bangalore for 5.8 Crore(s)|58400000|2900.0|Sarjapur Road|Villa|owner",71,True,True,1.0,Sarjapur Road,27975875.723221403,30424124.276778597,108.7512847775665,108.7512847775665,False,Potentially Overpriced,Large positive price deviation + Repeated listing pattern,Potentially Overpriced,Repeated Listing
58400000,Visitor Parking,"4 BHK, Villa is available for Sale in Whitefield, Bangalore for 5.8 Crore(s)",4.0,500000.0,Bangalore,2900.0,"Vitrified,Wooden",Unfurnished,East Facing Property,Close to Electronic city and also has good access to metro as well.,13.614701581684418,Sarjapur Road,78.58553454708522,halfyearly,3.0,1 Covered,Dec '25,No/Rare Powercut,Villa,Ready to Move,owner,8862.0,bachelors,Water Availability 24 Hours Available,4.0,20137.931034482757,4.0,4.0,True,False,"4 BHK, Villa is available for Sale in Whitefield, Bangalore for 5.8 Crore(s)|58400000|2900.0|Sarjapur Road|Villa|owner",71,True,True,1.0,Sarjapur Road,27975875.723221403,30424124.276778597,108.7512847775665,108.7512847775665,False,Potentially Overpriced,Large positive price deviation + Repeated listing pattern,Potentially Overpriced,Repeated Listing
58400000,Visitor Parking,"4 BHK, Villa is available for Sale in Whitefield, Bangalore for 5.8 Crore(s)",4.0,500000.0,Bangalore,2900.0,"Vitrified,Wooden",Unfurnished,East Facing Property,Close to Electronic city and also has good access to metro as well.,13.45348727504023,Sarjapur Road,78.58281332075275,quarterly,3.0,1 Covered,Dec '25,No/Rare Powercut,Villa,Ready to Move,owner,8862.0,bachelors,Water Availability 24 Hours Available,4.0,20137.931034482757,4.0,4.0,True,False,"4 BHK, Villa is available for Sale in Whitefield, Bangalore for 5.8 Crore(s)|58400000|2900.0|Sarjapur Road|Villa|owner",71,True,True,1.0,Sarjapur Road,27975875.723221403,30424124.276778597,108.7512847775665,108.7512847775665,False,Potentially Overpriced,Large positive price deviation + Repeated listing pattern,Potentially Overpriced,Repeated Listing
58400000,Visitor Parking,"4 BHK, Villa is available for Sale in Whitefield, Bangalore for 5.8 Crore(s)",4.0,500000.0,Bangalore,2900.0,"Vitrified,Wooden",Unfurnished,East Facing Property,Close to Electronic city and also has good access to metro as well.,13.212732088805303,Sarjapur Road,77.8331021209922,halfyearly,3.0,1 Covered,Dec '25,No/Rare Powercut,Villa,Ready to Move,owner,8862.0,onlygirls,Water Availability 24 Hours Available,4.0,20137.931034482757,4.0,4.0,True,False,"4 BHK, Villa is available for Sale in Whitefield, Bangalore for 5.8 Crore(s)|58400000|2900.0|Sarjapur Road|Villa|owner",71,True,True,1.0,Sarjapur Road,27975875.723221403,30424124.276778597,108.7512847775665,108.7512847775665,False,Potentially Overpriced,Large positive price deviation + Repeated listing pattern,Potentially Overpriced,Repeated Listing
58400000,Visitor Parking,"4 BHK, Villa is available for Sale in Whitefield, Bangalore for 5.8 Crore(s)",4.0,500000.0,Bangalore,2900.0,"Vitrified,Wooden",Unfurnished,East Facing Property,Close to Electronic city and also has good access to metro as well.,13.4604001911964,Sarjapur Road,78.70174430374702,monthly,3.0,1 Covered,Dec '25,No/Rare Powercut,Villa,Ready to Move,owner,8862.0,onlyboys,Water Availability 24 Hours Available,4.0,20137.931034482757,4.0,4.0,True,False,"4 BHK, Villa is available for Sale in Whitefield, Bangalore for 5.8 Crore(s)|58400000|2900.0|Sarjapur Road|Villa|owner",71,True,True,1.0,Sarjapur Road,27975875.723221403,30424124.276778597,108.7512847775665,108.7512847775665,False,Potentially Overpriced,Large positive price deviation + Repeated listing pattern,Potentially Overpriced,Repeated Listing
58400000,Visitor Parking,"4 BHK, Villa is available for Sale in Whitefield, Bangalore for 5.8 Crore(s)",4.0,500000.0,Bangalore,2900.0,"Vitrified,Wooden",Unfurnished,East Facing Property,Close to Electronic city and also has good access to metro as well.,13.744597340249062,Sarjapur Road,78.70845004356674,halfyearly,3.0,1 Covered,Dec '25,No/Rare Powercut,Villa,Ready to Move,owner,8862.0,bachelors,Water Availability 24 Hours Available,4.0,20137.931034482757,4.0,4.0,True,False,"4 BHK, Villa is available for Sale in Whitefield, Bangalore for 5.8 Crore(s)|58400000|2900.0|Sarjapur Road|Villa|owner",71,True,True,1.0,Sarjapur Road,27975875.723221403,30424124.276778597,108.7512847775665,108.7512847775665,False,Potentially Overpriced,Large positive price deviation + Repeated listing pattern,Potentially Overpriced,Repeated Listing
58400000,Visitor Parking,"4 BHK, Villa is available for Sale in Whitefield, Bangalore for 5.8 Crore(s)",4.0,500000.0,Bangalore,2900.0,"Vitrified,Wooden",Unfurnished,East Facing Property,Close to Electronic city and also has good access to metro as well.,13.783506640959237,Sarjapur Road,77.78968224342006,yearly,3.0,1 Covered,Dec '25,No/Rare Powercut,Villa,Ready to Move,owner,8862.0,family,Water Availability 24 Hours Available,4.0,20137.931034482757,4.0,4.0,True,False,"4 BHK, Villa is available for Sale in Whitefield, Bangalore for 5.8 Crore(s)|58400000|2900.0|Sarjapur Road|Villa|owner",71,True,True,1.0,Sarjapur Road,27975875.723221403,30424124.276778597,108.7512847775665,108.7512847775665,False,Potentially Overpriced,Large positive price deviation + Repeated listing pattern,Potentially Overpriced,Repeated Listing
58400000,Visitor Parking,"4 BHK, Villa is available for Sale in Whitefield, Bangalore for 5.8 Crore(s)",4.0,500000.0,Bangalore,2900.0,"Vitrified,Wooden",Unfurnished,East Facing Property,Close to Electronic city and also has good access to metro as well.,13.539493088079888,Sarjapur Road,77.91387378701141,quarterly,3.0,1 Covered,Dec '25,No/Rare Powercut,Villa,Ready to Move,owner,8862.0,onlygirls,Water Availability 24 Hours Available,4.0,20137.931034482757,4.0,4.0,True,False,"4 BHK, Villa is available for Sale in Whitefield, Bangalore for 5.8 Crore(s)|58400000|2900.0|Sarjapur Road|Villa|owner",71,True,True,1.0,Sarjapur Road,27975875.723221403,30424124.276778597,108.7512847775665,108.7512847775665,False,Potentially Overpriced,Large positive price deviation + Repeated listing pattern,Potentially Overpriced,Repeated Listing
58400000,Visitor Parking,"4 BHK, Villa is available for Sale in Whitefield, Bangalore for 5.8 Crore(s)",4.0,500000.0,Bangalore,2900.0,"Vitrified,Wooden",Unfurnished,East Facing Property,Close to Electronic city and also has good access to metro as well.,13.629838759611966,Sarjapur Road,78.4252863819125,yearly,3.0,1 Covered,Dec '25,No/Rare Powercut,Villa,Ready to Move,owner,8862.0,onlygirls,Water Availability 24 Hours Available,4.0,20137.931034482757,4.0,4.0,True,False,"4 BHK, Villa is available for Sale in Whitefield, Bangalore for 5.8 Crore(s)|58400000|2900.0|Sarjapur Road|Villa|owner",71,True,True,1.0,Sarjapur Road,27975875.723221403,30424124.276778597,108.7512847775665,108.7512847775665,False,Potentially Overpriced,Large positive price deviation + Repeated listing pattern,Potentially Overpriced,Repeated Listing
58400000,Visitor Parking,"4 BHK, Villa is available for Sale in Whitefield, Bangalore for 5.8 Crore(s)",4.0,500000.0,Bangalore,2900.0,"Vitrified,Wooden",Unfurnished,East Facing Property,Close to Electronic city and also has good access to metro as well.,13.66000889869358,Sarjapur Road,78.4013880269063,monthly,3.0,1 Covered,Dec '25,No/Rare Powercut,Villa,Ready to Move,owner,8862.0,bachelors,Water Availability 24 Hours Available,4.0,20137.931034482757,4.0,4.0,True,False,"4 BHK, Villa is available for Sale in Whitefield, Bangalore for 5.8 Crore(s)|58400000|2900.0|Sarjapur Road|Villa|owner",71,True,True,1.0,Sarjapur Road,27975875.723221403,30424124.276778597,108.7512847775665,108.7512847775665,False,Potentially Overpriced,Large positive price deviation + Repeated listing pattern,Potentially Overpriced,Repeated Listing
58400000,Visitor Parking,"4 BHK, Villa is available for Sale in Whitefield, Bangalore for 5.8 Crore(s)",4.0,500000.0,Bangalore,2900.0,"Vitrified,Wooden",Unfurnished,East Facing Property,Close to Electronic city and also has good access to metro as well.,13.025834120710988,Sarjapur Road,77.77019651190517,quarterly,3.0,1 Covered,Dec '25,No/Rare Powercut,Villa,Ready to Move,owner,8862.0,couples,Water Availability 24 Hours Available,4.0,20137.931034482757,4.0,4.0,True,False,"4 BHK, Villa is available for Sale in Whitefield, Bangalore for 5.8 Crore(s)|58400000|2900.0|Sarjapur Road|Villa|owner",71,True,True,1.0,Sarjapur Road,27975875.723221403,30424124.276778597,108.7512847775665,108.7512847775665,False,Potentially Overpriced,Large positive price deviation + Repeated listing pattern,Potentially Overpriced,Repeated Listing
58400000,Visitor Parking,"4 BHK, Villa is available for Sale in Whitefield, Bangalore for 5.8 Crore(s)",4.0,500000.0,Bangalore,2900.0,"Vitrified,Wooden",Unfurnished,East Facing Property,Close to Electronic city and also has good access to metro as well.,13.6845628022251,Sarjapur Road,78.67505882410116,monthly,3.0,1 Covered,Dec '25,No/Rare Powercut,Villa,Ready to Move,owner,8862.0,bachelors,Water Availability 24 Hours Available,4.0,20137.931034482757,4.0,4.0,True,False,"4 BHK, Villa is available for Sale in Whitefield, Bangalore for 5.8 Crore(s)|58400000|2900.0|Sarjapur Road|Villa|owner",71,True,True,1.0,Sarjapur Road,27975875.723221403,30424124.276778597,108.7512847775665,108.7512847775665,False,Potentially Overpriced,Large positive price deviation + Repeated listing pattern,Potentially Overpriced,Repeated Listing
58400000,Visitor Parking,"4 BHK, Villa is available for Sale in Whitefield, Bangalore for 5.8 Crore(s)",4.0,500000.0,Bangalore,2900.0,"Vitrified,Wooden",Unfurnished,East Facing Property,Close to Electronic city and also has good access to metro as well.,13.44963936545072,Sarjapur Road,78.29724203593005,quarterly,3.0,1 Covered,Dec '25,No/Rare Powercut,Villa,Ready to Move,owner,8862.0,family,Water Availability 24 Hours Available,4.0,20137.931034482757,4.0,4.0,True,False,"4 BHK, Villa is available for Sale in Whitefield, Bangalore for 5.8 Crore(s)|58400000|2900.0|Sarjapur Road|Villa|owner",71,True,True,1.0,Sarjapur Road,27975875.723221403,30424124.276778597,108.7512847775665,108.7512847775665,False,Potentially Overpriced,Large positive price deviation + Repeated listing pattern,Potentially Overpriced,Repeated Listing
58400000,Visitor Parking,"4 BHK, Villa is available for Sale in Whitefield, Bangalore for 5.8 Crore(s)",4.0,500000.0,Bangalore,2900.0,"Vitrified,Wooden",Unfurnished,East Facing Property,Close to Electronic city and also has good access to metro as well.,13.604835278934305,Sarjapur Road,78.0117878368533,monthly,3.0,1 Covered,Dec '25,No/Rare Powercut,Villa,Ready to Move,owner,8862.0,bachelors,Water Availability 24 Hours Available,4.0,20137.931034482757,4.0,4.0,True,False,"4 BHK, Villa is available for Sale in Whitefield, Bangalore for 5.8 Crore(s)|58400000|2900.0|Sarjapur Road|Villa|owner",71,True,True,1.0,Sarjapur Road,27975875.723221403,30424124.276778597,108.7512847775665,108.7512847775665,False,Potentially Overpriced,Large positive price deviation + Repeated listing pattern,Potentially Overpriced,Repeated Listing
58400000,Visitor Parking,"4 BHK, Villa is available for Sale in Whitefield, Bangalore for 5.8 Crore(s)",4.0,500000.0,Bangalore,2900.0,"Vitrified,Wooden",Unfurnished,East Facing Property,Close to Electronic city and also has good access to metro as well.,12.870185576432837,Sarjapur Road,78.29928306081607,monthly,3.0,1 Covered,Dec '25,No/Rare Powercut,Villa,Ready to Move,owner,8862.0,couples,Water Availability 24 Hours Available,4.0,20137.931034482757,4.0,4.0,True,False,"4 BHK, Villa is available for Sale in Whitefield, Bangalore for 5.8 Crore(s)|58400000|2900.0|Sarjapur Road|Villa|owner",71,True,True,1.0,Sarjapur Road,27975875.723221403,30424124.276778597,108.7512847775665,108.7512847775665,False,Potentially Overpriced,Large positive price deviation + Repeated listing pattern,Potentially Overpriced,Repeated Listing
58400000,Visitor Parking,"4 BHK, Villa is available for Sale in Whitefield, Bangalore for 5.8 Crore(s)",4.0,500000.0,Bangalore,2900.0,"Vitrified,Wooden",Unfurnished,East Facing Property,Close to Electronic city and also has good access to metro as well.,13.702488536393624,Sarjapur Road,78.62476068134785,yearly,3.0,1 Covered,Dec '25,No/Rare Powercut,Villa,Ready to Move,owner,8862.0,bachelors,Water Availability 24 Hours Available,4.0,20137.931034482757,4.0,4.0,True,False,"4 BHK, Villa is available for Sale in Whitefield, Bangalore for 5.8 Crore(s)|58400000|2900.0|Sarjapur Road|Villa|owner",71,True,True,1.0,Sarjapur Road,27975875.723221403,30424124.276778597,108.7512847775665,108.7512847775665,False,Potentially Overpriced,Large positive price deviation + Repeated listing pattern,Potentially Overpriced,Repeated Listing
58400000,Visitor Parking,"4 BHK, Villa is available for Sale in Whitefield, Bangalore for 5.8 Crore(s)",4.0,500000.0,Bangalore,2900.0,"Vitrified,Wooden",Unfurnished,East Facing Property,Close to Electronic city and also has good access to metro as well.,13.131773699332207,Sarjapur Road,78.46974335285195,quarterly,3.0,1 Covered,Dec '25,No/Rare Powercut,Villa,Ready to Move,owner,8862.0,family,Water Availability 24 Hours Available,4.0,20137.931034482757,4.0,4.0,True,False,"4 BHK, Villa is available for Sale in Whitefield, Bangalore for 5.8 Crore(s)|58400000|2900.0|Sarjapur Road|Villa|owner",71,True,True,1.0,Sarjapur Road,27975875.723221403,30424124.276778597,108.7512847775665,108.7512847775665,False,Potentially Overpriced,Large positive price deviation + Repeated listing pattern,Potentially Overpriced,Repeated Listing
58400000,Visitor Parking,"4 BHK, Villa is available for Sale in Whitefield, Bangalore for 5.8 Crore(s)",4.0,500000.0,Bangalore,2900.0,"Vitrified,Wooden",Unfurnished,East Facing Property,Close to Electronic city and also has good access to metro as well.,12.981753055950222,Sarjapur Road,78.71947886141224,yearly,3.0,1 Covered,Dec '25,No/Rare Powercut,Villa,Ready to Move,owner,8862.0,bachelors,Water Availability 24 Hours Available,4.0,20137.931034482757,4.0,4.0,True,False,"4 BHK, Villa is available for Sale in Whitefield, Bangalore for 5.8 Crore(s)|58400000|2900.0|Sarjapur Road|Villa|owner",71,True,True,1.0,Sarjapur Road,27975875.723221403,30424124.276778597,108.7512847775665,108.7512847775665,False,Potentially Overpriced,Large positive price deviation + Repeated listing pattern,Potentially Overpriced,Repeated Listing
58400000,Visitor Parking,"4 BHK, Villa is available for Sale in Whitefield, Bangalore for 5.8 Crore(s)",4.0,500000.0,Bangalore,2900.0,"Vitrified,Wooden",Unfurnished,East Facing Property,Close to Electronic city and also has good access to metro as well.,13.450806357182302,Sarjapur Road,78.48487390334681,halfyearly,3.0,1 Covered,Dec '25,No/Rare Powercut,Villa,Ready to Move,owner,8862.0,family,Water Availability 24 Hours Available,4.0,20137.931034482757,4.0,4.0,True,False,"4 BHK, Villa is available for Sale in Whitefield, Bangalore for 5.8 Crore(s)|58400000|2900.0|Sarjapur Road|Villa|owner",71,True,True,1.0,Sarjapur Road,27975875.723221403,30424124.276778597,108.7512847775665,108.7512847775665,False,Potentially Overpriced,Large positive price deviation + Repeated listing pattern,Potentially Overpriced,Repeated Listing
58400000,Visitor Parking,"4 BHK, Villa is available for Sale in Whitefield, Bangalore for 5.8 Crore(s)",4.0,500000.0,Bangalore,2900.0,"Vitrified,Wooden",Unfurnished,East Facing Property,Close to Electronic city and also has good access to metro as well.,13.25086905149002,Sarjapur Road,78.40455795200555,halfyearly,3.0,1 Covered,Dec '25,No/Rare Powercut,Villa,Ready to Move,owner,8862.0,family,Water Availability 24 Hours Available,4.0,20137.931034482757,4.0,4.0,True,False,"4 BHK, Villa is available for Sale in Whitefield, Bangalore for 5.8 Crore(s)|58400000|2900.0|Sarjapur Road|Villa|owner",71,True,True,1.0,Sarjapur Road,27975875.723221403,30424124.276778597,108.7512847775665,108.7512847775665,False,Potentially Overpriced,Large positive price deviation + Repeated listing pattern,Potentially Overpriced,Repeated Listing
58400000,Visitor Parking,"4 BHK, Villa is available for Sale in Whitefield, Bangalore for 5.8 Crore(s)",4.0,500000.0,Bangalore,2900.0,"Vitrified,Wooden",Unfurnished,East Facing Property,Close to Electronic city and also has good access to metro as well.,13.358280932434509,Sarjapur Road,77.92442599526436,quarterly,3.0,1 Covered,Dec '25,No/Rare Powercut,Villa,Ready to Move,owner,8862.0,bachelors,Water Availability 24 Hours Available,4.0,20137.931034482757,4.0,4.0,True,False,"4 BHK, Villa is available for Sale in Whitefield, Bangalore for 5.8 Crore(s)|58400000|2900.0|Sarjapur Road|Villa|owner",71,True,True,1.0,Sarjapur Road,27975875.723221403,30424124.276778597,108.7512847775665,108.7512847775665,False,Potentially Overpriced,Large positive price deviation + Repeated listing pattern,Potentially Overpriced,Repeated Listing
58400000,Visitor Parking,"4 BHK, Villa is available for Sale in Whitefield, Bangalore for 5.8 Crore(s)",4.0,500000.0,Bangalore,2900.0,"Vitrified,Wooden",Unfurnished,East Facing Property,Close to Electronic city and also has good access to metro as well.,12.843468845453254,Sarjapur Road,78.47593140803608,monthly,3.0,1 Covered,Dec '25,No/Rare Powercut,Villa,Ready to Move,owner,8862.0,couples,Water Availability 24 Hours Available,4.0,20137.931034482757,4.0,4.0,True,False,"4 BHK, Villa is available for Sale in Whitefield, Bangalore for 5.8 Crore(s)|58400000|2900.0|Sarjapur Road|Villa|owner",71,True,True,1.0,Sarjapur Road,27975875.723221403,30424124.276778597,108.7512847775665,108.7512847775665,False,Potentially Overpriced,Large positive price deviation + Repeated listing pattern,Potentially Overpriced,Repeated Listing
58400000,Visitor Parking,"4 BHK, Villa is available for Sale in Whitefield, Bangalore for 5.8 Crore(s)",4.0,500000.0,Bangalore,2900.0,"Vitrified,Wooden",Unfurnished,East Facing Property,Close to Electronic city and also has good access to metro as well.,13.21611351939862,Sarjapur Road,78.15694155023162,yearly,3.0,1 Covered,Dec '25,No/Rare Powercut,Villa,Ready to Move,owner,8862.0,onlyboys,Water Availability 24 Hours Available,4.0,20137.931034482757,4.0,4.0,True,False,"4 BHK, Villa is available for Sale in Whitefield, Bangalore for 5.8 Crore(s)|58400000|2900.0|Sarjapur Road|Villa|owner",71,True,True,1.0,Sarjapur Road,27975875.723221403,30424124.276778597,108.7512847775665,108.7512847775665,False,Potentially Overpriced,Large positive price deviation + Repeated listing pattern,Potentially Overpriced,Repeated Listing
58400000,Visitor Parking,"4 BHK, Villa is available for Sale in Whitefield, Bangalore for 5.8 Crore(s)",4.0,500000.0,Bangalore,2900.0,"Vitrified,Wooden",Unfurnished,East Facing Property,Close to Electronic city and also has good access to metro as well.,13.781287531463612,Sarjapur Road,77.75431393667652,yearly,3.0,1 Covered,Dec '25,No/Rare Powercut,Villa,Ready to Move,owner,8862.0,onlygirls,Water Availability 24 Hours Available,4.0,20137.931034482757,4.0,4.0,True,False,"4 BHK, Villa is available for Sale in Whitefield, Bangalore for 5.8 Crore(s)|58400000|2900.0|Sarjapur Road|Villa|owner",71,True,True,1.0,Sarjapur Road,27975875.723221403,30424124.276778597,108.7512847775665,108.7512847775665,False,Potentially Overpriced,Large positive price deviation + Repeated listing pattern,Potentially Overpriced,Repeated Listing
58400000,Visitor Parking,"4 BHK, Villa is available for Sale in Whitefield, Bangalore for 5.8 Crore(s)",4.0,500000.0,Bangalore,2900.0,"Vitrified,Wooden",Unfurnished,East Facing Property,Close to Electronic city and also has good access to metro as well.,13.643916738880742,Sarjapur Road,77.79729402849624,halfyearly,3.0,1 Covered,Dec '25,No/Rare Powercut,Villa,Ready to Move,owner,8862.0,onlygirls,Water Availability 24 Hours Available,4.0,20137.931034482757,4.0,4.0,True,False,"4 BHK, Villa is available for Sale in Whitefield, Bangalore for 5.8 Crore(s)|58400000|2900.0|Sarjapur Road|Villa|owner",71,True,True,1.0,Sarjapur Road,27975875.723221403,30424124.276778597,108.7512847775665,108.7512847775665,False,Potentially Overpriced,Large positive price deviation + Repeated listing pattern,Potentially Overpriced,Repeated Listing
58400000,Visitor Parking,"4 BHK, Villa is available for Sale in Whitefield, Bangalore for 5.8 Crore(s)",4.0,500000.0,Bangalore,2900.0,"Vitrified,Wooden",Unfurnished,East Facing Property,Close to Electronic city and also has good access to metro as well.,13.637257144251228,Sarjapur Road,78.08538005237094,quarterly,3.0,1 Covered,Dec '25,No/Rare Powercut,Villa,Ready to Move,owner,8862.0,family,Water Availability 24 Hours Available,4.0,20137.931034482757,4.0,4.0,True,False,"4 BHK, Villa is available for Sale in Whitefield, Bangalore for 5.8 Crore(s)|58400000|2900.0|Sarjapur Road|Villa|owner",71,True,True,1.0,Sarjapur Road,27975875.723221403,30424124.276778597,108.7512847775665,108.7512847775665,False,Potentially Overpriced,Large positive price deviation + Repeated listing pattern,Potentially Overpriced,Repeated Listing
58400000,Visitor Parking,"4 BHK, Villa is available for Sale in Whitefield, Bangalore for 5.8 Crore(s)",4.0,500000.0,Bangalore,2900.0,"Vitrified,Wooden",Unfurnished,East Facing Property,Close to Electronic city and also has good access to metro as well.,13.214980059402288,Sarjapur Road,78.0499860920853,halfyearly,3.0,1 Covered,Dec '25,No/Rare Powercut,Villa,Ready to Move,owner,8862.0,bachelors,Water Availability 24 Hours Available,4.0,20137.931034482757,4.0,4.0,True,False,"4 BHK, Villa is available for Sale in Whitefield, Bangalore for 5.8 Crore(s)|58400000|2900.0|Sarjapur Road|Villa|owner",71,True,True,1.0,Sarjapur Road,27975875.723221403,30424124.276778597,108.7512847775665,108.7512847775665,False,Potentially Overpriced,Large positive price deviation + Repeated listing pattern,Potentially Overpriced,Repeated Listing
58400000,Visitor Parking,"4 BHK, Villa is available for Sale in Whitefield, Bangalore for 5.8 Crore(s)",4.0,500000.0,Bangalore,2900.0,"Vitrified,Wooden",Unfurnished,East Facing Property,Close to Electronic city and also has good access to metro as well.,13.00568924817753,Sarjapur Road,78.33802113675144,monthly,3.0,1 Covered,Dec '25,No/Rare Powercut,Villa,Ready to Move,owner,8862.0,couples,Water Availability 24 Hours Available,4.0,20137.931034482757,4.0,4.0,True,False,"4 BHK, Villa is available for Sale in Whitefield, Bangalore for 5.8 Crore(s)|58400000|2900.0|Sarjapur Road|Villa|owner",71,True,True,1.0,Sarjapur Road,27975875.723221403,30424124.276778597,108.7512847775665,108.7512847775665,False,Potentially Overpriced,Large positive price deviation + Repeated listing pattern,Potentially Overpriced,Repeated Listing
58400000,Visitor Parking,"4 BHK, Villa is available for Sale in Whitefield, Bangalore for 5.8 Crore(s)",4.0,500000.0,Bangalore,2900.0,"Vitrified,Wooden",Unfurnished,East Facing Property,Close to Electronic city and also has good access to metro as well.,13.82773286841808,Sarjapur Road,78.3697622447565,monthly,3.0,1 Covered,Dec '25,No/Rare Powercut,Villa,Ready to Move,owner,8862.0,onlyboys,Water Availability 24 Hours Available,4.0,20137.931034482757,4.0,4.0,True,False,"4 BHK, Villa is available for Sale in Whitefield, Bangalore for 5.8 Crore(s)|58400000|2900.0|Sarjapur Road|Villa|owner",71,True,True,1.0,Sarjapur Road,27975875.723221403,30424124.276778597,108.7512847775665,108.7512847775665,False,Potentially Overpriced,Large positive price deviation + Repeated listing pattern,Potentially Overpriced,Repeated Listing
58400000,Visitor Parking,"4 BHK, Villa is available for Sale in Whitefield, Bangalore for 5.8 Crore(s)",4.0,500000.0,Bangalore,2900.0,"Vitrified,Wooden",Unfurnished,East Facing Property,Close to Electronic city and also has good access to metro as well.,13.625943620470824,Sarjapur Road,78.27247852170284,quarterly,3.0,1 Covered,Dec '25,No/Rare Powercut,Villa,Ready to Move,owner,8862.0,bachelors,Water Availability 24 Hours Available,4.0,20137.931034482757,4.0,4.0,True,False,"4 BHK, Villa is available for Sale in Whitefield, Bangalore for 5.8 Crore(s)|58400000|2900.0|Sarjapur Road|Villa|owner",71,True,True,1.0,Sarjapur Road,27975875.723221403,30424124.276778597,108.7512847775665,108.7512847775665,False,Potentially Overpriced,Large positive price deviation + Repeated listing pattern,Potentially Overpriced,Repeated Listing
58400000,Visitor Parking,"4 BHK, Villa is available for Sale in Whitefield, Bangalore for 5.8 Crore(s)",4.0,500000.0,Bangalore,2900.0,"Vitrified,Wooden",Unfurnished,East Facing Property,Close to Electronic city and also has good access to metro as well.,12.937999386206268,Sarjapur Road,78.6021634615832,quarterly,3.0,1 Covered,Dec '25,No/Rare Powercut,Villa,Ready to Move,owner,8862.0,family,Water Availability 24 Hours Available,4.0,20137.931034482757,4.0,4.0,True,False,"4 BHK, Villa is available for Sale in Whitefield, Bangalore for 5.8 Crore(s)|58400000|2900.0|Sarjapur Road|Villa|owner",71,True,True,1.0,Sarjapur Road,27975875.723221403,30424124.276778597,108.7512847775665,108.7512847775665,False,Potentially Overpriced,Large positive price deviation + Repeated listing pattern,Potentially Overpriced,Repeated Listing
58400000,Visitor Parking,"4 BHK, Villa is available for Sale in Whitefield, Bangalore for 5.8 Crore(s)",4.0,500000.0,Bangalore,2900.0,"Vitrified,Wooden",Unfurnished,East Facing Property,Close to Electronic city and also has good access to metro as well.,13.25963710160782,Sarjapur Road,77.8497291834288,yearly,3.0,1 Covered,Dec '25,No/Rare Powercut,Villa,Ready to Move,owner,8862.0,couples,Water Availability 24 Hours Available,4.0,20137.931034482757,4.0,4.0,True,False,"4 BHK, Villa is available for Sale in Whitefield, Bangalore for 5.8 Crore(s)|58400000|2900.0|Sarjapur Road|Villa|owner",71,True,True,1.0,Sarjapur Road,27975875.723221403,30424124.276778597,108.7512847775665,108.7512847775665,False,Potentially Overpriced,Large positive price deviation + Repeated listing pattern,Potentially Overpriced,Repeated Listing
58400000,Visitor Parking,"4 BHK, Villa is available for Sale in Whitefield, Bangalore for 5.8 Crore(s)",4.0,500000.0,Bangalore,2900.0,"Vitrified,Wooden",Unfurnished,East Facing Property,Close to Electronic city and also has good access to metro as well.,13.274932120359011,Sarjapur Road,78.32448902808653,yearly,3.0,1 Covered,Dec '25,No/Rare Powercut,Villa,Ready to Move,owner,8862.0,bachelors,Water Availability 24 Hours Available,4.0,20137.931034482757,4.0,4.0,True,False,"4 BHK, Villa is available for Sale in Whitefield, Bangalore for 5.8 Crore(s)|58400000|2900.0|Sarjapur Road|Villa|owner",71,True,True,1.0,Sarjapur Road,27975875.723221403,30424124.276778597,108.7512847775665,108.7512847775665,False,Potentially Overpriced,Large positive price deviation + Repeated listing pattern,Potentially Overpriced,Repeated Listing
58400000,Visitor Parking,"4 BHK, Villa is available for Sale in Whitefield, Bangalore for 5.8 Crore(s)",4.0,500000.0,Bangalore,2900.0,"Vitrified,Wooden",Unfurnished,East Facing Property,Close to Electronic city and also has good access to metro as well.,12.941260797744595,Sarjapur Road,78.69053609178341,quarterly,3.0,1 Covered,Dec '25,No/Rare Powercut,Villa,Ready to Move,owner,8862.0,bachelors,Water Availability 24 Hours Available,4.0,20137.931034482757,4.0,4.0,True,False,"4 BHK, Villa is available for Sale in Whitefield, Bangalore for 5.8 Crore(s)|58400000|2900.0|Sarjapur Road|Villa|owner",71,True,True,1.0,Sarjapur Road,27975875.723221403,30424124.276778597,108.7512847775665,108.7512847775665,False,Potentially Overpriced,Large positive price deviation + Repeated listing pattern,Potentially Overpriced,Repeated Listing
58400000,Visitor Parking,"4 BHK, Villa is available for Sale in Whitefield, Bangalore for 5.8 Crore(s)",4.0,500000.0,Bangalore,2900.0,"Vitrified,Wooden",Unfurnished,East Facing Property,Close to Electronic city and also has good access to metro as well.,13.446048475313695,Sarjapur Road,78.58843947748352,yearly,3.0,1 Covered,Dec '25,No/Rare Powercut,Villa,Ready to Move,owner,8862.0,couples,Water Availability 24 Hours Available,4.0,20137.931034482757,4.0,4.0,True,False,"4 BHK, Villa is available for Sale in Whitefield, Bangalore for 5.8 Crore(s)|58400000|2900.0|Sarjapur Road|Villa|owner",71,True,True,1.0,Sarjapur Road,27975875.723221403,30424124.276778597,108.7512847775665,108.7512847775665,False,Potentially Overpriced,Large positive price deviation + Repeated listing pattern,Potentially Overpriced,Repeated Listing
58400000,Visitor Parking,"4 BHK, Villa is available for Sale in Whitefield, Bangalore for 5.8 Crore(s)",4.0,500000.0,Bangalore,2900.0,"Vitrified,Wooden",Unfurnished,East Facing Property,Close to Electronic city and also has good access to metro as well.,13.509591435654537,Sarjapur Road,78.14207759461353,monthly,3.0,1 Covered,Dec '25,No/Rare Powercut,Villa,Ready to Move,owner,8862.0,onlygirls,Water Availability 24 Hours Available,4.0,20137.931034482757,4.0,4.0,True,False,"4 BHK, Villa is available for Sale in Whitefield, Bangalore for 5.8 Crore(s)|58400000|2900.0|Sarjapur Road|Villa|owner",71,True,True,1.0,Sarjapur Road,27975875.723221403,30424124.276778597,108.7512847775665,108.7512847775665,False,Potentially Overpriced,Large positive price deviation + Repeated listing pattern,Potentially Overpriced,Repeated Listing
58400000,Visitor Parking,"4 BHK, Villa is available for Sale in Whitefield, Bangalore for 5.8 Crore(s)",4.0,500000.0,Bangalore,2900.0,"Vitrified,Wooden",Unfurnished,East Facing Property,Close to Electronic city and also has good access to metro as well.,13.33814686314349,Sarjapur Road,78.38007246172644,quarterly,3.0,1 Covered,Dec '25,No/Rare Powercut,Villa,Ready to Move,owner,8862.0,family,Water Availability 24 Hours Available,4.0,20137.931034482757,4.0,4.0,True,False,"4 BHK, Villa is available for Sale in Whitefield, Bangalore for 5.8 Crore(s)|58400000|2900.0|Sarjapur Road|Villa|owner",71,True,True,1.0,Sarjapur Road,27975875.723221403,30424124.276778597,108.7512847775665,108.7512847775665,False,Potentially Overpriced,Large positive price deviation + Repeated listing pattern,Potentially Overpriced,Repeated Listing
58400000,Visitor Parking,"4 BHK, Villa is available for Sale in Whitefield, Bangalore for 5.8 Crore(s)",4.0,500000.0,Bangalore,2900.0,"Vitrified,Wooden",Unfurnished,East Facing Property,Close to Electronic city and also has good access to metro as well.,13.282869765710007,Sarjapur Road,78.47448292472254,halfyearly,3.0,1 Covered,Dec '25,No/Rare Powercut,Villa,Ready to Move,owner,8862.0,couples,Water Availability 24 Hours Available,4.0,20137.931034482757,4.0,4.0,True,False,"4 BHK, Villa is available for Sale in Whitefield, Bangalore for 5.8 Crore(s)|58400000|2900.0|Sarjapur Road|Villa|owner",71,True,True,1.0,Sarjapur Road,27975875.723221403,30424124.276778597,108.7512847775665,108.7512847775665,False,Potentially Overpriced,Large positive price deviation + Repeated listing pattern,Potentially Overpriced,Repeated Listing
58400000,Visitor Parking,"4 BHK, Villa is available for Sale in Whitefield, Bangalore for 5.8 Crore(s)",4.0,500000.0,Bangalore,2900.0,"Vitrified,Wooden",Unfurnished,East Facing Property,Close to Electronic city and also has good access to metro as well.,13.654094082508273,Sarjapur Road,78.2386442288426,quarterly,3.0,1 Covered,Dec '25,No/Rare Powercut,Villa,Ready to Move,owner,8862.0,onlyboys,Water Availability 24 Hours Available,4.0,20137.931034482757,4.0,4.0,True,False,"4 BHK, Villa is available for Sale in Whitefield, Bangalore for 5.8 Crore(s)|58400000|2900.0|Sarjapur Road|Villa|owner",71,True,True,1.0,Sarjapur Road,27975875.723221403,30424124.276778597,108.7512847775665,108.7512847775665,False,Potentially Overpriced,Large positive price deviation + Repeated listing pattern,Potentially Overpriced,Repeated Listing
58400000,Visitor Parking,"4 BHK, Villa is available for Sale in Whitefield, Bangalore for 5.8 Crore(s)",4.0,500000.0,Bangalore,2900.0,"Vitrified,Wooden",Unfurnished,East Facing Property,Close to Electronic city and also has good access to metro as well.,13.51178806041185,Sarjapur Road,77.82228272327585,monthly,3.0,1 Covered,Dec '25,No/Rare Powercut,Villa,Ready to Move,owner,8862.0,onlyboys,Water Availability 24 Hours Available,4.0,20137.931034482757,4.0,4.0,True,False,"4 BHK, Villa is available for Sale in Whitefield, Bangalore for 5.8 Crore(s)|58400000|2900.0|Sarjapur Road|Villa|owner",71,True,True,1.0,Sarjapur Road,27975875.723221403,30424124.276778597,108.7512847775665,108.7512847775665,False,Potentially Overpriced,Large positive price deviation + Repeated listing pattern,Potentially Overpriced,Repeated Listing
58400000,Visitor Parking,"4 BHK, Villa is available for Sale in Whitefield, Bangalore for 5.8 Crore(s)",4.0,500000.0,Bangalore,2900.0,"Vitrified,Wooden",Unfurnished,East Facing Property,Close to Electronic city and also has good access to metro as well.,13.6398322829869,Sarjapur Road,78.6891516393217,halfyearly,3.0,1 Covered,Dec '25,No/Rare Powercut,Villa,Ready to Move,owner,8862.0,bachelors,Water Availability 24 Hours Available,4.0,20137.931034482757,4.0,4.0,True,False,"4 BHK, Villa is available for Sale in Whitefield, Bangalore for 5.8 Crore(s)|58400000|2900.0|Sarjapur Road|Villa|owner",71,True,True,1.0,Sarjapur Road,27975875.723221403,30424124.276778597,108.7512847775665,108.7512847775665,False,Potentially Overpriced,Large positive price deviation + Repeated listing pattern,Potentially Overpriced,Repeated Listing
58400000,Visitor Parking,"4 BHK, Villa is available for Sale in Whitefield, Bangalore for 5.8 Crore(s)",4.0,500000.0,Bangalore,2900.0,"Vitrified,Wooden",Unfurnished,East Facing Property,Close to Electronic city and also has good access to metro as well.,13.144159520142257,Sarjapur Road,78.67226348370583,monthly,3.0,1 Covered,Dec '25,No/Rare Powercut,Villa,Ready to Move,owner,8862.0,couples,Water Availability 24 Hours Available,4.0,20137.931034482757,4.0,4.0,True,False,"4 BHK, Villa is available for Sale in Whitefield, Bangalore for 5.8 Crore(s)|58400000|2900.0|Sarjapur Road|Villa|owner",71,True,True,1.0,Sarjapur Road,27975875.723221403,30424124.276778597,108.7512847775665,108.7512847775665,False,Potentially Overpriced,Large positive price deviation + Repeated listing pattern,Potentially Overpriced,Repeated Listing
58400000,Visitor Parking,"4 BHK, Villa is available for Sale in Whitefield, Bangalore for 5.8 Crore(s)",4.0,500000.0,Bangalore,2900.0,"Vitrified,Wooden",Unfurnished,East Facing Property,Close to Electronic city and also has good access to metro as well.,13.016368526661966,Sarjapur Road,78.2581501025342,yearly,3.0,1 Covered,Dec '25,No/Rare Powercut,Villa,Ready to Move,owner,8862.0,couples,Water Availability 24 Hours Available,4.0,20137.931034482757,4.0,4.0,True,False,"4 BHK, Villa is available for Sale in Whitefield, Bangalore for 5.8 Crore(s)|58400000|2900.0|Sarjapur Road|Villa|owner",71,True,True,1.0,Sarjapur Road,27975875.723221403,30424124.276778597,108.7512847775665,108.7512847775665,False,Potentially Overpriced,Large positive price deviation + Repeated listing pattern,Potentially Overpriced,Repeated Listing
58400000,Visitor Parking,"4 BHK, Villa is available for Sale in Whitefield, Bangalore for 5.8 Crore(s)",4.0,500000.0,Bangalore,2900.0,"Vitrified,Wooden",Unfurnished,East Facing Property,Close to Electronic city and also has good access to metro as well.,13.564572681893273,Sarjapur Road,78.64133163192473,monthly,3.0,1 Covered,Dec '25,No/Rare Powercut,Villa,Ready to Move,owner,8862.0,family,Water Availability 24 Hours Available,4.0,20137.931034482757,4.0,4.0,True,False,"4 BHK, Villa is available for Sale in Whitefield, Bangalore for 5.8 Crore(s)|58400000|2900.0|Sarjapur Road|Villa|owner",71,True,True,1.0,Sarjapur Road,27975875.723221403,30424124.276778597,108.7512847775665,108.7512847775665,False,Potentially Overpriced,Large positive price deviation + Repeated listing pattern,Potentially Overpriced,Repeated Listing
58400000,Visitor Parking,"4 BHK, Villa is available for Sale in Whitefield, Bangalore for 5.8 Crore(s)",4.0,500000.0,Bangalore,2900.0,"Vitrified,Wooden",Unfurnished,East Facing Property,Close to Electronic city and also has good access to metro as well.,13.587512597222345,Sarjapur Road,78.71073885790933,yearly,3.0,1 Covered,Dec '25,No/Rare Powercut,Villa,Ready to Move,owner,8862.0,family,Water Availability 24 Hours Available,4.0,20137.931034482757,4.0,4.0,True,False,"4 BHK, Villa is available for Sale in Whitefield, Bangalore for 5.8 Crore(s)|58400000|2900.0|Sarjapur Road|Villa|owner",71,True,True,1.0,Sarjapur Road,27975875.723221403,30424124.276778597,108.7512847775665,108.7512847775665,False,Potentially Overpriced,Large positive price deviation + Repeated listing pattern,Potentially Overpriced,Repeated Listing
58400000,Visitor Parking,"4 BHK, Villa is available for Sale in Whitefield, Bangalore for 5.8 Crore(s)",4.0,500000.0,Bangalore,2900.0,"Vitrified,Wooden",Unfurnished,East Facing Property,Close to Electronic city and also has good access to metro as well.,12.97527424228713,Sarjapur Road,78.52954686615983,yearly,3.0,1 Covered,Dec '25,No/Rare Powercut,Villa,Ready to Move,owner,8862.0,family,Water Availability 24 Hours Available,4.0,20137.931034482757,4.0,4.0,True,False,"4 BHK, Villa is available for Sale in Whitefield, Bangalore for 5.8 Crore(s)|58400000|2900.0|Sarjapur Road|Villa|owner",71,True,True,1.0,Sarjapur Road,27975875.723221403,30424124.276778597,108.7512847775665,108.7512847775665,False,Potentially Overpriced,Large positive price deviation + Repeated listing pattern,Potentially Overpriced,Repeated Listing
58400000,Visitor Parking,"4 BHK, Villa is available for Sale in Whitefield, Bangalore for 5.8 Crore(s)",4.0,500000.0,Bangalore,2900.0,"Vitrified,Wooden",Unfurnished,East Facing Property,Close to Electronic city and also has good access to metro as well.,12.923947453744864,Sarjapur Road,78.3579496163067,monthly,3.0,1 Covered,Dec '25,No/Rare Powercut,Villa,Ready to Move,owner,8862.0,bachelors,Water Availability 24 Hours Available,4.0,20137.931034482757,4.0,4.0,True,False,"4 BHK, Villa is available for Sale in Whitefield, Bangalore for 5.8 Crore(s)|58400000|2900.0|Sarjapur Road|Villa|owner",71,True,True,1.0,Sarjapur Road,27975875.723221403,30424124.276778597,108.7512847775665,108.7512847775665,False,Potentially Overpriced,Large positive price deviation + Repeated listing pattern,Potentially Overpriced,Repeated Listing
58400000,Visitor Parking,"4 BHK, Villa is available for Sale in Whitefield, Bangalore for 5.8 Crore(s)",4.0,500000.0,Bangalore,2900.0,"Vitrified,Wooden",Unfurnished,East Facing Property,Close to Electronic city and also has good access to metro as well.,13.362752779759395,Sarjapur Road,77.75462286251219,yearly,3.0,1 Covered,Dec '25,No/Rare Powercut,Villa,Ready to Move,owner,8862.0,onlyboys,Water Availability 24 Hours Available,4.0,20137.931034482757,4.0,4.0,True,False,"4 BHK, Villa is available for Sale in Whitefield, Bangalore for 5.8 Crore(s)|58400000|2900.0|Sarjapur Road|Villa|owner",71,True,True,1.0,Sarjapur Road,27975875.723221403,30424124.276778597,108.7512847775665,108.7512847775665,False,Potentially Overpriced,Large positive price deviation + Repeated listing pattern,Potentially Overpriced,Repeated Listing
58400000,Visitor Parking,"4 BHK, Villa is available for Sale in Whitefield, Bangalore for 5.8 Crore(s)",4.0,500000.0,Bangalore,2900.0,"Vitrified,Wooden",Unfurnished,East Facing Property,Close to Electronic city and also has good access to metro as well.,13.24029279803401,Sarjapur Road,78.68795905973903,yearly,3.0,1 Covered,Dec '25,No/Rare Powercut,Villa,Ready to Move,owner,8862.0,couples,Water Availability 24 Hours Available,4.0,20137.931034482757,4.0,4.0,True,False,"4 BHK, Villa is available for Sale in Whitefield, Bangalore for 5.8 Crore(s)|58400000|2900.0|Sarjapur Road|Villa|owner",71,True,True,1.0,Sarjapur Road,27975875.723221403,30424124.276778597,108.7512847775665,108.7512847775665,False,Potentially Overpriced,Large positive price deviation + Repeated listing pattern,Potentially Overpriced,Repeated Listing
58400000,Visitor Parking,"4 BHK, Villa is available for Sale in Whitefield, Bangalore for 5.8 Crore(s)",4.0,500000.0,Bangalore,2900.0,"Vitrified,Wooden",Unfurnished,East Facing Property,Close to Electronic city and also has good access to metro as well.,13.575666478508056,Sarjapur Road,78.34622131914871,yearly,3.0,1 Covered,Dec '25,No/Rare Powercut,Villa,Ready to Move,owner,8862.0,couples,Water Availability 24 Hours Available,4.0,20137.931034482757,4.0,4.0,True,False,"4 BHK, Villa is available for Sale in Whitefield, Bangalore for 5.8 Crore(s)|58400000|2900.0|Sarjapur Road|Villa|owner",71,True,True,1.0,Sarjapur Road,27975875.723221403,30424124.276778597,108.7512847775665,108.7512847775665,False,Potentially Overpriced,Large positive price deviation + Repeated listing pattern,Potentially Overpriced,Repeated Listing
58400000,Visitor Parking,"4 BHK, Villa is available for Sale in Whitefield, Bangalore for 5.8 Crore(s)",4.0,500000.0,Bangalore,2900.0,"Vitrified,Wooden",Unfurnished,East Facing Property,Close to Electronic city and also has good access to metro as well.,13.323978149885727,Sarjapur Road,78.42957773102506,monthly,3.0,1 Covered,Dec '25,No/Rare Powercut,Villa,Ready to Move,owner,8862.0,bachelors,Water Availability 24 Hours Available,4.0,20137.931034482757,4.0,4.0,True,False,"4 BHK, Villa is available for Sale in Whitefield, Bangalore for 5.8 Crore(s)|58400000|2900.0|Sarjapur Road|Villa|owner",71,True,True,1.0,Sarjapur Road,27975875.723221403,30424124.276778597,108.7512847775665,108.7512847775665,False,Potentially Overpriced,Large positive price deviation + Repeated listing pattern,Potentially Overpriced,Repeated Listing
58400000,Visitor Parking,"4 BHK, Villa is available for Sale in Whitefield, Bangalore for 5.8 Crore(s)",4.0,500000.0,Bangalore,2900.0,"Vitrified,Wooden",Unfurnished,East Facing Property,Close to Electronic city and also has good access to metro as well.,13.196431102808956,Sarjapur Road,78.11622210847696,quarterly,3.0,1 Covered,Dec '25,No/Rare Powercut,Villa,Ready to Move,owner,8862.0,onlygirls,Water Availability 24 Hours Available,4.0,20137.931034482757,4.0,4.0,True,False,"4 BHK, Villa is available for Sale in Whitefield, Bangalore for 5.8 Crore(s)|58400000|2900.0|Sarjapur Road|Villa|owner",71,True,True,1.0,Sarjapur Road,27975875.723221403,30424124.276778597,108.7512847775665,108.7512847775665,False,Potentially Overpriced,Large positive price deviation + Repeated listing pattern,Potentially Overpriced,Repeated Listing
58400000,Visitor Parking,"4 BHK, Villa is available for Sale in Whitefield, Bangalore for 5.8 Crore(s)",4.0,500000.0,Bangalore,2900.0,"Vitrified,Wooden",Unfurnished,East Facing Property,Close to Electronic city and also has good access to metro as well.,13.195362080075444,Sarjapur Road,77.8512965164521,halfyearly,3.0,1 Covered,Dec '25,No/Rare Powercut,Villa,Ready to Move,owner,8862.0,family,Water Availability 24 Hours Available,4.0,20137.931034482757,4.0,4.0,True,False,"4 BHK, Villa is available for Sale in Whitefield, Bangalore for 5.8 Crore(s)|58400000|2900.0|Sarjapur Road|Villa|owner",71,True,True,1.0,Sarjapur Road,27975875.723221403,30424124.276778597,108.7512847775665,108.7512847775665,False,Potentially Overpriced,Large positive price deviation + Repeated listing pattern,Potentially Overpriced,Repeated Listing
58400000,Visitor Parking,"4 BHK, Villa is available for Sale in Whitefield, Bangalore for 5.8 Crore(s)",4.0,500000.0,Bangalore,2900.0,"Vitrified,Wooden",Unfurnished,East Facing Property,Close to Electronic city and also has good access to metro as well.,13.483742328155431,Sarjapur Road,78.52775602158172,yearly,3.0,1 Covered,Dec '25,No/Rare Powercut,Villa,Ready to Move,owner,8862.0,onlyboys,Water Availability 24 Hours Available,4.0,20137.931034482757,4.0,4.0,True,False,"4 BHK, Villa is available for Sale in Whitefield, Bangalore for 5.8 Crore(s)|58400000|2900.0|Sarjapur Road|Villa|owner",71,True,True,1.0,Sarjapur Road,27975875.723221403,30424124.276778597,108.7512847775665,108.7512847775665,False,Potentially Overpriced,Large positive price deviation + Repeated listing pattern,Potentially Overpriced,Repeated Listing
58400000,Visitor Parking,"4 BHK, Villa is available for Sale in Whitefield, Bangalore for 5.8 Crore(s)",4.0,500000.0,Bangalore,2900.0,"Vitrified,Wooden",Unfurnished,East Facing Property,Close to Electronic city and also has good access to metro as well.,12.871448129090895,Sarjapur Road,77.78073170211424,quarterly,3.0,1 Covered,Dec '25,No/Rare Powercut,Villa,Ready to Move,owner,8862.0,family,Water Availability 24 Hours Available,4.0,20137.931034482757,4.0,4.0,True,False,"4 BHK, Villa is available for Sale in Whitefield, Bangalore for 5.8 Crore(s)|58400000|2900.0|Sarjapur Road|Villa|owner",71,True,True,1.0,Sarjapur Road,27975875.723221403,30424124.276778597,108.7512847775665,108.7512847775665,False,Potentially Overpriced,Large positive price deviation + Repeated listing pattern,Potentially Overpriced,Repeated Listing
58400000,Visitor Parking,"4 BHK, Villa is available for Sale in Whitefield, Bangalore for 5.8 Crore(s)",4.0,500000.0,Bangalore,2900.0,"Vitrified,Wooden",Unfurnished,East Facing Property,Close to Electronic city and also has good access to metro as well.,13.64874082873598,Sarjapur Road,78.57615023377197,halfyearly,3.0,1 Covered,Dec '25,No/Rare Powercut,Villa,Ready to Move,owner,8862.0,family,Water Availability 24 Hours Available,4.0,20137.931034482757,4.0,4.0,True,False,"4 BHK, Villa is available for Sale in Whitefield, Bangalore for 5.8 Crore(s)|58400000|2900.0|Sarjapur Road|Villa|owner",71,True,True,1.0,Sarjapur Road,27975875.723221403,30424124.276778597,108.7512847775665,108.7512847775665,False,Potentially Overpriced,Large positive price deviation + Repeated listing pattern,Potentially Overpriced,Repeated Listing
58400000,Visitor Parking,"4 BHK, Villa is available for Sale in Whitefield, Bangalore for 5.8 Crore(s)",4.0,500000.0,Bangalore,2900.0,"Vitrified,Wooden",Unfurnished,East Facing Property,Close to Electronic city and also has good access to metro as well.,13.386281792638446,Sarjapur Road,77.90057906798353,quarterly,3.0,1 Covered,Dec '25,No/Rare Powercut,Villa,Ready to Move,owner,8862.0,couples,Water Availability 24 Hours Available,4.0,20137.931034482757,4.0,4.0,True,False,"4 BHK, Villa is available for Sale in Whitefield, Bangalore for 5.8 Crore(s)|58400000|2900.0|Sarjapur Road|Villa|owner",71,True,True,1.0,Sarjapur Road,27975875.723221403,30424124.276778597,108.7512847775665,108.7512847775665,False,Potentially Overpriced,Large positive price deviation + Repeated listing pattern,Potentially Overpriced,Repeated Listing
58400000,Visitor Parking,"4 BHK, Villa is available for Sale in Whitefield, Bangalore for 5.8 Crore(s)",4.0,500000.0,Bangalore,2900.0,"Vitrified,Wooden",Unfurnished,East Facing Property,Close to Electronic city and also has good access to metro as well.,13.304885809645787,Sarjapur Road,78.48456264740027,monthly,3.0,1 Covered,Dec '25,No/Rare Powercut,Villa,Ready to Move,owner,8862.0,onlyboys,Water Availability 24 Hours Available,4.0,20137.931034482757,4.0,4.0,True,False,"4 BHK, Villa is available for Sale in Whitefield, Bangalore for 5.8 Crore(s)|58400000|2900.0|Sarjapur Road|Villa|owner",71,True,True,1.0,Sarjapur Road,27975875.723221403,30424124.276778597,108.7512847775665,108.7512847775665,False,Potentially Overpriced,Large positive price deviation + Repeated listing pattern,Potentially Overpriced,Repeated Listing
58400000,Visitor Parking,"4 BHK, Villa is available for Sale in Whitefield, Bangalore for 5.8 Crore(s)",4.0,500000.0,Bangalore,2900.0,"Vitrified,Wooden",Unfurnished,East Facing Property,Close to Electronic city and also has good access to metro as well.,13.284295283991089,Sarjapur Road,78.39516422441784,monthly,3.0,1 Covered,Dec '25,No/Rare Powercut,Villa,Ready to Move,owner,8862.0,onlyboys,Water Availability 24 Hours Available,4.0,20137.931034482757,4.0,4.0,True,False,"4 BHK, Villa is available for Sale in Whitefield, Bangalore for 5.8 Crore(s)|58400000|2900.0|Sarjapur Road|Villa|owner",71,True,True,1.0,Sarjapur Road,27975875.723221403,30424124.276778597,108.7512847775665,108.7512847775665,False,Potentially Overpriced,Large positive price deviation + Repeated listing pattern,Potentially Overpriced,Repeated Listing
58400000,Visitor Parking,"4 BHK, Villa is available for Sale in Whitefield, Bangalore for 5.8 Crore(s)",4.0,500000.0,Bangalore,2900.0,"Vitrified,Wooden",Unfurnished,East Facing Property,Close to Electronic city and also has good access to metro as well.,13.49227222137554,Sarjapur Road,78.60474820594801,yearly,3.0,1 Covered,Dec '25,No/Rare Powercut,Villa,Ready to Move,owner,8862.0,bachelors,Water Availability 24 Hours Available,4.0,20137.931034482757,4.0,4.0,True,False,"4 BHK, Villa is available for Sale in Whitefield, Bangalore for 5.8 Crore(s)|58400000|2900.0|Sarjapur Road|Villa|owner",71,True,True,1.0,Sarjapur Road,27975875.723221403,30424124.276778597,108.7512847775665,108.7512847775665,False,Potentially Overpriced,Large positive price deviation + Repeated listing pattern,Potentially Overpriced,Repeated Listing
