actualprice,predicted_price,price_deviation,deviation_pct,absolute_deviation_pct,covAreaUnit,bhk,no_balconies,parking_score,locality_grouped,property_typ,psnstats,seller_type,duplicate_flag,extreme_area_flag,review_category,data_quality_indicator
48000000,37025599.25003,10974400.749969997,29.640035468058233,29.640035468058233,2768.0,4.0,2.0,1.0,Hennur Gardens,Villa,Under Construction,agent,True,False,Normal,Repeated Listing
32500000,55000000.00000105,-22500000.00000105,-40.909090909092036,40.909090909092036,3000.0,4.0,1.0,1.0,Yelahanka,Villa,Under Construction,agent,True,False,Normal,Repeated Listing
55000000,30390365.025824584,24609634.974175416,80.97841191859024,80.97841191859024,3000.0,4.0,1.0,1.0,Yelahanka,Villa,Under Construction,builder,True,False,Normal,Repeated Listing
32000000,32038291.658905108,-38291.65890510753,-0.11951841662713712,0.11951841662713712,2500.0,4.0,1.0,1.0,Devanahalli,Villa,Ready to Move,builder,True,False,Normal,Repeated Listing
50000000,39015269.80292154,10984730.197078459,28.154951260277844,28.154951260277844,3900.0,4.0,1.0,1.0,Devanahalli,Villa,Ready to Move,builder,True,False,Normal,Repeated Listing
50000000,39508261.718489856,10491738.281510144,26.555808393361975,26.555808393361975,3900.0,4.0,1.0,1.0,Devanahalli,Villa,Ready to Move,contractor,True,False,Normal,Repeated Listing
28500000,31953592.868370604,-3453592.868370604,-10.808151942716767,10.808151942716767,2300.0,4.0,3.0,1.0,Thirupalya,Villa,Under Construction,agent,True,False,Normal,Repeated Listing
32000000,28503241.98318361,3496758.016816389,12.267930851091997,12.267930851091997,2300.0,4.0,3.0,1.0,Thirupalya,Villa,Under Construction,agent,True,False,Normal,Repeated Listing
14800000,14887052.400365748,-87052.40036574751,-0.5847524279796906,0.5847524279796906,2300.0,2.0,3.0,1.0,Thirupalya,Villa,Under Construction,builder,True,False,Normal,Repeated Listing
26500000,27388616.699900262,-888616.699900262,-3.24447455538526,3.24447455538526,2300.0,5.0,3.0,1.0,Thirupalya,Villa,Under Construction,owner,True,False,Normal,Repeated Listing
72150000,71757171.8637932,392828.1362068057,0.5474409400532919,0.5474409400532919,2300.0,8.0,3.0,1.0,Thirupalya,Villa,Under Construction,agent,True,False,Normal,Repeated Listing
17500000,17173145.52905424,326854.4709457606,1.9032883078570242,1.9032883078570242,2136.0,5.0,3.0,1.0,Bidaraguppe,Villa,Under Construction,contractor,True,False,Normal,Repeated Listing
14000000,14725707.77437715,-725707.7743771505,-4.928169059825347,4.928169059825347,2136.0,4.0,3.0,1.0,Bidaraguppe,Villa,Under Construction,builder,True,False,Normal,Repeated Listing
37500000,40984055.42728329,-3484055.427283287,-8.501002135976847,8.501002135976847,2900.0,4.0,3.0,1.0,Sarjapur Road,Villa,Ready to Move,builder,True,False,Normal,Repeated Listing
28000000,37606391.66004806,-9606391.66004806,-25.544571643265662,25.544571643265662,2900.0,4.0,3.0,1.0,Sarjapur Road,Villa,Ready to Move,contractor,True,False,Normal,Repeated Listing
58400000,37431002.09585924,20968997.904140763,56.02040215338086,56.02040215338086,2900.0,4.0,3.0,1.0,Sarjapur Road,Villa,Ready to Move,builder,True,False,Normal,Repeated Listing
48000000,37025599.25003,10974400.749969997,29.640035468058233,29.640035468058233,2768.0,4.0,2.0,1.0,Hennur Gardens,Villa,Under Construction,agent,True,False,Normal,Repeated Listing
32500000,55000000.00000105,-22500000.00000105,-40.909090909092036,40.909090909092036,3000.0,4.0,1.0,1.0,Yelahanka,Villa,Under Construction,agent,True,False,Normal,Repeated Listing
55000000,29390377.078481313,25609622.921518687,87.13608149066324,87.13608149066324,3000.0,4.0,1.0,1.0,Yelahanka,Villa,Under Construction,contractor,True,False,Normal,Repeated Listing
32000000,32038291.658905108,-38291.65890510753,-0.11951841662713712,0.11951841662713712,2500.0,4.0,1.0,1.0,Devanahalli,Villa,Ready to Move,builder,True,False,Normal,Repeated Listing
50000000,39508261.718489856,10491738.281510144,26.555808393361975,26.555808393361975,3900.0,4.0,1.0,1.0,Devanahalli,Villa,Ready to Move,contractor,True,False,Normal,Repeated Listing
50000000,39015269.80292154,10984730.197078459,28.154951260277844,28.154951260277844,3900.0,4.0,1.0,1.0,Devanahalli,Villa,Ready to Move,builder,True,False,Normal,Repeated Listing
28500000,31953592.868370604,-3453592.868370604,-10.808151942716767,10.808151942716767,2300.0,4.0,3.0,1.0,Thirupalya,Villa,Under Construction,agent,True,False,Normal,Repeated Listing
32000000,27308742.32741032,4691257.672589678,17.17859290752094,17.17859290752094,2300.0,4.0,3.0,1.0,Thirupalya,Villa,Under Construction,builder,True,False,Normal,Repeated Listing
14800000,13540530.005592821,1259469.9944071788,9.301482245428824,9.301482245428824,2300.0,2.0,3.0,1.0,Thirupalya,Villa,Under Construction,agent,True,False,Normal,Repeated Listing
26500000,26417217.791547924,82782.20845207572,0.3133645984421627,0.3133645984421627,2300.0,5.0,3.0,1.0,Thirupalya,Villa,Under Construction,contractor,True,False,Normal,Repeated Listing
72150000,66285680.92557792,5864319.074422076,8.84703753893126,8.84703753893126,2300.0,8.0,3.0,1.0,Thirupalya,Villa,Under Construction,builder,True,False,Normal,Repeated Listing
17500000,16609807.208783785,890192.7912162151,5.359440841344946,5.359440841344946,2136.0,5.0,3.0,1.0,Bidaraguppe,Villa,Under Construction,owner,True,False,Normal,Repeated Listing
14000000,14910817.447835509,-910817.4478355087,-6.108434034699588,6.108434034699588,2136.0,4.0,3.0,1.0,Bidaraguppe,Villa,Under Construction,agent,True,False,Normal,Repeated Listing
37500000,40984055.42728329,-3484055.427283287,-8.501002135976847,8.501002135976847,2900.0,4.0,3.0,1.0,Sarjapur Road,Villa,Ready to Move,builder,True,False,Normal,Repeated Listing
28000000,49030179.90966302,-21030179.90966302,-42.892316423090115,42.892316423090115,2900.0,4.0,3.0,1.0,Sarjapur Road,Villa,Ready to Move,owner,True,False,Normal,Repeated Listing
58400000,37431002.09585924,20968997.904140763,56.02040215338086,56.02040215338086,2900.0,4.0,3.0,1.0,Sarjapur Road,Villa,Ready to Move,builder,True,False,Normal,Repeated Listing
29000000,28102315.357288748,897684.642711252,3.194344064886541,3.194344064886541,2600.0,4.0,4.0,1.0,Sarjapur Road,Villa,Under Construction,agent,False,False,Normal,None
26700000,29950767.075612396,-3250767.075612396,-10.85370223542406,10.85370223542406,2600.0,4.0,4.0,1.0,Sarjapur Road,Villa,Under Construction,builder,False,False,Normal,None
13600000,15341957.8438892,-1741957.8438891992,-11.354208254346315,11.354208254346315,1455.0,3.0,1.0,1.0,Other,Villa,Under Construction,agent,False,False,Normal,None
22600000,31986293.185628317,-9386293.185628317,-29.34473566898227,29.34473566898227,2362.0,4.0,2.0,1.0,Other,Villa,Under Construction,agent,False,False,Normal,None
42850000,19315369.140010983,23534630.859989017,121.84406463782258,121.84406463782258,2400.0,5.0,2.0,1.0,Other,Residential House,Ready to Move,owner,False,False,Potentially Overpriced,None
6089000,7603449.058307299,-1514449.0583072994,-19.917922073176225,19.917922073176225,1030.0,2.0,2.0,1.0,Sarjapur Road,Residential House,Under Construction,owner,False,False,Normal,None
21100000,34703249.57363878,-13603249.573638782,-39.19877746541655,39.19877746541655,1030.0,4.0,2.0,1.0,Sarjapur Road,Residential House,Under Construction,agent,False,False,Normal,None
28800000,27740498.40963484,1059501.5903651603,3.819331486838657,3.819331486838657,2100.0,4.0,3.0,1.0,Other,Villa,Under Construction,agent,False,False,Normal,None
18000000,35848385.02249452,-17848385.022494517,-49.78853304352435,49.78853304352435,2730.0,4.0,3.0,1.0,Yelahanka,Villa,Under Construction,contractor,False,False,Normal,None
14500000,21026569.439698502,-6526569.439698502,-31.03963039912842,31.03963039912842,2730.0,3.0,3.0,1.0,Yelahanka,Villa,Under Construction,builder,False,False,Normal,None
18661502,35259845.5562038,-16598343.556203797,-47.07435127515299,47.07435127515299,2730.0,4.0,3.0,1.0,Yelahanka,Villa,Under Construction,builder,False,False,Normal,None
102500000,22188296.177393038,80311703.82260697,361.9552541597766,361.9552541597766,2730.0,4.0,3.0,1.0,Yelahanka,Villa,Under Construction,owner,False,False,Potentially Overpriced,None
36000000,29927520.65385158,6072479.34614842,20.290619515007872,20.290619515007872,4800.0,4.0,3.0,1.0,Other,Residential House,Ready to Move,owner,False,True,Normal,Extreme Area
47000000,24479210.288229983,22520789.711770017,91.99965785905435,91.99965785905435,4800.0,4.0,3.0,1.0,Other,Residential House,Ready to Move,agent,False,True,Normal,Extreme Area
22000000,25383308.437578432,-3383308.4375784323,-13.3288710015817,13.3288710015817,2100.0,4.0,3.0,0.5,Varthur,Villa,Under Construction,contractor,False,False,Normal,None
29600000,28686362.73533485,913637.2646651492,3.184918468383456,3.184918468383456,2100.0,4.0,3.0,1.0,Varthur,Villa,Under Construction,agent,False,False,Normal,None
29000000,28711806.97215952,288193.0278404802,1.0037439584346863,1.0037439584346863,2500.0,4.0,3.0,1.5,Yelahanka,Villa,Under Construction,owner,False,False,Normal,None
25200000,30441455.52883308,-5241455.52883308,-17.218150176388765,17.218150176388765,2500.0,10.0,3.0,1.0,Yelahanka,Villa,Under Construction,builder,False,False,Normal,None
39800000,41685501.76222989,-1885501.7622298896,-4.523159569925801,4.523159569925801,4723.0,4.0,2.0,1.0,Other,Villa,Under Construction,agent,False,True,Normal,Extreme Area
29000000,33611080.468256615,-4611080.468256615,-13.718929603026202,13.718929603026202,1809.0,4.0,3.0,1.0,Sarjapur Road,Villa,Under Construction,agent,False,False,Normal,None
55000000,38300570.99771828,16699429.002281718,43.60099227574589,43.60099227574589,1809.0,4.0,3.0,1.0,Sarjapur Road,Villa,Under Construction,contractor,False,False,Normal,None
35000000,29212727.020843986,5787272.979156014,19.810793340267942,19.810793340267942,1809.0,7.0,3.0,1.0,Sarjapur Road,Villa,Under Construction,builder,False,False,Normal,None
31600000,36322221.153662734,-4722221.153662734,-13.000915152421907,13.000915152421907,1809.0,4.0,3.0,1.0,Sarjapur Road,Villa,Under Construction,builder,False,False,Normal,None
12095100,25483901.987463903,-13388801.987463903,-52.53827296169226,52.53827296169226,1825.0,4.0,2.0,1.0,Chandapura,Villa,Under Construction,agent,False,False,Potentially Underpriced,None
60000000,39729176.03227326,20270823.967726737,51.022512904018214,51.022512904018214,3080.0,4.0,1.0,0.5,Devanahalli,Villa,Under Construction,agent,False,False,Normal,None
37000000,32766184.66381205,4233815.336187951,12.921294864287031,12.921294864287031,3080.0,5.0,1.0,1.5,Devanahalli,Villa,Under Construction,builder,False,False,Normal,None
17900000,14098054.8034499,3801945.196550099,26.967870742137663,26.967870742137663,1672.0,3.0,3.0,1.0,Other,Villa,Under Construction,agent,False,False,Normal,None
7000000,8337650.864399673,-1337650.8643996734,-16.04349817658126,16.04349817658126,1000.0,2.0,4.0,1.0,Other,Villa,Under Construction,agent,False,False,Normal,None
39000000,31939225.52843754,7060774.47156246,22.106905708392333,22.106905708392333,1000.0,4.0,4.0,1.0,Other,Villa,Under Construction,builder,False,False,Normal,None
27315000,23317257.7957815,3997742.2042184994,17.144992945704622,17.144992945704622,1580.0,4.0,4.0,1.0,Other,Villa,Ready to Move,agent,False,False,Normal,None
16500000,8233479.439658475,8266520.560341525,100.40130203670516,100.40130203670516,950.0,2.0,4.0,1.0,Whitefield,Residential House,Ready to Move,contractor,False,False,Potentially Overpriced,None
32100000,23465511.04033857,8634488.959661432,36.79650933158135,36.79650933158135,950.0,4.0,4.0,1.0,Whitefield,Residential House,Ready to Move,contractor,False,False,Normal,None
71000000,22875561.288124517,48124438.71187548,210.37489793467284,210.37489793467284,2000.0,5.0,4.0,1.5,Other,Residential House,Ready to Move,contractor,False,False,Potentially Overpriced,None
47500000,16856682.89667167,30643317.10332833,181.78734980758765,181.78734980758765,2000.0,3.0,4.0,1.0,Other,Residential House,Ready to Move,owner,False,False,Potentially Overpriced,None
25900000,21686464.278994117,4213535.721005883,19.42933466146986,19.42933466146986,2000.0,4.0,4.0,1.0,Other,Residential House,Ready to Move,agent,False,False,Normal,None
49900000,38425349.950305685,11474650.049694315,29.86218750000748,29.86218750000748,3100.0,4.0,4.0,1.0,Yelahanka,Villa,Ready to Move,agent,False,False,Normal,None
43500000,47989874.19082919,-4489874.190829188,-9.355878227509914,9.355878227509914,3100.0,4.0,4.0,1.0,Yelahanka,Villa,Ready to Move,builder,False,False,Normal,None
19600000,25278758.01695375,-5678758.016953751,-22.464545185112215,22.464545185112215,2450.0,4.0,4.0,1.0,Varthur,Villa,Ready to Move,agent,False,False,Normal,None
35000000,27887456.566159,7112543.433841001,25.504453649143333,25.504453649143333,2450.0,4.0,4.0,1.0,Varthur,Villa,Ready to Move,builder,False,False,Normal,None
49900000,15828388.8423546,34071611.157645404,215.25634413576222,215.25634413576222,1800.0,3.0,4.0,1.0,Other,Villa,Ready to Move,owner,False,False,Potentially Overpriced,None
41000000,31827082.9784025,9172917.0215975,28.821105056414186,28.821105056414186,3850.0,5.0,4.0,1.0,Other,Villa,Ready to Move,contractor,False,False,Normal,None
36500000,33154238.157065935,3345761.8429340646,10.091505728720856,10.091505728720856,3200.0,4.0,4.0,1.5,Whitefield,Villa,Ready to Move,contractor,False,False,Normal,None
14000000,35396925.47123245,-21396925.47123245,-60.44854231371596,60.44854231371596,3200.0,5.0,4.0,1.5,Whitefield,Villa,Ready to Move,agent,False,False,Potentially Underpriced,None
11500000,25040433.46262549,-13540433.462625489,-54.07427743946799,54.07427743946799,3200.0,3.0,4.0,1.5,Whitefield,Villa,Ready to Move,builder,False,False,Potentially Underpriced,None
105000000,39934163.13918365,65065836.86081635,162.93276669913072,162.93276669913072,4200.0,4.0,4.0,1.0,Whitefield,Villa,Ready to Move,contractor,False,True,Potentially Overpriced,Extreme Area
20577000,38394886.28822668,-17817886.28822668,-46.40692553292003,46.40692553292003,3778.0,4.0,2.0,1.0,Other,Villa,Under Construction,agent,False,False,Normal,None
25500000,28319439.103328984,-2819439.103328984,-9.955843733492433,9.955843733492433,3778.0,4.0,2.0,1.0,Other,Villa,Under Construction,owner,False,False,Normal,None
40000000,24479683.65937043,15520316.34062957,63.400804342864305,63.400804342864305,3778.0,5.0,2.0,1.0,Other,Villa,Under Construction,agent,False,False,Normal,None
107500000,52143229.116029315,55356770.883970685,106.162912850661,106.162912850661,7800.0,4.0,2.0,1.0,Sarjapur Road,Villa,Ready to Move,builder,False,True,Potentially Overpriced,Extreme Area
17500000,28309484.87509294,-10809484.875092939,-38.183262333407086,38.183262333407086,7800.0,3.0,2.0,1.5,Sarjapur Road,Villa,Ready to Move,contractor,False,True,Normal,Extreme Area
40000000,37801004.44570232,2198995.554297678,5.81729397549828,5.81729397549828,4650.0,4.0,2.0,1.5,Devanahalli,Villa,Ready to Move,builder,False,True,Normal,Extreme Area
26500000,34214009.9395397,-7714009.939539701,-22.546348566482827,22.546348566482827,2700.0,4.0,2.0,1.0,Other,Villa,Ready to Move,owner,False,False,Normal,None
52000000,21926866.31589927,30073133.68410073,137.15199085377083,137.15199085377083,2700.0,3.0,2.0,1.0,Other,Villa,Ready to Move,builder,False,False,Potentially Overpriced,None
49500000,43171988.570487276,6328011.429512724,14.657678830756026,14.657678830756026,3250.0,4.0,1.0,1.0,Devanahalli,Villa,Ready to Move,agent,False,False,Normal,None
36500000,40386567.80417292,-3886567.804172918,-9.623416931634733,9.623416931634733,4500.0,4.0,1.0,1.0,Other,Villa,Ready to Move,contractor,False,True,Normal,Extreme Area
24500000,19283881.55760681,5216118.442393191,27.049110558012202,27.049110558012202,2100.0,3.0,2.0,1.0,Sarjapur Road,Villa,Ready to Move,agent,False,False,Normal,None
57500000,28177299.916809145,29322700.083190855,104.06497489029607,104.06497489029607,2553.0,4.0,2.0,1.0,Other,Villa,Under Construction,agent,False,False,Potentially Overpriced,None
38800000,25536146.461034846,13263853.538965154,51.941484433464666,51.941484433464666,2553.0,4.0,2.0,1.0,Other,Villa,Under Construction,contractor,False,False,Normal,None
19000000,22820303.591289252,-3820303.591289252,-16.740809674186377,16.740809674186377,2553.0,3.0,2.0,1.0,Other,Villa,Under Construction,builder,False,False,Normal,None
58000000,20366755.487404794,37633244.51259521,184.77780879663604,184.77780879663604,2553.0,3.0,2.0,1.0,Other,Villa,Under Construction,owner,False,False,Potentially Overpriced,None
4500000,3501303.116192569,998696.883807431,28.523576813122265,28.523576813122265,350.0,1.0,2.0,1.0,Other,Residential House,Ready to Move,agent,False,False,Normal,None
19000000,22764962.542181585,-3764962.542181585,-16.538408684861317,16.538408684861317,2100.0,3.0,2.0,1.0,Varthur,Villa,Under Construction,builder,False,False,Normal,None
29000000,28171432.296557844,828567.7034421563,2.9411628586005394,2.9411628586005394,2540.0,4.0,2.0,1.0,Other,Villa,Under Construction,agent,False,False,Normal,None
45000000,53833179.95242687,-8833179.952426873,-16.40843056314503,16.40843056314503,4000.0,4.0,2.0,1.5,Whitefield,Villa,Ready to Move,owner,False,False,Normal,None
52500000,30380780.220285106,22119219.779714894,72.80662188177114,72.80662188177114,4000.0,5.0,2.0,1.5,Whitefield,Villa,Ready to Move,agent,False,False,Normal,None
36500000,29163345.533542346,7336654.466457654,25.157108460068027,25.157108460068027,2700.0,4.0,2.0,1.0,Sarjapur Road,Villa,Ready to Move,agent,False,False,Normal,None
60000000,26553171.807246592,33446828.192753408,125.96170595192501,125.96170595192501,2700.0,4.0,2.0,1.0,Sarjapur Road,Villa,Ready to Move,builder,False,False,Potentially Overpriced,None
29100000,21467610.91240156,7632389.087598439,35.553043693321776,35.553043693321776,1860.0,4.0,2.0,1.0,Other,Villa,Under Construction,agent,False,False,Normal,None
25000000,18250846.060520492,6749153.9394795075,36.97995105048314,36.97995105048314,1875.0,4.0,2.0,1.0,Sarjapur Road,Villa,Ready to Move,builder,False,False,Normal,None
16900000,23419004.91816734,-6519004.9181673415,-27.83638733134306,27.83638733134306,1453.0,4.0,2.0,1.0,Other,Villa,Under Construction,agent,False,False,Normal,None
400000000,50135830.9912984,349864169.0087016,697.8325921623284,697.8325921623284,6700.0,5.0,2.0,1.0,Other,Residential House,Ready to Move,agent,False,True,Potentially Overpriced,Extreme Area
15952345,27609043.445449088,-11656698.445449088,-42.2205806169301,42.2205806169301,2450.0,4.0,4.0,1.0,Chandapura,Villa,Under Construction,agent,False,False,Normal,None
16745000,13873359.680205,2871640.3197949994,20.698953865460272,20.698953865460272,1925.0,3.0,2.0,1.0,Other,Villa,Under Construction,agent,False,False,Normal,None
91000000,45934927.07368393,45065072.92631607,98.10633388843192,98.10633388843192,4055.0,4.0,2.0,1.0,Whitefield,Villa,Ready to Move,agent,False,True,Normal,Extreme Area
75000000,31703402.255559083,43296597.74444091,136.56766991577064,136.56766991577064,4000.0,4.0,2.0,1.0,Other,Villa,Ready to Move,contractor,False,False,Potentially Overpriced,None
65000000,23018291.091926314,41981708.908073686,182.38412547836276,182.38412547836276,1680.0,10.0,2.0,1.5,Other,Residential House,Ready to Move,builder,False,False,Potentially Overpriced,None
43000000,34882356.7628683,8117643.2371317,23.27148733761246,23.27148733761246,4000.0,10.0,2.0,1.0,Other,Villa,Ready to Move,owner,False,False,Normal,None
47000000,28389905.157737195,18610094.842262805,65.5518034979801,65.5518034979801,3272.0,4.0,2.0,1.0,Other,Villa,Under Construction,agent,False,False,Normal,None
38846000,25727932.795823008,13118067.204176992,50.98764563901046,50.98764563901046,1800.0,4.0,3.0,1.0,Other,Villa,Under Construction,agent,False,False,Normal,None
42500000,19999958.72732985,22500041.27267015,112.5004385230253,112.5004385230253,1516.0,5.0,2.0,1.0,Other,Residential House,Ready to Move,builder,False,False,Potentially Overpriced,None
21600000,19046087.73077382,2553912.2692261785,13.409117427825773,13.409117427825773,2135.0,3.0,2.0,1.0,Other,Villa,Under Construction,agent,False,False,Normal,None
74000000,26745162.00600115,47254837.993998855,176.6855552544258,176.6855552544258,2553.0,4.0,3.0,1.0,Other,Villa,Under Construction,owner,False,False,Potentially Overpriced,None
12300000,19050832.65743535,-6750832.65743535,-35.43589290203842,35.43589290203842,2553.0,3.0,3.0,0.5,Other,Villa,Under Construction,builder,False,False,Normal,None
34500000,36881891.49548934,-2381891.4954893366,-6.4581598147715455,6.4581598147715455,2995.0,4.0,4.0,1.0,Other,Villa,Under Construction,agent,False,False,Normal,None
45000000,48419706.15689772,-3419706.1568977237,-7.062633023456634,7.062633023456634,3500.0,4.0,4.0,1.0,Whitefield,Villa,Ready to Move,agent,False,False,Normal,None
23000000,35552009.80535438,-12552009.80535438,-35.30604844585737,35.30604844585737,2553.0,4.0,3.0,0.5,Other,Villa,Under Construction,agent,False,False,Normal,None
65000000,34935832.51226267,30064167.487737328,86.05539163031148,86.05539163031148,2553.0,7.0,3.0,1.0,Other,Villa,Under Construction,contractor,False,False,Normal,None
120000000,42925783.89779508,77074216.10220492,179.55226230863056,179.55226230863056,3500.0,4.0,4.0,1.0,Whitefield,Villa,Ready to Move,owner,False,False,Potentially Overpriced,None
24164450,27078463.99973096,-2914013.9997309595,-10.761371101994234,10.761371101994234,2200.0,3.0,4.0,1.0,Yelahanka,Villa,Ready to Move,builder,False,False,Normal,None
31000000,26360426.77962433,4639573.220375668,17.600523918534932,17.600523918534932,2400.0,4.0,3.0,1.0,Other,Villa,Ready to Move,owner,False,False,Normal,None
95000000,16138414.508452937,78861585.49154706,488.657578166933,488.657578166933,2400.0,3.0,3.0,1.0,Other,Villa,Ready to Move,agent,False,False,Potentially Overpriced,None
35000000,26222134.41078171,8777865.589218289,33.47502324451936,33.47502324451936,2200.0,3.0,4.0,1.0,Yelahanka,Villa,Ready to Move,agent,False,False,Normal,None
14000000,26360426.77962433,-12360426.779624332,-46.89008597227455,46.89008597227455,2400.0,4.0,3.0,1.0,Other,Villa,Ready to Move,owner,False,False,Normal,None
18000000,25510187.633244332,-7510187.633244332,-29.43995450451809,29.43995450451809,2200.0,4.0,4.0,1.0,Sarjapur Road,Villa,Under Construction,agent,False,False,Normal,None
30000000,16269156.772197274,13730843.227802726,84.3980018144989,84.3980018144989,2400.0,3.0,3.0,1.0,Other,Villa,Ready to Move,contractor,False,False,Normal,None
23300000,27590775.238103233,-4290775.238103233,-15.551484875197035,15.551484875197035,2608.0,3.0,2.0,1.0,Other,Villa,Under Construction,builder,False,False,Normal,None
74400000,16543054.45364465,57856945.54635535,349.7355685340727,349.7355685340727,2100.0,3.0,3.0,1.0,Other,Residential House,Ready to Move,agent,False,False,Potentially Overpriced,None
17000000,34388866.71139352,-17388866.71139352,-50.56539622933355,50.56539622933355,2608.0,4.0,2.0,1.0,Other,Villa,Under Construction,builder,False,False,Potentially Underpriced,None
39000000,38890270.67399083,109729.32600916922,0.28215109873882765,0.28215109873882765,2100.0,4.0,3.0,1.0,Other,Residential House,Ready to Move,contractor,False,False,Normal,None
20900000,24369074.652180687,-3469074.6521806866,-14.235561676816703,14.235561676816703,1637.0,4.0,4.0,1.0,Other,Villa,Under Construction,agent,False,False,Normal,None
65000000,45548736.8224205,19451263.1775795,42.70428673667408,42.70428673667408,3600.0,4.0,2.0,1.0,Sarjapur Road,Villa,Ready to Move,agent,False,False,Normal,None
26000000,36789226.23275017,-10789226.23275017,-29.327135516499347,29.327135516499347,2100.0,4.0,3.0,1.0,Other,Residential House,Ready to Move,owner,False,False,Normal,None
24000000,23500105.930305578,499894.0696944222,2.1271992184927226,2.1271992184927226,1637.0,4.0,4.0,1.0,Other,Villa,Under Construction,agent,False,False,Normal,None
57500000,28916407.369681697,28583592.630318303,98.84904533572056,98.84904533572056,2100.0,4.0,3.0,1.0,Other,Residential House,Ready to Move,contractor,False,False,Normal,None
4700000,21444821.438332982,-16744821.438332982,-78.08328685078874,78.08328685078874,1637.0,3.0,4.0,1.0,Other,Villa,Under Construction,contractor,False,False,Potentially Underpriced,None
55000000,33125488.437312454,21874511.562687546,66.03528761268969,66.03528761268969,2100.0,5.0,3.0,1.0,Other,Residential House,Ready to Move,owner,False,False,Normal,None
60000000,22668326.715609636,37331673.28439036,164.686497387932,164.686497387932,2100.0,8.0,3.0,1.0,Other,Residential House,Ready to Move,contractor,False,False,Potentially Overpriced,None
28000000,50059268.829393096,-22059268.829393096,-44.06630249549439,44.06630249549439,3300.0,4.0,4.0,1.0,Varthur,Villa,Under Construction,owner,False,False,Normal,None
51000000,22867497.562486645,28132502.437513355,123.02396604892951,123.02396604892951,2900.0,4.0,3.0,0.5,Other,Residential House,Ready to Move,contractor,False,False,Potentially Overpriced,None
12000008,23526218.643121105,-11526210.643121105,-48.99304396497771,48.99304396497771,1200.0,3.0,3.0,1.5,Other,Residential House,Ready to Move,owner,False,False,Normal,None
50000000,22392892.040590428,27607107.959409572,123.2851384687945,123.2851384687945,3398.0,4.0,4.0,1.0,Other,Villa,Ready to Move,contractor,False,False,Potentially Overpriced,None
13000000,41488026.74626999,-28488026.746269993,-68.66565845730715,68.66565845730715,3398.0,4.0,4.0,1.0,Other,Villa,Ready to Move,agent,False,False,Potentially Underpriced,None
13500000,22021280.44057442,-8521280.440574419,-38.69566287741325,38.69566287741325,1200.0,3.0,3.0,1.0,Other,Residential House,Ready to Move,agent,False,False,Normal,None
65000000,43245849.26448453,21754150.735515468,50.30344207711275,50.30344207711275,3523.0,4.0,4.0,1.0,Yelahanka,Villa,Ready to Move,agent,False,False,Normal,None
18700000,15416012.939620737,3283987.060379263,21.302440995875653,21.302440995875653,1200.0,3.0,4.0,1.0,Other,Villa,Under Construction,agent,False,False,Normal,None
50000000,24173901.522739142,25826098.477260858,106.83463094679846,106.83463094679846,1200.0,5.0,3.0,1.0,Other,Residential House,Ready to Move,owner,False,False,Potentially Overpriced,None
22500000,38059745.285029106,-15559745.285029106,-40.882420963415036,40.882420963415036,1200.0,4.0,4.0,1.0,Other,Villa,Under Construction,contractor,False,False,Normal,None
12500000,18931009.392769665,-6431009.3927696645,-33.970768591060256,33.970768591060256,1200.0,3.0,3.0,1.0,Other,Residential House,Ready to Move,builder,False,False,Normal,None
27600000,23484624.63978039,4115375.360219609,17.523700818486205,17.523700818486205,1200.0,4.0,4.0,1.0,Other,Villa,Under Construction,owner,False,False,Normal,None
107500000,20306015.503713712,87193984.49628629,429.3997730886181,429.3997730886181,1200.0,4.0,3.0,1.0,Other,Residential House,Ready to Move,builder,False,False,Potentially Overpriced,None
17800000,22759147.163686547,-4959147.163686547,-21.789688023104553,21.789688023104553,1200.0,3.0,3.0,1.0,Other,Residential House,Ready to Move,owner,False,False,Normal,None
30000000,35078765.05582448,-5078765.055824481,-14.47817518017557,14.47817518017557,2600.0,4.0,4.0,1.0,Bannerghatta Main Road,Villa,Ready to Move,builder,False,False,Normal,None
13500000,17600697.826266576,-4100697.8262665756,-23.298495700249216,23.298495700249216,1800.0,3.0,4.0,1.0,Other,Villa,Under Construction,agent,False,False,Normal,None
28500000,32585319.87452539,-4085319.8745253906,-12.537301736660927,12.537301736660927,1800.0,4.0,4.0,1.5,Other,Villa,Under Construction,owner,False,False,Normal,None
80000000,22491764.43554091,57508235.564459085,255.68574546150788,255.68574546150788,2600.0,6.0,4.0,1.0,Bannerghatta Main Road,Villa,Ready to Move,agent,False,False,Potentially Overpriced,None
21000000,29131319.440771144,-8131319.440771144,-27.912636972394882,27.912636972394882,1550.0,4.0,2.0,1.0,Other,Villa,Ready to Move,agent,False,False,Normal,None
40000000,27264447.061209034,12735552.938790966,46.71120932766208,46.71120932766208,1800.0,4.0,4.0,1.5,Other,Villa,Under Construction,contractor,False,False,Normal,None
55000000,18083932.227932107,36916067.77206789,204.13739283455183,204.13739283455183,1550.0,4.0,2.0,1.0,Other,Villa,Ready to Move,owner,False,False,Potentially Overpriced,None
45000000,22530212.019141022,22469787.980858978,99.73180883415252,99.73180883415252,1800.0,4.0,4.0,1.0,Other,Villa,Under Construction,builder,False,False,Normal,None
70000000,63066974.238316946,6933025.761683054,10.993116199747583,10.993116199747583,6000.0,4.0,2.0,0.5,Devanahalli,Villa,Ready to Move,agent,False,True,Normal,Extreme Area
100000000,46574177.51407232,53425822.48592768,114.71125275327758,114.71125275327758,5000.0,4.0,2.0,1.0,Bannerghatta Main Road,Residential House,Ready to Move,owner,False,True,Potentially Overpriced,Extreme Area
32000000,26009698.781362634,5990301.218637366,23.031028805799718,23.031028805799718,2000.0,3.0,2.0,1.5,Other,Residential House,Ready to Move,contractor,False,False,Normal,None
31500000,20646778.693506036,10853221.306493964,52.566172513427446,52.566172513427446,1980.0,3.0,2.0,1.0,Other,Villa,Ready to Move,contractor,False,False,Normal,None
52500000,26168652.475702837,26331347.524297163,100.62171733430058,100.62171733430058,1980.0,4.0,2.0,1.0,Other,Villa,Ready to Move,agent,False,False,Potentially Overpriced,None
28500000,31945672.42282296,-3445672.4228229597,-10.786038175115282,10.786038175115282,2795.0,4.0,3.0,1.0,Other,Villa,Under Construction,owner,False,False,Normal,None
30000000,32892548.072039127,-2892548.0720391273,-8.793931274962512,8.793931274962512,1980.0,4.0,2.0,1.0,Other,Villa,Ready to Move,agent,False,False,Normal,None
22000000,12068165.384396821,9931834.615603179,82.297800032176,82.297800032176,1750.0,3.0,2.0,1.0,Other,Villa,Under Construction,agent,False,False,Normal,None
4606000,21054903.703651827,-16448903.703651827,-78.12386100250308,78.12386100250308,1245.0,3.0,2.0,1.0,Phase 2 Electronic City,Residential House,Ready to Move,builder,False,False,Potentially Underpriced,None
12000000,27134297.820864636,-15134297.820864636,-55.77552778692978,55.77552778692978,1680.0,4.0,2.0,1.0,Other,Villa,Under Construction,agent,False,False,Potentially Underpriced,None
14000000,24622255.78152333,-10622255.781523328,-43.140871720999364,43.140871720999364,2088.0,4.0,2.0,1.0,Other,Villa,Ready to Move,owner,False,False,Normal,None
19800000,28808375.40013942,-9008375.400139421,-31.269987547079186,31.269987547079186,1780.0,4.0,4.0,1.0,Other,Villa,Under Construction,agent,False,False,Normal,None
21000000,23594729.929096483,-2594729.9290964827,-10.99707407922784,10.99707407922784,2100.0,4.0,2.0,1.0,Yelahanka,Villa,Ready to Move,builder,False,False,Normal,None
28000000,28698896.769346274,-698896.7693462744,-2.4352739931549445,2.4352739931549445,2034.0,4.0,2.0,1.0,Bannerghatta Main Road,Villa,Under Construction,agent,False,False,Normal,None
20500000,7848334.359682514,12651665.640317485,161.20191954754176,161.20191954754176,2100.0,1.0,2.0,1.0,Yelahanka,Villa,Ready to Move,agent,False,False,Potentially Overpriced,None
56000000,27481596.239313126,28518403.760686874,103.77273398657452,103.77273398657452,2034.0,4.0,2.0,1.0,Bannerghatta Main Road,Villa,Under Construction,owner,False,False,Potentially Overpriced,None
19900000,28836514.10280602,-8936514.10280602,-30.990271816302606,30.990271816302606,2487.0,4.0,2.0,1.0,Other,Villa,Under Construction,contractor,False,False,Normal,None
28000000,31068939.428844832,-3068939.428844832,-9.87783775456328,9.87783775456328,2034.0,4.0,2.0,1.0,Bannerghatta Main Road,Villa,Under Construction,contractor,False,False,Normal,None
50000000,28070621.93599502,21929378.06400498,78.12216670513057,78.12216670513057,2504.0,3.0,2.0,1.0,Devanahalli,Villa,Under Construction,agent,False,False,Normal,None
25000000,6938818.457488995,18061181.542511005,260.29188763423775,260.29188763423775,2034.0,1.0,2.0,1.0,Bannerghatta Main Road,Villa,Under Construction,agent,False,False,Potentially Overpriced,None
51000000,28658016.016156416,22341983.983843584,77.96067938285725,77.96067938285725,2504.0,3.0,2.0,1.0,Devanahalli,Villa,Under Construction,agent,False,False,Normal,None
17900000,22447860.41329996,-4547860.413299959,-20.259660963525203,20.259660963525203,1900.0,4.0,2.0,1.5,Other,Villa,Under Construction,builder,False,False,Normal,None
17000000,41723823.58214639,-24723823.58214639,-59.255891381742174,59.255891381742174,2504.0,3.0,2.0,1.0,Devanahalli,Villa,Under Construction,owner,False,False,Potentially Underpriced,None
17000000,26163592.901153207,-9163592.901153207,-35.02421450973312,35.02421450973312,1900.0,4.0,2.0,1.5,Other,Villa,Under Construction,contractor,False,False,Normal,None
31000000,25979231.076536182,5020768.923463818,19.32608747607798,19.32608747607798,3750.0,3.0,2.0,1.0,Other,Villa,Ready to Move,owner,False,False,Normal,None
17900000,21755980.383588467,-3855980.383588467,-17.723772110482365,17.723772110482365,1900.0,4.0,2.0,1.0,Other,Villa,Under Construction,agent,False,False,Normal,None
29000000,26315109.795421306,2684890.204578694,10.202846294207182,10.202846294207182,2400.0,4.0,3.0,1.0,Other,Villa,Under Construction,owner,False,False,Normal,None
13500000,8789315.65492998,4710684.345070019,53.59557592436413,53.59557592436413,2400.0,2.0,3.0,1.0,Other,Villa,Under Construction,agent,False,False,Normal,None
16000000,28008888.604823615,-12008888.604823615,-42.875277110265195,42.875277110265195,2400.0,4.0,3.0,1.0,Other,Villa,Under Construction,agent,False,False,Normal,None
39999000,24190438.43091021,15808561.569089789,65.35045495037339,65.35045495037339,3200.0,8.0,3.0,1.5,Whitefield,Residential House,Ready to Move,contractor,False,False,Normal,None
26000000,23983859.487150136,2016140.5128498636,8.406238845462106,8.406238845462106,2200.0,4.0,3.0,1.0,Sarjapur Road,Villa,Under Construction,builder,False,False,Normal,None
14000000,20768251.216106113,-6768251.216106113,-32.58941326199495,32.58941326199495,3200.0,5.0,3.0,1.5,Whitefield,Residential House,Ready to Move,agent,False,False,Normal,None
30000000,16052813.214687498,13947186.785312502,86.8831313165193,86.8831313165193,1600.0,3.0,3.0,1.0,Other,Residential House,Ready to Move,agent,False,False,Normal,None
43500000,20664678.044463884,22835321.955536116,110.50412644417537,110.50412644417537,3200.0,4.0,3.0,1.5,Whitefield,Residential House,Ready to Move,contractor,False,False,Potentially Overpriced,None
47000000,38899840.47883249,8100159.521167509,20.823117579557284,20.823117579557284,5000.0,4.0,3.0,1.0,Devanahalli,Villa,Ready to Move,owner,False,True,Normal,Extreme Area
2990000,12073646.541608788,-9083646.541608788,-75.23531942321057,75.23531942321057,3200.0,2.0,3.0,1.5,Whitefield,Residential House,Ready to Move,contractor,False,False,Potentially Underpriced,None
65000000,67721026.25490546,-2721026.2549054623,-4.017993236935569,4.017993236935569,11000.0,10.0,3.0,1.0,Other,Villa,Ready to Move,agent,False,True,Normal,Extreme Area
35500000,25496465.25273036,10003534.747269642,39.23498668584417,39.23498668584417,2100.0,3.0,3.0,1.5,Hennur Gardens,Villa,Ready to Move,agent,False,False,Normal,None
9000000,31449689.965258736,-22449689.965258736,-71.3828657454431,71.3828657454431,3200.0,6.0,3.0,1.5,Whitefield,Residential House,Ready to Move,builder,False,False,Potentially Underpriced,None
16500000,19020784.601339128,-2520784.601339128,-13.252789799016263,13.252789799016263,3200.0,6.0,3.0,1.5,Whitefield,Residential House,Ready to Move,agent,False,False,Normal,None
29000000,26864495.610227242,2135504.389772758,7.949169866266825,7.949169866266825,2380.0,4.0,3.0,1.0,Whitefield,Villa,Ready to Move,builder,False,False,Normal,None
67000000,73594498.82888095,-6594498.828880951,-8.96058663870274,8.96058663870274,7000.0,5.0,3.0,1.0,Yelahanka,Villa,Ready to Move,agent,False,True,Normal,Extreme Area
5400000,14842409.580184523,-9442409.580184523,-63.61776724441486,63.61776724441486,3200.0,3.0,3.0,1.5,Whitefield,Residential House,Ready to Move,owner,False,False,Potentially Underpriced,None
25000000,19020784.601339128,5979215.398660872,31.435166971187485,31.435166971187485,3200.0,6.0,3.0,1.5,Whitefield,Residential House,Ready to Move,agent,False,False,Normal,None
68500000,54913601.72743529,13586398.27256471,24.741408039489116,24.741408039489116,7000.0,4.0,3.0,1.0,Yelahanka,Villa,Ready to Move,contractor,False,True,Normal,Extreme Area
34500000,21007596.941776935,13492403.058223065,64.22630392051784,64.22630392051784,2400.0,4.0,3.0,1.0,Other,Villa,Ready to Move,agent,False,False,Normal,None
7400000,7947784.509710136,-547784.5097101359,-6.892291921615199,6.892291921615199,3200.0,2.0,3.0,1.5,Whitefield,Residential House,Ready to Move,owner,False,False,Normal,None
22000000,18659843.319679644,3340156.680320356,17.900239691710876,17.900239691710876,3200.0,6.0,3.0,1.5,Whitefield,Residential House,Ready to Move,agent,False,False,Normal,None
1620000,5131662.471655209,-3511662.4716552086,-68.43128305986438,68.43128305986438,2400.0,1.0,3.0,1.0,Other,Villa,Ready to Move,agent,False,False,Potentially Underpriced,None
16800000,23274782.227667786,-6474782.227667786,-27.81887351010709,27.81887351010709,2400.0,3.0,3.0,1.0,Other,Villa,Ready to Move,contractor,False,False,Normal,None
7500000,12073646.541608788,-4573646.541608788,-37.88123601139775,37.88123601139775,3200.0,2.0,3.0,1.5,Whitefield,Residential House,Ready to Move,contractor,False,False,Normal,None
31500000,23251720.325895064,8248279.674104936,35.473846917550276,35.473846917550276,3700.0,8.0,3.0,1.0,Other,Residential House,Ready to Move,contractor,False,False,Normal,None
31000000,26229807.785423033,4770192.214576967,18.186150099155345,18.186150099155345,2400.0,5.0,3.0,1.0,Other,Villa,Ready to Move,builder,False,False,Normal,None
1800000,5131662.471655209,-3331662.4716552086,-64.92364784429375,64.92364784429375,2400.0,1.0,3.0,1.0,Other,Villa,Ready to Move,agent,False,False,Potentially Underpriced,None
10000000,26818697.384472374,-16818697.384472374,-62.712581238976014,62.712581238976014,3700.0,4.0,3.0,1.0,Other,Residential House,Ready to Move,owner,False,False,Potentially Underpriced,None
16500000,20830785.256628934,-4330785.256628934,-20.790312046689447,20.790312046689447,3700.0,4.0,3.0,1.0,Other,Residential House,Ready to Move,owner,False,False,Normal,None
14500000,23208118.117889557,-8708118.117889557,-37.52186227963508,37.52186227963508,2400.0,4.0,3.0,1.0,Other,Villa,Ready to Move,builder,False,False,Normal,None
28000000,24191048.43415644,3808951.56584356,15.74529345518373,15.74529345518373,2400.0,4.0,3.0,1.0,Other,Villa,Ready to Move,agent,False,False,Normal,None
29000000,22448422.942867532,6551577.057132468,29.185021477039125,29.185021477039125,3700.0,5.0,3.0,1.0,Other,Residential House,Ready to Move,agent,False,False,Normal,None
7700000,5356829.541629015,2343170.4583709855,43.74174014987279,43.74174014987279,3700.0,2.0,3.0,1.0,Other,Residential House,Ready to Move,contractor,False,False,Normal,None
9500000,8945312.025876136,554687.9741238635,6.200878991356764,6.200878991356764,3700.0,2.0,3.0,1.0,Other,Residential House,Ready to Move,agent,False,False,Normal,None
22500000,30886889.281207286,-8386889.281207286,-27.15355763038972,27.15355763038972,3700.0,4.0,3.0,1.0,Other,Residential House,Ready to Move,contractor,False,False,Normal,None
1752000,8919348.48677036,-7167348.48677036,-80.35730970038162,80.35730970038162,3700.0,2.0,3.0,1.0,Other,Residential House,Ready to Move,contractor,False,False,Potentially Underpriced,None
9000000,20211243.894454613,-11211243.894454613,-55.4703310345518,55.4703310345518,3700.0,3.0,3.0,1.0,Other,Residential House,Ready to Move,builder,False,False,Potentially Underpriced,None
18000000,33110770.719698533,-15110770.719698533,-45.63702502614567,45.63702502614567,3700.0,5.0,3.0,1.0,Other,Residential House,Ready to Move,owner,False,False,Normal,None
23500000,24260125.71554265,-760125.7155426517,-3.1332307361279033,3.1332307361279033,3700.0,4.0,3.0,1.0,Other,Residential House,Ready to Move,builder,False,False,Normal,None
35000000,23173570.438118972,11826429.561881028,51.03412783740629,51.03412783740629,3195.0,4.0,3.0,1.5,Other,Villa,Ready to Move,owner,False,False,Normal,None
35100000,22539166.76989386,12560833.230106141,55.72891561760822,55.72891561760822,3700.0,4.0,3.0,1.0,Other,Residential House,Ready to Move,contractor,False,False,Normal,None
12000000,10266206.515738519,1733793.484261481,16.88835580702087,16.88835580702087,3195.0,3.0,3.0,1.5,Other,Villa,Ready to Move,owner,False,False,Normal,None
3800000,23624750.388557393,-19824750.388557393,-83.91517397008977,83.91517397008977,3195.0,4.0,3.0,1.5,Other,Villa,Ready to Move,builder,False,False,Potentially Underpriced,None
23000000,29834297.41747851,-6834297.417478509,-22.907519228103613,22.907519228103613,2100.0,4.0,3.0,1.0,Other,Villa,Under Construction,contractor,False,False,Normal,None
25000000,45080900.7333356,-20080900.7333356,-44.5441426561527,44.5441426561527,3195.0,10.0,3.0,1.5,Other,Villa,Ready to Move,builder,False,False,Normal,None
19000000,23733578.41531002,-4733578.4153100215,-19.944646915344595,19.944646915344595,3195.0,6.0,3.0,1.5,Other,Villa,Ready to Move,owner,False,False,Normal,None
27000000,33735633.56436138,-6735633.564361379,-19.965931724717812,19.965931724717812,2100.0,5.0,3.0,1.0,Other,Villa,Under Construction,contractor,False,False,Normal,None
3600000,9150552.044057716,-5550552.044057716,-60.65811130665273,60.65811130665273,2100.0,2.0,3.0,1.0,Other,Villa,Under Construction,agent,False,False,Potentially Underpriced,None
95000000,35404166.35679468,59595833.64320532,168.3300011716498,168.3300011716498,5600.0,4.0,3.0,1.0,Whitefield,Villa,Under Construction,contractor,False,True,Potentially Overpriced,Extreme Area
11000000,10171722.522791674,828277.4772083256,8.142942115776485,8.142942115776485,2100.0,2.0,3.0,1.0,Other,Villa,Under Construction,owner,False,False,Normal,None
23583950,28842596.31051312,-5258646.31051312,-18.23222241818898,18.23222241818898,2093.0,4.0,3.0,1.0,Other,Villa,Under Construction,agent,False,False,Normal,None
190000000,39380361.58175609,150619638.4182439,382.4739854293824,382.4739854293824,6900.0,5.0,3.0,1.0,Other,Villa,Ready to Move,contractor,False,True,Potentially Overpriced,Extreme Area
7100000,6134256.221731442,965743.778268558,15.74345353960401,15.74345353960401,2100.0,2.0,3.0,1.0,Other,Villa,Under Construction,agent,False,False,Normal,None
17999999,14451749.594689041,3548249.4053109586,24.552386422574923,24.552386422574923,960.0,3.0,3.0,1.0,Other,Villa,Under Construction,owner,False,False,Normal,None
34000000,28983452.472283885,5016547.527716115,17.30831595205336,17.30831595205336,2100.0,4.0,3.0,1.0,Other,Villa,Under Construction,owner,False,False,Normal,None
86388670,23004750.064275928,63383919.93572407,275.52535784404347,275.52535784404347,3010.0,4.0,3.0,1.0,Whitefield,Villa,Under Construction,builder,False,False,Potentially Overpriced,None
28500000,14207202.743393881,14292797.256606119,100.6024726665637,100.6024726665637,2773.0,3.0,3.0,1.0,Whitefield,Villa,Under Construction,agent,False,False,Potentially Overpriced,None
15000000,11272314.814729186,3727685.185270814,33.06938500688397,33.06938500688397,3010.0,2.0,3.0,1.0,Whitefield,Villa,Under Construction,owner,False,False,Normal,None
14000000,37979140.833000466,-23979140.833000466,-63.13766006040017,63.13766006040017,3010.0,7.0,3.0,1.0,Whitefield,Villa,Under Construction,owner,False,False,Potentially Underpriced,None
58000000,35285911.455916315,22714088.544083685,64.37155115707026,64.37155115707026,3010.0,10.0,3.0,1.0,Whitefield,Villa,Under Construction,contractor,False,False,Normal,None
17900000,50019759.63965113,-32119759.639651127,-64.21414231305002,64.21414231305002,1200.0,4.0,3.0,1.0,Other,Villa,Under Construction,owner,False,False,Potentially Underpriced,None
130000000,22149069.786589354,107850930.21341065,486.9320980636008,486.9320980636008,1200.0,4.0,3.0,1.0,Other,Villa,Under Construction,owner,False,False,Potentially Overpriced,None
12000000,14602929.191472847,-2602929.191472847,-17.824705970585594,17.824705970585594,1200.0,2.0,3.0,1.0,Other,Villa,Under Construction,builder,False,False,Normal,None
65000000,21703484.399969783,43296515.60003021,199.49108079664154,199.49108079664154,3600.0,5.0,3.0,1.0,Other,Residential House,Ready to Move,agent,False,False,Potentially Overpriced,None
109000000,25503032.785707895,83496967.21429211,327.4001485073747,327.4001485073747,3600.0,5.0,3.0,1.0,Other,Residential House,Ready to Move,owner,False,False,Potentially Overpriced,None
55400000,26214041.0845474,29185958.9154526,111.33712204585305,111.33712204585305,3600.0,5.0,3.0,1.0,Other,Residential House,Ready to Move,contractor,False,False,Potentially Overpriced,None
17800000,11078661.527357377,6721338.472642623,60.66922846270836,60.66922846270836,3600.0,2.0,3.0,1.0,Other,Residential House,Ready to Move,agent,False,False,Normal,None
32500000,30157936.122791324,2342063.877208676,7.7659952182162195,7.7659952182162195,3600.0,4.0,3.0,1.0,Other,Residential House,Ready to Move,contractor,False,False,Normal,None
45000000,29184188.806684367,15815811.193315633,54.19308139102077,54.19308139102077,5000.0,4.0,3.0,1.0,Other,Residential House,Ready to Move,agent,False,True,Normal,Extreme Area
7200000,15412366.706867969,-8212366.706867969,-53.28426751751515,53.28426751751515,5000.0,3.0,3.0,1.0,Other,Residential House,Ready to Move,owner,False,True,Potentially Underpriced,Extreme Area
12700000,4274621.242357709,8425378.757642291,197.1023461483383,197.1023461483383,5000.0,1.0,3.0,1.0,Other,Residential House,Ready to Move,contractor,False,True,Potentially Overpriced,Extreme Area
90000000,35112603.51870714,54887396.48129286,156.31821904647484,156.31821904647484,2900.0,4.0,3.0,1.0,Other,Villa,Ready to Move,owner,False,False,Potentially Overpriced,None
20400000,5545951.645312534,14854048.354687467,267.83587929841013,267.83587929841013,2900.0,2.0,3.0,1.0,Other,Villa,Ready to Move,contractor,False,False,Potentially Overpriced,None
30000000,27617845.69372919,2382154.3062708117,8.625416814504455,8.625416814504455,4100.0,4.0,3.0,1.5,Other,Residential House,Ready to Move,builder,False,True,Normal,Extreme Area
16500000,20324324.149260327,-3824324.149260327,-18.816488662426238,18.816488662426238,4100.0,3.0,3.0,1.5,Other,Residential House,Ready to Move,contractor,False,True,Normal,Extreme Area
17000000,40658593.59763199,-23658593.59763199,-58.18842095662132,58.18842095662132,4100.0,4.0,3.0,1.5,Other,Residential House,Ready to Move,owner,False,True,Potentially Underpriced,Extreme Area
19500000,12550350.399274765,6949649.600725235,55.37414796902267,55.37414796902267,1241.0,7.0,3.0,1.0,Other,Residential House,Ready to Move,agent,False,False,Normal,None
22000000,10373039.155300228,11626960.844699772,112.08827683600171,112.08827683600171,1241.0,2.0,3.0,1.0,Other,Residential House,Ready to Move,builder,False,False,Potentially Overpriced,None
20000000,18501321.249441415,1498678.750558585,8.100387698547921,8.100387698547921,1241.0,6.0,3.0,1.0,Other,Residential House,Ready to Move,owner,False,False,Normal,None
27500000,5428590.315667952,22071409.684332047,406.5771848840707,406.5771848840707,2700.0,1.0,3.0,1.5,Other,Residential House,Ready to Move,contractor,False,False,Potentially Overpriced,None
11500000,22429084.982636545,-10929084.982636545,-48.72728865710432,48.72728865710432,2700.0,6.0,3.0,1.0,Other,Residential House,Ready to Move,builder,False,False,Normal,None
49200000,14040926.102808483,35159073.89719152,250.40423715469137,250.40423715469137,1241.0,3.0,3.0,1.0,Other,Residential House,Ready to Move,contractor,False,False,Potentially Overpriced,None
20000000,15064205.003304372,4935794.996695628,32.765054615314575,32.765054615314575,1241.0,3.0,3.0,1.0,Other,Residential House,Ready to Move,builder,False,False,Normal,None
35000000,20637479.566727374,14362520.433272626,69.59435325827528,69.59435325827528,2700.0,4.0,3.0,1.0,Other,Residential House,Ready to Move,contractor,False,False,Normal,None
12500000,7220341.362690412,5279658.637309588,73.12200867110117,73.12200867110117,2700.0,2.0,3.0,1.0,Other,Residential House,Ready to Move,agent,False,False,Normal,None
2700000,20140852.639058813,-17440852.639058813,-86.59441063203086,86.59441063203086,1241.0,5.0,3.0,1.0,Other,Residential House,Ready to Move,agent,False,False,Potentially Underpriced,None
8000000,18125425.87536219,-10125425.875362191,-55.86310603121131,55.86310603121131,1241.0,2.0,3.0,1.0,Other,Residential House,Ready to Move,owner,False,False,Potentially Underpriced,None
22500000,12749266.514503429,9750733.485496571,76.480740867753,76.480740867753,2700.0,3.0,3.0,1.0,Other,Residential House,Ready to Move,agent,False,False,Normal,None
70000000,16308541.581986157,53691458.41801384,329.22292988675053,329.22292988675053,1500.0,3.0,3.0,1.0,Other,Residential House,Ready to Move,owner,False,False,Potentially Overpriced,None
30000000,21629444.970058918,8370555.029941082,38.6998142648978,38.6998142648978,1241.0,,3.0,1.0,Other,Residential House,Ready to Move,owner,False,False,Normal,None
18800000,13387020.831803162,5412979.168196838,40.43453159748119,40.43453159748119,1241.0,4.0,3.0,1.0,Other,Residential House,Ready to Move,agent,False,False,Normal,None
28000000,27636500.55994398,363499.44005601853,1.3152875099637988,1.3152875099637988,1500.0,8.0,3.0,1.0,Other,Residential House,Ready to Move,owner,False,False,Normal,None
17000000,29371600.563003182,-12371600.563003182,-42.120961492941575,42.120961492941575,1500.0,3.0,3.0,1.0,Other,Residential House,Ready to Move,owner,False,False,Normal,None
40000000,20118618.686849583,19881381.313150417,98.82080684866186,98.82080684866186,1241.0,5.0,3.0,1.0,Other,Residential House,Ready to Move,builder,False,False,Normal,None
32000000,24741386.550314452,7258613.4496855475,29.337941246438724,29.337941246438724,1500.0,4.0,3.0,1.0,Other,Residential House,Ready to Move,contractor,False,False,Normal,None
22000000,8278844.923668511,13721155.076331489,165.7375540047124,165.7375540047124,1241.0,2.0,3.0,1.0,Other,Residential House,Ready to Move,owner,False,False,Potentially Overpriced,None
13500000,29371600.563003182,-15871600.563003182,-54.03723412674773,54.03723412674773,1500.0,3.0,3.0,1.0,Other,Residential House,Ready to Move,owner,False,False,Potentially Underpriced,None
30000000,23222544.985617686,6777455.014382314,29.184807343810785,29.184807343810785,1241.0,10.0,3.0,1.0,Other,Residential House,Ready to Move,contractor,False,False,Normal,None
30000000,26872527.54112736,3127472.4588726386,11.63817751823368,11.63817751823368,1500.0,10.0,3.0,1.5,Other,Residential House,Ready to Move,contractor,False,False,Normal,None
24000000,11885242.890649274,12114757.109350726,101.93108563967188,101.93108563967188,1241.0,6.0,3.0,1.0,Other,Residential House,Ready to Move,agent,False,False,Potentially Overpriced,None
30000000,27235771.96461647,2764228.03538353,10.149255321180888,10.149255321180888,1500.0,5.0,3.0,1.5,Other,Residential House,Ready to Move,contractor,False,False,Normal,None
17600000,13834429.341140252,3765570.6588597484,27.21883618041151,27.21883618041151,2000.0,3.0,3.0,1.0,Other,Villa,Ready to Move,builder,False,False,Normal,None
32500000,26433309.86088531,6066690.139114689,22.950928850918793,22.950928850918793,1200.0,10.0,3.0,1.0,Other,Residential House,Ready to Move,owner,False,False,Normal,None
25000000,33414365.620733023,-8414365.620733023,-25.18188050085876,25.18188050085876,1200.0,10.0,3.0,1.0,Other,Residential House,Ready to Move,builder,False,False,Normal,None
16000000,16205186.5621424,-205186.56214240007,-1.2661783396048323,1.2661783396048323,2000.0,6.0,3.0,1.0,Other,Villa,Ready to Move,owner,False,False,Normal,None
13000000,22685557.73606868,-9685557.73606868,-42.69481865402508,42.69481865402508,1200.0,4.0,3.0,1.0,Other,Residential House,Ready to Move,agent,False,False,Normal,None
27000000,21226760.850496016,5773239.149503984,27.197928078457046,27.197928078457046,1200.0,4.0,3.0,1.0,Other,Residential House,Ready to Move,owner,False,False,Normal,None
13500000,17195409.824277055,-3695409.8242770545,-21.49067607019026,21.49067607019026,2000.0,3.0,3.0,1.0,Other,Villa,Ready to Move,contractor,False,False,Normal,None
42000000,7965688.035179696,34034311.9648203,427.26142192000276,427.26142192000276,1200.0,1.0,3.0,1.5,Other,Residential House,Ready to Move,builder,False,False,Potentially Overpriced,None
11000000,11283791.258181933,-283791.2581819333,-2.515034634092108,2.515034634092108,1200.0,2.0,3.0,1.0,Other,Residential House,Ready to Move,agent,False,False,Normal,None
3500000,9382529.391624492,-5882529.391624492,-62.696626315667636,62.696626315667636,2000.0,2.0,3.0,1.0,Other,Villa,Ready to Move,agent,False,False,Potentially Underpriced,None
6200000,16594019.802997276,-10394019.802997276,-62.63714233437197,62.63714233437197,1200.0,1.0,3.0,1.5,Other,Residential House,Ready to Move,builder,False,False,Potentially Underpriced,None
9000000,16040703.38021829,-7040703.38021829,-43.892734709507955,43.892734709507955,1320.0,2.0,3.0,1.0,Other,Residential House,Ready to Move,contractor,False,False,Normal,None
8500000,5949639.297473811,2550360.7025261894,42.865803706941705,42.865803706941705,2000.0,1.0,3.0,1.0,Other,Villa,Ready to Move,agent,False,False,Normal,None
12500000,26028073.086201284,-13528073.086201284,-51.974931226749774,51.974931226749774,1200.0,8.0,3.0,1.5,Other,Residential House,Ready to Move,agent,False,False,Potentially Underpriced,None
24500000,24612674.951697037,-112674.95169703662,-0.45779238509493136,0.45779238509493136,1200.0,10.0,3.0,1.5,Other,Residential House,Ready to Move,builder,False,False,Normal,None
44200000,16627942.574573338,27572057.425426662,165.8176127429532,165.8176127429532,1320.0,4.0,3.0,1.0,Other,Residential House,Ready to Move,agent,False,False,Potentially Overpriced,None
62500000,18041179.999584906,44458820.000415094,246.4296681338915,246.4296681338915,1800.0,4.0,3.0,1.5,Other,Residential House,Ready to Move,owner,False,False,Potentially Overpriced,None
16500000,9664287.190737097,6835712.809262903,70.7316812337149,70.7316812337149,2000.0,2.0,3.0,1.0,Other,Villa,Ready to Move,owner,False,False,Normal,None
24000000,18920719.264717977,5079280.7352820225,26.84507213609742,26.84507213609742,1200.0,3.0,3.0,1.5,Other,Residential House,Ready to Move,builder,False,False,Normal,None
17500000,25979171.095093306,-8479171.095093306,-32.638343479306656,32.638343479306656,1800.0,4.0,3.0,1.5,Other,Residential House,Ready to Move,contractor,False,False,Normal,None
29999999,24090547.36150022,5909451.6384997815,24.5301675791055,24.5301675791055,2000.0,4.0,3.0,1.0,Other,Villa,Ready to Move,agent,False,False,Normal,None
25000000,18381561.003755793,6618438.996244207,36.005859322240916,36.005859322240916,2000.0,10.0,3.0,0.5,Other,Villa,Ready to Move,builder,False,False,Normal,None
11500000,16257259.431913037,-4757259.431913037,-29.26237015431104,29.26237015431104,1200.0,5.0,3.0,1.0,Other,Residential House,Ready to Move,agent,False,False,Normal,None
25000000,18119659.453499418,6880340.546500582,37.97168795670602,37.97168795670602,6400.0,3.0,3.0,1.5,Other,Residential House,Under Construction,builder,False,True,Normal,Extreme Area
13000000,25979171.095093306,-12979171.095093306,-49.959912298913515,49.959912298913515,1800.0,4.0,3.0,1.5,Other,Residential House,Ready to Move,contractor,False,False,Normal,None
22500000,14518719.530285353,7981280.469714647,54.97234417309377,54.97234417309377,2000.0,3.0,3.0,0.5,Other,Villa,Ready to Move,contractor,False,False,Normal,None
40000000,37704209.78389127,2295790.216108732,6.088949295761622,6.088949295761622,6400.0,6.0,3.0,1.5,Other,Residential House,Under Construction,agent,False,True,Normal,Extreme Area
31500000,48448989.024816014,-16948989.024816014,-34.983163459065345,34.983163459065345,6400.0,4.0,3.0,1.0,Other,Residential House,Under Construction,owner,False,True,Normal,Extreme Area
7000000,13922192.26082095,-6922192.260820949,-49.72056218689778,49.72056218689778,1800.0,4.0,3.0,1.5,Other,Residential House,Ready to Move,builder,False,False,Normal,None
9000000,23327649.610709,-14327649.610709,-61.419173597890556,61.419173597890556,1800.0,6.0,3.0,1.5,Other,Residential House,Ready to Move,owner,False,False,Potentially Underpriced,None
17000000,32073253.176197793,-15073253.176197793,-46.9963339652242,46.9963339652242,2000.0,4.0,3.0,0.5,Other,Villa,Ready to Move,agent,False,False,Normal,None
17500000,39040318.93031515,-21540318.93031515,-55.17454652141406,55.17454652141406,6400.0,4.0,3.0,1.0,Other,Residential House,Under Construction,agent,False,True,Potentially Underpriced,Extreme Area
25000000,19773673.424537938,5226326.575462062,26.43073172724955,26.43073172724955,2000.0,4.0,3.0,1.0,Other,Residential House,Ready to Move,owner,False,False,Normal,None
8800000,12468515.244914262,-3668515.2449142616,-29.422230096006015,29.422230096006015,2000.0,2.0,3.0,1.0,Other,Residential House,Ready to Move,builder,False,False,Normal,None
27100000,21059538.946455274,6040461.053544726,28.682779185730713,28.682779185730713,3300.0,4.0,3.0,1.0,Other,Villa,Ready to Move,builder,False,False,Normal,None
23500000,37349116.85905444,-13849116.859054439,-37.08017223356926,37.08017223356926,3850.0,4.0,3.0,1.0,Other,Residential House,Ready to Move,agent,False,False,Normal,None
5200000,9180201.39880414,-3980201.3988041393,-43.3563625229684,43.3563625229684,3850.0,2.0,3.0,0.5,Other,Residential House,Ready to Move,owner,False,False,Normal,None
24000000,28033305.641310465,-4033305.6413104646,-14.387549199217167,14.387549199217167,3850.0,8.0,3.0,0.5,Other,Residential House,Ready to Move,agent,False,False,Normal,None
11500000,20652933.57320021,-9152933.57320021,-44.317837660976636,44.317837660976636,3850.0,3.0,3.0,0.5,Other,Residential House,Ready to Move,builder,False,False,Normal,None
13500000,13626453.248656642,-126453.24865664169,-0.9279982571334771,0.9279982571334771,1668.0,3.0,3.0,1.0,Other,Residential House,Ready to Move,owner,False,False,Normal,None
20000000,11868687.872859724,8131312.127140276,68.51062404071008,68.51062404071008,1668.0,2.0,3.0,1.0,Other,Residential House,Ready to Move,owner,False,False,Normal,None
13000000,17728357.418281186,-4728357.418281186,-26.671153489975236,26.671153489975236,1668.0,3.0,3.0,1.0,Other,Residential House,Ready to Move,agent,False,False,Normal,None
25000000,17735549.462383486,7264450.537616514,40.95982790397429,40.95982790397429,1668.0,4.0,3.0,1.0,Other,Residential House,Ready to Move,agent,False,False,Normal,None
8700000,24323856.797350723,-15623856.797350723,-64.23264586499467,64.23264586499467,1668.0,5.0,3.0,0.5,Other,Residential House,Ready to Move,agent,False,False,Potentially Underpriced,None
15500000,14868625.308770234,631374.6912297662,4.246355517865871,4.246355517865871,1668.0,3.0,3.0,0.5,Other,Residential House,Ready to Move,builder,False,False,Normal,None
19000000,13905878.291357577,5094121.708642423,36.63286562639046,36.63286562639046,1668.0,3.0,3.0,0.5,Other,Residential House,Ready to Move,agent,False,False,Normal,None
4750000,6806909.709751644,-2056909.7097516442,-30.21796670528618,30.21796670528618,1668.0,1.0,3.0,0.5,Other,Residential House,Ready to Move,builder,False,False,Normal,None
14500000,11214085.241928887,3285914.7580711134,29.30167452076472,29.30167452076472,1668.0,2.0,3.0,0.5,Other,Residential House,Ready to Move,contractor,False,False,Normal,None
49500000,16140452.482300222,33359547.517699778,206.68285200976976,206.68285200976976,1668.0,4.0,3.0,0.5,Other,Residential House,Ready to Move,owner,False,False,Potentially Overpriced,None
15000000,16886666.85315403,-1886666.8531540297,-11.172523681318703,11.172523681318703,1668.0,3.0,3.0,0.5,Other,Residential House,Ready to Move,agent,False,False,Normal,None
18000000,30288429.151993606,-12288429.151993606,-40.571365026319874,40.571365026319874,1668.0,4.0,3.0,0.5,Other,Residential House,Ready to Move,agent,False,False,Normal,None
12000000,5720404.3292052625,6279595.6707947375,109.77538141376738,109.77538141376738,1668.0,1.0,3.0,0.5,Other,Residential House,Ready to Move,builder,False,False,Potentially Overpriced,None
12000000,14453220.180834025,-2453220.180834025,-16.973519742591105,16.973519742591105,1668.0,3.0,3.0,0.5,Other,Residential House,Ready to Move,contractor,False,False,Normal,None
30000000,17812269.21732263,12187730.782677371,68.42323476014313,68.42323476014313,2800.0,3.0,3.0,1.5,Yelahanka,Villa,Under Construction,contractor,False,False,Normal,None
16000000,21540107.58591158,-5540107.585911579,-25.719962464510232,25.719962464510232,2800.0,3.0,3.0,1.5,Yelahanka,Villa,Under Construction,contractor,False,False,Normal,None
16500000,23526696.638165798,-7026696.638165798,-29.866907140575165,29.866907140575165,2800.0,4.0,3.0,1.5,Yelahanka,Villa,Under Construction,builder,False,False,Normal,None
15576000,20398021.04995527,-4822021.049955271,-23.639651308065716,23.639651308065716,2800.0,3.0,3.0,0.5,Yelahanka,Villa,Under Construction,builder,False,False,Normal,None
22500000,16190718.543899769,6309281.456100231,38.96850803127202,38.96850803127202,2800.0,3.0,3.0,1.0,Yelahanka,Villa,Under Construction,contractor,False,False,Normal,None
23000000,36626848.85980776,-13626848.85980776,-37.20453515388569,37.20453515388569,2800.0,4.0,3.0,1.0,Yelahanka,Villa,Under Construction,agent,False,False,Normal,None
18000000,25176040.53279631,-7176040.532796308,-28.503451618804903,28.503451618804903,2800.0,5.0,3.0,1.0,Yelahanka,Villa,Under Construction,contractor,False,False,Normal,None
20000000,21661366.18942534,-1661366.1894253418,-7.669720251700414,7.669720251700414,2800.0,5.0,3.0,1.0,Yelahanka,Villa,Under Construction,builder,False,False,Normal,None
10500000,15007328.240493173,-4507328.240493173,-30.0341817561595,30.0341817561595,2800.0,2.0,3.0,1.0,Yelahanka,Villa,Under Construction,builder,False,False,Normal,None
10500000,9808440.589593645,691559.4104063548,7.050656055765593,7.050656055765593,2800.0,2.0,3.0,1.0,Yelahanka,Villa,Under Construction,owner,False,False,Normal,None
36000000,24727452.94404344,11272547.055956561,45.587174228844255,45.587174228844255,2800.0,4.0,3.0,1.0,Yelahanka,Villa,Under Construction,agent,False,False,Normal,None
28000000,23264057.142255537,4735942.857744463,20.35733848479232,20.35733848479232,2478.0,4.0,3.0,1.0,Other,Villa,Under Construction,agent,False,False,Normal,None
25400000,23749349.03503016,1650650.96496984,6.950299827313746,6.950299827313746,2478.0,4.0,3.0,1.0,Other,Villa,Under Construction,agent,False,False,Normal,None
69600000,7345129.287685697,62254870.7123143,847.5667108635683,847.5667108635683,2478.0,2.0,3.0,1.0,Other,Villa,Under Construction,builder,False,False,Potentially Overpriced,None
12000000,15850746.975810409,-3850746.9758104086,-24.29378868823644,24.29378868823644,2478.0,3.0,3.0,1.0,Other,Villa,Under Construction,owner,False,False,Normal,None
18000000,28730902.97917631,-10730902.979176309,-37.349689242116376,37.349689242116376,2478.0,6.0,3.0,1.0,Other,Villa,Under Construction,agent,False,False,Normal,None
89000000,36668571.19970152,52331428.80029848,142.7146656882133,142.7146656882133,5200.0,4.0,3.0,1.0,Whitefield,Villa,Under Construction,agent,False,True,Potentially Overpriced,Extreme Area
60000000,45624699.60634162,14375300.393658377,31.50771515799805,31.50771515799805,5200.0,10.0,3.0,1.0,Whitefield,Villa,Under Construction,agent,False,True,Normal,Extreme Area
36000000,17242735.50781203,18757264.49218797,108.78357719800181,108.78357719800181,2801.0,4.0,3.0,1.0,Other,Residential House,Ready to Move,owner,False,False,Potentially Overpriced,None
12030000,19805551.94166138,-7775551.94166138,-39.259455957424485,39.259455957424485,2801.0,4.0,3.0,1.0,Other,Residential House,Ready to Move,builder,False,False,Normal,None
14250000,23285491.38434644,-9035491.38434644,-38.803095177199076,38.803095177199076,2801.0,8.0,3.0,1.0,Other,Residential House,Ready to Move,owner,False,False,Normal,None
19500000,23840412.010130998,-4340412.010130998,-18.20611157343479,18.20611157343479,2801.0,,3.0,1.0,Other,Residential House,Ready to Move,contractor,False,False,Normal,None
2850000,7135733.776883857,-4285733.776883857,-60.060169155517706,60.060169155517706,2801.0,2.0,3.0,1.0,Other,Residential House,Ready to Move,agent,False,False,Potentially Underpriced,None
16000000,3312415.131702799,12687584.8682972,383.03124348351076,383.03124348351076,2801.0,2.0,3.0,1.0,Other,Residential House,Ready to Move,owner,False,False,Potentially Overpriced,None
1580000,9251446.85101893,-7671446.85101893,-82.92159026103054,82.92159026103054,2801.0,2.0,3.0,1.0,Other,Residential House,Ready to Move,owner,False,False,Potentially Underpriced,None
5700000,16139009.611891696,-10439009.611891696,-64.68184766554651,64.68184766554651,2801.0,3.0,3.0,1.0,Other,Residential House,Ready to Move,builder,False,False,Potentially Underpriced,None
1900000,4493007.334320689,-2593007.3343206886,-57.71206546923505,57.71206546923505,2801.0,1.0,3.0,1.0,Other,Residential House,Ready to Move,contractor,False,False,Potentially Underpriced,None
14780000,17533297.140505515,-2753297.140505515,-15.703248045370962,15.703248045370962,2801.0,4.0,3.0,1.0,Other,Residential House,Ready to Move,agent,False,False,Normal,None
7360000,11189704.162847456,-3829704.1628474556,-34.22524945353789,34.22524945353789,2801.0,3.0,3.0,1.0,Other,Residential House,Ready to Move,owner,False,False,Normal,None
4090000,5076497.802055707,-986497.8020557072,-19.432645113255617,19.432645113255617,2801.0,2.0,3.0,1.0,Other,Residential House,Ready to Move,contractor,False,False,Normal,None
23287000,21045484.514975846,2241515.485024154,10.65081435131182,10.65081435131182,2801.0,8.0,3.0,1.0,Other,Residential House,Ready to Move,contractor,False,False,Normal,None
6330000,19146766.8971923,-12816766.8971923,-66.93958810911185,66.93958810911185,2801.0,5.0,3.0,1.0,Other,Residential House,Ready to Move,agent,False,False,Potentially Underpriced,None
17420000,14617809.84384073,2802190.1561592706,19.16969905953445,19.16969905953445,2801.0,6.0,3.0,1.0,Other,Residential House,Ready to Move,contractor,False,False,Normal,None
9500000,32882837.33769577,-23382837.33769577,-71.10954902571768,71.10954902571768,2801.0,5.0,3.0,1.0,Other,Residential House,Ready to Move,owner,False,False,Potentially Underpriced,None
11080000,18305302.709656067,-7225302.709656067,-39.47109110544625,39.47109110544625,2801.0,7.0,3.0,1.0,Other,Residential House,Ready to Move,owner,False,False,Normal,None
4180000,5890866.84378473,-1710866.84378473,-29.042701000614407,29.042701000614407,2801.0,2.0,3.0,1.0,Other,Residential House,Ready to Move,contractor,False,False,Normal,None
22800000,14954026.669090323,7845973.330909677,52.46729529463223,52.46729529463223,2801.0,5.0,3.0,1.0,Other,Residential House,Ready to Move,contractor,False,False,Normal,None
25000000,17681761.03823479,7318238.961765211,41.388631742847075,41.388631742847075,2801.0,5.0,3.0,1.0,Other,Residential House,Ready to Move,contractor,False,False,Normal,None
17000000,31227619.048261743,-14227619.048261743,-45.5610113158906,45.5610113158906,3850.0,10.0,3.0,1.0,Other,Residential House,Ready to Move,owner,False,False,Normal,None
60000000,19627499.378622495,40372500.621377505,205.69355190172445,205.69355190172445,3000.0,10.0,3.0,1.5,Nagdevanahalli,Residential House,Ready to Move,builder,False,False,Potentially Overpriced,None
32500000,7629017.315455093,24870982.684544906,326.00506272492686,326.00506272492686,3000.0,7.0,3.0,1.5,Nagdevanahalli,Residential House,Ready to Move,owner,False,False,Potentially Overpriced,None
21000000,6520525.894155015,14479474.105844986,222.0599126647799,222.0599126647799,3000.0,2.0,3.0,1.5,Nagdevanahalli,Residential House,Ready to Move,contractor,False,False,Potentially Overpriced,None
12000000,6963326.032587638,5036673.967412362,72.33143965744608,72.33143965744608,3000.0,6.0,3.0,1.5,Nagdevanahalli,Residential House,Ready to Move,contractor,False,False,Normal,None
14780000,8811810.455706026,5968189.544293974,67.72943624121322,67.72943624121322,3000.0,4.0,3.0,1.5,Nagdevanahalli,Residential House,Ready to Move,agent,False,False,Normal,None
5860000,13403116.286839645,-7543116.286839645,-56.27882445701182,56.27882445701182,3000.0,4.0,3.0,1.5,Nagdevanahalli,Residential House,Ready to Move,owner,False,False,Potentially Underpriced,None
7600000,9034043.875515454,-1434043.8755154535,-15.873775855816636,15.873775855816636,3000.0,4.0,3.0,1.5,Nagdevanahalli,Residential House,Ready to Move,owner,False,False,Normal,None
1350000,2812699.534078085,-1462699.5340780849,-52.00340514002012,52.00340514002012,3000.0,1.0,3.0,1.5,Nagdevanahalli,Residential House,Ready to Move,owner,False,False,Potentially Underpriced,None
12000000,8817542.294510474,3182457.7054895256,36.09234409310204,36.09234409310204,3000.0,2.0,3.0,1.5,Nagdevanahalli,Residential House,Ready to Move,contractor,False,False,Normal,None
11400000,7006139.206439469,4393860.793560531,62.7144374967893,62.7144374967893,3000.0,3.0,3.0,1.5,Nagdevanahalli,Residential House,Ready to Move,agent,False,False,Normal,None
3920000,18270784.4913347,-14350784.4913347,-78.54498255474941,78.54498255474941,3000.0,3.0,3.0,1.5,Nagdevanahalli,Residential House,Ready to Move,builder,False,False,Potentially Underpriced,None
3500000,8092085.48338287,-4592085.48338287,-56.74786175717911,56.74786175717911,3000.0,3.0,3.0,1.5,Nagdevanahalli,Residential House,Ready to Move,owner,False,False,Potentially Underpriced,None
7600000,10708077.72330613,-3108077.7233061306,-29.025543179812747,29.025543179812747,3000.0,4.0,3.0,1.5,Nagdevanahalli,Residential House,Ready to Move,agent,False,False,Normal,None
6330000,7606157.468930262,-1276157.4689302621,-16.777952259641324,16.777952259641324,3000.0,5.0,3.0,1.5,Nagdevanahalli,Residential House,Ready to Move,agent,False,False,Normal,None
3800000,9415719.596918246,-5615719.596918246,-59.64195873840874,59.64195873840874,3000.0,2.0,3.0,1.5,Nagdevanahalli,Residential House,Ready to Move,owner,False,False,Potentially Underpriced,None
2400000,6105560.006713573,-3705560.006713573,-60.69156641878878,60.69156641878878,3000.0,2.0,3.0,0.5,Nagdevanahalli,Residential House,Ready to Move,owner,False,False,Potentially Underpriced,None
5700000,7000324.5659264475,-1300324.5659264475,-18.575203959194685,18.575203959194685,3000.0,5.0,3.0,0.5,Nagdevanahalli,Residential House,Ready to Move,contractor,False,False,Normal,None
950000,3019796.316675308,-2069796.3166753082,-68.54092460626889,68.54092460626889,3000.0,1.0,3.0,0.5,Nagdevanahalli,Residential House,Ready to Move,agent,False,False,Potentially Underpriced,None
9010000,9793594.027103275,-783594.0271032751,-8.001087495915375,8.001087495915375,3000.0,3.0,3.0,0.5,Nagdevanahalli,Residential House,Ready to Move,owner,False,False,Normal,None
11400000,19361335.3461719,-7961335.346171901,-41.11976371374615,41.11976371374615,3000.0,10.0,3.0,0.5,Nagdevanahalli,Residential House,Ready to Move,builder,False,False,Normal,None
6650000,10302925.742702188,-3652925.742702188,-35.455227320158485,35.455227320158485,3000.0,6.0,3.0,0.5,Nagdevanahalli,Residential House,Ready to Move,agent,False,False,Normal,None
3800000,8365827.907284702,-4565827.907284702,-54.577119657325504,54.577119657325504,3000.0,5.0,3.0,0.5,Nagdevanahalli,Residential House,Ready to Move,contractor,False,False,Potentially Underpriced,None
15800000,22978747.7072953,-7178747.707295299,-31.240813462677032,31.240813462677032,1600.0,4.0,3.0,1.5,Other,Unknown,Ready to Move,contractor,False,False,Normal,None
4590000,13304112.602313789,-8714112.602313789,-65.49939002168601,65.49939002168601,3000.0,4.0,3.0,0.5,Nagdevanahalli,Residential House,Ready to Move,builder,False,False,Potentially Underpriced,None
3610000,4515683.569307198,-905683.5693071978,-20.056400219516465,20.056400219516465,3000.0,2.0,3.0,0.5,Nagdevanahalli,Residential House,Ready to Move,owner,False,False,Normal,None
15000000,22072542.678292204,-7072542.678292204,-32.0422652767045,32.0422652767045,1600.0,4.0,3.0,1.5,Other,Unknown,Ready to Move,builder,False,False,Normal,None
12180000,7821097.566541553,4358902.433458447,55.732618042072716,55.732618042072716,3000.0,5.0,3.0,0.5,Nagdevanahalli,Residential House,Ready to Move,owner,False,False,Normal,None
50000000,17347673.071760926,32652326.928239074,188.2230936285716,188.2230936285716,1600.0,6.0,3.0,1.5,Other,Unknown,Ready to Move,builder,False,False,Potentially Overpriced,None
38000000,7296450.831317939,30703549.16868206,420.80115221082303,420.80115221082303,3000.0,4.0,3.0,0.5,Nagdevanahalli,Residential House,Ready to Move,builder,False,False,Potentially Overpriced,None
15000000,9087182.914564122,5912817.0854358785,65.06765783221273,65.06765783221273,1600.0,2.0,3.0,1.5,Other,Unknown,Ready to Move,contractor,False,False,Normal,None
2560000,1733597.2478291527,826402.7521708473,47.669823726686595,47.669823726686595,3000.0,1.0,3.0,0.5,Nagdevanahalli,Residential House,Ready to Move,owner,False,False,Normal,None
5200000,10669196.49913982,-5469196.499139819,-51.261559383415246,51.261559383415246,1600.0,2.0,3.0,1.5,Other,Unknown,Ready to Move,builder,False,False,Potentially Underpriced,None
16000000,28297588.893233992,-12297588.893233992,-43.45808026129876,43.45808026129876,1600.0,10.0,3.0,0.5,Other,Unknown,Ready to Move,builder,False,False,Normal,None
28500000,14937239.93354438,13562760.06645562,90.79830093642596,90.79830093642596,1600.0,7.0,3.0,0.5,Other,Unknown,Ready to Move,agent,False,False,Normal,None
28000000,6887997.886450097,21112002.113549903,306.5041897745196,306.5041897745196,1600.0,2.0,3.0,0.5,Other,Unknown,Ready to Move,owner,False,False,Potentially Overpriced,None
43000000,15143310.42373253,27856689.57626747,183.95376438041308,183.95376438041308,1600.0,4.0,3.0,0.5,Other,Unknown,Ready to Move,agent,False,False,Potentially Overpriced,None
12000000,26432022.860550065,-14432022.860550065,-54.6005235266724,54.6005235266724,1600.0,5.0,3.0,0.5,Other,Unknown,Ready to Move,owner,False,False,Potentially Underpriced,None
8500000,4909999.8961201515,3590000.1038798485,73.1160932756158,73.1160932756158,600.0,1.0,3.0,1.5,Other,Residential House,Ready to Move,owner,False,False,Normal,None
42000000,19860380.38722025,22139619.61277975,111.47631203995543,111.47631203995543,1600.0,10.0,3.0,0.5,Other,Unknown,Ready to Move,contractor,False,False,Potentially Overpriced,None
26000000,23737366.70039471,2262633.2996052913,9.5319473645224,9.5319473645224,600.0,6.0,3.0,1.5,Other,Residential House,Ready to Move,builder,False,False,Normal,None
12250000,15827445.773874104,-3577445.773874104,-22.602799118599968,22.602799118599968,1600.0,8.0,3.0,0.5,Other,Unknown,Ready to Move,owner,False,False,Normal,None
16500000,14221754.473295264,2278245.526704736,16.019440716563384,16.019440716563384,600.0,3.0,3.0,1.0,Other,Residential House,Ready to Move,contractor,False,False,Normal,None
38000000,16509483.041850965,21490516.958149035,130.1707443150783,130.1707443150783,1600.0,5.0,3.0,0.5,Other,Unknown,Ready to Move,builder,False,False,Potentially Overpriced,None
24000000,26432022.860550065,-2432022.8605500646,-9.201047053344796,9.201047053344796,1600.0,5.0,3.0,0.5,Other,Unknown,Ready to Move,owner,False,False,Normal,None
13500000,23826081.389907252,-10326081.389907252,-43.3394028204797,43.3394028204797,2200.0,5.0,3.0,1.0,Phase 2 Electronic City,Residential House,Ready to Move,builder,False,False,Normal,None
3800000,10532847.011642786,-6732847.011642786,-63.92238493733403,63.92238493733403,1600.0,2.0,3.0,0.5,Other,Unknown,Ready to Move,builder,False,False,Potentially Underpriced,None
10130000,25510096.360821556,-15380096.360821556,-60.29023231931938,60.29023231931938,1600.0,8.0,3.0,0.5,Other,Unknown,Ready to Move,agent,False,False,Potentially Underpriced,None
30000000,10570425.813025488,19429574.18697451,183.81070479707896,183.81070479707896,2200.0,3.0,3.0,1.0,Phase 2 Electronic City,Residential House,Ready to Move,agent,False,False,Potentially Overpriced,None
30500000,7787621.216113974,22712378.783886027,291.64719435621845,291.64719435621845,2200.0,2.0,3.0,0.5,Phase 2 Electronic City,Residential House,Ready to Move,agent,False,False,Potentially Overpriced,None
9500000,26432022.860550065,-16932022.860550065,-64.05874779194897,64.05874779194897,1600.0,5.0,3.0,0.5,Other,Unknown,Ready to Move,owner,False,False,Potentially Underpriced,None
23000000,13105682.089515168,9894317.910484832,75.49639799671702,75.49639799671702,2200.0,3.0,3.0,0.5,Phase 2 Electronic City,Residential House,Ready to Move,builder,False,False,Normal,None
4280000,17234781.52046698,-12954781.52046698,-75.16649691835471,75.16649691835471,1600.0,3.0,3.0,0.5,Other,Unknown,Ready to Move,owner,False,False,Potentially Underpriced,None
25000000,5690897.834326425,19309102.165673576,339.2979935293286,339.2979935293286,2200.0,2.0,3.0,1.0,Phase 2 Electronic City,Residential House,Ready to Move,owner,False,False,Potentially Overpriced,None
7800000,14430320.670566842,-6630320.670566842,-45.947147135063595,45.947147135063595,2200.0,4.0,3.0,1.0,Phase 2 Electronic City,Residential House,Ready to Move,owner,False,False,Normal,None
12000000,5924752.053332708,6075247.946667292,102.54012137520472,102.54012137520472,2200.0,1.0,3.0,1.0,Phase 2 Electronic City,Residential House,Ready to Move,builder,False,False,Potentially Overpriced,None
11000000,19522526.239161003,-8522526.239161003,-43.65483306184695,43.65483306184695,2200.0,6.0,3.0,1.0,Phase 2 Electronic City,Residential House,Ready to Move,contractor,False,False,Normal,None
32500000,16467710.884409886,16032289.115590114,97.35590591870307,97.35590591870307,2200.0,5.0,3.0,1.0,Phase 2 Electronic City,Residential House,Ready to Move,builder,False,False,Normal,None
22000000,19889173.41315918,2110826.5868408196,10.612942745243718,10.612942745243718,2200.0,8.0,3.0,1.0,Phase 2 Electronic City,Residential House,Ready to Move,agent,False,False,Normal,None
4500000,25708869.05418486,-21208869.05418486,-82.49631288519285,82.49631288519285,2200.0,3.0,3.0,1.0,Phase 2 Electronic City,Residential House,Ready to Move,agent,False,False,Potentially Underpriced,None
16000000,16440684.61853277,-440684.6185327694,-2.680451749776937,2.680451749776937,2200.0,4.0,3.0,1.0,Phase 2 Electronic City,Residential House,Ready to Move,builder,False,False,Normal,None
25000000,28313859.42043064,-3313859.4204306416,-11.70401876771146,11.70401876771146,2700.0,4.0,3.0,1.5,Other,Residential House,Ready to Move,owner,False,False,Normal,None
42500000,17933736.47056803,24566263.52943197,136.98352024827017,136.98352024827017,2200.0,5.0,3.0,1.0,Phase 2 Electronic City,Residential House,Ready to Move,agent,False,False,Potentially Overpriced,None
9000000,10361656.080013428,-1361656.0800134279,-13.141297776133708,13.141297776133708,2200.0,2.0,3.0,1.0,Phase 2 Electronic City,Residential House,Ready to Move,contractor,False,False,Normal,None
4700000,10147043.352682296,-5447043.352682296,-53.68108879955076,53.68108879955076,2200.0,1.0,3.0,1.0,Phase 2 Electronic City,Residential House,Ready to Move,owner,False,False,Potentially Underpriced,None
5900000,5690897.834326425,209102.16567357536,3.674326472921557,3.674326472921557,2200.0,2.0,3.0,1.0,Phase 2 Electronic City,Residential House,Ready to Move,owner,False,False,Normal,None
1700000,11744281.735600831,-10044281.735600831,-85.52487041547434,85.52487041547434,2200.0,2.0,3.0,1.0,Phase 2 Electronic City,Residential House,Ready to Move,owner,False,False,Potentially Underpriced,None
10500000,13569621.140556702,-3069621.1405567024,-22.621273716937164,22.621273716937164,2200.0,4.0,3.0,1.0,Phase 2 Electronic City,Residential House,Ready to Move,owner,False,False,Normal,None
7500000,10002168.342112107,-2502168.342112107,-25.016259040324616,25.016259040324616,2200.0,2.0,3.0,1.0,Phase 2 Electronic City,Residential House,Ready to Move,builder,False,False,Normal,None
18500000,18624391.711128097,-124391.71112809703,-0.667896772455515,0.667896772455515,2200.0,5.0,3.0,1.0,Phase 2 Electronic City,Residential House,Ready to Move,owner,False,False,Normal,None
27500000,21204458.69350956,6295541.30649044,29.68970534681667,29.68970534681667,2200.0,6.0,3.0,1.0,Phase 2 Electronic City,Residential House,Ready to Move,agent,False,False,Normal,None
12000000,9003008.98119048,2996991.0188095197,33.28877073288473,33.28877073288473,2200.0,2.0,3.0,1.0,Phase 2 Electronic City,Residential House,Ready to Move,contractor,False,False,Normal,None
32000000,13355588.749977896,18644411.250022106,139.60007004597955,139.60007004597955,2200.0,3.0,3.0,1.0,Phase 2 Electronic City,Residential House,Ready to Move,owner,False,False,Potentially Overpriced,None
12000000,25708869.05418486,-13708869.054184861,-53.32350102718092,53.32350102718092,2200.0,3.0,3.0,1.0,Phase 2 Electronic City,Residential House,Ready to Move,agent,False,False,Potentially Underpriced,None
11500000,7298833.318825854,4201166.681174146,57.55942761890578,57.55942761890578,2200.0,2.0,3.0,1.0,Phase 2 Electronic City,Residential House,Ready to Move,owner,False,False,Normal,None
9000000,9104663.58036225,-104663.58036224917,-1.149560106624883,1.149560106624883,2200.0,2.0,3.0,1.0,Phase 2 Electronic City,Residential House,Ready to Move,contractor,False,False,Normal,None
65000000,16791681.027407166,48208318.97259283,287.09644313697856,287.09644313697856,2400.0,5.0,3.0,1.0,Other,Residential House,Ready to Move,agent,False,False,Potentially Overpriced,None
17000000,22227211.87167709,-5227211.8716770895,-23.51717301231936,23.51717301231936,2289.0,3.0,4.0,1.0,Other,Villa,Under Construction,agent,False,False,Normal,None
28000000,23526866.836590182,4473133.163409818,19.012872366213138,19.012872366213138,2289.0,3.0,4.0,1.0,Other,Villa,Under Construction,owner,False,False,Normal,None
48500000,27961193.41832515,20538806.58167485,73.45468512160919,73.45468512160919,2289.0,5.0,4.0,1.0,Other,Villa,Under Construction,owner,False,False,Normal,None
19000000,20454987.30767083,-1454987.3076708317,-7.11311762645385,7.11311762645385,2289.0,3.0,4.0,1.0,Other,Villa,Under Construction,builder,False,False,Normal,None
17500000,31362399.622204047,-13862399.622204047,-44.200698253936224,44.200698253936224,2650.0,4.0,4.0,1.0,Other,Villa,Under Construction,agent,False,False,Normal,None
32000000,22660115.94824504,9339884.051754959,41.21728270537956,41.21728270537956,2650.0,4.0,4.0,1.0,Other,Villa,Under Construction,agent,False,False,Normal,None
29000000,31875203.97051015,-2875203.9705101512,-9.020190029749116,9.020190029749116,1806.0,4.0,2.0,1.0,Sarjapur Road,Villa,Under Construction,agent,False,False,Normal,None
54900000,31695520.125026833,23204479.874973167,73.21059816478882,73.21059816478882,1806.0,4.0,2.0,1.0,Sarjapur Road,Villa,Under Construction,contractor,False,False,Normal,None
25000000,29452185.9646349,-4452185.964634899,-15.116657113264598,15.116657113264598,1500.0,4.0,2.0,1.0,Other,Villa,Under Construction,contractor,False,False,Normal,None
96000000,71478814.31634636,24521185.683653638,34.305529433000025,34.305529433000025,5300.0,4.0,2.0,1.0,Whitefield,Villa,Under Construction,owner,False,True,Normal,Extreme Area
67500000,19974767.18103062,47525232.818969384,237.92634171026802,237.92634171026802,5300.0,3.0,2.0,1.0,Whitefield,Villa,Under Construction,owner,False,True,Potentially Overpriced,Extreme Area
80000000,46031406.08127294,33968593.91872706,73.7943869425848,73.7943869425848,5400.0,6.0,3.0,1.0,Other,Residential House,Ready to Move,agent,False,True,Normal,Extreme Area
28000000,30070931.326994468,-2070931.3269944675,-6.8868213773459255,6.8868213773459255,5400.0,4.0,3.0,1.0,Other,Residential House,Ready to Move,builder,False,True,Normal,Extreme Area
120000000,37528703.916479856,82471296.08352014,219.75524725570074,219.75524725570074,5300.0,9.0,2.0,1.0,Whitefield,Villa,Under Construction,contractor,False,True,Potentially Overpriced,Extreme Area
12500000,17347889.899411503,-4847889.899411503,-27.945127202911056,27.945127202911056,1800.0,3.0,1.0,1.0,Other,Villa,Under Construction,agent,False,False,Normal,None
280000000,24819946.5804625,255180053.41953748,1028.124909907773,1028.124909907773,5400.0,8.0,3.0,1.0,Other,Residential House,Ready to Move,builder,False,True,Potentially Overpriced,Extreme Area
16745000,13435952.503584018,3309047.496415982,24.62830599865026,24.62830599865026,1925.0,3.0,3.0,1.0,Phase 2 Electronic City,Villa,Under Construction,agent,False,False,Normal,None
76000000,24839194.814722754,51160805.185277246,205.96804995849976,205.96804995849976,1925.0,4.0,3.0,1.0,Phase 2 Electronic City,Villa,Under Construction,contractor,False,False,Potentially Overpriced,None
81237986,28417660.651028164,52820325.348971836,185.87147618381027,185.87147618381027,4750.0,4.0,4.0,1.0,Devanahalli,Villa,Under Construction,agent,False,True,Potentially Overpriced,Extreme Area
60000000,31800635.190693013,28199364.809306987,88.67547657526036,88.67547657526036,2610.0,4.0,4.0,1.0,Whitefield,Villa,Ready to Move,builder,False,False,Normal,None
6500000,12500400.906219054,-6000400.906219054,-48.00166771638344,48.00166771638344,1200.0,2.0,4.0,1.0,Krishnarajapura,Residential House,Ready to Move,agent,False,False,Normal,None
49500000,13952709.046102948,35547290.95389705,254.76981449581336,254.76981449581336,1200.0,3.0,4.0,1.0,Krishnarajapura,Residential House,Ready to Move,contractor,False,False,Potentially Overpriced,None
40000000,34542485.00593888,5457514.99406112,15.799427844067418,15.799427844067418,3000.0,4.0,2.0,1.0,Bannerghatta Main Road,Villa,Under Construction,agent,False,False,Normal,None
30000000,25024643.34669495,4975356.65330505,19.881828421591287,19.881828421591287,2300.0,4.0,4.0,1.0,Hennur Gardens,Villa,Under Construction,agent,False,False,Normal,None
52000000,48593970.77441945,3406029.2255805507,7.009160130979732,7.009160130979732,3586.0,4.0,1.0,1.0,Whitefield,Villa,Under Construction,agent,False,False,Normal,None
12600000,17376634.115673788,-4776634.115673788,-27.48883405080876,27.48883405080876,1640.0,3.0,1.0,1.0,Other,Villa,Under Construction,owner,False,False,Normal,None
65000000,21915377.853378356,43084622.146621644,196.59538810999763,196.59538810999763,1640.0,4.0,1.0,1.0,Other,Villa,Under Construction,agent,False,False,Potentially Overpriced,None
14000000,8508143.964871317,5491856.035128683,64.54822647340741,64.54822647340741,1640.0,2.0,1.0,1.0,Other,Villa,Under Construction,contractor,False,False,Normal,None
24000000,14709145.523258798,9290854.476741202,63.16379467488484,63.16379467488484,1640.0,3.0,1.0,1.0,Other,Villa,Under Construction,contractor,False,False,Normal,None
18000000,33742540.77730917,-15742540.777309172,-46.65487664727237,46.65487664727237,1640.0,10.0,1.0,1.0,Other,Villa,Under Construction,owner,False,False,Normal,None
28500000,27930351.594410412,569648.405589588,2.0395318106328078,2.0395318106328078,1640.0,4.0,1.0,1.0,Other,Villa,Under Construction,owner,False,False,Normal,None
59999999,27351576.328301173,32648422.671698827,119.36578089620711,119.36578089620711,2400.0,10.0,3.0,1.0,Other,Residential House,Ready to Move,owner,False,False,Potentially Overpriced,None
22500000,32170316.851888757,-9670316.851888757,-30.059750099480297,30.059750099480297,19500.0,4.0,3.0,1.0,Other,Villa,Under Construction,builder,False,True,Normal,Extreme Area
195000000,16972984.077487644,178027015.92251235,1048.8845986643032,1048.8845986643032,19500.0,3.0,3.0,1.0,Other,Villa,Under Construction,owner,False,True,Potentially Overpriced,Extreme Area
23000000,18147529.988608424,4852470.011391576,26.739010843004923,26.739010843004923,19500.0,3.0,3.0,1.0,Other,Villa,Under Construction,agent,False,True,Normal,Extreme Area
27500000,14697861.007918036,12802138.992081964,87.10205508941195,87.10205508941195,1200.0,3.0,3.0,1.0,Other,Residential House,Ready to Move,owner,False,False,Normal,None
51000000,27419734.08194314,23580265.91805686,85.99742742795343,85.99742742795343,2630.0,4.0,3.0,1.0,Devanahalli,Villa,Under Construction,contractor,False,False,Normal,None
16000000,11859463.776360914,4140536.223639086,34.9133510731934,34.9133510731934,2630.0,2.0,3.0,1.0,Devanahalli,Villa,Under Construction,agent,False,False,Normal,None
147825000,29506445.832608156,118318554.16739184,400.99222671080116,400.99222671080116,2630.0,4.0,3.0,1.0,Devanahalli,Villa,Under Construction,builder,False,False,Potentially Overpriced,None
28500000,20591211.231767133,7908788.768232867,38.40856508737848,38.40856508737848,2400.0,4.0,3.0,1.0,Sarjapur Road,Residential House,Under Construction,agent,False,False,Normal,None
8000000,18049690.586318202,-10049690.586318202,-55.677910589425515,55.677910589425515,1300.0,3.0,2.0,1.0,Other,Villa,Under Construction,agent,False,False,Potentially Underpriced,None
49900000,25637830.69988674,24262169.30011326,94.6342519541657,94.6342519541657,1300.0,4.0,2.0,1.0,Other,Villa,Under Construction,contractor,False,False,Normal,None
33000000,43450882.91355072,-10450882.91355072,-24.052176187866316,24.052176187866316,5000.0,4.0,2.0,0.5,Other,Villa,Ready to Move,builder,False,True,Normal,Extreme Area
51000000,50326572.73719712,673427.2628028765,1.3381146900653864,1.3381146900653864,4500.0,5.0,2.0,1.5,Other,Residential House,Ready to Move,agent,False,True,Normal,Extreme Area
35000000,24651962.218105383,10348037.781894617,41.976527833125616,41.976527833125616,4500.0,3.0,2.0,1.5,Other,Residential House,Ready to Move,contractor,False,True,Normal,Extreme Area
70000000,56544332.47128138,13455667.52871862,23.796668809473868,23.796668809473868,5000.0,4.0,2.0,1.0,Whitefield,Villa,Ready to Move,contractor,False,True,Normal,Extreme Area
39000000,34090290.84467286,4909709.155327141,14.40207470712841,14.40207470712841,5000.0,5.0,2.0,1.0,Whitefield,Villa,Ready to Move,contractor,False,True,Normal,Extreme Area
18500000,36755867.54133438,-18255867.541334383,-49.66790001842417,49.66790001842417,3000.0,4.0,2.0,1.0,Other,Residential House,Ready to Move,builder,False,False,Normal,None
47000000,28543834.809656683,18456165.190343317,64.65902466650837,64.65902466650837,3000.0,3.0,2.0,1.0,Other,Residential House,Ready to Move,contractor,False,False,Normal,None
32500000,27534977.00496382,4965022.995036181,18.031694721012915,18.031694721012915,3500.0,5.0,2.0,1.5,Other,Villa,Ready to Move,builder,False,False,Normal,None
110000000,25535190.889940552,84464809.11005944,330.77806026245094,330.77806026245094,3500.0,10.0,2.0,1.0,Other,Villa,Ready to Move,contractor,False,False,Potentially Overpriced,None
31000000,19998608.636535253,11001391.363464747,55.01078381706223,55.01078381706223,3550.0,3.0,2.0,1.0,Other,Villa,Ready to Move,agent,False,False,Normal,None
16000000,51950729.01645526,-35950729.01645526,-69.20158715206472,69.20158715206472,3550.0,10.0,2.0,1.0,Other,Villa,Ready to Move,agent,False,False,Potentially Underpriced,None
39100000,40253167.311206736,-1153167.3112067357,-2.8647865205024168,2.8647865205024168,3785.0,4.0,2.0,1.0,Whitefield,Villa,Under Construction,contractor,False,False,Normal,None
28500000,45058157.30260929,-16558157.302609287,-36.74841203870185,36.74841203870185,3785.0,4.0,2.0,1.0,Whitefield,Villa,Under Construction,contractor,False,False,Normal,None
55000000,21706755.89056221,33293244.10943779,153.3773368866843,153.3773368866843,1750.0,4.0,2.0,1.0,Whitefield,Villa,Ready to Move,agent,False,False,Potentially Overpriced,None
12500000,27928440.412693523,-15428440.412693523,-55.242756790963774,55.242756790963774,1200.0,4.0,3.0,1.0,Other,Residential House,Ready to Move,owner,False,False,Potentially Underpriced,None
24000000,15243438.176413624,8756561.823586376,57.44479507999397,57.44479507999397,1200.0,3.0,3.0,1.0,Other,Residential House,Ready to Move,agent,False,False,Normal,None
42500000,26301829.304902595,16198170.695097405,61.58571902859285,61.58571902859285,1200.0,10.0,3.0,1.0,Other,Residential House,Ready to Move,builder,False,False,Normal,None
14500000,31819405.990296748,-17319405.990296748,-54.43032467538288,54.43032467538288,1200.0,5.0,3.0,1.0,Other,Residential House,Ready to Move,builder,False,False,Potentially Underpriced,None
23500000,10653749.109056829,12846250.890943171,120.5796265656611,120.5796265656611,1200.0,2.0,3.0,1.0,Other,Residential House,Ready to Move,builder,False,False,Potentially Overpriced,None
11000000,22488121.8803657,-11488121.8803657,-51.085288231188116,51.085288231188116,1200.0,3.0,3.0,1.0,Other,Residential House,Ready to Move,contractor,False,False,Potentially Underpriced,None
29500000,31819405.990296748,-2319405.9902967475,-7.289281236123782,7.289281236123782,1200.0,5.0,3.0,1.0,Other,Residential House,Ready to Move,builder,False,False,Normal,None
41000000,27283364.999944396,13716635.000055604,50.27471867961872,50.27471867961872,1200.0,5.0,3.0,1.0,Other,Residential House,Ready to Move,builder,False,False,Normal,None
20000000,34429947.43766499,-14429947.437664993,-41.91103533861107,41.91103533861107,1200.0,4.0,3.0,1.0,Other,Residential House,Ready to Move,builder,False,False,Normal,None
48500000,31819405.990296748,16680594.009703252,52.42270712027107,52.42270712027107,1200.0,5.0,3.0,1.0,Other,Residential House,Ready to Move,builder,False,False,Normal,None
90000000,78272285.4667353,11727714.533264697,14.983227413550896,14.983227413550896,8000.0,9.0,3.0,1.0,Other,Residential House,Ready to Move,agent,False,True,Normal,Extreme Area
11000000,21187403.722653564,-10187403.722653564,-48.08235995315082,48.08235995315082,8000.0,2.0,3.0,0.5,Other,Residential House,Ready to Move,builder,False,True,Normal,Extreme Area
33000000,25274044.087662093,7725955.912337907,30.568736390348583,30.568736390348583,8000.0,4.0,3.0,0.5,Other,Residential House,Ready to Move,owner,False,True,Normal,Extreme Area
22000000,26978687.607603442,-4978687.607603442,-18.454150476171762,18.454150476171762,8000.0,3.0,3.0,0.5,Other,Residential House,Ready to Move,contractor,False,True,Normal,Extreme Area
33000000,30862794.446927372,2137205.5530726276,6.924860795569996,6.924860795569996,8000.0,6.0,3.0,0.5,Other,Residential House,Ready to Move,builder,False,True,Normal,Extreme Area
9500000,35235089.766527236,-25735089.766527236,-73.03824096107499,73.03824096107499,8000.0,4.0,3.0,0.5,Other,Residential House,Ready to Move,owner,False,True,Potentially Underpriced,Extreme Area
28000000,21242553.204214394,6757446.795785606,31.8108973569381,31.8108973569381,8000.0,3.0,3.0,0.5,Other,Residential House,Ready to Move,agent,False,True,Normal,Extreme Area
17000000,10910534.90100735,6089465.0989926495,55.812709039869524,55.812709039869524,2028.0,2.0,3.0,0.5,Other,Residential House,Ready to Move,owner,False,False,Normal,None
37500000,16885543.461165264,20614456.538834736,122.08346498438458,122.08346498438458,2028.0,6.0,3.0,0.5,Other,Residential House,Ready to Move,contractor,False,False,Potentially Overpriced,None
7500000,10408303.334110895,-2908303.334110895,-27.942146195716443,27.942146195716443,2028.0,2.0,3.0,0.5,Other,Residential House,Ready to Move,builder,False,False,Normal,None
9500000,15715006.251949158,-6215006.251949158,-39.548226404162584,39.548226404162584,2028.0,3.0,3.0,0.5,Other,Residential House,Ready to Move,contractor,False,False,Normal,None
100000000,20825045.795285583,79174954.20471442,380.19102086506916,380.19102086506916,3460.0,5.0,3.0,1.5,Other,Residential House,Ready to Move,owner,False,False,Potentially Overpriced,None
27500000,25392387.64771182,2107612.352288179,8.300173979417417,8.300173979417417,3460.0,6.0,3.0,1.5,Other,Residential House,Ready to Move,owner,False,False,Normal,None
17500000,13034181.902373927,4465818.097626073,34.262358244461126,34.262358244461126,3460.0,2.0,3.0,1.5,Other,Residential House,Ready to Move,builder,False,False,Normal,None
28000000,38429717.76543932,-10429717.765439317,-27.139719914412147,27.139719914412147,3460.0,4.0,3.0,1.5,Other,Residential House,Ready to Move,owner,False,False,Normal,None
21000000,10417615.630059544,10582384.369940456,101.58163581506578,101.58163581506578,3460.0,2.0,3.0,1.5,Other,Residential House,Ready to Move,owner,False,False,Potentially Overpriced,None
8700000,7367475.020858507,1332524.9791414933,18.086589711792723,18.086589711792723,3460.0,1.0,3.0,1.5,Other,Residential House,Ready to Move,owner,False,False,Normal,None
19000000,21975338.035321787,-2975338.035321787,-13.539441489088425,13.539441489088425,1200.0,6.0,3.0,1.0,Anjanapura Township,Residential House,Ready to Move,owner,False,False,Normal,None
37500000,27871533.72741003,9628466.27258997,34.54587884096574,34.54587884096574,1200.0,5.0,3.0,1.0,Anjanapura Township,Residential House,Ready to Move,contractor,False,False,Normal,None
12600000,18186996.399881773,-5586996.399881773,-30.71973115867605,30.71973115867605,1200.0,3.0,3.0,1.0,Anjanapura Township,Residential House,Ready to Move,agent,False,False,Normal,None
62500000,23642947.88912841,38857052.11087159,164.34943854331715,164.34943854331715,1200.0,5.0,3.0,1.0,Anjanapura Township,Residential House,Ready to Move,owner,False,False,Potentially Overpriced,None
20000000,36208621.69907216,-16208621.69907216,-44.764536561985466,44.764536561985466,1200.0,5.0,3.0,1.0,Anjanapura Township,Residential House,Ready to Move,owner,False,False,Normal,None
6500000,11721302.178397268,-5221302.178397268,-44.54541056044348,44.54541056044348,1200.0,2.0,3.0,1.0,Anjanapura Township,Residential House,Ready to Move,contractor,False,False,Normal,None
14200000,16591656.286722891,-2391656.286722891,-14.41481335794523,14.41481335794523,1200.0,3.0,3.0,1.0,Anjanapura Township,Residential House,Ready to Move,builder,False,False,Normal,None
53000000,23047989.711365603,29952010.288634397,129.95497943087085,129.95497943087085,1200.0,4.0,3.0,1.0,Anjanapura Township,Residential House,Ready to Move,owner,False,False,Potentially Overpriced,None
26500000,25403734.080902062,1096265.9190979376,4.315373147926647,4.315373147926647,1350.0,4.0,3.0,1.0,Other,Residential House,Ready to Move,contractor,False,False,Normal,None
11500000,8959684.014299009,2540315.985700991,28.352740807006477,28.352740807006477,1200.0,2.0,3.0,1.0,Anjanapura Township,Residential House,Ready to Move,agent,False,False,Normal,None
7500000,4391617.299763625,3108382.7002363754,70.77990835867419,70.77990835867419,1350.0,1.0,3.0,1.0,Other,Residential House,Ready to Move,owner,False,False,Normal,None
9900000,27494076.800358724,-17594076.800358724,-63.99224432270869,63.99224432270869,1200.0,6.0,3.0,1.0,Anjanapura Township,Residential House,Ready to Move,builder,False,False,Potentially Underpriced,None
10500000,30640974.903851617,-20140974.903851617,-65.73216083056113,65.73216083056113,1350.0,5.0,3.0,1.0,Other,Residential House,Ready to Move,owner,False,False,Potentially Underpriced,None
13000000,27378612.6839361,-14378612.6839361,-52.517681775645585,52.517681775645585,1200.0,6.0,3.0,1.0,Anjanapura Township,Residential House,Ready to Move,contractor,False,False,Potentially Underpriced,None
55000000,19043308.91586564,35956691.084134355,188.81535369190797,188.81535369190797,1350.0,8.0,3.0,1.0,Other,Residential House,Ready to Move,owner,False,False,Potentially Overpriced,None
26000000,26364913.784637887,-364913.78463788703,-1.3840886703392608,1.3840886703392608,1200.0,7.0,3.0,1.5,Anjanapura Township,Residential House,Ready to Move,builder,False,False,Normal,None
26500000,26589337.813766085,-89337.81376608461,-0.33599111941716653,0.33599111941716653,1350.0,4.0,3.0,1.5,Other,Residential House,Ready to Move,contractor,False,False,Normal,None
15600000,38627345.34872491,-23027345.34872491,-59.61410275760781,59.61410275760781,1200.0,4.0,3.0,1.5,Anjanapura Township,Residential House,Ready to Move,owner,False,False,Potentially Underpriced,None
28500000,19223073.478910666,9276926.521089334,48.25933028486264,48.25933028486264,1350.0,3.0,3.0,1.5,Other,Residential House,Ready to Move,agent,False,False,Normal,None
17500000,42785603.08473966,-25285603.084739663,-59.098391191681664,59.098391191681664,1200.0,5.0,3.0,1.5,Anjanapura Township,Residential House,Ready to Move,contractor,False,False,Potentially Underpriced,None
12000000,26062088.52993485,-14062088.52993485,-53.95610759967748,53.95610759967748,1350.0,6.0,3.0,1.5,Other,Residential House,Ready to Move,contractor,False,False,Potentially Underpriced,None
11000000,19088277.86327049,-8088277.863270491,-42.373009871329934,42.373009871329934,1200.0,2.0,3.0,1.5,Anjanapura Township,Residential House,Ready to Move,builder,False,False,Normal,None
15000000,18067493.11764219,-3067493.1176421903,-16.977967544633543,16.977967544633543,1350.0,2.0,3.0,1.5,Other,Residential House,Ready to Move,builder,False,False,Normal,None
120000000,24452412.31529856,95547587.68470144,390.74912713181453,390.74912713181453,1200.0,6.0,3.0,1.5,Anjanapura Township,Residential House,Ready to Move,contractor,False,False,Potentially Overpriced,None
20000000,22458703.371921774,-2458703.371921774,-10.947663946600247,10.947663946600247,1350.0,10.0,3.0,1.5,Other,Residential House,Ready to Move,agent,False,False,Normal,None
14500000,30366978.209859636,-15866978.209859636,-52.250764301295874,52.250764301295874,1200.0,4.0,3.0,1.5,Anjanapura Township,Residential House,Ready to Move,agent,False,False,Potentially Underpriced,None
27500000,17207428.999637894,10292571.000362106,59.814693993964454,59.814693993964454,1350.0,2.0,3.0,1.5,Other,Residential House,Ready to Move,owner,False,False,Normal,None
20000000,22517899.726385277,-2517899.7263852768,-11.181769867439883,11.181769867439883,1350.0,3.0,3.0,1.5,Other,Residential House,Ready to Move,agent,False,False,Normal,None
26000000,24282125.558113184,1717874.4418868162,7.074646071553802,7.074646071553802,1200.0,6.0,3.0,1.5,Anjanapura Township,Residential House,Ready to Move,builder,False,False,Normal,None
57500000,27673313.90312093,29826686.09687907,107.7814034173742,107.7814034173742,1200.0,4.0,3.0,1.5,Anjanapura Township,Residential House,Ready to Move,contractor,False,False,Potentially Overpriced,None
45000000,13583994.031437844,31416005.968562156,231.27223036063734,231.27223036063734,1350.0,2.0,3.0,1.5,Other,Residential House,Ready to Move,contractor,False,False,Potentially Overpriced,None
17500000,11536224.136548774,5963775.863451226,51.69608177563872,51.69608177563872,1200.0,2.0,3.0,1.5,Anjanapura Township,Residential House,Ready to Move,builder,False,False,Normal,None
18900000,19875114.440526113,-975114.4405261129,-4.906207928734325,4.906207928734325,1350.0,2.0,3.0,1.5,Other,Residential House,Ready to Move,builder,False,False,Normal,None
12500000,11972940.567358118,527059.4326418824,4.402088439984468,4.402088439984468,1200.0,2.0,3.0,1.5,Anjanapura Township,Residential House,Ready to Move,owner,False,False,Normal,None
22500000,16336522.576289508,6163477.4237104915,37.728209261963954,37.728209261963954,1350.0,2.0,3.0,1.5,Other,Residential House,Ready to Move,agent,False,False,Normal,None
30000000,23979616.85874409,6020383.141255911,25.10625243397331,25.10625243397331,1350.0,4.0,3.0,1.5,Other,Residential House,Ready to Move,contractor,False,False,Normal,None
16500000,17367191.677607536,-867191.6776075363,-4.993275215161319,4.993275215161319,1350.0,2.0,3.0,1.5,Other,Residential House,Ready to Move,builder,False,False,Normal,None
13200000,11679561.686557718,1520438.3134422824,13.017939835808997,13.017939835808997,1350.0,1.0,3.0,1.5,Other,Residential House,Ready to Move,contractor,False,False,Normal,None
15000000,16336522.576289508,-1336522.5762895085,-8.181193825357362,8.181193825357362,1350.0,2.0,3.0,1.5,Other,Residential House,Ready to Move,agent,False,False,Normal,None
45000000,14177057.5456489,30822942.454351097,217.4142437886274,217.4142437886274,1350.0,5.0,3.0,1.5,Other,Residential House,Ready to Move,agent,False,False,Potentially Overpriced,None
16000000,27263718.40057681,-11263718.400576811,-41.31394784483435,41.31394784483435,1350.0,4.0,3.0,1.5,Other,Residential House,Ready to Move,agent,False,False,Normal,None
80000000,38314150.577988915,41685849.422011085,108.80013987823907,108.80013987823907,4500.0,4.0,3.0,1.0,Other,Villa,Ready to Move,owner,False,True,Potentially Overpriced,Extreme Area
9000000,15366354.070680022,-6366354.070680022,-41.43047883315034,41.43047883315034,4500.0,3.0,3.0,1.0,Other,Villa,Ready to Move,owner,False,True,Normal,Extreme Area
24000000,15004578.486054756,8995421.513945244,59.95117771755856,59.95117771755856,4500.0,3.0,3.0,1.0,Other,Villa,Ready to Move,contractor,False,True,Normal,Extreme Area
12000000,20496084.703949317,-8496084.703949317,-41.45223259304855,41.45223259304855,4500.0,3.0,3.0,1.0,Other,Villa,Ready to Move,contractor,False,True,Normal,Extreme Area
77500000,21998258.614100203,55501741.3858998,252.30061324183586,252.30061324183586,4500.0,6.0,3.0,1.0,Other,Villa,Ready to Move,contractor,False,True,Potentially Overpriced,Extreme Area
45000000,31116549.30367867,13883450.696321331,44.61757812804776,44.61757812804776,2500.0,4.0,3.0,1.0,Sarjapur Road,Villa,Under Construction,owner,False,False,Normal,None
15000000,5353760.226063913,9646239.773936087,180.17691055671366,180.17691055671366,2500.0,2.0,3.0,1.0,Sarjapur Road,Villa,Under Construction,owner,False,False,Potentially Overpriced,None
36500000,30633445.478268005,5866554.521731995,19.15081516342603,19.15081516342603,2500.0,4.0,3.0,1.0,Sarjapur Road,Villa,Under Construction,builder,False,False,Normal,None
84000000,22312986.875663877,61687013.12433612,276.46237354092807,276.46237354092807,4000.0,6.0,3.0,1.0,Other,Residential House,Ready to Move,contractor,False,False,Potentially Overpriced,None
16500000,12234407.814707456,4265592.185292544,34.865538650466675,34.865538650466675,1000.0,2.0,3.0,1.0,Other,Residential House,Ready to Move,owner,False,False,Normal,None
14000000,15618220.290679457,-1618220.2906794567,-10.361105558519801,10.361105558519801,1000.0,3.0,3.0,1.0,Other,Residential House,Ready to Move,owner,False,False,Normal,None
15000000,17322132.673131783,-2322132.6731317826,-13.405581846937492,13.405581846937492,1000.0,4.0,3.0,0.5,Other,Residential House,Ready to Move,contractor,False,False,Normal,None
27000000,20594340.869321648,6405659.130678352,31.10397740488281,31.10397740488281,1000.0,5.0,3.0,0.5,Other,Residential House,Ready to Move,owner,False,False,Normal,None
120000000,27176327.52362629,92823672.4763737,341.56076605890024,341.56076605890024,3600.0,4.0,3.0,0.5,Other,Residential House,Ready to Move,owner,False,False,Potentially Overpriced,None
60000000,14496277.975236416,45503722.024763584,313.8993478360191,313.8993478360191,1000.0,8.0,3.0,0.5,Other,Residential House,Ready to Move,agent,False,False,Potentially Overpriced,None
29500000,23230562.040978633,6269437.959021367,26.98788754211844,26.98788754211844,2813.0,4.0,3.0,1.0,Other,Villa,Ready to Move,builder,False,False,Normal,None
16000000,11268025.735095484,4731974.264904516,41.994705870845415,41.994705870845415,1000.0,2.0,3.0,0.5,Other,Residential House,Ready to Move,builder,False,False,Normal,None
55000000,30170303.827707015,24829696.172292985,82.29846246855008,82.29846246855008,3800.0,4.0,3.0,1.0,Other,Residential House,Ready to Move,contractor,False,False,Normal,None
7000000,12396570.296407256,-5396570.296407256,-43.532768881819486,43.532768881819486,1000.0,2.0,3.0,0.5,Other,Residential House,Ready to Move,owner,False,False,Normal,None
105000000,23667049.483551383,81332950.51644862,343.6547955543638,343.6547955543638,3800.0,4.0,3.0,1.0,Other,Residential House,Ready to Move,owner,False,False,Potentially Overpriced,None
13000000,26054602.129990343,-13054602.129990343,-50.104784041064846,50.104784041064846,1000.0,6.0,3.0,0.5,Other,Residential House,Ready to Move,agent,False,False,Potentially Underpriced,None
90749000,26654441.805297006,64094558.194703,240.4648300755845,240.4648300755845,3000.0,4.0,3.0,1.0,Other,Residential House,Ready to Move,owner,False,False,Potentially Overpriced,None
40000000,60859411.34866223,-20859411.348662227,-34.27475042300215,34.27475042300215,6110.0,4.0,3.0,1.5,Other,Residential House,Ready to Move,owner,False,True,Normal,Extreme Area
11500000,21347136.718259033,-9847136.718259033,-46.128606605289576,46.128606605289576,1000.0,4.0,3.0,0.5,Other,Residential House,Ready to Move,builder,False,False,Normal,None
11600000,12396570.296407256,-796570.2964072563,-6.425731289872299,6.425731289872299,1000.0,2.0,3.0,0.5,Other,Residential House,Ready to Move,owner,False,False,Normal,None
46000000,17998813.61805906,28001186.38194094,155.57240036002165,155.57240036002165,6110.0,3.0,3.0,1.5,Other,Residential House,Ready to Move,builder,False,True,Potentially Overpriced,Extreme Area
80000000,15555165.716420144,64444834.283579856,414.29860316789444,414.29860316789444,6110.0,2.0,3.0,1.5,Other,Residential House,Ready to Move,agent,False,True,Potentially Overpriced,Extreme Area
23000000,18584554.33924411,4415445.660755891,23.75868465907739,23.75868465907739,1000.0,5.0,3.0,1.0,Other,Residential House,Ready to Move,agent,False,False,Normal,None
31000000,31235717.030196793,-235717.03019679338,-0.7546394083699647,0.7546394083699647,1000.0,10.0,3.0,1.0,Other,Residential House,Ready to Move,builder,False,False,Normal,None
35000000,20235493.343334153,14764506.656665847,72.96341337548597,72.96341337548597,6110.0,3.0,3.0,1.0,Other,Residential House,Ready to Move,agent,False,True,Normal,Extreme Area
13000000,39484197.0877464,-26484197.087746397,-67.07543534161304,67.07543534161304,6110.0,5.0,3.0,1.0,Other,Residential House,Ready to Move,builder,False,True,Potentially Underpriced,Extreme Area
18000000,13048048.073361188,4951951.926638812,37.95166831695451,37.95166831695451,1000.0,2.0,3.0,1.0,Other,Residential House,Ready to Move,builder,False,False,Normal,None
39000000,25363782.683472846,13636217.316527154,53.76255382211808,53.76255382211808,1000.0,5.0,3.0,1.0,Other,Residential House,Ready to Move,owner,False,False,Normal,None
47500000,31693339.844047837,15806660.155952163,49.87375970387271,49.87375970387271,6110.0,4.0,3.0,1.0,Other,Residential House,Ready to Move,builder,False,True,Normal,Extreme Area
14000000,55827972.15417791,-41827972.15417791,-74.92296520938152,74.92296520938152,6110.0,4.0,3.0,1.0,Other,Residential House,Ready to Move,agent,False,True,Potentially Underpriced,Extreme Area
25000000,27683710.743817993,-2683710.7438179925,-9.694187201465713,9.694187201465713,1000.0,5.0,3.0,1.0,Other,Residential House,Ready to Move,owner,False,False,Normal,None
17000000,25355573.093311466,-8355573.093311466,-32.95359589216139,32.95359589216139,1000.0,4.0,3.0,1.0,Other,Residential House,Ready to Move,contractor,False,False,Normal,None
28200000,20235493.343334153,7964506.656665847,39.35909306253442,39.35909306253442,6110.0,3.0,3.0,1.0,Other,Residential House,Ready to Move,agent,False,True,Normal,Extreme Area
18000000,43716553.21975761,-25716553.21975761,-58.8256651673423,58.8256651673423,6110.0,10.0,3.0,1.0,Other,Residential House,Ready to Move,contractor,False,True,Potentially Underpriced,Extreme Area
17000000,31330651.71588952,-14330651.715889521,-45.74003709160524,45.74003709160524,1200.0,5.0,3.0,1.0,Other,Residential House,Ready to Move,builder,False,False,Normal,None
37000000,23572226.649040464,13427773.350959536,56.96438249505008,56.96438249505008,2400.0,5.0,3.0,1.5,Other,Residential House,Ready to Move,agent,False,False,Normal,None
120000000,22422199.35792136,97577800.64207864,435.1838955869695,435.1838955869695,6110.0,4.0,3.0,1.0,Other,Residential House,Ready to Move,contractor,False,True,Potentially Overpriced,Extreme Area
69000000,29591632.6096295,39408367.3903705,133.17402223203635,133.17402223203635,6110.0,5.0,3.0,1.0,Other,Residential House,Ready to Move,agent,False,True,Potentially Overpriced,Extreme Area
35000000,30695224.536876835,4304775.463123165,14.024251420449671,14.024251420449671,2400.0,9.0,3.0,1.5,Other,Residential House,Ready to Move,owner,False,False,Normal,None
59000000,22097905.964001767,36902094.03599823,166.99362417467515,166.99362417467515,2400.0,5.0,3.0,1.5,Other,Residential House,Ready to Move,owner,False,False,Potentially Overpriced,None
145320000,33921602.43502043,111398397.56497957,328.3995730401363,328.3995730401363,6110.0,4.0,3.0,1.5,Other,Residential House,Ready to Move,builder,False,True,Potentially Overpriced,Extreme Area
105000000,34537408.542869635,70462591.45713037,204.01817747752708,204.01817747752708,4500.0,4.0,3.0,1.5,Whitefield,Villa,Ready to Move,builder,False,True,Potentially Overpriced,Extreme Area
31500000,22059061.81750273,9440938.18249727,42.798457434877726,42.798457434877726,2400.0,5.0,3.0,1.5,Other,Residential House,Ready to Move,builder,False,False,Normal,None
29000000,27378303.732504316,1621696.2674956843,5.923289782085219,5.923289782085219,2400.0,8.0,3.0,1.0,Other,Residential House,Ready to Move,agent,False,False,Normal,None
29000000,32975723.955122106,-3975723.955122106,-12.05651757800016,12.05651757800016,4500.0,6.0,3.0,1.5,Whitefield,Villa,Ready to Move,builder,False,True,Normal,Extreme Area
5500000,22418795.275959022,-16918795.275959022,-75.467013582581,75.467013582581,4500.0,5.0,3.0,1.5,Whitefield,Villa,Ready to Move,agent,False,True,Potentially Underpriced,Extreme Area
12500000,17158472.407425594,-4658472.407425594,-27.149691981959702,27.149691981959702,2400.0,3.0,3.0,1.0,Other,Residential House,Ready to Move,agent,False,False,Normal,None
60000000,33902408.98740507,26097591.01259493,76.97857406619787,76.97857406619787,2400.0,10.0,3.0,1.0,Other,Residential House,Ready to Move,agent,False,False,Normal,None
61000000,41601260.57596564,19398739.424034357,46.630172152142954,46.630172152142954,4500.0,9.0,3.0,1.5,Whitefield,Villa,Ready to Move,agent,False,True,Normal,Extreme Area
14800000,37936051.37329304,-23136051.373293042,-60.98697817976071,60.98697817976071,4500.0,5.0,3.0,1.5,Whitefield,Villa,Ready to Move,contractor,False,True,Potentially Underpriced,Extreme Area
3500000,3411536.6383543704,88463.36164562963,2.593064974037678,2.593064974037678,2400.0,1.0,3.0,1.0,Other,Residential House,Ready to Move,contractor,False,False,Normal,None
17500000,14646998.198197557,2853001.8018024433,19.47840617713417,19.47840617713417,2400.0,3.0,3.0,1.0,Other,Residential House,Ready to Move,agent,False,False,Normal,None
15000000,8461288.809296155,6538711.190703845,77.27795774468737,77.27795774468737,4500.0,2.0,3.0,1.5,Whitefield,Villa,Ready to Move,owner,False,True,Normal,Extreme Area
14000000,14823159.499277469,-823159.4992774688,-5.553198690991569,5.553198690991569,2400.0,4.0,3.0,1.0,Other,Residential House,Ready to Move,builder,False,False,Normal,None
65000000,24194362.77290027,40805637.22709973,168.65762330721722,168.65762330721722,4500.0,5.0,3.0,1.5,Whitefield,Villa,Ready to Move,builder,False,True,Potentially Overpriced,Extreme Area
12000000,27922894.1586507,-15922894.1586507,-57.02451210172167,57.02451210172167,2400.0,5.0,3.0,1.0,Other,Residential House,Ready to Move,owner,False,False,Potentially Underpriced,None
12500000,12362992.291916614,137007.7080833856,1.1082083111300358,1.1082083111300358,4500.0,3.0,3.0,1.0,Whitefield,Villa,Ready to Move,contractor,False,True,Normal,Extreme Area
24500000,33508564.606085863,-9008564.606085863,-26.884364376651686,26.884364376651686,2400.0,9.0,3.0,1.0,Other,Residential House,Ready to Move,builder,False,False,Normal,None
8245000,18297551.872615397,-10052551.872615397,-54.93932708921741,54.93932708921741,2400.0,4.0,3.0,1.0,Other,Residential House,Ready to Move,owner,False,False,Potentially Underpriced,None
9500000,15600337.821801115,-6100337.821801115,-39.1038828228196,39.1038828228196,2000.0,3.0,3.0,1.0,Other,Residential House,Ready to Move,agent,False,False,Normal,None
7500000,11547894.914492618,-4047894.9144926183,-35.053097940928666,35.053097940928666,2000.0,2.0,3.0,1.0,Other,Residential House,Ready to Move,contractor,False,False,Normal,None
7000000,16190684.712717615,-9190684.712717615,-56.765262716149536,56.765262716149536,2000.0,3.0,3.0,1.0,Other,Residential House,Ready to Move,owner,False,False,Potentially Underpriced,None
12500000,6832439.447077694,5667560.552922306,82.95076153724833,82.95076153724833,2000.0,1.0,3.0,1.0,Other,Residential House,Ready to Move,owner,False,False,Normal,None
10500000,14383312.90667396,-3883312.9066739604,-26.9987375778502,26.9987375778502,2000.0,2.0,3.0,1.0,Other,Residential House,Ready to Move,owner,False,False,Normal,None
20000000,6081272.605194134,13918727.394805867,228.87853083444426,228.87853083444426,2000.0,2.0,3.0,1.0,Other,Residential House,Ready to Move,agent,False,False,Potentially Overpriced,None
18000000,12156899.118275559,5843100.881724441,48.0640731232232,48.0640731232232,2000.0,3.0,3.0,1.0,Other,Residential House,Ready to Move,agent,False,False,Normal,None
18000000,14545732.70936782,3454267.290632181,23.747633478838406,23.747633478838406,2000.0,3.0,3.0,1.0,Other,Residential House,Ready to Move,builder,False,False,Normal,None
30000000,15713229.767750807,14286770.232249193,90.92192021255094,90.92192021255094,2000.0,6.0,3.0,1.0,Other,Residential House,Ready to Move,builder,False,False,Normal,None
6000000,9122009.641314643,-3122009.6413146425,-34.22502018825652,34.22502018825652,2000.0,1.0,3.0,1.0,Other,Residential House,Ready to Move,owner,False,False,Normal,None
15000000,24684093.92382014,-9684093.923820142,-39.232122328277946,39.232122328277946,2000.0,4.0,3.0,1.0,Other,Residential House,Ready to Move,contractor,False,False,Normal,None
25000000,21086537.958347872,3913462.041652128,18.559054356776674,18.559054356776674,2000.0,6.0,3.0,1.0,Other,Residential House,Ready to Move,contractor,False,False,Normal,None
17000000,12156899.118275559,4843100.881724441,39.838291283044136,39.838291283044136,2000.0,3.0,3.0,1.0,Other,Residential House,Ready to Move,agent,False,False,Normal,None
13000000,21319436.67198457,-8319436.671984568,-39.02277907238032,39.02277907238032,2000.0,6.0,3.0,0.5,Other,Residential House,Ready to Move,builder,False,False,Normal,None
17000000,26445564.266089167,-9445564.266089167,-35.7170078545123,35.7170078545123,2000.0,4.0,3.0,0.5,Other,Residential House,Ready to Move,agent,False,False,Normal,None
11000000,20859158.754374966,-9859158.754374966,-47.26537091198427,47.26537091198427,2000.0,6.0,3.0,0.5,Other,Residential House,Ready to Move,owner,False,False,Normal,None
15200000,24050913.70318961,-8850913.703189611,-36.80073785311454,36.80073785311454,2000.0,10.0,3.0,0.5,Other,Residential House,Ready to Move,builder,False,False,Normal,None
12000000,16934492.718090538,-4934492.718090538,-29.13870997044505,29.13870997044505,1240.0,3.0,3.0,1.5,Devanahalli,Villa,Ready to Move,agent,False,False,Normal,None
30000000,8937831.07632622,21062168.92367378,235.65190194141726,235.65190194141726,1240.0,2.0,3.0,1.5,Devanahalli,Villa,Ready to Move,agent,False,False,Potentially Overpriced,None
11000000,14205875.817830205,-3205875.817830205,-22.56725216340704,22.56725216340704,1240.0,3.0,3.0,1.5,Devanahalli,Villa,Ready to Move,contractor,False,False,Normal,None
56000000,40004406.031366095,15995593.968633905,39.98458058867892,39.98458058867892,5000.0,4.0,3.0,1.0,Other,Villa,Ready to Move,owner,False,True,Normal,Extreme Area
44000000,72943722.1701648,-28943722.170164794,-39.67952458286158,39.67952458286158,8000.0,10.0,3.0,0.5,Whitefield,Residential House,Ready to Move,builder,False,True,Normal,Extreme Area
27500000,37896354.48858865,-10396354.488588654,-27.43365326002321,27.43365326002321,8000.0,4.0,3.0,0.5,Whitefield,Residential House,Ready to Move,agent,False,True,Normal,Extreme Area
45000000,22112828.90063762,22887171.09936238,103.50177809544047,103.50177809544047,8000.0,3.0,3.0,0.5,Whitefield,Residential House,Ready to Move,agent,False,True,Potentially Overpriced,Extreme Area
80000000,32050432.195027024,47949567.80497298,149.60661844807473,149.60661844807473,8000.0,5.0,3.0,0.5,Whitefield,Residential House,Ready to Move,owner,False,True,Potentially Overpriced,Extreme Area
55000000,28534637.245650526,26465362.754349474,92.74820116517701,92.74820116517701,5500.0,4.0,3.0,1.0,Other,Villa,Ready to Move,contractor,False,True,Normal,Extreme Area
19000000,46971662.160278074,-27971662.160278074,-59.550079502897624,59.550079502897624,5500.0,4.0,3.0,1.5,Other,Villa,Ready to Move,contractor,False,True,Potentially Underpriced,Extreme Area
13000000,31310746.287859827,-18310746.287859827,-58.48070857052515,58.48070857052515,5500.0,7.0,3.0,1.0,Other,Villa,Ready to Move,builder,False,True,Potentially Underpriced,Extreme Area
17500000,18045688.75896056,-545688.75896056,-3.023928685956079,3.023928685956079,5500.0,3.0,3.0,1.0,Other,Villa,Ready to Move,builder,False,True,Normal,Extreme Area
27500000,16374911.873269983,11125088.126730017,67.93983511380203,67.93983511380203,5500.0,3.0,3.0,1.0,Other,Villa,Ready to Move,owner,False,True,Normal,Extreme Area
11500000,26405900.11088031,-14905900.110880312,-56.44912708254346,56.44912708254346,5500.0,2.0,3.0,1.0,Other,Villa,Ready to Move,owner,False,True,Potentially Underpriced,Extreme Area
32000000,27157616.234509125,4842383.765490875,17.830665709671777,17.830665709671777,5500.0,5.0,3.0,1.0,Other,Villa,Ready to Move,builder,False,True,Normal,Extreme Area
65000000,19729468.944096282,45270531.05590372,229.45640951704468,229.45640951704468,3000.0,10.0,3.0,1.0,Other,Residential House,Ready to Move,builder,False,False,Potentially Overpriced,None
30000000,53115321.44779397,-23115321.447793968,-43.519121823471544,43.519121823471544,5100.0,5.0,3.0,1.0,Other,Residential House,Ready to Move,agent,False,True,Normal,Extreme Area
19000000,24042868.48024768,-5042868.48024768,-20.974487650633815,20.974487650633815,3000.0,10.0,3.0,0.5,Other,Residential House,Ready to Move,builder,False,False,Normal,None
35000000,38338558.64850464,-3338558.648504637,-8.708096407883229,8.708096407883229,5100.0,4.0,3.0,0.5,Other,Residential House,Ready to Move,owner,False,True,Normal,Extreme Area
23000000,24680861.64714511,-1680861.647145111,-6.810384787921454,6.810384787921454,2000.0,4.0,3.0,1.0,Devanahalli,Villa,Ready to Move,contractor,False,False,Normal,None
15000000,12260327.421828873,2739672.5781711265,22.345835342808893,22.345835342808893,5100.0,3.0,3.0,1.0,Other,Residential House,Ready to Move,owner,False,True,Normal,Extreme Area
150000000,17758749.304367583,132241250.69563241,744.6540768673897,744.6540768673897,2000.0,5.0,3.0,1.0,Devanahalli,Villa,Ready to Move,owner,False,False,Potentially Overpriced,None
62400000,40225747.5409338,22174252.459066197,55.12452549577017,55.12452549577017,5100.0,7.0,3.0,1.5,Other,Residential House,Ready to Move,agent,False,True,Normal,Extreme Area
36000000,27619669.610749353,8380330.389250647,30.34189223606458,30.34189223606458,5100.0,5.0,3.0,1.0,Other,Residential House,Ready to Move,builder,False,True,Normal,Extreme Area
24500000,48164182.30026491,-23664182.30026491,-49.132324416384314,49.132324416384314,5100.0,10.0,3.0,1.0,Other,Residential House,Ready to Move,owner,False,True,Normal,Extreme Area
27500000,27828486.413855597,-328486.4138555974,-1.1803962636359786,1.1803962636359786,3200.0,3.0,3.0,1.5,Other,Residential House,Ready to Move,builder,False,False,Normal,None
14800000,35894881.49025939,-21094881.490259387,-58.768494599944,58.768494599944,3200.0,4.0,3.0,0.5,Other,Residential House,Ready to Move,owner,False,False,Potentially Underpriced,None
33000000,27659057.23463574,5340942.7653642595,19.30992340070118,19.30992340070118,3040.0,3.0,3.0,1.5,Yelahanka,Villa,Ready to Move,builder,False,False,Normal,None
75000000,67901128.12121646,7098871.878783539,10.45471861102322,10.45471861102322,9300.0,10.0,3.0,1.5,Other,Residential House,Ready to Move,contractor,False,True,Normal,Extreme Area
24500000,23633606.178884063,866393.8211159371,3.6659399947606586,3.6659399947606586,9300.0,4.0,3.0,1.0,Other,Residential House,Ready to Move,builder,False,True,Normal,Extreme Area
43000000,27070959.959087532,15929040.040912468,58.8417997181707,58.8417997181707,3040.0,4.0,3.0,1.5,Yelahanka,Villa,Ready to Move,contractor,False,False,Normal,None
11500000,31966811.27528984,-20466811.27528984,-64.02518880921528,64.02518880921528,9300.0,4.0,3.0,1.0,Other,Residential House,Ready to Move,contractor,False,True,Potentially Underpriced,Extreme Area
65000000,40819782.35869148,24180217.641308524,59.23651779627873,59.23651779627873,3040.0,4.0,3.0,1.5,Yelahanka,Villa,Ready to Move,owner,False,False,Normal,None
40000000,16370806.290212734,23629193.709787264,144.33738504323975,144.33738504323975,2199.0,3.0,3.0,1.5,Other,Residential House,Ready to Move,contractor,False,False,Potentially Overpriced,None
10800000,15733497.028880548,-4933497.028880548,-31.35664639478799,31.35664639478799,3040.0,3.0,3.0,1.5,Yelahanka,Villa,Ready to Move,contractor,False,False,Normal,None
62000000,19139821.461224172,42860178.53877583,223.93196627046552,223.93196627046552,2199.0,5.0,3.0,1.5,Other,Residential House,Ready to Move,owner,False,False,Potentially Overpriced,None
110000000,25478767.99668001,84521232.00332,331.73202100797596,331.73202100797596,3040.0,10.0,3.0,1.5,Yelahanka,Villa,Ready to Move,agent,False,False,Potentially Overpriced,None
45000000,15552704.071102142,29447295.928897858,189.33875289000517,189.33875289000517,2199.0,4.0,3.0,1.0,Other,Residential House,Ready to Move,builder,False,False,Potentially Overpriced,None
15000000,22039853.427746095,-7039853.427746095,-31.941471166426105,31.941471166426105,2291.0,3.0,3.0,1.5,Varthur,Villa,Ready to Move,owner,False,False,Normal,None
16000000,20007054.641360685,-4007054.641360685,-20.028208615359507,20.028208615359507,2199.0,7.0,3.0,1.0,Other,Residential House,Ready to Move,agent,False,False,Normal,None
51000000,30406526.07816878,20593473.92183122,67.72715129932875,67.72715129932875,3300.0,4.0,3.0,1.0,Devanahalli,Villa,Under Construction,owner,False,False,Normal,None
15000000,12901904.478435863,2098095.521564137,16.261905558755892,16.261905558755892,2291.0,2.0,3.0,1.0,Varthur,Villa,Ready to Move,builder,False,False,Normal,None
19000000,16078212.930782076,2921787.069217924,18.17233719814782,18.17233719814782,2199.0,3.0,3.0,1.0,Other,Residential House,Ready to Move,contractor,False,False,Normal,None
209900000,37802751.35162134,172097248.64837867,455.25059022191385,455.25059022191385,7800.0,4.0,3.0,0.5,Other,Residential House,Ready to Move,owner,False,True,Potentially Overpriced,Extreme Area
35000000,20104527.34325014,14895472.65674986,74.09014100374182,74.09014100374182,3300.0,3.0,3.0,1.0,Devanahalli,Villa,Under Construction,builder,False,False,Normal,None
23500000,32152211.13380485,-8652211.13380485,-26.91015898657095,26.91015898657095,2800.0,4.0,3.0,1.0,Other,Villa,Under Construction,owner,False,False,Normal,None
46500000,26265037.922572292,20234962.077427708,77.04143484231443,77.04143484231443,2800.0,4.0,3.0,1.0,Other,Villa,Under Construction,agent,False,False,Normal,None
23040000,21864535.29294327,1175464.707056731,5.376124812660024,5.376124812660024,7800.0,2.0,3.0,1.0,Other,Residential House,Ready to Move,owner,False,True,Normal,Extreme Area
17000000,47275920.22300733,-30275920.22300733,-64.04089033104263,64.04089033104263,3300.0,4.0,3.0,1.0,Devanahalli,Villa,Under Construction,owner,False,False,Potentially Underpriced,None
28500000,36850829.48977647,-8350829.48977647,-22.661171011342475,22.661171011342475,3300.0,4.0,3.0,1.0,Devanahalli,Villa,Under Construction,contractor,False,False,Normal,None
29500000,31945672.42282296,-2445672.4228229597,-7.655723725119327,7.655723725119327,2800.0,4.0,3.0,1.0,Other,Villa,Under Construction,owner,False,False,Normal,None
46000000,62232161.8508778,-16232161.8508778,-26.083236333286468,26.083236333286468,7800.0,5.0,3.0,1.0,Other,Residential House,Ready to Move,owner,False,True,Normal,Extreme Area
23000000,25707888.972382464,-2707888.9723824635,-10.53329962367389,10.53329962367389,7800.0,3.0,3.0,1.0,Other,Residential House,Ready to Move,contractor,False,True,Normal,Extreme Area
47500000,47275920.22300733,224079.7769926712,0.47398289855735143,0.47398289855735143,3300.0,4.0,3.0,1.0,Devanahalli,Villa,Under Construction,owner,False,False,Normal,None
16500000,27729458.79664496,-11229458.79664496,-40.49649464490678,40.49649464490678,7800.0,3.0,3.0,1.0,Other,Residential House,Ready to Move,agent,False,True,Normal,Extreme Area
20000000,40199914.72827887,-20199914.728278868,-50.248650686985464,50.248650686985464,3300.0,4.0,3.0,1.0,Devanahalli,Villa,Under Construction,agent,False,False,Potentially Underpriced,None
420000000,31966719.873447705,388033280.1265523,1213.866426279356,1213.866426279356,7800.0,10.0,3.0,1.0,Other,Residential House,Ready to Move,builder,False,True,Potentially Overpriced,Extreme Area
37500000,40199914.72827887,-2699914.728278868,-6.7162200380977355,6.7162200380977355,3300.0,4.0,3.0,1.0,Devanahalli,Villa,Under Construction,agent,False,False,Normal,None
27000000,27843042.16852878,-843042.1685287803,-3.0278378469780787,3.0278378469780787,2200.0,4.0,3.0,1.0,Other,Villa,Under Construction,agent,False,False,Normal,None
16000000,22381219.24744214,-6381219.247442141,-28.511490714123738,28.511490714123738,3300.0,3.0,3.0,1.0,Devanahalli,Villa,Under Construction,contractor,False,False,Normal,None
59000000,23216859.82883516,35783140.17116484,154.1256674458725,154.1256674458725,2200.0,4.0,3.0,1.0,Other,Villa,Under Construction,contractor,False,False,Potentially Overpriced,None
65000000,44824129.80322904,20175870.19677096,45.01118099858244,45.01118099858244,3300.0,8.0,3.0,1.0,Devanahalli,Villa,Under Construction,contractor,False,False,Normal,None
15000000,18470677.255754184,-3470677.255754184,-18.790200314246526,18.790200314246526,2200.0,3.0,3.0,1.0,Other,Villa,Under Construction,contractor,False,False,Normal,None
21000000,23110756.022397842,-2110756.0223978423,-9.133219269643098,9.133219269643098,3300.0,6.0,3.0,1.0,Devanahalli,Villa,Under Construction,builder,False,False,Normal,None
60000000,25478576.193996426,34521423.80600357,135.49196604690152,135.49196604690152,2200.0,5.0,3.0,1.0,Other,Villa,Under Construction,agent,False,False,Potentially Overpriced,None
38000000,24031153.95929502,13968846.04070498,58.1280701890804,58.1280701890804,4800.0,5.0,3.0,1.5,Other,Residential House,Ready to Move,contractor,False,True,Normal,Extreme Area
25000000,33598465.07074467,-8598465.07074467,-25.591838950499103,25.591838950499103,2200.0,6.0,3.0,1.0,Other,Villa,Under Construction,agent,False,False,Normal,None
19999999,30556630.853920426,-10556631.853920426,-34.54776118606678,34.54776118606678,2200.0,4.0,3.0,1.0,Other,Villa,Under Construction,contractor,False,False,Normal,None
11000000,17178644.506024044,-6178644.506024044,-35.96700836237327,35.96700836237327,4800.0,3.0,3.0,1.5,Other,Residential House,Ready to Move,contractor,False,True,Normal,Extreme Area
21000000,47508064.53444206,-26508064.53444206,-55.79697845872974,55.79697845872974,4800.0,10.0,3.0,1.5,Other,Residential House,Ready to Move,builder,False,True,Potentially Underpriced,Extreme Area
25000000,30650133.737116333,-5650133.737116333,-18.434287385422405,18.434287385422405,4800.0,6.0,3.0,1.5,Other,Residential House,Ready to Move,builder,False,True,Normal,Extreme Area
32000000,20822333.140202723,11177666.859797277,53.68114506926217,53.68114506926217,3200.0,5.0,3.0,0.5,"Himagiri Meadows, Gottigere, bannerghatta main Road",Villa,Ready to Move,agent,False,False,Normal,None
82500000,28990378.39382717,53509621.60617283,184.57717550029105,184.57717550029105,4800.0,6.0,3.0,1.0,Other,Residential House,Ready to Move,agent,False,True,Potentially Overpriced,Extreme Area
40000000,24785705.44816343,15214294.551836569,61.383342845155596,61.383342845155596,3200.0,5.0,3.0,1.5,"Himagiri Meadows, Gottigere, bannerghatta main Road",Villa,Ready to Move,builder,False,False,Normal,None
15550000,13990123.49661257,1559876.5033874307,11.149840841398746,11.149840841398746,4800.0,3.0,3.0,1.0,Other,Residential House,Ready to Move,contractor,False,True,Normal,Extreme Area
8000000,14838648.695006024,-6838648.695006024,-46.08673495523608,46.08673495523608,3200.0,2.0,3.0,1.5,"Himagiri Meadows, Gottigere, bannerghatta main Road",Villa,Ready to Move,agent,False,False,Normal,None
29000000,33319783.432734475,-4319783.432734475,-12.964620377726026,12.964620377726026,4800.0,4.0,3.0,1.0,Other,Residential House,Ready to Move,owner,False,True,Normal,Extreme Area
19000000,27464440.35114448,-8464440.351144481,-30.81963529175557,30.81963529175557,3200.0,6.0,3.0,1.5,"Himagiri Meadows, Gottigere, bannerghatta main Road",Villa,Ready to Move,agent,False,False,Normal,None
35000000,22193566.56710974,12806433.432890259,57.70335918819395,57.70335918819395,3200.0,7.0,3.0,1.5,"Himagiri Meadows, Gottigere, bannerghatta main Road",Villa,Ready to Move,builder,False,False,Normal,None
9500000,29923530.456715032,-20423530.456715032,-68.25240920772389,68.25240920772389,4800.0,4.0,3.0,1.0,Other,Residential House,Ready to Move,builder,False,True,Potentially Underpriced,Extreme Area
22000000,29390926.023704696,-7390926.023704696,-25.14696548772803,25.14696548772803,4800.0,4.0,3.0,1.0,Other,Residential House,Ready to Move,contractor,False,True,Normal,Extreme Area
43000000,49425701.43556646,-6425701.435566463,-13.000728869661652,13.000728869661652,3200.0,8.0,3.0,1.5,"Himagiri Meadows, Gottigere, bannerghatta main Road",Villa,Ready to Move,agent,False,False,Normal,None
5500000,45663451.93939269,-40163451.93939269,-87.95535649100744,87.95535649100744,3200.0,4.0,3.0,1.5,"Himagiri Meadows, Gottigere, bannerghatta main Road",Villa,Ready to Move,owner,False,False,Potentially Underpriced,None
29700000,23457647.965138912,6242352.034861088,26.611159158573898,26.611159158573898,4800.0,7.0,3.0,1.0,Other,Residential House,Ready to Move,builder,False,True,Normal,Extreme Area
12000000,11433745.02114363,566254.9788563699,4.9524891259096115,4.9524891259096115,4800.0,2.0,3.0,1.0,Other,Residential House,Ready to Move,owner,False,True,Normal,Extreme Area
6500000,12375535.288014555,-5875535.288014555,-47.47701938763721,47.47701938763721,3200.0,2.0,3.0,1.5,"Himagiri Meadows, Gottigere, bannerghatta main Road",Villa,Ready to Move,owner,False,False,Normal,None
31400000,8132551.063057402,23267448.9369426,286.1027094270133,286.1027094270133,3200.0,2.0,3.0,1.5,"Himagiri Meadows, Gottigere, bannerghatta main Road",Villa,Ready to Move,contractor,False,False,Potentially Overpriced,None
9500000,9112892.336768901,387107.663231099,4.247912176787038,4.247912176787038,4800.0,2.0,3.0,1.0,Other,Residential House,Ready to Move,builder,False,True,Normal,Extreme Area
8300000,4205630.4243718805,4094369.5756281195,97.35447869838973,97.35447869838973,4800.0,1.0,3.0,1.0,Other,Residential House,Ready to Move,agent,False,True,Normal,Extreme Area
20000000,21964825.34006981,-1964825.3400698118,-8.945326492013738,8.945326492013738,3200.0,6.0,3.0,1.5,"Himagiri Meadows, Gottigere, bannerghatta main Road",Villa,Ready to Move,agent,False,False,Normal,None
75000000,25861173.344178986,49138826.65582101,190.01004324841094,190.01004324841094,3200.0,10.0,3.0,1.5,"Himagiri Meadows, Gottigere, bannerghatta main Road",Villa,Ready to Move,owner,False,False,Potentially Overpriced,None
43200000,40681941.9601133,2518058.039886698,6.189621042072018,6.189621042072018,2800.0,4.0,2.0,1.0,Bannerghatta Main Road,Villa,Under Construction,agent,False,False,Normal,None
10300000,21019705.41159042,-10719705.41159042,-50.99836178331736,50.99836178331736,2800.0,5.0,2.0,1.0,Bannerghatta Main Road,Villa,Under Construction,agent,False,False,Potentially Underpriced,None
31000000,27896024.653372932,3103975.346627068,11.126945094134635,11.126945094134635,3200.0,6.0,3.0,1.5,"Himagiri Meadows, Gottigere, bannerghatta main Road",Villa,Ready to Move,owner,False,False,Normal,None
8500000,24973229.08688995,-16473229.086889949,-65.96355252888704,65.96355252888704,3200.0,5.0,3.0,1.5,"Himagiri Meadows, Gottigere, bannerghatta main Road",Villa,Ready to Move,owner,False,False,Potentially Underpriced,None
39500000,11687749.163744677,27812250.836255323,237.96070951393057,237.96070951393057,2800.0,2.0,2.0,0.5,Bannerghatta Main Road,Villa,Under Construction,agent,False,False,Potentially Overpriced,None
31000000,14384300.190771475,16615699.809228525,115.5127436779208,115.5127436779208,2800.0,2.0,2.0,0.5,Bannerghatta Main Road,Villa,Under Construction,agent,False,False,Potentially Overpriced,None
20500000,18924928.464159545,1575071.5358404554,8.322734423135927,8.322734423135927,3200.0,4.0,3.0,1.5,"Himagiri Meadows, Gottigere, bannerghatta main Road",Villa,Ready to Move,contractor,False,False,Normal,None
11500000,8339206.228993341,3160793.7710066587,37.902813339923966,37.902813339923966,3200.0,2.0,3.0,1.5,"Himagiri Meadows, Gottigere, bannerghatta main Road",Villa,Ready to Move,agent,False,False,Normal,None
23000000,26235259.404747333,-3235259.4047473334,-12.331722567842823,12.331722567842823,2800.0,3.0,2.0,0.5,Bannerghatta Main Road,Villa,Under Construction,contractor,False,False,Normal,None
36000000,29290285.767697603,6709714.2323023975,22.907643460761708,22.907643460761708,2800.0,6.0,2.0,0.5,Bannerghatta Main Road,Villa,Under Construction,contractor,False,False,Normal,None
10000000,9866775.649035601,133224.35096439905,1.35023188631456,1.35023188631456,3200.0,2.0,3.0,1.5,"Himagiri Meadows, Gottigere, bannerghatta main Road",Villa,Ready to Move,owner,False,False,Normal,None
1000000,15899682.148267375,-14899682.148267375,-93.71056609387017,93.71056609387017,3200.0,1.0,3.0,1.5,"Himagiri Meadows, Gottigere, bannerghatta main Road",Villa,Ready to Move,builder,False,False,Potentially Underpriced,None
15500000,27896024.653372932,-12396024.653372932,-44.43652745293269,44.43652745293269,3200.0,6.0,3.0,1.5,"Himagiri Meadows, Gottigere, bannerghatta main Road",Villa,Ready to Move,owner,False,False,Normal,None
17900000,23439411.15686129,-5539411.15686129,-23.632893846139854,23.632893846139854,3200.0,5.0,3.0,1.5,"Himagiri Meadows, Gottigere, bannerghatta main Road",Villa,Ready to Move,builder,False,False,Normal,None
19900000,21242433.102283888,-1342433.1022838876,-6.319582581806768,6.319582581806768,3200.0,4.0,3.0,1.5,"Himagiri Meadows, Gottigere, bannerghatta main Road",Villa,Ready to Move,contractor,False,False,Normal,None
166000000,22516229.797036663,143483770.20296335,637.245984324814,637.245984324814,3200.0,6.0,3.0,1.5,"Himagiri Meadows, Gottigere, bannerghatta main Road",Villa,Ready to Move,builder,False,False,Potentially Overpriced,None
13000000,47181517.86262913,-34181517.86262913,-72.44683810756149,72.44683810756149,3200.0,9.0,3.0,1.5,"Himagiri Meadows, Gottigere, bannerghatta main Road",Villa,Ready to Move,builder,False,False,Potentially Underpriced,None
28000000,18343507.62924305,9656492.37075695,52.64256196760678,52.64256196760678,3200.0,6.0,3.0,1.5,"Himagiri Meadows, Gottigere, bannerghatta main Road",Villa,Ready to Move,owner,False,False,Normal,None
46000000,3100441.1788511653,42899558.821148835,1383.6598195694457,1383.6598195694457,3200.0,1.0,3.0,1.5,"Himagiri Meadows, Gottigere, bannerghatta main Road",Villa,Ready to Move,agent,False,False,Potentially Overpriced,None
25000000,36736034.24958194,-11736034.24958194,-31.946927558506122,31.946927558506122,2924.0,4.0,3.0,1.0,Other,Villa,Under Construction,builder,False,False,Normal,None
92000000,30154921.674182884,61845078.325817116,205.09115889618025,205.09115889618025,2924.0,4.0,3.0,1.0,Other,Villa,Under Construction,agent,False,False,Potentially Overpriced,None
26000000,32138810.241497945,-6138810.241497945,-19.100925626585436,19.100925626585436,2924.0,4.0,3.0,1.0,Other,Villa,Under Construction,builder,False,False,Normal,None
7000000,2643853.177913784,4356146.822086216,164.7650806964845,164.7650806964845,2924.0,1.0,3.0,1.0,Other,Villa,Under Construction,contractor,False,False,Potentially Overpriced,None
40500000,28810825.599474575,11689174.400525425,40.572160489349535,40.572160489349535,2924.0,4.0,3.0,1.0,Other,Villa,Under Construction,builder,False,False,Normal,None
37500000,35230676.49872939,2269323.501270607,6.441328202574967,6.441328202574967,2924.0,4.0,3.0,1.0,Other,Villa,Under Construction,contractor,False,False,Normal,None
12500000,46439246.85208142,-33939246.85208142,-73.08311213613115,73.08311213613115,2000.0,4.0,3.0,1.0,Block 2nd Anjanapura,Residential House,Ready to Move,agent,False,False,Potentially Underpriced,None
31500000,20744149.241321813,10755850.758678187,51.85004520336176,51.85004520336176,1260.0,3.0,3.0,1.0,Other,Residential House,Ready to Move,agent,False,False,Normal,None
79500000,20650266.924925618,58849733.07507438,284.98291711687574,284.98291711687574,2000.0,2.0,3.0,1.0,Block 2nd Anjanapura,Residential House,Ready to Move,builder,False,False,Potentially Overpriced,None
26000000,33897731.38211172,-7897731.382111721,-23.29870188976557,23.29870188976557,1260.0,10.0,3.0,1.0,Other,Residential House,Ready to Move,builder,False,False,Normal,None
26000000,62929853.2231369,-36929853.2231369,-58.68415597950133,58.68415597950133,2000.0,4.0,3.0,1.0,Block 2nd Anjanapura,Residential House,Ready to Move,owner,False,False,Potentially Underpriced,None
18000000,25892060.624966886,-7892060.624966886,-30.48062006064061,30.48062006064061,1260.0,6.0,3.0,1.0,Other,Residential House,Ready to Move,builder,False,False,Normal,None
20000000,22285871.839713518,-2285871.8397135176,-10.257044714939463,10.257044714939463,1260.0,3.0,3.0,1.0,Other,Residential House,Ready to Move,owner,False,False,Normal,None
33120000,20150261.62395038,12969738.37604962,64.36511157072982,64.36511157072982,2000.0,2.0,3.0,1.0,Block 2nd Anjanapura,Residential House,Ready to Move,owner,False,False,Normal,None
9500000,13720022.6323278,-4220022.632327801,-30.75813171316768,30.75813171316768,2000.0,3.0,3.0,1.0,Block 2nd Anjanapura,Residential House,Ready to Move,contractor,False,False,Normal,None
23800000,25303951.9408202,-1503951.9408201985,-5.943545673567422,5.943545673567422,2400.0,3.0,3.0,0.5,Other,Villa,Under Construction,agent,False,False,Normal,None
30000000,19193929.272827007,10806070.727172993,56.29941932979419,56.29941932979419,1800.0,4.0,3.0,1.0,Yelahanka,Villa,Ready to Move,contractor,False,False,Normal,None
16000000,8530848.045052951,7469151.954947049,87.55462429410426,87.55462429410426,2000.0,2.0,3.0,1.0,Block 2nd Anjanapura,Residential House,Ready to Move,agent,False,False,Normal,None
192000000,30495052.453992058,161504947.54600793,529.6103287235552,529.6103287235552,2000.0,6.0,3.0,1.0,Block 2nd Anjanapura,Residential House,Ready to Move,owner,False,False,Potentially Overpriced,None
12800000,23148428.28211929,-10348428.282119289,-44.70466917234637,44.70466917234637,1800.0,6.0,3.0,0.5,Yelahanka,Villa,Ready to Move,builder,False,False,Normal,None
1900000,21048425.03306555,-19148425.03306555,-90.9731963459725,90.9731963459725,2000.0,2.0,3.0,1.0,Block 2nd Anjanapura,Residential House,Ready to Move,agent,False,False,Potentially Underpriced,None
63000000,24060942.212489914,38939057.78751008,161.835132820763,161.835132820763,1800.0,4.0,3.0,0.5,Yelahanka,Villa,Ready to Move,agent,False,False,Potentially Overpriced,None
50000000,19200978.787592012,30799021.212407988,160.4033916870468,160.4033916870468,2000.0,3.0,3.0,1.0,Block 2nd Anjanapura,Residential House,Ready to Move,owner,False,False,Potentially Overpriced,None
10000000,13720022.6323278,-3720022.6323278006,-27.11382285596598,27.11382285596598,2000.0,3.0,3.0,1.0,Block 2nd Anjanapura,Residential House,Ready to Move,contractor,False,False,Normal,None
23500000,13582237.786528151,9917762.213471849,73.02008968882141,73.02008968882141,1800.0,3.0,3.0,0.5,Yelahanka,Villa,Ready to Move,contractor,False,False,Normal,None
26000000,15748848.57809481,10251151.42190519,65.09143427897067,65.09143427897067,2000.0,3.0,3.0,1.0,Block 2nd Anjanapura,Residential House,Ready to Move,agent,False,False,Normal,None
5000000,8977798.50145776,-3977798.50145776,-44.30705925079372,44.30705925079372,2000.0,1.0,3.0,1.0,Block 2nd Anjanapura,Residential House,Ready to Move,agent,False,False,Normal,None
20000000,21355714.112747394,-1355714.1127473935,-6.348249960595591,6.348249960595591,2000.0,2.0,3.0,1.0,Block 2nd Anjanapura,Residential House,Ready to Move,builder,False,False,Normal,None
6500000,22163601.691231612,-15663601.691231612,-70.67263664744735,70.67263664744735,2000.0,2.0,3.0,1.0,Block 2nd Anjanapura,Residential House,Ready to Move,contractor,False,False,Potentially Underpriced,None
28000000,16396046.353399161,11603953.646600839,70.77287656115435,70.77287656115435,2000.0,3.0,3.0,1.0,Block 2nd Anjanapura,Residential House,Ready to Move,agent,False,False,Normal,None
9500000,23404292.848299973,-13904292.848299973,-59.40915599725093,59.40915599725093,2000.0,3.0,3.0,1.0,Block 2nd Anjanapura,Residential House,Ready to Move,agent,False,False,Potentially Underpriced,None
40000000,51642917.2508047,-11642917.2508047,-22.545041741659706,22.545041741659706,2000.0,8.0,3.0,1.0,Block 2nd Anjanapura,Residential House,Ready to Move,builder,False,False,Normal,None
20000000,16659895.760494065,3340104.2395059355,20.048770337605532,20.048770337605532,2000.0,3.0,3.0,1.0,Block 2nd Anjanapura,Residential House,Ready to Move,builder,False,False,Normal,None
15000000,49959381.20565756,-34959381.20565756,-69.97560890866008,69.97560890866008,2000.0,4.0,3.0,1.0,Block 2nd Anjanapura,Residential House,Ready to Move,builder,False,False,Potentially Underpriced,None
8500000,12582466.091593554,-4082466.0915935542,-32.44567529032391,32.44567529032391,2000.0,3.0,3.0,1.0,Block 2nd Anjanapura,Residential House,Ready to Move,contractor,False,False,Normal,None
60000000,55027166.151276834,4972833.848723166,9.03705241707741,9.03705241707741,2000.0,6.0,3.0,1.0,Block 2nd Anjanapura,Residential House,Ready to Move,contractor,False,False,Normal,None
33500000,20414633.043653566,13085366.956346434,64.09797780036203,64.09797780036203,2000.0,2.0,3.0,1.0,Block 2nd Anjanapura,Residential House,Ready to Move,owner,False,False,Normal,None
15900000,40532521.883212924,-24632521.883212924,-60.772241002390736,60.772241002390736,2000.0,7.0,3.0,1.0,Block 2nd Anjanapura,Residential House,Ready to Move,agent,False,False,Potentially Underpriced,None
26500000,13441556.60694744,13058443.39305256,97.1497853626799,97.1497853626799,2000.0,2.0,3.0,1.0,Block 2nd Anjanapura,Residential House,Ready to Move,contractor,False,False,Normal,None
225000000,23367185.00316991,201632814.9968301,862.8887688845589,862.8887688845589,2000.0,4.0,3.0,1.0,Block 2nd Anjanapura,Residential House,Ready to Move,contractor,False,False,Potentially Overpriced,None
25000000,25339648.371149074,-339648.3711490743,-1.3403831267674071,1.3403831267674071,2000.0,3.0,3.0,1.0,Block 2nd Anjanapura,Residential House,Ready to Move,owner,False,False,Normal,None
60000000,38043131.0639513,21956868.9360487,57.715725078303215,57.715725078303215,2000.0,5.0,3.0,1.5,Block 2nd Anjanapura,Residential House,Ready to Move,owner,False,False,Normal,None
31000000,28096245.807486977,2903754.1925130226,10.335025584589816,10.335025584589816,2000.0,3.0,3.0,1.5,Block 2nd Anjanapura,Residential House,Ready to Move,owner,False,False,Normal,None
13500000,14709005.403916497,-1209005.4039164968,-8.21949119411283,8.21949119411283,1162.0,3.0,2.0,1.5,Other,Villa,Ready to Move,owner,False,False,Normal,None
3500000,14309948.785021182,-10809948.785021182,-75.541491779037,75.541491779037,1162.0,2.0,2.0,1.5,Other,Villa,Ready to Move,agent,False,False,Potentially Underpriced,None
22500000,27638742.305194054,-5138742.305194054,-18.59253307712322,18.59253307712322,2500.0,4.0,3.0,1.0,Other,Villa,Ready to Move,owner,False,False,Normal,None
32500000,25323301.180629678,7176698.819370322,28.340297215514415,28.340297215514415,2500.0,4.0,3.0,1.0,Other,Villa,Ready to Move,owner,False,False,Normal,None
27500000,22822168.015173048,4677831.984826952,20.496878218217265,20.496878218217265,3500.0,5.0,3.0,1.0,Other,Residential House,Ready to Move,agent,False,False,Normal,None
16000000,19902073.806551524,-3902073.8065515235,-19.606367881456695,19.606367881456695,3500.0,6.0,3.0,1.0,Other,Residential House,Ready to Move,owner,False,False,Normal,None
36500000,17757354.340922143,18742645.659077857,105.54863804167658,105.54863804167658,3500.0,4.0,3.0,1.5,Other,Residential House,Ready to Move,agent,False,False,Potentially Overpriced,None
22500000,18569266.435042657,3930733.564957343,21.167952857521232,21.167952857521232,3500.0,4.0,3.0,1.5,Other,Residential House,Ready to Move,builder,False,False,Normal,None
15000000,10673295.921045974,4326704.078954026,40.537656886496336,40.537656886496336,3500.0,3.0,3.0,1.0,Other,Residential House,Ready to Move,contractor,False,False,Normal,None
11600000,11991256.800817633,-391256.80081763305,-3.2628506529103345,3.2628506529103345,3500.0,2.0,3.0,1.0,Other,Residential House,Ready to Move,agent,False,False,Normal,None
13000000,11249774.634129083,1750225.3658709172,15.557870471121785,15.557870471121785,3500.0,3.0,3.0,1.0,Other,Residential House,Ready to Move,agent,False,False,Normal,None
15000000,18834100.694068212,-3834100.694068212,-20.357227331144937,20.357227331144937,3500.0,6.0,3.0,0.5,Other,Residential House,Ready to Move,builder,False,False,Normal,None
15000000,13330345.386499392,1669654.6135006081,12.525216452317798,12.525216452317798,3500.0,2.0,3.0,1.0,Other,Residential House,Ready to Move,builder,False,False,Normal,None
58500000,21193864.86456375,37306135.13543625,176.02327548012397,176.02327548012397,3500.0,4.0,3.0,1.0,Other,Residential House,Ready to Move,builder,False,False,Potentially Overpriced,None
26000000,23684718.65389622,2315281.34610378,9.775422625604666,9.775422625604666,3500.0,7.0,3.0,1.0,Other,Residential House,Ready to Move,builder,False,False,Normal,None
12000000,13308382.09208207,-1308382.0920820702,-9.831263357403172,9.831263357403172,3500.0,2.0,3.0,1.0,Other,Residential House,Ready to Move,builder,False,False,Normal,None
12500000,13027245.800808268,-527245.8008082677,-4.047254568387395,4.047254568387395,3500.0,3.0,3.0,1.0,Other,Residential House,Ready to Move,contractor,False,False,Normal,None
11000000,15435037.259184867,-4435037.259184867,-28.733570154135695,28.733570154135695,3500.0,3.0,3.0,1.0,Other,Residential House,Ready to Move,agent,False,False,Normal,None
50000000,23070532.115732707,26929467.884267293,116.72668731339328,116.72668731339328,3500.0,9.0,3.0,1.0,Other,Residential House,Ready to Move,owner,False,False,Potentially Overpriced,None
15000000,25833727.15867708,-10833727.158677079,-41.9363690424292,41.9363690424292,3500.0,5.0,3.0,1.0,Other,Residential House,Ready to Move,owner,False,False,Normal,None
17000000,24588072.016150806,-7588072.016150806,-30.860784900770344,30.860784900770344,3500.0,9.0,3.0,1.0,Other,Residential House,Ready to Move,contractor,False,False,Normal,None
18900000,19902073.806551524,-1002073.8065515235,-5.03502205997072,5.03502205997072,3500.0,6.0,3.0,1.0,Other,Residential House,Ready to Move,owner,False,False,Normal,None
12500000,20331197.798096903,-7831197.798096903,-38.5181329495006,38.5181329495006,3000.0,5.0,3.0,1.0,Other,Residential House,Ready to Move,agent,False,False,Normal,None
45000000,26654441.805297006,18345558.194702994,68.82739593164995,68.82739593164995,3000.0,4.0,3.0,1.0,Other,Residential House,Ready to Move,owner,False,False,Normal,None
18500000,11815825.978271877,6684174.021728123,56.569672183896834,56.569672183896834,3000.0,2.0,3.0,1.0,Other,Residential House,Ready to Move,owner,False,False,Normal,None
20400000,13295342.151209142,7104657.848790858,53.4371945301515,53.4371945301515,3000.0,3.0,3.0,1.0,Other,Residential House,Ready to Move,owner,False,False,Normal,None
32000000,24072917.578504797,7927082.421495203,32.92946272774787,32.92946272774787,3000.0,4.0,3.0,1.0,Other,Residential House,Ready to Move,contractor,False,False,Normal,None
24000000,10188952.71552908,13811047.28447092,135.54923327322317,135.54923327322317,3000.0,2.0,3.0,1.0,Other,Residential House,Ready to Move,contractor,False,False,Potentially Overpriced,None
12500000,14496186.146250794,-1996186.1462507937,-13.770422965816257,13.770422965816257,3000.0,2.0,3.0,1.0,Other,Residential House,Ready to Move,contractor,False,False,Normal,None
17000000,23948411.285383347,-6948411.285383347,-29.014080318656603,29.014080318656603,3000.0,5.0,3.0,0.5,Other,Residential House,Ready to Move,contractor,False,False,Normal,None
17500000,13338349.314295392,4161650.6857046075,31.200642505623637,31.200642505623637,3000.0,3.0,3.0,1.0,Other,Residential House,Ready to Move,owner,False,False,Normal,None
42500000,32069896.53728607,10430103.46271393,32.52303433716217,32.52303433716217,6800.0,10.0,3.0,1.0,Other,Residential House,Ready to Move,agent,False,True,Normal,Extreme Area
22000000,12031346.864891693,9968653.135108307,82.85567066641167,82.85567066641167,6800.0,3.0,3.0,1.0,Other,Residential House,Ready to Move,builder,False,True,Normal,Extreme Area
40000000,25935532.4028765,14064467.5971235,54.22856712038661,54.22856712038661,6800.0,4.0,3.0,1.0,Other,Residential House,Ready to Move,builder,False,True,Normal,Extreme Area
13000000,37667580.45364376,-24667580.45364376,-65.48756292961619,65.48756292961619,6800.0,4.0,3.0,1.0,Other,Residential House,Ready to Move,builder,False,True,Potentially Underpriced,Extreme Area
6800000,19140453.73235603,-12340453.73235603,-64.47315149846776,64.47315149846776,6800.0,3.0,3.0,1.0,Other,Residential House,Ready to Move,builder,False,True,Potentially Underpriced,Extreme Area
32500000,31910872.039128534,589127.9608714655,1.8461669118571482,1.8461669118571482,2000.0,4.0,3.0,1.0,Whitefield,Villa,Ready to Move,agent,False,False,Normal,None
56000000,30441103.872711122,25558896.127288878,83.9617913797177,83.9617913797177,3999.0,4.0,3.0,1.0,Yelahanka,Villa,Ready to Move,owner,False,False,Normal,None
23200000,47895913.55448618,-24695913.554486178,-51.561629629200446,51.561629629200446,3999.0,4.0,3.0,1.0,Yelahanka,Villa,Ready to Move,owner,False,False,Potentially Underpriced,None
33900000,43222428.61759029,-9322428.617590293,-21.5684979205364,21.5684979205364,3999.0,4.0,3.0,1.0,Yelahanka,Villa,Ready to Move,contractor,False,False,Normal,None
29000000,26267643.66162204,2732356.33837796,10.40198494229625,10.40198494229625,2750.0,5.0,3.0,1.0,Other,Residential House,Ready to Move,owner,False,False,Normal,None
7900000,6135354.100722322,1764645.8992776778,28.761924255845706,28.761924255845706,2750.0,2.0,3.0,1.0,Other,Residential House,Ready to Move,owner,False,False,Normal,None
3900000,9949811.82964993,-6049811.829649931,-60.80327882806588,60.80327882806588,2750.0,2.0,3.0,1.0,Other,Residential House,Ready to Move,contractor,False,False,Potentially Underpriced,None
40000000,19425343.881216176,20574656.118783824,105.91656057465735,105.91656057465735,2200.0,10.0,3.0,1.5,Other,Residential House,Ready to Move,builder,False,False,Potentially Overpriced,None
7000000,11895660.373268992,-4895660.373268992,-41.155011320516024,41.155011320516024,2200.0,2.0,3.0,1.5,Other,Residential House,Ready to Move,agent,False,False,Normal,None
5500000,7791761.82781605,-2291761.8278160496,-29.41262680328111,29.41262680328111,720.0,2.0,2.0,1.0,Other,Villa,Under Construction,owner,False,False,Normal,None
5600000,10810780.92747735,-5210780.92747735,-48.19985681361193,48.19985681361193,640.0,2.0,3.0,1.0,Other,Unknown,Ready to Move,contractor,False,False,Normal,None
93000000,15847365.151486926,77152634.84851307,486.8483442578717,486.8483442578717,2200.0,3.0,3.0,1.5,Other,Residential House,Ready to Move,owner,False,False,Potentially Overpriced,None
13000000,29250391.164128374,-16250391.164128374,-55.556149909055804,55.556149909055804,2200.0,10.0,3.0,1.5,Other,Residential House,Ready to Move,contractor,False,False,Potentially Underpriced,None
10000000,5929809.11125803,4070190.88874197,68.63949264428285,68.63949264428285,720.0,2.0,2.0,1.0,Other,Villa,Under Construction,agent,False,False,Normal,None
8500000,8836190.045132319,-336190.0451323185,-3.8046945959194134,3.8046945959194134,720.0,2.0,2.0,1.0,Other,Villa,Under Construction,contractor,False,False,Normal,None
11000000,24987393.928468604,-13987393.928468604,-55.97780212098271,55.97780212098271,640.0,5.0,3.0,1.0,Other,Unknown,Ready to Move,owner,False,False,Potentially Underpriced,None
100000000,23838249.38232734,76161750.61767265,319.4938915025183,319.4938915025183,640.0,5.0,3.0,1.0,Other,Unknown,Ready to Move,contractor,False,False,Potentially Overpriced,None
22500000,15834014.287722588,6665985.712277412,42.09915180792845,42.09915180792845,2200.0,3.0,3.0,1.5,Other,Residential House,Ready to Move,contractor,False,False,Normal,None
16000000,19642835.524321754,-3642835.5243217535,-18.545364898113593,18.545364898113593,2200.0,4.0,3.0,1.0,Other,Residential House,Ready to Move,owner,False,False,Normal,None
40000000,35135481.66651342,4864518.333486579,13.845031013543233,13.845031013543233,720.0,10.0,2.0,1.0,Other,Villa,Under Construction,agent,False,False,Normal,None
52800000,32382369.710131783,20417630.289868217,63.05168668208972,63.05168668208972,640.0,9.0,3.0,1.0,Other,Unknown,Ready to Move,contractor,False,False,Normal,None
12500000,11558763.618966503,941236.3810334969,8.14305415407098,8.14305415407098,640.0,2.0,3.0,1.0,Other,Unknown,Ready to Move,builder,False,False,Normal,None
6800000,15691502.638960255,-8891502.638960255,-56.66444344777819,56.66444344777819,2200.0,3.0,3.0,1.0,Other,Residential House,Ready to Move,owner,False,False,Potentially Underpriced,None
800000,4071427.3397780517,-3271427.3397780517,-80.35087124891167,80.35087124891167,720.0,1.0,2.0,1.0,Other,Villa,Under Construction,agent,False,False,Potentially Underpriced,None
31500000,32132230.147629637,-632230.1476296373,-1.9675887566001273,1.9675887566001273,720.0,9.0,2.0,1.0,Other,Villa,Under Construction,builder,False,False,Normal,None
50000000,21608717.680020437,28391282.319979563,131.38809410347534,131.38809410347534,640.0,9.0,3.0,1.0,Other,Unknown,Ready to Move,builder,False,False,Potentially Overpriced,None
25000000,16035759.31804831,8964240.68195169,55.90156664338559,55.90156664338559,640.0,4.0,3.0,1.0,Other,Unknown,Ready to Move,builder,False,False,Normal,None
11500000,21990047.924074918,-10490047.924074918,-47.70361556415851,47.70361556415851,2200.0,4.0,3.0,1.0,Other,Residential House,Ready to Move,builder,False,False,Normal,None
4500000,2895318.5712566245,1604681.4287433755,55.4233114336331,55.4233114336331,720.0,1.0,2.0,1.0,Other,Villa,Under Construction,agent,False,False,Normal,None
20000000,21916437.37621969,-1916437.3762196898,-8.744292438236835,8.744292438236835,640.0,8.0,3.0,1.0,Other,Unknown,Ready to Move,owner,False,False,Normal,None
23500000,14929243.41697544,8570756.58302456,57.40918239218404,57.40918239218404,2200.0,3.0,3.0,1.0,Other,Residential House,Ready to Move,builder,False,False,Normal,None
12000000,12694352.398501381,-694352.3985013813,-5.469774090904806,5.469774090904806,640.0,4.0,3.0,0.5,Other,Unknown,Ready to Move,contractor,False,False,Normal,None
10500000,16112651.408394925,-5612651.408394925,-34.833816397657884,34.833816397657884,640.0,6.0,3.0,0.5,Other,Unknown,Ready to Move,owner,False,False,Normal,None
180000000,22181763.254979867,157818236.74502012,711.477419224504,711.477419224504,4200.0,10.0,3.0,1.0,Other,Residential House,Ready to Move,contractor,False,True,Potentially Overpriced,Extreme Area
15000000,20228455.593353804,-5228455.593353804,-25.84703300370419,25.84703300370419,640.0,8.0,3.0,0.5,Other,Unknown,Ready to Move,builder,False,False,Normal,None
13000000,46631826.017858334,-33631826.017858334,-72.1220438697351,72.1220438697351,4200.0,4.0,3.0,1.0,Other,Residential House,Ready to Move,contractor,False,True,Potentially Underpriced,Extreme Area
18000000,13930302.297393952,4069697.7026060484,29.2147120408679,29.2147120408679,640.0,6.0,3.0,0.5,Other,Unknown,Ready to Move,agent,False,False,Normal,None
92500000,42057449.120249026,50442550.879750974,119.93725709689997,119.93725709689997,3756.0,4.0,3.0,0.5,Whitefield,Villa,Ready to Move,contractor,False,False,Potentially Overpriced,None
23000000,14981996.473377328,8018003.526622672,53.517590535216605,53.517590535216605,640.0,5.0,3.0,0.5,Other,Unknown,Ready to Move,builder,False,False,Normal,None
20000000,12698386.399756286,7301613.600243714,57.50032618619835,57.50032618619835,3756.0,3.0,3.0,0.5,Whitefield,Villa,Ready to Move,builder,False,False,Normal,None
58000000,32644110.879028905,25355889.120971095,77.67370113076083,77.67370113076083,3756.0,5.0,3.0,0.5,Whitefield,Villa,Ready to Move,contractor,False,False,Normal,None
8245000,14286917.838679098,-6041917.838679098,-42.289862004537895,42.289862004537895,640.0,4.0,3.0,0.5,Other,Unknown,Ready to Move,builder,False,False,Normal,None
15000000,11935557.048214411,3064442.9517855886,25.67490515446061,25.67490515446061,3756.0,3.0,3.0,0.5,Whitefield,Villa,Ready to Move,contractor,False,False,Normal,None
3500000,4423400.461925813,-923400.461925813,-20.87535302023712,20.87535302023712,3756.0,2.0,3.0,0.5,Whitefield,Villa,Ready to Move,contractor,False,False,Normal,None
6100000,13730147.028712928,-7630147.028712928,-55.57221647194686,55.57221647194686,640.0,4.0,3.0,0.5,Other,Unknown,Ready to Move,agent,False,False,Potentially Underpriced,None
22000000,34493227.26498726,-12493227.26498726,-36.2193632071901,36.2193632071901,3756.0,5.0,3.0,0.5,Whitefield,Villa,Ready to Move,agent,False,False,Normal,None
13000000,16430176.610777374,-3430176.6107773744,-20.877296039090353,20.877296039090353,640.0,3.0,3.0,0.5,Other,Unknown,Ready to Move,builder,False,False,Normal,None
38500000,35806310.47152308,2693689.5284769237,7.52294635499859,7.52294635499859,3756.0,6.0,3.0,0.5,Whitefield,Villa,Ready to Move,contractor,False,False,Normal,None
3500000,4702473.226518242,-1202473.2265182417,-25.571080761018283,25.571080761018283,640.0,1.0,3.0,0.5,Other,Unknown,Ready to Move,owner,False,False,Normal,None
24000000,52148885.379672304,-28148885.379672304,-53.97792335297884,53.97792335297884,3756.0,4.0,3.0,0.5,Whitefield,Villa,Ready to Move,builder,False,False,Potentially Underpriced,None
20000000,14035015.066338437,5964984.933661563,42.500737658401064,42.500737658401064,640.0,6.0,3.0,0.5,Other,Unknown,Ready to Move,agent,False,False,Normal,None
19900000,10773258.378234748,9126741.621765252,84.71663169430747,84.71663169430747,3756.0,2.0,3.0,1.0,Whitefield,Villa,Ready to Move,owner,False,False,Normal,None
80000000,16823116.243468877,63176883.75653112,375.5361541953195,375.5361541953195,3300.0,5.0,3.0,1.5,Whitefield,Villa,Ready to Move,agent,False,False,Potentially Overpriced,None
13000000,14418143.32587766,-1418143.325877661,-9.835824861945849,9.835824861945849,640.0,5.0,3.0,0.5,Other,Unknown,Ready to Move,agent,False,False,Normal,None
150000000,42858188.36268036,107141811.63731964,249.9914619130648,249.9914619130648,7700.0,5.0,3.0,1.0,Other,Residential House,Ready to Move,agent,False,True,Potentially Overpriced,Extreme Area
25000000,18127778.689758964,6872221.310241036,37.90989192803529,37.90989192803529,640.0,10.0,3.0,0.5,Other,Unknown,Ready to Move,contractor,False,False,Normal,None
19000000,29198888.62643585,-10198888.62643585,-34.92903020014968,34.92903020014968,2800.0,4.0,3.0,1.5,Devanahalli,Villa,Under Construction,agent,False,False,Normal,None
25000000,19207577.396355625,5792422.603644375,30.15696609788701,30.15696609788701,10845.0,3.0,3.0,1.5,Other,Residential House,Ready to Move,contractor,False,True,Normal,Extreme Area
15000000,89851866.83500579,-74851866.83500579,-83.30585604020408,83.30585604020408,10845.0,8.0,3.0,1.5,Other,Residential House,Ready to Move,builder,False,True,Potentially Underpriced,Extreme Area
50600000,12931562.627795497,37668437.372204505,291.29068509662403,291.29068509662403,2800.0,3.0,3.0,1.0,Devanahalli,Villa,Under Construction,owner,False,False,Potentially Overpriced,None
19600000,34699245.9157106,-15099245.915710598,-43.51462263009638,43.51462263009638,2800.0,4.0,3.0,1.5,Devanahalli,Villa,Under Construction,agent,False,False,Normal,None
17500000,16665549.660277704,834450.3397222962,5.007037611913915,5.007037611913915,2200.0,6.0,3.0,1.0,Other,Residential House,Ready to Move,owner,False,False,Normal,None
26500000,18368834.32167197,8131165.67832803,44.26609514755487,44.26609514755487,1400.0,4.0,2.0,1.0,Other,Residential House,Ready to Move,owner,False,False,Normal,None
27000000,24674771.03448906,2325228.9655109383,9.423507769376497,9.423507769376497,2550.0,4.0,3.0,1.0,Other,Villa,Under Construction,contractor,False,False,Normal,None
27500000,33595947.23759191,-6095947.237591907,-18.1448887107755,18.1448887107755,2550.0,4.0,3.0,1.0,Other,Villa,Under Construction,owner,False,False,Normal,None
38000000,19091041.22594538,18908958.77405462,99.04624137711619,99.04624137711619,1600.0,3.0,2.0,1.0,Other,Residential House,Ready to Move,agent,False,False,Normal,None
25000000,24656237.61214368,343762.38785631955,1.3942207779787532,1.3942207779787532,1600.0,8.0,2.0,1.0,Other,Residential House,Ready to Move,contractor,False,False,Normal,None
30000000,42446708.55466007,-12446708.554660067,-29.323141837092077,29.323141837092077,1200.0,4.0,1.0,1.0,Other,Residential House,Under Construction,agent,False,False,Normal,None
31000000,12092692.97639565,18907307.02360435,156.35315525260168,156.35315525260168,1200.0,3.0,1.0,1.0,Other,Residential House,Under Construction,builder,False,False,Potentially Overpriced,None
16500000,26861047.058926973,-10361047.058926973,-38.57275941699969,38.57275941699969,1600.0,4.0,2.0,1.0,Other,Residential House,Ready to Move,agent,False,False,Normal,None
13000000,9895857.587076407,3104142.412923593,31.36809908195808,31.36809908195808,1080.0,2.0,2.0,0.5,Other,Residential House,Ready to Move,builder,False,False,Normal,None
23000000,40957065.07612021,-17957065.076120213,-43.843632454489466,43.843632454489466,1200.0,5.0,1.0,0.5,Other,Residential House,Under Construction,owner,False,False,Normal,None
100000000,16342199.818516638,83657800.18148336,511.91272356549166,511.91272356549166,1200.0,5.0,1.0,0.5,Other,Residential House,Under Construction,agent,False,False,Potentially Overpriced,None
12000000,8472705.202861177,3527294.797138823,41.63127021045981,41.63127021045981,1080.0,2.0,2.0,0.5,Other,Residential House,Ready to Move,contractor,False,False,Normal,None
32500000,31896785.18587804,603214.8141219616,1.8911461158443907,1.8911461158443907,4000.0,5.0,2.0,1.0,Other,Villa,Ready to Move,agent,False,False,Normal,None
26900000,42446708.55466007,-15546708.554660067,-36.62641718059256,36.62641718059256,1200.0,4.0,1.0,1.0,Other,Residential House,Under Construction,agent,False,False,Normal,None
8000000,12488531.054944756,-4488531.0549447555,-35.94122507440577,35.94122507440577,900.0,2.0,1.0,1.5,Other,Residential House,Ready to Move,builder,False,False,Normal,None
11000000,24101695.730193943,-13101695.730193943,-54.36005780199316,54.36005780199316,4000.0,3.0,2.0,0.5,Other,Villa,Ready to Move,builder,False,False,Potentially Underpriced,None
19000000,26826956.65525281,-7826956.655252811,-29.175715888444863,29.175715888444863,4000.0,5.0,2.0,0.5,Other,Villa,Ready to Move,builder,False,False,Normal,None
40000000,15976143.297238588,24023856.70276141,150.37331761360602,150.37331761360602,900.0,8.0,1.0,1.5,Other,Residential House,Ready to Move,owner,False,False,Potentially Overpriced,None
20000000,32366168.0664104,-12366168.0664104,-38.207081051537905,38.207081051537905,3990.0,4.0,1.0,1.0,Chandapura,Residential House,Ready to Move,builder,False,False,Normal,None
46900000,31896785.18587804,15003214.814121962,47.03676162563391,47.03676162563391,4000.0,5.0,2.0,1.0,Other,Villa,Ready to Move,agent,False,False,Normal,None
30000000,32589337.48932609,-2589337.4893260896,-7.945351727920732,7.945351727920732,4000.0,4.0,2.0,1.0,Other,Villa,Ready to Move,owner,False,False,Normal,None
6500000,34028203.73326837,-27528203.733268373,-80.89819829765172,80.89819829765172,3990.0,3.0,1.0,1.0,Chandapura,Residential House,Ready to Move,agent,False,False,Potentially Underpriced,None
60000000,36973293.62846394,23026706.37153606,62.27929435480133,62.27929435480133,3990.0,4.0,1.0,1.0,Chandapura,Residential House,Ready to Move,agent,False,False,Normal,None
2500000,9501184.839934602,-7001184.839934602,-73.68749222210471,73.68749222210471,4000.0,2.0,2.0,1.0,Other,Villa,Ready to Move,builder,False,False,Potentially Underpriced,None
28500000,34709044.9129877,-6209044.912987702,-17.88883827991577,17.88883827991577,4000.0,4.0,2.0,1.0,Other,Villa,Ready to Move,agent,False,False,Normal,None
42120000,15205915.915132837,26914084.084867164,176.99745437946575,176.99745437946575,3990.0,3.0,1.0,1.0,Chandapura,Residential House,Ready to Move,agent,False,False,Potentially Overpriced,None
18000000,28702690.24780261,-10702690.247802611,-37.28810838078837,37.28810838078837,3990.0,8.0,1.0,1.0,Chandapura,Residential House,Ready to Move,owner,False,False,Normal,None
30000000,32501879.197663967,-2501879.1976639666,-7.697644749857374,7.697644749857374,4000.0,6.0,2.0,1.0,Other,Villa,Ready to Move,agent,False,False,Normal,None
23500000,38467131.53954374,-14967131.53954374,-38.90888387182629,38.90888387182629,4000.0,4.0,2.0,1.5,Other,Villa,Ready to Move,builder,False,False,Normal,None
15000000,40246630.06438428,-25246630.06438428,-62.72979880302066,62.72979880302066,3990.0,5.0,1.0,1.0,Chandapura,Residential House,Ready to Move,owner,False,False,Potentially Underpriced,None
50000000,28240216.90742515,21759783.09257485,77.05246444779816,77.05246444779816,4000.0,4.0,2.0,1.5,Other,Villa,Ready to Move,builder,False,False,Normal,None
32500000,27047784.92343639,5452215.076563612,20.157713809086715,20.157713809086715,3990.0,3.0,1.0,1.0,Chandapura,Residential House,Ready to Move,builder,False,False,Normal,None
18000000,31607303.98292278,-13607303.982922781,-43.05113776953174,43.05113776953174,4000.0,5.0,2.0,1.5,Other,Villa,Ready to Move,owner,False,False,Normal,None
13000000,24071748.102358982,-11071748.102358982,-45.99478216238884,45.99478216238884,1906.0,4.0,2.0,1.0,Other,Villa,Ready to Move,owner,False,False,Normal,None
13500000,13543408.58976548,-43408.58976547979,-0.32051451064012726,0.32051451064012726,1872.0,3.0,2.0,1.0,Chandapura,Villa,Ready to Move,agent,False,False,Normal,None
11500000,18813006.087704316,-7313006.087704316,-38.87207633703953,38.87207633703953,1872.0,4.0,2.0,1.0,Chandapura,Villa,Ready to Move,contractor,False,False,Normal,None
30000000,18527853.83716269,11472146.162837312,61.91837577985842,61.91837577985842,1872.0,6.0,2.0,1.0,Chandapura,Villa,Ready to Move,agent,False,False,Normal,None
8700000,15186509.596437376,-6486509.596437376,-42.71231355201629,42.71231355201629,1872.0,3.0,2.0,1.0,Chandapura,Villa,Ready to Move,agent,False,False,Normal,None
55000000,36874579.4947841,18125420.5052159,49.154243257959685,49.154243257959685,5600.0,4.0,3.0,1.0,Other,Villa,Ready to Move,builder,False,True,Normal,Extreme Area
22700000,8852606.7353638,13847393.2646362,156.42164707621725,156.42164707621725,1872.0,2.0,2.0,1.0,Chandapura,Villa,Ready to Move,contractor,False,False,Potentially Overpriced,None
25000000,35189796.47053004,-10189796.47053004,-28.95667918700116,28.95667918700116,5600.0,10.0,3.0,1.0,Other,Villa,Ready to Move,contractor,False,True,Normal,Extreme Area
8500000,15742242.889665877,-7242242.889665877,-46.005152762698806,46.005152762698806,1485.0,3.0,2.0,0.5,Other,Villa,Ready to Move,builder,False,False,Normal,None
28000000,33492285.661199022,-5492285.661199022,-16.398658833732156,16.398658833732156,5600.0,4.0,3.0,1.0,Other,Villa,Ready to Move,contractor,False,True,Normal,Extreme Area
20400000,46590074.79549929,-26190074.795499288,-56.2138500752725,56.2138500752725,5600.0,4.0,3.0,1.0,Other,Villa,Ready to Move,contractor,False,True,Potentially Underpriced,Extreme Area
10000000,20941822.07791794,-10941822.07791794,-52.248663164107015,52.248663164107015,5600.0,3.0,3.0,1.0,Other,Villa,Ready to Move,contractor,False,True,Potentially Underpriced,Extreme Area
21500000,19787306.834323615,1712693.1656763852,8.655514264859429,8.655514264859429,5600.0,3.0,3.0,1.0,Other,Villa,Ready to Move,agent,False,True,Normal,Extreme Area
13500000,20925568.541665994,-7425568.541665994,-35.48562385237254,35.48562385237254,2000.0,4.0,3.0,1.0,Other,Residential House,Ready to Move,builder,False,False,Normal,None
10500000,31776332.57572749,-21276332.57572749,-66.95653919477013,66.95653919477013,2000.0,8.0,3.0,1.0,Other,Residential House,Ready to Move,owner,False,False,Potentially Underpriced,None
14000000,27763712.120441265,-13763712.120441265,-49.574466342012016,49.574466342012016,2000.0,7.0,3.0,1.0,Other,Residential House,Ready to Move,contractor,False,False,Normal,None
42500000,20795085.781739563,21704914.218260437,104.37520886458572,104.37520886458572,2000.0,10.0,3.0,1.0,Other,Residential House,Ready to Move,builder,False,False,Potentially Overpriced,None
15500000,22547879.612825226,-7047879.612825226,-31.257394193360845,31.257394193360845,2000.0,4.0,3.0,1.0,Other,Residential House,Ready to Move,agent,False,False,Normal,None
11500000,15309426.350618672,-3809426.3506186716,-24.882881065394905,24.882881065394905,2000.0,3.0,3.0,1.0,Other,Residential House,Ready to Move,agent,False,False,Normal,None
14600000,33572211.98597143,-18972211.98597143,-56.511653131164564,56.511653131164564,64000.0,4.0,4.0,1.5,Devanahalli,Villa,Ready to Move,owner,False,True,Potentially Underpriced,Extreme Area
51000000,37561561.688320495,13438438.311679505,35.7771021960945,35.7771021960945,64000.0,4.0,4.0,0.5,Devanahalli,Villa,Ready to Move,contractor,False,True,Normal,Extreme Area
112500000,38782390.098127946,73717609.90187205,190.08011036800553,190.08011036800553,3345.0,4.0,4.0,1.0,Yelahanka,Villa,Ready to Move,builder,False,False,Potentially Overpriced,None
40000000,39236688.76326312,763311.2367368788,1.9454017675710664,1.9454017675710664,3345.0,4.0,4.0,1.0,Yelahanka,Villa,Ready to Move,agent,False,False,Normal,None
53500000,23165241.386273906,30334758.613726094,130.94946047788795,130.94946047788795,4806.0,4.0,4.0,1.5,Whitefield,Villa,Ready to Move,contractor,False,True,Potentially Overpriced,Extreme Area
35000000,33123403.929897703,1876596.0701022968,5.665468664011466,5.665468664011466,4806.0,4.0,4.0,1.5,Whitefield,Villa,Ready to Move,owner,False,True,Normal,Extreme Area
13000000,36797969.96511662,-23797969.96511662,-64.67196420801578,64.67196420801578,4806.0,4.0,4.0,1.5,Whitefield,Villa,Ready to Move,contractor,False,True,Potentially Underpriced,Extreme Area
21000000,37378624.95266659,-16378624.952666588,-43.81815803392238,43.81815803392238,4806.0,4.0,4.0,1.0,Whitefield,Villa,Ready to Move,agent,False,True,Normal,Extreme Area
2500000,4096521.5388311413,-1596521.5388311413,-38.97261429477742,38.97261429477742,4806.0,1.0,4.0,1.0,Whitefield,Villa,Ready to Move,builder,False,True,Normal,Extreme Area
30000000,31326684.093714677,-1326684.0937146768,-4.234996879164942,4.234996879164942,4806.0,4.0,4.0,1.0,Whitefield,Villa,Ready to Move,contractor,False,True,Normal,Extreme Area
27000000,28505802.295450967,-1505802.2954509668,-5.282441377527083,5.282441377527083,4806.0,4.0,4.0,1.0,Whitefield,Villa,Ready to Move,builder,False,True,Normal,Extreme Area
20000000,37378624.95266659,-17378624.952666588,-46.49348384183084,46.49348384183084,4806.0,4.0,4.0,1.0,Whitefield,Villa,Ready to Move,agent,False,True,Normal,Extreme Area
12800000,13201945.787819127,-401945.7878191266,-3.044595048935778,3.044595048935778,4806.0,3.0,4.0,1.0,Whitefield,Villa,Ready to Move,agent,False,True,Normal,Extreme Area
13800000,17584105.615771558,-3784105.615771558,-21.520034617953577,21.520034617953577,1400.0,4.0,1.0,1.5,Other,Villa,Ready to Move,owner,False,False,Normal,None
7000000,9121008.718988754,-2121008.718988754,-23.254102526764278,23.254102526764278,1400.0,2.0,1.0,0.5,Other,Villa,Ready to Move,contractor,False,False,Normal,None
7600000,17189366.05242385,-9589366.05242385,-55.78661844292778,55.78661844292778,1400.0,5.0,1.0,0.5,Other,Villa,Ready to Move,owner,False,False,Potentially Underpriced,None
4750000,21903248.259313736,-17153248.259313736,-78.31371884313918,78.31371884313918,1400.0,9.0,1.0,0.5,Other,Villa,Ready to Move,builder,False,False,Potentially Underpriced,None
3800000,11898329.502060197,-8098329.502060197,-68.06274360327616,68.06274360327616,1400.0,2.0,1.0,0.5,Other,Villa,Ready to Move,owner,False,False,Potentially Underpriced,None
2220000,7153047.742015425,-4933047.742015425,-68.96427816411445,68.96427816411445,1400.0,1.0,1.0,0.5,Other,Villa,Ready to Move,builder,False,False,Potentially Underpriced,None
25000000,15638003.258148111,9361996.741851889,59.86695735578558,59.86695735578558,1400.0,3.0,1.0,1.0,Other,Villa,Ready to Move,contractor,False,False,Normal,None
28000000,11791255.294051317,16208744.705948683,137.46411473361945,137.46411473361945,2900.0,4.0,3.0,1.0,Sarjapur Road,Villa,Under Construction,owner,False,False,Potentially Overpriced,None
4750000,8428190.752513835,-3678190.752513835,-43.64152236844852,43.64152236844852,2900.0,3.0,3.0,1.0,Sarjapur Road,Villa,Under Construction,owner,False,False,Normal,None
5070000,22951780.05350029,-17881780.05350029,-77.91021006570341,77.91021006570341,2900.0,4.0,3.0,1.0,Sarjapur Road,Villa,Under Construction,builder,False,False,Potentially Underpriced,None
1900000,4338608.019545018,-2438608.0195450177,-56.20715235299709,56.20715235299709,2900.0,2.0,3.0,1.0,Sarjapur Road,Villa,Under Construction,builder,False,False,Potentially Underpriced,None
26000000,20915144.615542617,5084855.384457383,24.311834691684073,24.311834691684073,3000.0,4.0,3.0,1.0,Other,Residential House,Ready to Move,agent,False,False,Normal,None
68000000,35647366.94639526,32352633.053604737,90.75742705556631,90.75742705556631,3000.0,5.0,3.0,1.0,Other,Residential House,Ready to Move,owner,False,False,Normal,None
26100000,22930714.73887674,3169285.2611232586,13.82113596202063,13.82113596202063,2300.0,6.0,3.0,1.5,Other,Residential House,Ready to Move,builder,False,False,Normal,None
33000000,43518868.65165667,-10518868.651656672,-24.170822858135676,24.170822858135676,2300.0,10.0,3.0,0.5,Other,Residential House,Ready to Move,contractor,False,False,Normal,None
3480000,3483153.595791152,-3153.5957911522128,-0.09053852218756134,0.09053852218756134,2900.0,2.0,3.0,1.0,Sarjapur Road,Villa,Under Construction,owner,False,False,Normal,None
7600000,11218880.710749563,-3618880.710749563,-32.25705668910509,32.25705668910509,2900.0,6.0,3.0,1.0,Sarjapur Road,Villa,Under Construction,agent,False,False,Normal,None
50200000,38576927.28412761,11623072.715872392,30.12959697454877,30.12959697454877,3000.0,5.0,3.0,1.0,Other,Residential House,Ready to Move,owner,False,False,Normal,None
27500000,10450081.151427137,17049918.848572865,163.15585115092057,163.15585115092057,3000.0,2.0,3.0,1.0,Other,Residential House,Ready to Move,builder,False,False,Potentially Overpriced,None
20000000,14360345.676597038,5639654.323402962,39.2724134252135,39.2724134252135,2300.0,3.0,3.0,0.5,Other,Residential House,Ready to Move,contractor,False,False,Normal,None
28000000,61675879.30135117,-33675879.30135117,-54.6013768799457,54.6013768799457,5400.0,4.0,3.0,1.0,Yelahanka,Residential House,Ready to Move,builder,False,True,Potentially Underpriced,Extreme Area
2770000,3415477.9439205877,-645477.9439205877,-18.898612566639823,18.898612566639823,2900.0,2.0,3.0,1.0,Sarjapur Road,Villa,Under Construction,builder,False,False,Normal,None
3800000,8196189.491375387,-4396189.491375387,-53.63699187288642,53.63699187288642,2900.0,3.0,3.0,1.0,Sarjapur Road,Villa,Under Construction,owner,False,False,Potentially Underpriced,None
13000000,16220602.348207053,-3220602.348207053,-19.855010800896938,19.855010800896938,3000.0,3.0,3.0,1.0,Other,Residential House,Ready to Move,owner,False,False,Normal,None
35000000,16679607.472379353,18320392.527620647,109.83707235292172,109.83707235292172,4415.0,3.0,3.0,1.0,Other,Villa,Ready to Move,contractor,False,True,Potentially Overpriced,Extreme Area
11500000,62951520.6972534,-51451520.6972534,-81.7319742674592,81.7319742674592,5400.0,6.0,3.0,1.0,Yelahanka,Residential House,Ready to Move,contractor,False,True,Potentially Underpriced,Extreme Area
4990000,13886991.090612303,-8896991.090612303,-64.06709007415384,64.06709007415384,2900.0,3.0,3.0,1.0,Sarjapur Road,Villa,Under Construction,agent,False,False,Potentially Underpriced,None
19500000,24526660.27315499,-5026660.273154989,-20.494678921519487,20.494678921519487,4415.0,6.0,3.0,1.0,Other,Villa,Ready to Move,builder,False,True,Normal,Extreme Area
85000000,31009561.319730237,53990438.68026976,174.10900503748064,174.10900503748064,5400.0,5.0,3.0,1.0,Yelahanka,Residential House,Ready to Move,builder,False,True,Potentially Overpriced,Extreme Area
1900000,3504820.2681719554,-1604820.2681719554,-45.788946233439745,45.788946233439745,2900.0,2.0,3.0,1.0,Sarjapur Road,Villa,Under Construction,owner,False,False,Normal,None
25000000,34205139.86884907,-9205139.868849069,-26.911569150554104,26.911569150554104,4415.0,4.0,3.0,1.0,Other,Villa,Ready to Move,agent,False,True,Normal,Extreme Area
64000000,51175733.84745468,12824266.152545318,25.059271628174525,25.059271628174525,5400.0,5.0,3.0,1.0,Yelahanka,Residential House,Ready to Move,owner,False,True,Normal,Extreme Area
7600000,7880159.638831285,-280159.6388312848,-3.5552533409441893,3.5552533409441893,2900.0,3.0,3.0,1.0,Sarjapur Road,Villa,Under Construction,agent,False,False,Normal,None
20000000,25629718.168180205,-5629718.168180205,-21.965587491982685,21.965587491982685,4415.0,5.0,3.0,1.0,Other,Villa,Ready to Move,agent,False,True,Normal,Extreme Area
90000000,40329795.68991823,49670204.31008177,123.1600692747831,123.1600692747831,5400.0,4.0,3.0,0.5,Yelahanka,Residential House,Ready to Move,agent,False,True,Potentially Overpriced,Extreme Area
3800000,3415477.9439205877,384522.05607941234,11.25822102771432,11.25822102771432,2900.0,2.0,3.0,1.0,Sarjapur Road,Villa,Under Construction,builder,False,False,Normal,None
16000000,33837971.825766586,-17837971.825766586,-52.71584218349491,52.71584218349491,3600.0,5.0,3.0,0.5,Other,Residential House,Ready to Move,agent,False,False,Potentially Underpriced,None
120000000,29440376.75508445,90559623.24491554,307.60347939255087,307.60347939255087,4480.0,5.0,3.0,1.0,Other,Residential House,Ready to Move,owner,False,True,Potentially Overpriced,Extreme Area
9000000,14446894.2465408,-5446894.2465408,-37.702873389863825,37.702873389863825,2900.0,6.0,3.0,1.0,Sarjapur Road,Villa,Under Construction,owner,False,False,Normal,None
2990000,7157967.509759481,-4167967.509759481,-58.228365860514096,58.228365860514096,3600.0,2.0,3.0,0.5,Other,Residential House,Ready to Move,contractor,False,False,Potentially Underpriced,None
35000000,31480191.23037738,3519808.76962262,11.181027281137089,11.181027281137089,2900.0,10.0,3.0,1.0,Sarjapur Road,Villa,Under Construction,owner,False,False,Normal,None
12000000,33928062.521214314,-21928062.521214314,-64.63104843520988,64.63104843520988,3600.0,5.0,3.0,0.5,Other,Residential House,Ready to Move,builder,False,False,Potentially Underpriced,None
32500000,35896573.28015792,-3396573.2801579237,-9.462110084015743,9.462110084015743,3700.0,10.0,3.0,1.5,Other,Residential House,Ready to Move,contractor,False,False,Normal,None
15000000,39493816.994424395,-24493816.994424395,-62.019371280021765,62.019371280021765,2900.0,4.0,3.0,1.0,Sarjapur Road,Villa,Under Construction,owner,False,False,Potentially Underpriced,None
29000000,10967563.271600822,18032436.72839918,164.4160720284331,164.4160720284331,3700.0,3.0,3.0,1.0,Other,Residential House,Ready to Move,contractor,False,False,Potentially Overpriced,None
8500000,22945630.986694988,-14445630.986694988,-62.9559108445145,62.9559108445145,2900.0,4.0,3.0,1.0,Sarjapur Road,Villa,Under Construction,agent,False,False,Potentially Underpriced,None
22000000,24734151.344755277,-2734151.344755277,-11.054154665124733,11.054154665124733,3700.0,5.0,3.0,1.0,Other,Residential House,Ready to Move,agent,False,False,Normal,None
2600000,5394014.160118574,-2794014.1601185743,-51.79842093809325,51.79842093809325,2900.0,2.0,3.0,1.0,Sarjapur Road,Villa,Under Construction,agent,False,False,Potentially Underpriced,None
30000000,29518145.858383313,481854.1416166872,1.6323997581976784,1.6323997581976784,3700.0,5.0,3.0,1.0,Other,Residential House,Ready to Move,contractor,False,False,Normal,None
32000000,39826389.30317231,-7826389.303172313,-19.65126500319956,19.65126500319956,2900.0,9.0,3.0,1.0,Sarjapur Road,Villa,Under Construction,agent,False,False,Normal,None
17500000,10989643.910907743,6510356.0890922565,59.24082838235021,59.24082838235021,3700.0,2.0,3.0,1.0,Other,Residential House,Ready to Move,owner,False,False,Normal,None
35000000,7880159.638831285,27119840.361168716,344.15343856144125,344.15343856144125,2900.0,3.0,3.0,1.0,Sarjapur Road,Villa,Under Construction,agent,False,False,Potentially Overpriced,None
9500000,10197045.494719192,-697045.4947191924,-6.835759388149986,6.835759388149986,3700.0,2.0,3.0,1.0,Other,Residential House,Ready to Move,builder,False,False,Normal,None
14500000,14589603.037073148,-89603.03707314841,-0.6141567857978121,0.6141567857978121,2900.0,7.0,3.0,1.0,Sarjapur Road,Villa,Under Construction,builder,False,False,Normal,None
10100000,9627510.078020161,472489.921979839,4.90770633477232,4.90770633477232,2900.0,3.0,3.0,1.0,Sarjapur Road,Villa,Under Construction,builder,False,False,Normal,None
8500000,24379635.793960776,-15879635.793960776,-65.13483600888908,65.13483600888908,3700.0,6.0,3.0,1.0,Other,Residential House,Ready to Move,agent,False,False,Potentially Underpriced,None
20000000,19897679.264321607,102320.7356783934,0.5142345211175657,0.5142345211175657,3700.0,6.0,3.0,1.0,Other,Residential House,Ready to Move,builder,False,False,Normal,None
13000000,3142338.93351809,9857661.06648191,313.70457722857736,313.70457722857736,2900.0,2.0,3.0,1.0,Sarjapur Road,Villa,Under Construction,agent,False,False,Potentially Overpriced,None
890000,3123214.3058712366,-2233214.3058712366,-71.5037165932893,71.5037165932893,2900.0,1.0,3.0,1.0,Sarjapur Road,Villa,Under Construction,builder,False,False,Potentially Underpriced,None
10500000,8465647.17614392,2034352.82385608,24.03068284712903,24.03068284712903,3700.0,2.0,3.0,1.0,Other,Residential House,Ready to Move,agent,False,False,Normal,None
2400000,6588499.74838201,-4188499.7483820096,-63.57289076941398,63.57289076941398,3700.0,1.0,3.0,1.0,Other,Residential House,Ready to Move,owner,False,False,Potentially Underpriced,None
34500000,65534981.400286764,-31034981.400286764,-47.35635951542509,47.35635951542509,9000.0,10.0,3.0,1.0,Yelahanka,Residential House,Ready to Move,agent,False,True,Normal,Extreme Area
11105000,20118640.318235636,-9013640.318235636,-44.802432846645345,44.802432846645345,1750.0,3.0,2.0,1.5,Devanahalli,Villa,Under Construction,owner,False,False,Normal,None
20700000,25592665.779994626,-4892665.779994626,-19.117452718892395,19.117452718892395,1100.0,10.0,3.0,1.5,Other,Residential House,Ready to Move,agent,False,False,Normal,None
19500000,19539396.379296128,-39396.37929612771,-0.2016253651411257,0.2016253651411257,3500.0,4.0,3.0,1.5,Other,Residential House,Ready to Move,builder,False,False,Normal,None
18400000,26469083.424219403,-8069083.424219403,-30.484937067507722,30.484937067507722,1750.0,4.0,2.0,1.5,Devanahalli,Villa,Under Construction,owner,False,False,Normal,None
11400000,26926699.22573709,-15526699.225737091,-57.66283901183237,57.66283901183237,1750.0,5.0,2.0,1.5,Devanahalli,Villa,Under Construction,owner,False,False,Potentially Underpriced,None
22500000,13795929.068693357,8704070.931306643,63.09158946792864,63.09158946792864,3500.0,3.0,3.0,1.5,Other,Residential House,Ready to Move,agent,False,False,Normal,None
30000000,28909233.68850974,1090766.31149026,3.7730723797213477,3.7730723797213477,3500.0,4.0,3.0,1.5,Other,Residential House,Ready to Move,owner,False,False,Normal,None
9600000,12214453.739587013,-2614453.7395870127,-21.404589966341064,21.404589966341064,1750.0,3.0,2.0,1.0,Devanahalli,Villa,Under Construction,builder,False,False,Normal,None
11000000,16757494.648624683,-5757494.648624683,-34.35772929873625,34.35772929873625,1750.0,3.0,2.0,1.0,Devanahalli,Villa,Under Construction,agent,False,False,Normal,None
50000000,28143100.737087224,21856899.262912776,77.66343682986418,77.66343682986418,3500.0,4.0,3.0,1.5,Other,Residential House,Ready to Move,owner,False,False,Normal,None
14000000,18569266.435042657,-4569266.435042657,-24.60660711087568,24.60660711087568,3500.0,4.0,3.0,1.5,Other,Residential House,Ready to Move,builder,False,False,Normal,None
14000000,9939367.041631794,4060632.9583682064,40.85403971258871,40.85403971258871,1750.0,3.0,2.0,1.0,Devanahalli,Villa,Under Construction,builder,False,False,Normal,None
48500000,20857221.33494207,27642778.66505793,132.53337163732365,132.53337163732365,1750.0,6.0,2.0,1.0,Devanahalli,Villa,Under Construction,agent,False,False,Potentially Overpriced,None
17500000,21906383.687199056,-4406383.687199056,-20.11461019818582,20.11461019818582,3500.0,4.0,3.0,1.5,Other,Residential House,Ready to Move,contractor,False,False,Normal,None
10600000,21906383.687199056,-11306383.687199056,-51.612278177186845,51.612278177186845,3500.0,4.0,3.0,1.5,Other,Residential House,Ready to Move,contractor,False,False,Potentially Underpriced,None
7287500,5947922.735151861,1339577.2648481391,22.52176641319362,22.52176641319362,1750.0,2.0,2.0,1.0,Devanahalli,Villa,Under Construction,agent,False,False,Normal,None
17100000,27122724.281254906,-10022724.281254906,-36.95323588191996,36.95323588191996,1750.0,4.0,2.0,1.0,Devanahalli,Villa,Under Construction,owner,False,False,Normal,None
7300000,13548475.08306232,-6248475.083062319,-46.11939753185859,46.11939753185859,3500.0,2.0,3.0,1.5,Other,Residential House,Ready to Move,agent,False,False,Normal,None
17400000,20669270.844564747,-3269270.844564747,-15.817059388064694,15.817059388064694,3500.0,6.0,3.0,1.5,Other,Residential House,Ready to Move,agent,False,False,Normal,None
8000000,11873378.40179218,-3873378.40179218,-32.622378153192926,32.622378153192926,1750.0,3.0,2.0,1.0,Devanahalli,Villa,Under Construction,builder,False,False,Normal,None
35000000,25322858.47063488,9677141.529365119,38.21504408985665,38.21504408985665,1750.0,5.0,2.0,1.0,Devanahalli,Villa,Under Construction,agent,False,False,Normal,None
15000000,17129730.96489793,-2129730.9648979306,-12.432950460588982,12.432950460588982,3500.0,4.0,3.0,1.5,Other,Residential House,Ready to Move,contractor,False,False,Normal,None
13800000,22855583.984040685,-9055583.984040685,-39.620882102001445,39.620882102001445,3500.0,6.0,3.0,1.5,Other,Residential House,Ready to Move,owner,False,False,Normal,None
37500000,13106452.94331352,24393547.05668648,186.11860250969934,186.11860250969934,1750.0,3.0,2.0,1.0,Devanahalli,Villa,Under Construction,owner,False,False,Potentially Overpriced,None
12000000,19254709.273390822,-7254709.273390822,-37.677584067272925,37.677584067272925,1750.0,8.0,2.0,1.0,Devanahalli,Villa,Under Construction,builder,False,False,Normal,None
9800000,19539396.379296128,-9739396.379296128,-49.84491941427605,49.84491941427605,3500.0,4.0,3.0,1.5,Other,Residential House,Ready to Move,builder,False,False,Normal,None
11500000,28116215.336242482,-16616215.336242482,-59.09833573803861,59.09833573803861,3500.0,5.0,3.0,1.5,Other,Residential House,Ready to Move,owner,False,False,Potentially Underpriced,None
12500000,19761684.90840598,-7261684.908405978,-36.74628424683107,36.74628424683107,1750.0,6.0,2.0,1.0,Devanahalli,Villa,Under Construction,owner,False,False,Normal,None
45000000,18645583.244668,26354416.755332,141.34401916801644,141.34401916801644,1750.0,4.0,2.0,1.0,Devanahalli,Villa,Under Construction,owner,False,False,Potentially Overpriced,None
11000000,13027245.800808268,-2027245.8008082677,-15.561584020180907,15.561584020180907,3500.0,3.0,3.0,1.0,Other,Residential House,Ready to Move,contractor,False,False,Normal,None
13900000,12189776.839209203,1710223.1607907973,14.029979246951873,14.029979246951873,3500.0,2.0,3.0,1.0,Other,Residential House,Ready to Move,agent,False,False,Normal,None
18000000,19333756.2943005,-1333756.2943005003,-6.898588530846876,6.898588530846876,1750.0,4.0,2.0,1.0,Devanahalli,Villa,Under Construction,builder,False,False,Normal,None
14900000,32477202.823497154,-17577202.823497154,-54.12166472286247,54.12166472286247,1750.0,10.0,2.0,1.0,Devanahalli,Villa,Under Construction,builder,False,False,Potentially Underpriced,None
2990000,9855285.520140987,-6865285.520140987,-69.66095001621804,69.66095001621804,1750.0,2.0,2.0,1.0,Devanahalli,Villa,Under Construction,agent,False,False,Potentially Underpriced,None
10500000,7678963.45125972,2821036.54874028,36.737205049172275,36.737205049172275,1750.0,2.0,2.0,1.0,Devanahalli,Villa,Under Construction,builder,False,False,Normal,None
17500000,24168921.50005939,-6668921.500059389,-27.592962722987046,27.592962722987046,1750.0,6.0,2.0,1.0,Devanahalli,Villa,Under Construction,contractor,False,False,Normal,None
23000000,15215231.91308109,7784768.086918909,51.16430778965688,51.16430778965688,1750.0,3.0,2.0,1.0,Devanahalli,Villa,Under Construction,contractor,False,False,Normal,None
22500000,20372207.57753368,2127792.422466319,10.444584438717545,10.444584438717545,1750.0,8.0,2.0,0.5,Devanahalli,Villa,Under Construction,owner,False,False,Normal,None
15000000,26419635.503821906,-11419635.503821906,-43.22404638084399,43.22404638084399,1750.0,,2.0,0.5,Devanahalli,Villa,Under Construction,contractor,False,False,Normal,None
13500000,22646780.784665816,-9146780.784665816,-40.38887854144427,40.38887854144427,1300.0,4.0,3.0,1.0,Other,Villa,Ready to Move,owner,False,False,Normal,None
15000000,15254624.030287059,-254624.03028705902,-1.669159657960233,1.669159657960233,1300.0,3.0,3.0,0.5,Other,Villa,Ready to Move,contractor,False,False,Normal,None
5900000,23892535.7660519,-17992535.7660519,-75.3060953522434,75.3060953522434,1300.0,4.0,3.0,0.5,Other,Villa,Ready to Move,agent,False,False,Potentially Underpriced,None
55000000,11037466.88119519,43962533.11880481,398.3027409459764,398.3027409459764,1300.0,4.0,3.0,0.5,Other,Villa,Ready to Move,builder,False,False,Potentially Overpriced,None
17000000,15847352.795657491,1152647.2043425087,7.2734368900928255,7.2734368900928255,1080.0,4.0,3.0,0.5,Other,Residential House,Ready to Move,agent,False,False,Normal,None
44000000,15894219.081182567,28105780.91881743,176.8302096206308,176.8302096206308,1080.0,3.0,3.0,0.5,Other,Residential House,Ready to Move,owner,False,False,Potentially Overpriced,None
30000000,14825215.97165415,15174784.02834585,102.3579289324356,102.3579289324356,1080.0,6.0,3.0,0.5,Other,Residential House,Ready to Move,builder,False,False,Potentially Overpriced,None
15000000,17377608.828350484,-2377608.8283504844,-13.682025253506477,13.682025253506477,1080.0,5.0,3.0,0.5,Other,Residential House,Ready to Move,agent,False,False,Normal,None
5500000,10587413.773338264,-5087413.773338264,-48.05152497345135,48.05152497345135,1080.0,2.0,3.0,0.5,Other,Residential House,Ready to Move,agent,False,False,Normal,None
26600000,14082436.588293428,12517563.411706572,88.8877669231778,88.8877669231778,1080.0,6.0,3.0,0.5,Other,Residential House,Ready to Move,agent,False,False,Normal,None
13000000,18036448.753821954,-5036448.753821954,-27.923727240123817,27.923727240123817,1080.0,4.0,3.0,0.5,Other,Residential House,Ready to Move,agent,False,False,Normal,None
20000000,26810592.667870518,-6810592.667870518,-25.402618853824322,25.402618853824322,1080.0,8.0,3.0,0.5,Other,Residential House,Ready to Move,contractor,False,False,Normal,None
43500000,31230271.60751007,12269728.392489929,39.2879336647824,39.2879336647824,4712.0,10.0,3.0,1.0,Other,Residential House,Ready to Move,builder,False,True,Normal,Extreme Area
29000000,26718326.857222576,2281673.1427774243,8.539730631226393,8.539730631226393,1100.0,6.0,3.0,1.5,Other,Residential House,Ready to Move,contractor,False,False,Normal,None
35000000,17140629.796737205,17859370.203262795,104.19319718731926,104.19319718731926,1500.0,3.0,3.0,1.0,Other,Residential House,Ready to Move,contractor,False,False,Potentially Overpriced,None
35000000,23694302.11148726,11305697.888512742,47.7148380877258,47.7148380877258,1500.0,6.0,3.0,1.0,Other,Residential House,Ready to Move,contractor,False,False,Normal,None
55000000,35316527.07171086,19683472.928289138,55.734452281566305,55.734452281566305,6000.0,5.0,3.0,1.5,Bannerghatta Main Road,Residential House,Ready to Move,builder,False,True,Normal,Extreme Area
18900000,28113002.424061876,-9213002.424061876,-32.77132155822845,32.77132155822845,6000.0,10.0,3.0,1.0,Bannerghatta Main Road,Residential House,Ready to Move,builder,False,True,Normal,Extreme Area
34000000,20445172.48130003,13554827.51869997,66.2984258562639,66.2984258562639,6000.0,3.0,3.0,1.0,Bannerghatta Main Road,Residential House,Ready to Move,agent,False,True,Normal,Extreme Area
13500000,48142931.63483435,-34642931.63483435,-71.95850036221739,71.95850036221739,6000.0,5.0,3.0,1.0,Bannerghatta Main Road,Residential House,Ready to Move,contractor,False,True,Potentially Underpriced,Extreme Area
27000000,41558603.20104327,-14558603.20104327,-35.031502696601216,35.031502696601216,7000.0,10.0,3.0,1.0,Sarjapur Road,Residential House,Ready to Move,agent,False,True,Normal,Extreme Area
17500000,21018225.11229702,-3518225.112297021,-16.73892582984389,16.73892582984389,7000.0,7.0,3.0,1.0,Sarjapur Road,Residential House,Ready to Move,builder,False,True,Normal,Extreme Area
11000000,23411240.33575672,-12411240.33575672,-53.01402299817769,53.01402299817769,7000.0,5.0,3.0,1.0,Sarjapur Road,Residential House,Ready to Move,builder,False,True,Potentially Underpriced,Extreme Area
11000000,17690304.92913371,-6690304.9291337095,-37.819048094053024,37.819048094053024,7000.0,3.0,3.0,1.0,Sarjapur Road,Residential House,Ready to Move,builder,False,True,Normal,Extreme Area
13950000,12327376.437873399,1622623.562126601,13.1627647642966,13.1627647642966,7000.0,3.0,3.0,1.0,Sarjapur Road,Residential House,Ready to Move,builder,False,True,Normal,Extreme Area
8800000,10204315.518782988,-1404315.5187829882,-13.761976647998367,13.761976647998367,1600.0,2.0,3.0,1.0,Abbigere,Residential House,Ready to Move,agent,False,False,Normal,None
11000000,19352504.07974863,-8352504.0797486305,-43.15981045827078,43.15981045827078,7000.0,5.0,3.0,1.0,Sarjapur Road,Residential House,Ready to Move,contractor,False,True,Normal,Extreme Area
12400000,15198196.005544962,-2798196.0055449624,-18.41136937912933,18.41136937912933,1600.0,6.0,3.0,1.0,Abbigere,Residential House,Ready to Move,owner,False,False,Normal,None
15000000,8732225.322630316,6267774.677369684,71.77751885451472,71.77751885451472,7000.0,2.0,3.0,1.0,Sarjapur Road,Residential House,Ready to Move,owner,False,True,Normal,Extreme Area
6000000,9900188.18452642,-3900188.1845264193,-39.39509140464876,39.39509140464876,1600.0,2.0,3.0,1.0,Abbigere,Residential House,Ready to Move,builder,False,False,Normal,None
32500000,30063516.815473408,2436483.1845265925,8.10445164975695,8.10445164975695,7000.0,10.0,3.0,1.0,Sarjapur Road,Residential House,Ready to Move,builder,False,True,Normal,Extreme Area
7500000,8253940.806917342,-753940.8069173424,-9.13431322751298,9.13431322751298,1600.0,2.0,3.0,1.0,Abbigere,Residential House,Ready to Move,builder,False,False,Normal,None
20000000,15030367.971370706,4969632.028629294,33.06394120287185,33.06394120287185,7000.0,6.0,3.0,0.5,Sarjapur Road,Residential House,Ready to Move,contractor,False,True,Normal,Extreme Area
20000000,9763124.344149271,10236875.655850729,104.85245598644211,104.85245598644211,1600.0,2.0,3.0,0.5,Abbigere,Residential House,Ready to Move,agent,False,False,Potentially Overpriced,None
8500000,19476918.774150874,-10976918.774150874,-56.35860015352675,56.35860015352675,1600.0,5.0,3.0,0.5,Abbigere,Residential House,Ready to Move,builder,False,False,Potentially Underpriced,None
9800000,15805016.234713987,-6005016.2347139865,-37.994369290963625,37.994369290963625,1600.0,3.0,3.0,0.5,Abbigere,Residential House,Ready to Move,contractor,False,False,Normal,None
19800000,11821611.030220026,7978388.969779974,67.48986199414378,67.48986199414378,1600.0,6.0,3.0,0.5,Abbigere,Residential House,Ready to Move,owner,False,False,Normal,None
2990000,12277708.823527368,-9287708.823527368,-75.64692205217996,75.64692205217996,1600.0,2.0,3.0,0.5,Abbigere,Residential House,Ready to Move,contractor,False,False,Potentially Underpriced,None
6500000,19012768.32836283,-12512768.32836283,-65.81244830978432,65.81244830978432,1600.0,4.0,3.0,1.0,Abbigere,Residential House,Ready to Move,contractor,False,False,Potentially Underpriced,None
26000000,15182803.656278618,10817196.343721382,71.24636917271926,71.24636917271926,1000.0,3.0,3.0,0.5,Other,Residential House,Ready to Move,contractor,False,False,Normal,None
7000000,10204315.518782988,-3204315.518782988,-31.401572333635063,31.401572333635063,1600.0,2.0,3.0,1.0,Abbigere,Residential House,Ready to Move,agent,False,False,Normal,None
19500000,17151576.656432085,2348423.3435679153,13.692171807932441,13.692171807932441,1000.0,4.0,3.0,0.5,Other,Residential House,Ready to Move,contractor,False,False,Normal,None
18000000,11325431.688577086,6674568.311422914,58.934339060602284,58.934339060602284,1600.0,2.0,3.0,1.0,Abbigere,Residential House,Ready to Move,contractor,False,False,Normal,None
16000000,25670774.890391525,-9670774.890391525,-37.6723138732024,37.6723138732024,3200.0,5.0,3.0,1.0,Other,Residential House,Ready to Move,contractor,False,False,Normal,None
2295000,6877991.467795991,-4582991.467795991,-66.63270068383179,66.63270068383179,1600.0,1.0,3.0,1.0,Abbigere,Residential House,Ready to Move,agent,False,False,Potentially Underpriced,None
9900000,16735268.84821078,-6835268.84821078,-40.8434959139695,40.8434959139695,1600.0,7.0,3.0,1.0,Abbigere,Residential House,Ready to Move,owner,False,False,Normal,None
11500000,25068406.296579283,-13568406.296579283,-54.12552412009839,54.12552412009839,3200.0,4.0,3.0,1.0,Other,Residential House,Ready to Move,builder,False,False,Potentially Underpriced,None
17000000,15639565.74269976,1360434.257300241,8.698670280760608,8.698670280760608,1600.0,3.0,3.0,1.0,Abbigere,Residential House,Ready to Move,owner,False,False,Normal,None
20000000,14887277.443430817,5112722.556569183,34.34289833044813,34.34289833044813,1600.0,7.0,3.0,1.0,Abbigere,Residential House,Ready to Move,agent,False,False,Normal,None
13500000,9452936.983793328,4047063.0162066724,42.812757803687845,42.812757803687845,3200.0,2.0,3.0,1.0,Other,Residential House,Ready to Move,contractor,False,False,Normal,None
14000000,13297690.196605502,702309.8033944983,5.281442062575475,5.281442062575475,3200.0,2.0,3.0,1.0,Other,Residential House,Ready to Move,builder,False,False,Normal,None
23000000,8993721.330093447,14006278.669906553,155.73396323767378,155.73396323767378,1600.0,2.0,3.0,1.0,Abbigere,Residential House,Ready to Move,contractor,False,False,Potentially Overpriced,None
10500000,21171070.38620024,-10671070.386200242,-50.404019218394716,50.404019218394716,3200.0,4.0,3.0,1.0,Other,Residential House,Ready to Move,agent,False,False,Potentially Underpriced,None
15800000,15482292.004686957,317707.9953130428,2.052073395960126,2.052073395960126,1600.0,3.0,3.0,1.0,Abbigere,Residential House,Ready to Move,agent,False,False,Normal,None
14500000,19268138.564081535,-4768138.564081535,-24.746233520294492,24.746233520294492,3200.0,5.0,3.0,1.0,Other,Residential House,Ready to Move,agent,False,False,Normal,None
19900000,17332567.924742643,2567432.075257357,14.81276223122304,14.81276223122304,3200.0,3.0,3.0,1.0,Other,Residential House,Ready to Move,agent,False,False,Normal,None
15900000,15572163.326525992,327836.6734740082,2.1052737927270737,2.1052737927270737,1600.0,3.0,3.0,1.0,Abbigere,Residential House,Ready to Move,agent,False,False,Normal,None
4900000,3518142.6761075333,1381857.3238924667,39.278035347371166,39.278035347371166,3200.0,1.0,3.0,1.0,Other,Residential House,Ready to Move,agent,False,False,Normal,None
10500000,18762575.350837868,-8262575.350837868,-44.03753320819517,44.03753320819517,1600.0,3.0,3.0,1.0,Abbigere,Residential House,Ready to Move,owner,False,False,Normal,None
26000000,16208109.857296048,9791890.142703952,60.41352279146943,60.41352279146943,3200.0,3.0,3.0,1.0,Other,Residential House,Ready to Move,builder,False,False,Normal,None
19500000,24057574.86427747,-4557574.864277471,-18.944448432518055,18.944448432518055,1600.0,8.0,3.0,1.0,Abbigere,Residential House,Ready to Move,contractor,False,False,Normal,None
30000000,13116843.353977226,16883156.646022774,128.71356461616617,128.71356461616617,3200.0,3.0,3.0,1.0,Other,Residential House,Ready to Move,owner,False,False,Potentially Overpriced,None
17000000,13808475.204256434,3191524.795743566,23.112796659545616,23.112796659545616,1600.0,3.0,3.0,1.0,Abbigere,Residential House,Ready to Move,builder,False,False,Normal,None
31200000,31246305.057244834,-46305.05724483356,-0.1481937053357199,0.1481937053357199,3200.0,5.0,3.0,1.0,Other,Residential House,Ready to Move,builder,False,False,Normal,None
34100000,19968253.950019453,14131746.049980547,70.7710653387738,70.7710653387738,1600.0,10.0,3.0,1.0,Abbigere,Residential House,Ready to Move,builder,False,False,Normal,None
32000000,22660023.33529356,9339976.664706439,41.21785986936381,41.21785986936381,3200.0,7.0,3.0,1.0,Other,Residential House,Ready to Move,agent,False,False,Normal,None
14000000,13571946.959877916,428053.0401220843,3.153954560738534,3.153954560738534,1600.0,5.0,3.0,1.5,Abbigere,Residential House,Ready to Move,contractor,False,False,Normal,None
55000000,21679522.16911615,33320477.83088385,153.69562839512662,153.69562839512662,3200.0,5.0,3.0,1.0,Other,Residential House,Ready to Move,builder,False,False,Potentially Overpriced,None
15000000,19853960.47696478,-4853960.476964779,-24.448323459676995,24.448323459676995,1600.0,4.0,3.0,1.5,Abbigere,Residential House,Ready to Move,agent,False,False,Normal,None
43000000,22030430.913094465,20969569.086905535,95.18456161673001,95.18456161673001,3200.0,6.0,3.0,1.0,Other,Residential House,Ready to Move,agent,False,False,Normal,None
26500000,15582148.113542113,10917851.886457887,70.06641065726627,70.06641065726627,1600.0,3.0,3.0,1.5,Abbigere,Residential House,Ready to Move,contractor,False,False,Normal,None
18000000,14712548.79048665,3287451.2095133495,22.34453904845545,22.34453904845545,2500.0,2.0,3.0,1.0,Varthur,Residential House,Ready to Move,builder,False,False,Normal,None
27000000,12918531.263622286,14081468.736377714,109.00208738148261,109.00208738148261,2800.0,3.0,3.0,1.0,Sarjapur Road,Villa,Ready to Move,contractor,False,False,Potentially Overpriced,None
24500000,15143325.00987183,9356674.99012817,61.787454102904206,61.787454102904206,2500.0,2.0,3.0,1.0,Varthur,Residential House,Ready to Move,contractor,False,False,Normal,None
47500000,24348624.34456706,23151375.65543294,95.08288980851083,95.08288980851083,2800.0,4.0,3.0,1.0,Sarjapur Road,Villa,Ready to Move,contractor,False,False,Normal,None
10500000,14222699.90904017,-3722699.90904017,-26.17435460811462,26.17435460811462,2500.0,3.0,3.0,1.0,Varthur,Residential House,Ready to Move,agent,False,False,Normal,None
17000000,14712548.79048665,2287451.2095133495,15.547620212430147,15.547620212430147,2500.0,2.0,3.0,1.0,Varthur,Residential House,Ready to Move,builder,False,False,Normal,None
21000000,20811108.689113982,188891.31088601798,0.9076465540964886,0.9076465540964886,2500.0,3.0,3.0,1.0,Varthur,Residential House,Ready to Move,builder,False,False,Normal,None
11000000,22670852.38893983,-11670852.388939831,-51.47954822657464,51.47954822657464,2500.0,4.0,3.0,1.0,Varthur,Residential House,Ready to Move,agent,False,False,Potentially Underpriced,None
25000000,12187283.134657653,12812716.865342347,105.13185526071938,105.13185526071938,2500.0,2.0,3.0,1.0,Varthur,Residential House,Ready to Move,agent,False,False,Potentially Overpriced,None
21500000,20327064.26406702,1172935.7359329797,5.7703154803639105,5.7703154803639105,2500.0,8.0,3.0,1.0,Varthur,Residential House,Ready to Move,agent,False,False,Normal,None
21500000,17554149.326217823,3945850.6737821773,22.4781651360849,22.4781651360849,2500.0,8.0,3.0,1.0,Varthur,Residential House,Ready to Move,builder,False,False,Normal,None
19500000,26760508.442018047,-7260508.442018047,-27.131429351386878,27.131429351386878,2500.0,10.0,3.0,1.0,Varthur,Residential House,Ready to Move,contractor,False,False,Normal,None
35005000,18256418.595847607,16748581.404152393,91.7407832002813,91.7407832002813,2500.0,3.0,3.0,1.0,Varthur,Residential House,Ready to Move,builder,False,False,Normal,None
12000000,20288265.981397435,-8288265.981397435,-40.852510456029364,40.852510456029364,2500.0,8.0,3.0,1.0,Varthur,Residential House,Ready to Move,owner,False,False,Normal,None
22500000,27436256.023994412,-4936256.023994412,-17.99172605649037,17.99172605649037,2500.0,10.0,3.0,1.0,Varthur,Residential House,Ready to Move,agent,False,False,Normal,None
31500000,22444980.294746578,9055019.705253422,40.3431840275343,40.3431840275343,2500.0,5.0,3.0,1.0,Varthur,Residential House,Ready to Move,owner,False,False,Normal,None
18500000,26039423.682973236,-7539423.682973236,-28.953880756981366,28.953880756981366,1250.0,7.0,3.0,1.5,Krishnarajapura,Residential House,Ready to Move,owner,False,False,Normal,None
42500000,21175637.393238515,21324362.606761485,100.7023411421394,100.7023411421394,1250.0,7.0,3.0,1.0,Krishnarajapura,Residential House,Ready to Move,owner,False,False,Potentially Overpriced,None
16000000,25529792.308175005,-9529792.308175005,-37.328123132139346,37.328123132139346,1250.0,8.0,3.0,1.0,Krishnarajapura,Residential House,Ready to Move,agent,False,False,Normal,None
22000000,22825082.88094253,-825082.8809425309,-3.614807820178484,3.614807820178484,1250.0,6.0,3.0,1.0,Krishnarajapura,Residential House,Ready to Move,owner,False,False,Normal,None
26100000,28385523.796622448,-2285523.7966224477,-8.051723170577528,8.051723170577528,1250.0,5.0,3.0,1.0,Krishnarajapura,Residential House,Ready to Move,builder,False,False,Normal,None
40000000,18724439.557504095,21275560.442495905,113.62455136324445,113.62455136324445,1250.0,4.0,3.0,1.0,Krishnarajapura,Residential House,Ready to Move,agent,False,False,Potentially Overpriced,None
40000000,18724439.557504095,21275560.442495905,113.62455136324445,113.62455136324445,1250.0,4.0,3.0,1.0,Krishnarajapura,Residential House,Ready to Move,agent,False,False,Potentially Overpriced,None
24000000,19104839.87692846,4895160.12307154,25.622617905230772,25.622617905230772,1250.0,3.0,3.0,1.5,Krishnarajapura,Residential House,Ready to Move,contractor,False,False,Normal,None
16500000,19104839.87692846,-2604839.87692846,-13.634450190153844,13.634450190153844,1250.0,3.0,3.0,1.5,Krishnarajapura,Residential House,Ready to Move,contractor,False,False,Normal,None
25000000,12722918.094001194,12277081.905998806,96.49580241963045,96.49580241963045,1600.0,3.0,3.0,1.0,Other,Residential House,Ready to Move,owner,False,False,Normal,None
63000000,24444947.71521768,38555052.28478232,157.72196665726838,157.72196665726838,1600.0,10.0,3.0,1.0,Other,Residential House,Ready to Move,owner,False,False,Potentially Overpriced,None
9800000,25074397.613332864,-15274397.613332864,-60.916309332236864,60.916309332236864,1250.0,5.0,3.0,1.5,Krishnarajapura,Residential House,Ready to Move,agent,False,False,Potentially Underpriced,None
18500000,17723068.538815167,776931.4611848332,4.383729936400579,4.383729936400579,1250.0,3.0,3.0,1.5,Krishnarajapura,Residential House,Ready to Move,builder,False,False,Normal,None
57000000,22223391.855357613,34776608.14464238,156.4865002200753,156.4865002200753,1600.0,4.0,3.0,1.0,Other,Residential House,Ready to Move,agent,False,False,Potentially Overpriced,None
25000000,23433871.163697038,1566128.8363029622,6.683184461341394,6.683184461341394,1600.0,,3.0,1.0,Other,Residential House,Ready to Move,contractor,False,False,Normal,None
45000000,11907881.614131767,33092118.385868233,277.9009689397308,277.9009689397308,1250.0,2.0,3.0,1.5,Krishnarajapura,Residential House,Ready to Move,builder,False,False,Potentially Overpriced,None
5625000,10171458.007672114,-4546458.007672114,-44.69819375199522,44.69819375199522,1250.0,1.0,3.0,1.5,Krishnarajapura,Residential House,Ready to Move,owner,False,False,Normal,None
30000000,25084219.73057034,4915780.269429661,19.597102569783186,19.597102569783186,1600.0,6.0,3.0,1.0,Other,Residential House,Ready to Move,contractor,False,False,Normal,None
8400000,23275202.364825904,-14875202.364825904,-63.910088220352925,63.910088220352925,1250.0,2.0,3.0,1.5,Krishnarajapura,Residential House,Ready to Move,owner,False,False,Potentially Underpriced,None
68000000,21651539.721461095,46348460.278538905,214.0654238672833,214.0654238672833,1250.0,6.0,3.0,1.5,Krishnarajapura,Residential House,Ready to Move,agent,False,False,Potentially Overpriced,None
12000000,28967586.04040123,-16967586.04040123,-58.57438730564728,58.57438730564728,1250.0,7.0,3.0,1.5,Krishnarajapura,Residential House,Ready to Move,agent,False,False,Potentially Underpriced,None
81000000,22423093.469178315,58576906.53082168,261.23472486674785,261.23472486674785,1250.0,10.0,3.0,1.5,Krishnarajapura,Residential House,Ready to Move,agent,False,False,Potentially Overpriced,None
16000000,19932059.01190483,-3932059.0119048283,-19.72730970521573,19.72730970521573,1250.0,3.0,3.0,1.5,Krishnarajapura,Residential House,Ready to Move,contractor,False,False,Normal,None
15000000,21505350.353290968,-6505350.353290968,-30.24991570200321,30.24991570200321,1250.0,5.0,3.0,1.5,Krishnarajapura,Residential House,Ready to Move,contractor,False,False,Normal,None
20000000,18624643.17267626,1375356.8273237385,7.384607665082623,7.384607665082623,1250.0,5.0,3.0,1.5,Krishnarajapura,Residential House,Ready to Move,contractor,False,False,Normal,None
50000000,22335629.73941917,27664370.26058083,123.85757904894528,123.85757904894528,1250.0,4.0,3.0,1.5,Krishnarajapura,Residential House,Ready to Move,owner,False,False,Potentially Overpriced,None
40000000,23364308.608284373,16635691.391715627,71.20129968586807,71.20129968586807,1250.0,7.0,3.0,1.5,Krishnarajapura,Residential House,Ready to Move,builder,False,False,Normal,None
33000000,30972581.726663463,2027418.2733365372,6.545848490218647,6.545848490218647,1250.0,6.0,3.0,1.5,Krishnarajapura,Residential House,Ready to Move,agent,False,False,Normal,None
18500000,18841651.43214269,-341651.4321426898,-1.8132775323497048,1.8132775323497048,1250.0,3.0,3.0,1.5,Krishnarajapura,Residential House,Ready to Move,agent,False,False,Normal,None
17800000,19667292.432316307,-1867292.432316307,-9.494405184356063,9.494405184356063,1250.0,5.0,3.0,1.5,Krishnarajapura,Residential House,Ready to Move,agent,False,False,Normal,None
9000000,11460613.718653966,-2460613.7186539657,-21.470174102883572,21.470174102883572,1250.0,1.0,3.0,1.5,Krishnarajapura,Residential House,Ready to Move,contractor,False,False,Normal,None
18000000,18338748.379874412,-338748.37987441197,-1.84717284330138,1.84717284330138,1250.0,3.0,3.0,1.5,Krishnarajapura,Residential House,Ready to Move,contractor,False,False,Normal,None
30000000,12391101.241116691,17608898.75888331,142.1092315867188,142.1092315867188,1250.0,2.0,3.0,1.5,Krishnarajapura,Residential House,Ready to Move,owner,False,False,Potentially Overpriced,None
20000000,30972581.726663463,-10972581.726663463,-35.42675849077658,35.42675849077658,1250.0,6.0,3.0,1.5,Krishnarajapura,Residential House,Ready to Move,agent,False,False,Normal,None
23500000,21536482.773631997,1963517.2263680026,9.11716758491325,9.11716758491325,1250.0,4.0,3.0,1.5,Krishnarajapura,Residential House,Ready to Move,agent,False,False,Normal,None
32000000,22153801.723163877,9846198.276836123,44.44473413581652,44.44473413581652,2572.0,4.0,3.0,1.0,Whitefield,Villa,Under Construction,agent,False,False,Normal,None
4800000,3732633.60600387,1067366.3939961302,28.595530841261564,28.595530841261564,2572.0,1.0,3.0,1.0,Whitefield,Villa,Under Construction,contractor,False,False,Normal,None
28500000,27536693.697222527,963306.3027774729,3.498264219261139,3.498264219261139,2572.0,10.0,3.0,1.0,Whitefield,Villa,Under Construction,builder,False,False,Normal,None
45000000,37680219.256046414,7319780.743953586,19.426056664410215,19.426056664410215,2572.0,10.0,3.0,1.0,Whitefield,Villa,Under Construction,agent,False,False,Normal,None
17500000,32672506.92780643,-15172506.92780643,-46.43814740427414,46.43814740427414,2572.0,10.0,3.0,1.0,Whitefield,Villa,Under Construction,builder,False,False,Normal,None
70000000,10071700.322256984,59928299.67774302,595.0167078076206,595.0167078076206,5229.0,2.0,3.0,1.0,Other,Residential House,Ready to Move,agent,False,True,Potentially Overpriced,Extreme Area
50000000,32709388.407414466,17290611.592585534,52.86131118448595,52.86131118448595,4500.0,4.0,3.0,1.0,Other,Residential House,Ready to Move,agent,False,True,Normal,Extreme Area
7500000,15573712.356536273,-8073712.356536273,-51.84192549406978,51.84192549406978,2572.0,3.0,3.0,1.0,Whitefield,Villa,Under Construction,contractor,False,False,Potentially Underpriced,None
35000000,27536693.697222527,7463306.302777473,27.10313149733824,27.10313149733824,2572.0,10.0,3.0,1.0,Whitefield,Villa,Under Construction,builder,False,False,Normal,None
16000000,31818296.628472615,-15818296.628472615,-49.714467160751795,49.714467160751795,3000.0,9.0,3.0,1.0,Other,Residential House,Ready to Move,agent,False,False,Normal,None
10500000,17862034.60949065,-7362034.609490652,-41.21610315086376,41.21610315086376,1000.0,3.0,3.0,1.5,Other,Residential House,Ready to Move,builder,False,False,Normal,None
11000000,35685279.844778635,-24685279.844778635,-69.17496500560723,69.17496500560723,2572.0,4.0,3.0,1.0,Whitefield,Villa,Under Construction,contractor,False,False,Potentially Underpriced,None
29385807,12651305.423207644,16734501.576792356,132.27489983835554,132.27489983835554,2572.0,3.0,3.0,1.0,Whitefield,Villa,Under Construction,builder,False,False,Potentially Overpriced,None
19500000,17906159.51306988,1593840.4869301207,8.9010738777724,8.9010738777724,1000.0,4.0,3.0,1.5,Other,Residential House,Ready to Move,builder,False,False,Normal,None
13500000,11628117.454512758,1871882.5454872418,16.09789850171132,16.09789850171132,1668.0,3.0,3.0,1.0,Other,Villa,Ready to Move,contractor,False,False,Normal,None
17000000,28312963.87659792,-11312963.876597919,-39.9568336466132,39.9568336466132,2572.0,6.0,3.0,1.0,Whitefield,Villa,Under Construction,agent,False,False,Normal,None
14500000,16054326.205331404,-1554326.2053314038,-9.681665773149888,9.681665773149888,1668.0,5.0,3.0,1.0,Other,Villa,Ready to Move,builder,False,False,Normal,None
11500000,15391686.301222548,-3891686.301222548,-25.2843400330569,25.2843400330569,1668.0,7.0,3.0,1.0,Other,Villa,Ready to Move,builder,False,False,Normal,None
11000000,19226356.126895253,-8226356.126895253,-42.78687065089581,42.78687065089581,1668.0,4.0,3.0,1.0,Other,Villa,Ready to Move,owner,False,False,Normal,None
8500000,15125551.773308938,-6625551.773308938,-43.80370298292596,43.80370298292596,1668.0,4.0,3.0,1.0,Other,Villa,Ready to Move,builder,False,False,Normal,None
29900000,31006240.505726583,-1106240.5057265833,-3.5677995386840604,3.5677995386840604,2650.0,4.0,3.0,1.0,Whitefield,Villa,Ready to Move,builder,False,False,Normal,None
11000000,31006240.505726583,-20006240.505726583,-64.52327073329513,64.52327073329513,2650.0,4.0,3.0,1.0,Whitefield,Villa,Ready to Move,builder,False,False,Potentially Underpriced,None
19800000,22317038.773416944,-2517038.773416944,-11.27855177818272,11.27855177818272,2650.0,4.0,3.0,1.0,Whitefield,Villa,Ready to Move,contractor,False,False,Normal,None
5600000,11705183.322016263,-6105183.322016263,-52.157947074037125,52.157947074037125,2650.0,3.0,3.0,1.0,Whitefield,Villa,Ready to Move,contractor,False,False,Potentially Underpriced,None
35000000,17288088.096524578,17711911.903475422,102.4515365989837,102.4515365989837,1850.0,3.0,3.0,1.5,Sarjapur Road,Villa,Ready to Move,owner,False,False,Potentially Overpriced,None
12500000,18771131.208321735,-6271131.208321735,-33.408381938865666,33.408381938865666,1850.0,3.0,3.0,1.5,Sarjapur Road,Villa,Ready to Move,agent,False,False,Normal,None
90000000,31484658.101899747,58515341.89810026,185.85350906055896,185.85350906055896,4500.0,4.0,3.0,1.0,Whitefield,Residential House,Ready to Move,contractor,False,True,Potentially Overpriced,Extreme Area
2700000,10294042.986049015,-7594042.986049015,-73.77123833989064,73.77123833989064,1850.0,2.0,3.0,1.5,Sarjapur Road,Villa,Ready to Move,owner,False,False,Potentially Underpriced,None
29000000,37664266.97910596,-8664266.979105957,-23.003944252817693,23.003944252817693,4500.0,10.0,3.0,1.0,Whitefield,Residential House,Ready to Move,builder,False,True,Normal,Extreme Area
16500000,29428547.754057042,-12928547.754057042,-43.93199372970996,43.93199372970996,1850.0,5.0,3.0,1.0,Sarjapur Road,Villa,Ready to Move,owner,False,False,Normal,None
5200000,8982079.591987856,-3782079.5919878557,-42.106948098762395,42.106948098762395,4500.0,2.0,3.0,1.0,Whitefield,Residential House,Ready to Move,agent,False,True,Normal,Extreme Area
10800000,16246542.370316477,-5446542.3703164775,-33.524317028019915,33.524317028019915,1250.0,3.0,3.0,1.0,Sir M V Nagar,Residential House,Ready to Move,contractor,False,False,Normal,None
33500000,15792144.45969548,17707855.54030452,112.13078493233324,112.13078493233324,1850.0,4.0,3.0,1.0,Sarjapur Road,Villa,Ready to Move,owner,False,False,Potentially Overpriced,None
11000000,15516975.901861267,-4516975.901861267,-29.109898284494047,29.109898284494047,1250.0,4.0,3.0,1.5,Sir M V Nagar,Residential House,Ready to Move,contractor,False,False,Normal,None
3800000,18619533.769866053,-14819533.769866053,-79.59132571756476,79.59132571756476,1250.0,6.0,3.0,1.5,Sir M V Nagar,Residential House,Ready to Move,contractor,False,False,Potentially Underpriced,None
11500000,21080588.02869181,-9580588.02869181,-45.44744205262261,45.44744205262261,1850.0,4.0,3.0,1.0,Sarjapur Road,Villa,Ready to Move,contractor,False,False,Normal,None
18000000,16587954.657543775,1412045.3424562253,8.512474091036072,8.512474091036072,1250.0,9.0,3.0,0.5,Sir M V Nagar,Residential House,Ready to Move,owner,False,False,Normal,None
26000000,15610982.944582554,10389017.055417446,66.54941006788253,66.54941006788253,1850.0,3.0,3.0,1.0,Sarjapur Road,Villa,Ready to Move,contractor,False,False,Normal,None
18480000,10452706.226743694,8027293.773256306,76.79632048510206,76.79632048510206,1250.0,4.0,3.0,0.5,Sir M V Nagar,Residential House,Ready to Move,owner,False,False,Normal,None
21050000,18944361.39229717,2105638.607702829,11.114856627254731,11.114856627254731,3000.0,9.0,3.0,1.5,Other,Residential House,Ready to Move,builder,False,False,Normal,None
15000000,14038667.506084133,961332.4939158671,6.847747434001418,6.847747434001418,1250.0,4.0,3.0,0.5,Sir M V Nagar,Residential House,Ready to Move,builder,False,False,Normal,None
4500000,14909279.108504405,-10409279.108504405,-69.81745416897351,69.81745416897351,3000.0,2.0,3.0,1.5,Other,Residential House,Ready to Move,builder,False,False,Potentially Underpriced,None
11000000,12601111.829053873,-1601111.8290538732,-12.706115545790606,12.706115545790606,1768.0,3.0,3.0,1.0,Whitefield,Villa,Ready to Move,contractor,False,False,Normal,None
4500000,16656246.220891384,-12156246.220891384,-72.98310831671185,72.98310831671185,1250.0,4.0,3.0,0.5,Sir M V Nagar,Residential House,Ready to Move,owner,False,False,Potentially Underpriced,None
11000000,25282858.768707898,-14282858.768707898,-56.492261810145905,56.492261810145905,1768.0,4.0,3.0,1.0,Whitefield,Villa,Ready to Move,owner,False,False,Potentially Underpriced,None
15600000,22955640.086993314,-7355640.086993314,-32.042844630418415,32.042844630418415,1768.0,6.0,3.0,1.0,Whitefield,Villa,Ready to Move,contractor,False,False,Normal,None
10000000,10020573.523844669,-20573.52384466864,-0.2053128375907075,0.2053128375907075,1250.0,2.0,3.0,0.5,Sir M V Nagar,Residential House,Ready to Move,agent,False,False,Normal,None
13000000,14038667.506084133,-1038667.5060841329,-7.398618890532105,7.398618890532105,1250.0,4.0,3.0,0.5,Sir M V Nagar,Residential House,Ready to Move,builder,False,False,Normal,None
11400000,12356138.416615307,-956138.4166153073,-7.738165310042071,7.738165310042071,1668.0,3.0,3.0,1.0,Chandapura,Villa,Ready to Move,builder,False,False,Normal,None
47580000,22016079.866200913,25563920.133799087,116.11476833823092,116.11476833823092,4758.0,4.0,3.0,1.0,Whitefield,Villa,Ready to Move,contractor,False,True,Potentially Overpriced,Extreme Area
24000000,13573869.46721308,10426130.53278692,76.810304961092,76.810304961092,1250.0,7.0,3.0,1.0,Sir M V Nagar,Residential House,Ready to Move,owner,False,False,Normal,None
17100000,26178868.634349544,-9078868.634349544,-34.68014130464398,34.68014130464398,2700.0,4.0,3.0,1.0,Other,Residential House,Ready to Move,contractor,False,False,Normal,None
45000000,25855143.423030928,19144856.576969072,74.04660753076871,74.04660753076871,1668.0,10.0,3.0,1.0,Chandapura,Villa,Ready to Move,contractor,False,False,Normal,None
12000000,7071956.205759402,4928043.794240598,69.68430870976262,69.68430870976262,4758.0,2.0,3.0,1.0,Whitefield,Villa,Ready to Move,builder,False,True,Normal,Extreme Area
4000000,19727776.029501047,-15727776.029501047,-79.72401960556338,79.72401960556338,1250.0,2.0,3.0,1.5,Sir M V Nagar,Residential House,Ready to Move,builder,False,False,Potentially Underpriced,None
9500000,15004654.556763457,-5504654.556763457,-36.68631314329189,36.68631314329189,2700.0,3.0,3.0,1.0,Other,Residential House,Ready to Move,contractor,False,False,Normal,None
20000000,22389846.91954698,-2389846.9195469804,-10.673797494616077,10.673797494616077,1000.0,4.0,3.0,1.5,Other,Residential House,Ready to Move,builder,False,False,Normal,None
12000000,33842134.66517608,-21842134.66517608,-64.54124387032792,64.54124387032792,4758.0,4.0,3.0,1.0,Whitefield,Villa,Ready to Move,builder,False,True,Potentially Underpriced,Extreme Area
14000000,21272615.33877741,-7272615.338777412,-34.18768789336547,34.18768789336547,1250.0,5.0,3.0,1.5,Sir M V Nagar,Residential House,Ready to Move,builder,False,False,Normal,None
17500000,35229294.94274092,-17729294.942740917,-50.325432205091815,50.325432205091815,2700.0,7.0,3.0,1.0,Other,Residential House,Ready to Move,agent,False,False,Potentially Underpriced,None
13999999,22389846.91954698,-8389847.91954698,-37.47166271254138,37.47166271254138,1000.0,4.0,3.0,1.5,Other,Residential House,Ready to Move,builder,False,False,Normal,None
11400000,21751643.250538766,-10351643.250538766,-47.5901665511288,47.5901665511288,4758.0,3.0,3.0,1.5,Whitefield,Villa,Ready to Move,builder,False,True,Normal,Extreme Area
72000000,15516975.901861267,56483024.098138735,364.0079385014935,364.0079385014935,1250.0,4.0,3.0,1.5,Sir M V Nagar,Residential House,Ready to Move,contractor,False,False,Potentially Overpriced,None
16500000,20344657.098070417,-3844657.0980704166,-18.897625452901153,18.897625452901153,2616.0,5.0,3.0,1.5,Sarjapur Road,Villa,Ready to Move,agent,False,False,Normal,None
11400000,12683448.087784808,-1283448.0877848081,-10.119078651970618,10.119078651970618,1489.0,4.0,3.0,1.0,Chandapura,Villa,Ready to Move,builder,False,False,Normal,None
800000,6967211.525928996,-6167211.525928996,-88.51764444035119,88.51764444035119,4758.0,2.0,3.0,0.5,Whitefield,Villa,Ready to Move,contractor,False,True,Potentially Underpriced,Extreme Area
10500000,13832709.85780931,-3332709.857809311,-24.0929643726158,24.0929643726158,1250.0,6.0,3.0,1.5,Sir M V Nagar,Residential House,Ready to Move,owner,False,False,Normal,None
20000000,29142783.978453565,-9142783.978453565,-31.372376726990787,31.372376726990787,2616.0,6.0,3.0,1.5,Sarjapur Road,Villa,Ready to Move,agent,False,False,Normal,None
7500000,14436142.242672753,-6936142.242672753,-48.04706220038307,48.04706220038307,1489.0,4.0,3.0,1.0,Chandapura,Villa,Ready to Move,builder,False,False,Normal,None
20000000,38028530.8148887,-18028530.8148887,-47.40790776968507,47.40790776968507,1489.0,10.0,3.0,1.5,Chandapura,Villa,Ready to Move,builder,False,False,Normal,None
13500000,42385824.74874509,-28885824.74874509,-68.14972911338786,68.14972911338786,4758.0,4.0,3.0,0.5,Whitefield,Villa,Ready to Move,contractor,False,True,Potentially Underpriced,Extreme Area
8800000,23247112.478288546,-14447112.478288546,-62.14583635615525,62.14583635615525,1250.0,4.0,3.0,1.0,Sir M V Nagar,Residential House,Ready to Move,agent,False,False,Potentially Underpriced,None
20500000,14848087.78090278,5651912.219097219,38.06491652323446,38.06491652323446,1250.0,4.0,3.0,1.0,Sir M V Nagar,Residential House,Ready to Move,owner,False,False,Normal,None
13500000,17051727.124302287,-3551727.1243022867,-20.829134189230196,20.829134189230196,2200.0,3.0,3.0,1.5,Other,Residential House,Ready to Move,contractor,False,False,Normal,None
16800000,20277731.969991393,-3477731.9699913934,-17.15049777331123,17.15049777331123,2200.0,10.0,3.0,1.5,Other,Residential House,Ready to Move,agent,False,False,Normal,None
20000000,7708758.474569996,12291241.525430005,159.44515016233694,159.44515016233694,1489.0,2.0,3.0,1.5,Chandapura,Villa,Ready to Move,agent,False,False,Potentially Overpriced,None
4800000,17882891.425990596,-13082891.425990596,-73.15870299909226,73.15870299909226,1489.0,2.0,3.0,1.5,Chandapura,Villa,Ready to Move,contractor,False,False,Potentially Underpriced,None
83000000,18535293.668988436,64464706.33101156,347.7943618388309,347.7943618388309,4600.0,7.0,3.0,1.0,Block 3rd HRBR Layout,Residential House,Ready to Move,owner,False,True,Potentially Overpriced,Extreme Area
9000000,2722590.70039606,6277409.29960394,230.5674995029827,230.5674995029827,4758.0,2.0,3.0,0.5,Whitefield,Villa,Ready to Move,contractor,False,True,Potentially Overpriced,Extreme Area
8200000,14510558.691130647,-6310558.691130647,-43.489426047998265,43.489426047998265,4758.0,3.0,3.0,0.5,Whitefield,Villa,Ready to Move,agent,False,True,Normal,Extreme Area
6500000,13620258.668199377,-7120258.668199377,-52.27697095668072,52.27697095668072,1250.0,3.0,3.0,1.0,Sir M V Nagar,Residential House,Ready to Move,builder,False,False,Potentially Underpriced,None
15000000,21288244.142265543,-6288244.142265543,-29.538575846097633,29.538575846097633,1250.0,6.0,3.0,1.0,Sir M V Nagar,Residential House,Ready to Move,builder,False,False,Normal,None
15000000,21778402.947089285,-6778402.947089285,-31.12442617375315,31.12442617375315,2000.0,4.0,3.0,1.0,Other,Villa,Ready to Move,contractor,False,False,Normal,None
7100000,15334667.300200658,-8234667.300200658,-53.69968020168853,53.69968020168853,2000.0,3.0,3.0,0.5,Other,Villa,Ready to Move,owner,False,False,Potentially Underpriced,None
12000000,22010545.95913471,-10010545.95913471,-45.48067993279459,45.48067993279459,1150.0,4.0,3.0,1.0,Other,Villa,Ready to Move,agent,False,False,Normal,None
11500000,18198426.351211265,-6698426.351211265,-36.807722942294,36.807722942294,1150.0,3.0,3.0,1.0,Other,Villa,Ready to Move,owner,False,False,Normal,None
23500000,18499381.976669457,5000618.023330543,27.031270718325,27.031270718325,4600.0,3.0,3.0,1.0,Block 3rd HRBR Layout,Residential House,Ready to Move,agent,False,True,Normal,Extreme Area
13000000,25008136.670621328,-12008136.670621328,-48.01691876839453,48.01691876839453,4600.0,3.0,3.0,1.0,Block 3rd HRBR Layout,Residential House,Ready to Move,builder,False,True,Normal,Extreme Area
24000000,16405104.773726234,7594895.226273766,46.29592636578249,46.29592636578249,2800.0,4.0,3.0,1.0,Other,Residential House,Ready to Move,builder,False,False,Normal,None
13000000,20091994.006625485,-7091994.006625485,-35.29761159736981,35.29761159736981,1250.0,4.0,3.0,1.0,Sir M V Nagar,Residential House,Ready to Move,owner,False,False,Normal,None
14000000,18066863.166896474,-4066863.1668964736,-22.510067903475907,22.510067903475907,1250.0,4.0,3.0,1.0,Sir M V Nagar,Residential House,Ready to Move,contractor,False,False,Normal,None
90000000,19233869.36375312,70766130.63624687,367.924567323973,367.924567323973,2000.0,4.0,3.0,0.5,Other,Villa,Ready to Move,agent,False,False,Potentially Overpriced,None
6500000,8441419.466813667,-1941419.4668136667,-22.998732315650262,22.998732315650262,2000.0,2.0,3.0,0.5,Other,Villa,Ready to Move,contractor,False,False,Normal,None
8900000,11669753.500763863,-2769753.5007638633,-23.734464490467296,23.734464490467296,1150.0,2.0,3.0,1.0,Other,Villa,Ready to Move,builder,False,False,Normal,None
13000000,15607380.657915901,-2607380.6579159014,-16.706074613445562,16.706074613445562,2400.0,3.0,3.0,1.0,Other,Residential House,Ready to Move,agent,False,False,Normal,None
7400000,8508125.366297225,-1108125.3662972245,-13.024318737553886,13.024318737553886,4600.0,2.0,3.0,1.0,Block 3rd HRBR Layout,Residential House,Ready to Move,agent,False,True,Normal,Extreme Area
24500000,36580747.85633521,-12080747.856335208,-33.02487938130825,33.02487938130825,2775.0,4.0,3.0,1.0,Other,Villa,Ready to Move,contractor,False,False,Normal,None
22500000,26163103.00244347,-3663103.00244347,-14.001026568222274,14.001026568222274,1250.0,10.0,3.0,1.0,Sir M V Nagar,Residential House,Ready to Move,contractor,False,False,Normal,None
11800000,19233869.36375312,-7433869.363753121,-38.64989006196798,38.64989006196798,2000.0,4.0,3.0,0.5,Other,Villa,Ready to Move,agent,False,False,Normal,None
12500000,15514575.980963483,-3014575.9809634835,-19.43060503014967,19.43060503014967,2400.0,3.0,3.0,1.0,Other,Residential House,Ready to Move,builder,False,False,Normal,None
8000000,6550454.172752457,1449545.8272475433,22.128936238912026,22.128936238912026,4600.0,2.0,3.0,1.0,Block 3rd HRBR Layout,Residential House,Ready to Move,contractor,False,True,Normal,Extreme Area
17500000,17387408.564734947,112591.43526505306,0.6475458079095837,0.6475458079095837,2775.0,3.0,3.0,1.0,Other,Villa,Ready to Move,builder,False,False,Normal,None
53500000,15576192.47704415,37923807.52295585,243.4728999326833,243.4728999326833,1250.0,5.0,3.0,1.0,Sir M V Nagar,Residential House,Ready to Move,builder,False,False,Potentially Overpriced,None
5700000,8985791.437382596,-3285791.4373825956,-36.56652238458463,36.56652238458463,2000.0,2.0,3.0,0.5,Other,Villa,Ready to Move,builder,False,False,Normal,None
10500000,13452451.614975832,-2952451.6149758324,-21.947312649606854,21.947312649606854,2400.0,3.0,3.0,1.0,Other,Residential House,Ready to Move,owner,False,False,Normal,None
20000000,17972104.744535092,2027895.2554649077,11.283571313936084,11.283571313936084,4600.0,6.0,3.0,1.0,Block 3rd HRBR Layout,Residential House,Ready to Move,builder,False,True,Normal,Extreme Area
17000000,21809353.13184421,-4809353.131844211,-22.05179173710564,22.05179173710564,2775.0,3.0,3.0,1.0,Other,Villa,Ready to Move,agent,False,False,Normal,None
14700000,20586749.58808097,-5886749.588080969,-28.594847199623963,28.594847199623963,1250.0,4.0,3.0,1.0,Sir M V Nagar,Residential House,Ready to Move,contractor,False,False,Normal,None
20000000,20994773.2408676,-994773.2408675998,-4.738194737589323,4.738194737589323,1515.0,4.0,3.0,1.0,Other,Villa,Ready to Move,agent,False,False,Normal,None
1490000,14195256.596499063,-12705256.596499063,-89.50353598844086,89.50353598844086,2400.0,2.0,3.0,1.0,Other,Residential House,Ready to Move,builder,False,False,Potentially Underpriced,None
20000000,28829734.43207148,-8829734.43207148,-30.6271792162223,30.6271792162223,4600.0,5.0,3.0,1.0,Block 3rd HRBR Layout,Residential House,Ready to Move,agent,False,True,Normal,Extreme Area
34000000,24256998.200696994,9743001.799303006,40.16573575465349,40.16573575465349,4700.0,4.0,3.0,1.5,Other,Villa,Ready to Move,builder,False,True,Normal,Extreme Area
400000000,21946564.60022056,378053435.39977944,1722.608719343619,1722.608719343619,2775.0,7.0,3.0,1.0,Other,Villa,Ready to Move,agent,False,False,Potentially Overpriced,None
7200000,8586306.39795314,-1386306.3979531396,-16.14555006194068,16.14555006194068,1250.0,2.0,3.0,1.0,Sir M V Nagar,Residential House,Ready to Move,owner,False,False,Normal,None
21500000,23834074.397496898,-2334074.3974968977,-9.793014650243883,9.793014650243883,1250.0,4.0,3.0,1.0,Sir M V Nagar,Residential House,Ready to Move,builder,False,False,Normal,None
21000000,11580631.819489738,9419368.180510262,81.33725626833109,81.33725626833109,1515.0,3.0,3.0,1.0,Other,Villa,Ready to Move,builder,False,False,Normal,None
20000000,20864519.410474367,-864519.4104743674,-4.1434906477661935,4.1434906477661935,1515.0,5.0,3.0,1.0,Other,Villa,Ready to Move,agent,False,False,Normal,None
10000000,24284614.264221147,-14284614.264221147,-58.82166423893693,58.82166423893693,2400.0,5.0,3.0,1.0,Other,Residential House,Ready to Move,contractor,False,False,Potentially Underpriced,None
27500000,23958849.10537339,3541150.89462661,14.780137723027837,14.780137723027837,1200.0,10.0,3.0,1.0,Other,Residential House,Ready to Move,contractor,False,False,Normal,None
48000000,17905973.708355673,30094026.291644327,168.06696347153243,168.06696347153243,4600.0,3.0,3.0,1.0,Block 3rd HRBR Layout,Residential House,Ready to Move,builder,False,True,Potentially Overpriced,Extreme Area
10200000,21921061.04816495,-11721061.048164949,-53.469405620519176,53.469405620519176,4600.0,3.0,3.0,1.0,Block 3rd HRBR Layout,Residential House,Ready to Move,builder,False,True,Potentially Underpriced,Extreme Area
12000000,34902988.199856184,-22902988.199856184,-65.61898960831827,65.61898960831827,4700.0,5.0,3.0,1.0,Other,Villa,Ready to Move,contractor,False,True,Potentially Underpriced,Extreme Area
16500000,24230943.44152454,-7730943.441524539,-31.905251482185506,31.905251482185506,4700.0,6.0,3.0,1.0,Other,Villa,Ready to Move,builder,False,True,Normal,Extreme Area
38500000,33192139.745580986,5307860.254419014,15.991316905460042,15.991316905460042,2775.0,4.0,3.0,1.0,Other,Villa,Ready to Move,agent,False,False,Normal,None
37000000,47639830.204983205,-10639830.204983205,-22.333896152027556,22.333896152027556,2775.0,4.0,3.0,1.0,Other,Villa,Ready to Move,owner,False,False,Normal,None
16500000,16863913.3463438,-363913.3463438004,-2.1579412730005463,2.1579412730005463,1250.0,5.0,3.0,1.0,Sir M V Nagar,Residential House,Ready to Move,owner,False,False,Normal,None
19500000,12888407.374655878,6611592.625344122,51.29875579775156,51.29875579775156,1250.0,6.0,3.0,1.0,Sir M V Nagar,Residential House,Ready to Move,contractor,False,False,Normal,None
9800000,20142620.829040058,-10342620.829040058,-51.34694693815054,51.34694693815054,1515.0,3.0,3.0,1.0,Other,Villa,Ready to Move,contractor,False,False,Potentially Underpriced,None
37500000,25765208.306759253,11734791.693240747,45.54510700448029,45.54510700448029,3440.0,4.0,3.0,1.0,Other,Residential House,Ready to Move,builder,False,False,Normal,None
23500000,23958849.10537339,-458849.10537339,-1.9151550366853023,1.9151550366853023,1200.0,10.0,3.0,1.0,Other,Residential House,Ready to Move,contractor,False,False,Normal,None
7600000,22759147.163686547,-15159147.163686547,-66.60683308851655,66.60683308851655,1200.0,3.0,3.0,1.0,Other,Residential House,Ready to Move,owner,False,False,Potentially Underpriced,None
15200000,46655854.68205109,-31455854.682051092,-67.42102335583712,67.42102335583712,4600.0,10.0,3.0,1.0,Block 3rd HRBR Layout,Residential House,Ready to Move,contractor,False,True,Potentially Underpriced,Extreme Area
8000000,9822577.89568819,-1822577.8956881892,-18.55498541262009,18.55498541262009,4600.0,2.0,3.0,1.0,Block 3rd HRBR Layout,Residential House,Ready to Move,owner,False,True,Normal,Extreme Area
30000000,37983999.674532056,-7983999.674532056,-21.01937590286275,21.01937590286275,4700.0,10.0,3.0,1.0,Other,Villa,Ready to Move,agent,False,True,Normal,Extreme Area
25000000,20744445.85334615,4255554.14665385,20.514185708978168,20.514185708978168,4700.0,7.0,3.0,1.0,Other,Villa,Ready to Move,contractor,False,True,Normal,Extreme Area
20000000,18737585.47354913,1262414.5264508687,6.7373383205266935,6.7373383205266935,1030.0,4.0,3.0,1.5,Other,Residential House,Ready to Move,agent,False,False,Normal,None
9000000,10534829.70772033,-1534829.70772033,-14.569098412625953,14.569098412625953,700.0,2.0,3.0,0.5,Other,Residential House,Ready to Move,contractor,False,False,Normal,None
13800000,18918440.065884788,-5118440.065884788,-27.05529656810743,27.05529656810743,2200.0,3.0,3.0,1.0,Other,Residential House,Ready to Move,agent,False,False,Normal,None
12000000,9822577.89568819,2177422.104311811,22.16752188106986,22.16752188106986,4600.0,2.0,3.0,1.0,Block 3rd HRBR Layout,Residential House,Ready to Move,owner,False,True,Normal,Extreme Area
14000000,25673514.910466492,-11673514.910466492,-45.46909510122229,45.46909510122229,2400.0,5.0,3.0,1.5,Other,Residential House,Ready to Move,agent,False,False,Normal,None
7600000,15847635.767342893,-8247635.767342893,-52.04331982653675,52.04331982653675,1030.0,3.0,3.0,1.5,Other,Residential House,Ready to Move,contractor,False,False,Potentially Underpriced,None
32500000,11497072.628034648,21002927.371965352,182.6806531668894,182.6806531668894,700.0,5.0,3.0,0.5,Other,Residential House,Ready to Move,contractor,False,False,Potentially Overpriced,None
12000000,19400283.326288845,-7400283.326288845,-38.14523325162424,38.14523325162424,2200.0,3.0,3.0,1.5,Other,Residential House,Ready to Move,contractor,False,False,Normal,None
19000000,13715836.95886123,5284163.04113877,38.5259977716846,38.5259977716846,2200.0,4.0,3.0,1.5,Other,Residential House,Ready to Move,builder,False,False,Normal,None
40000000,21921061.04816495,18078938.95183505,82.47291913521893,82.47291913521893,4600.0,3.0,3.0,1.0,Block 3rd HRBR Layout,Residential House,Ready to Move,builder,False,True,Normal,Extreme Area
12500000,28719195.676389143,-16219195.676389143,-56.47510417474331,56.47510417474331,4600.0,7.0,3.0,1.0,Block 3rd HRBR Layout,Residential House,Ready to Move,contractor,False,True,Potentially Underpriced,Extreme Area
10000000,19596540.6044376,-9596540.6044376,-48.970585156568305,48.970585156568305,2400.0,4.0,3.0,1.0,Other,Residential House,Ready to Move,agent,False,False,Normal,None
20000000,39851166.960698664,-19851166.960698664,-49.81326388829703,49.81326388829703,2400.0,10.0,3.0,1.0,Other,Residential House,Ready to Move,contractor,False,False,Normal,None
19500000,14131870.149825873,5368129.850174127,37.98598340673453,37.98598340673453,2200.0,3.0,3.0,1.0,Other,Residential House,Ready to Move,agent,False,False,Normal,None
13000000,20683690.6250138,-7683690.6250137985,-37.14854744405012,37.14854744405012,700.0,5.0,3.0,0.5,Other,Residential House,Ready to Move,owner,False,False,Normal,None
18000000,18235514.18449788,-235514.18449788168,-1.2915138126354215,1.2915138126354215,700.0,3.0,3.0,0.5,Other,Residential House,Ready to Move,owner,False,False,Normal,None
18000000,17613614.330905706,386385.6690942943,2.193676220197028,2.193676220197028,2200.0,6.0,3.0,1.5,Other,Residential House,Ready to Move,owner,False,False,Normal,None
14000000,19404849.200014416,-5404849.200014416,-27.853085299989864,27.853085299989864,2200.0,6.0,3.0,1.5,Other,Residential House,Ready to Move,owner,False,False,Normal,None
14000000,28829734.43207148,-14829734.43207148,-51.43902545135561,51.43902545135561,4600.0,5.0,3.0,1.0,Block 3rd HRBR Layout,Residential House,Ready to Move,agent,False,True,Potentially Underpriced,Extreme Area
21000000,19758424.497901246,1241575.502098754,6.283777849952739,6.283777849952739,4600.0,3.0,3.0,0.5,Block 3rd HRBR Layout,Residential House,Ready to Move,agent,False,True,Normal,Extreme Area
15800000,16915438.931252476,-1115438.9312524758,-6.594206250194448,6.594206250194448,2400.0,4.0,3.0,1.0,Other,Residential House,Ready to Move,contractor,False,False,Normal,None
45000000,27057265.139129307,17942734.860870693,66.31392629154715,66.31392629154715,2400.0,9.0,3.0,1.0,Other,Residential House,Ready to Move,agent,False,False,Normal,None
4500000,25917400.317799002,-21417400.317799002,-82.63714745761138,82.63714745761138,700.0,6.0,3.0,0.5,Other,Residential House,Ready to Move,contractor,False,False,Potentially Underpriced,None
25000000,12505513.029157523,12494486.970842477,99.91183041999686,99.91183041999686,700.0,4.0,3.0,0.5,Other,Residential House,Ready to Move,agent,False,False,Normal,None
12500000,15834014.287722588,-3334014.2877225876,-21.056026773373084,21.056026773373084,2200.0,3.0,3.0,1.5,Other,Residential House,Ready to Move,contractor,False,False,Normal,None
50000000,19776763.15969964,30223236.84030036,152.82195876162464,152.82195876162464,2750.0,5.0,3.0,1.0,Other,Residential House,Ready to Move,agent,False,False,Potentially Overpriced,None
13000000,17052646.02750494,-4052646.0275049396,-23.76549669164688,23.76549669164688,4600.0,6.0,3.0,0.5,Block 3rd HRBR Layout,Residential House,Ready to Move,contractor,False,True,Normal,Extreme Area
11000000,5534780.681994788,5465219.318005212,98.74319565695048,98.74319565695048,4600.0,2.0,3.0,0.5,Block 3rd HRBR Layout,Residential House,Ready to Move,builder,False,True,Normal,Extreme Area
21000000,14931748.042839106,6068251.957160894,40.63993003197691,40.63993003197691,2400.0,,3.0,1.0,Other,Residential House,Ready to Move,contractor,False,False,Normal,None
16200000,24545440.671544466,-8345440.671544466,-33.999962694576254,33.999962694576254,1600.0,3.0,3.0,1.5,Other,Residential House,Ready to Move,agent,False,False,Normal,None
13000000,17113044.406826742,-4113044.406826742,-24.034556967467253,24.034556967467253,700.0,4.0,3.0,0.5,Other,Residential House,Ready to Move,builder,False,False,Normal,None
17500000,18235514.18449788,-735514.1844978817,-4.033416206728882,4.033416206728882,700.0,3.0,3.0,0.5,Other,Residential House,Ready to Move,owner,False,False,Normal,None
26000000,37439465.523161545,-11439465.523161545,-30.554564183307146,30.554564183307146,2750.0,7.0,3.0,1.0,Other,Residential House,Ready to Move,agent,False,False,Normal,None
29500000,33198743.356345266,-3698743.356345266,-11.141214944927505,11.141214944927505,4600.0,8.0,3.0,0.5,Block 3rd HRBR Layout,Residential House,Ready to Move,owner,False,True,Normal,Extreme Area
16000000,48760917.497597344,-32760917.497597344,-67.18683564395936,67.18683564395936,4600.0,5.0,3.0,0.5,Block 3rd HRBR Layout,Residential House,Ready to Move,owner,False,True,Potentially Underpriced,Extreme Area
20600000,17532890.100604266,3067109.899395734,17.49346446476629,17.49346446476629,1600.0,8.0,3.0,0.5,Other,Residential House,Ready to Move,builder,False,False,Normal,None
26000000,22637713.876818165,3362286.123181835,14.852586888753535,14.852586888753535,1600.0,4.0,3.0,0.5,Other,Residential House,Ready to Move,agent,False,False,Normal,None
54000000,17084146.146696534,36915853.85330346,216.08252198452234,216.08252198452234,4600.0,5.0,3.0,0.5,Block 3rd HRBR Layout,Residential House,Ready to Move,contractor,False,True,Potentially Overpriced,Extreme Area
25000000,46481865.528166465,-21481865.528166465,-46.21558382838393,46.21558382838393,4300.0,4.0,3.0,1.0,Chandapura,Villa,Ready to Move,owner,False,True,Normal,Extreme Area
18500000,14079007.776246738,4420992.223753262,31.4013053619595,31.4013053619595,1600.0,3.0,3.0,0.5,Other,Residential House,Ready to Move,builder,False,False,Normal,None
18000000,22904132.477411848,-4904132.477411848,-21.41156178802373,21.41156178802373,1400.0,4.0,3.0,1.0,Other,Residential House,Ready to Move,owner,False,False,Normal,None
22500000,23380925.18386484,-880925.1838648394,-3.7677088350326073,3.7677088350326073,4300.0,5.0,3.0,1.0,Chandapura,Villa,Ready to Move,agent,False,True,Normal,Extreme Area
16000000,35630006.132707834,-19630006.132707834,-55.094029620970986,55.094029620970986,2845.0,4.0,1.0,1.0,Other,Villa,Ready to Move,contractor,False,False,Potentially Underpriced,None
12000000,15033417.907433439,-3033417.907433439,-20.1778326533019,20.1778326533019,1400.0,3.0,3.0,1.0,Other,Residential House,Ready to Move,owner,False,False,Normal,None
39500000,29439286.155726727,10060713.844273273,34.174449037434265,34.174449037434265,4500.0,5.0,1.0,1.0,Other,Residential House,Ready to Move,owner,False,True,Normal,Extreme Area
21000000,37006702.23451322,-16006702.234513223,-43.25352238380495,43.25352238380495,4500.0,6.0,1.0,1.0,Other,Residential House,Ready to Move,contractor,False,True,Normal,Extreme Area
8499999,15681149.624719508,-7181150.624719508,-45.79479691590507,45.79479691590507,1400.0,2.0,3.0,1.0,Other,Residential House,Ready to Move,builder,False,False,Normal,None
12000000,16977656.69004474,-4977656.690044738,-29.318867620662324,29.318867620662324,1400.0,3.0,3.0,1.0,Other,Residential House,Ready to Move,builder,False,False,Normal,None
8000000,16299781.542319164,-8299781.542319164,-50.91958760778738,50.91958760778738,1400.0,3.0,3.0,1.0,Other,Residential House,Ready to Move,contractor,False,False,Potentially Underpriced,None
12000000,20834337.023025405,-8834337.023025405,-42.40277486757555,42.40277486757555,1400.0,4.0,3.0,1.0,Other,Residential House,Ready to Move,agent,False,False,Normal,None
20000000,21517599.719778143,-1517599.7197781429,-7.052829960319524,7.052829960319524,1400.0,4.0,3.0,1.0,Other,Residential House,Ready to Move,builder,False,False,Normal,None
26000000,16299781.542319164,9700218.457680836,59.511340274691015,59.511340274691015,1400.0,3.0,3.0,1.0,Other,Residential House,Ready to Move,contractor,False,False,Normal,None
35000000,24569286.951576043,10430713.048423957,42.454276629932316,42.454276629932316,1400.0,10.0,3.0,1.0,Other,Residential House,Ready to Move,owner,False,False,Normal,None
12500000,16365496.687685521,-3865496.6876855213,-23.619794507026334,23.619794507026334,1400.0,7.0,3.0,1.0,Other,Residential House,Ready to Move,agent,False,False,Normal,None
10500000,22252715.25109875,-11752715.251098748,-52.81474695776034,52.81474695776034,1400.0,7.0,3.0,1.0,Other,Residential House,Ready to Move,builder,False,False,Potentially Underpriced,None
11000000,19782887.892995384,-8782887.892995384,-44.39638914450493,44.39638914450493,1400.0,6.0,3.0,1.0,Other,Residential House,Ready to Move,owner,False,False,Normal,None
20000000,50284991.41469956,-30284991.414699562,-60.22670097512734,60.22670097512734,3000.0,4.0,3.0,1.0,Other,Residential House,Ready to Move,owner,False,False,Potentially Underpriced,None
35000000,19580514.256162226,15419485.743837774,78.7491357076338,78.7491357076338,1400.0,8.0,3.0,1.0,Other,Residential House,Ready to Move,builder,False,False,Normal,None
3200000,3370919.6923837275,-170919.69238372752,-5.0704172149192495,5.0704172149192495,3000.0,1.0,3.0,1.0,Other,Residential House,Ready to Move,contractor,False,False,Normal,None
20000000,20963780.85384497,-963780.8538449705,-4.5973618049351215,4.5973618049351215,1400.0,6.0,3.0,1.0,Other,Residential House,Ready to Move,builder,False,False,Normal,None
8000000,16025463.405773945,-8025463.405773945,-50.079446706560674,50.079446706560674,3000.0,3.0,3.0,1.0,Other,Residential House,Ready to Move,contractor,False,False,Potentially Underpriced,None
17000000,17491849.014704373,-491849.01470437273,-2.8118754872106666,2.8118754872106666,1400.0,3.0,3.0,1.0,Other,Residential House,Ready to Move,contractor,False,False,Normal,None
13000000,15722391.260153785,-2722391.2601537853,-17.315376618652834,17.315376618652834,1800.0,3.0,3.0,1.5,Other,Villa,Ready to Move,owner,False,False,Normal,None
20000000,32325326.977754544,-12325326.977754544,-38.12900944895783,38.12900944895783,1800.0,5.0,3.0,1.5,Other,Villa,Ready to Move,contractor,False,False,Normal,None
20000000,22646461.992272854,-2646461.992272854,-11.685984297131476,11.685984297131476,1800.0,6.0,3.0,1.5,Other,Villa,Ready to Move,agent,False,False,Normal,None
8500000,11393165.387215436,-2893165.3872154355,-25.39386806814839,25.39386806814839,1800.0,1.0,3.0,1.5,Other,Villa,Ready to Move,builder,False,False,Normal,None
13500000,11087258.17850356,2412741.82149644,21.761392967058033,21.761392967058033,1800.0,4.0,3.0,1.5,Other,Villa,Ready to Move,builder,False,False,Normal,None
54500000,21020547.902367175,33479452.097632825,159.27012108881627,159.27012108881627,1800.0,5.0,3.0,1.5,Other,Villa,Ready to Move,contractor,False,False,Potentially Overpriced,None
18000000,19512513.28860141,-1512513.2886014096,-7.751504207738178,7.751504207738178,1800.0,6.0,3.0,1.5,Other,Villa,Ready to Move,agent,False,False,Normal,None
26500000,27174988.367283054,-674988.3672830537,-2.4838589005458287,2.4838589005458287,2400.0,5.0,3.0,0.5,Other,Residential House,Ready to Move,owner,False,False,Normal,None
20000000,17648565.425362863,2351434.5746371374,13.323658427544915,13.323658427544915,1800.0,4.0,3.0,1.5,Other,Villa,Ready to Move,owner,False,False,Normal,None
10000000,14373654.150067935,-4373654.150067935,-30.428269001082537,30.428269001082537,1800.0,4.0,3.0,1.5,Other,Villa,Ready to Move,builder,False,False,Normal,None
22500000,16445443.202070482,6054556.797929518,36.81601476795255,36.81601476795255,2000.0,3.0,3.0,1.5,Other,Villa,Ready to Move,owner,False,False,Normal,None
32500000,20205556.49779267,12294443.502207331,60.846844300232085,60.846844300232085,3000.0,6.0,3.0,1.5,Other,Residential House,Ready to Move,contractor,False,False,Normal,None
100000000,14606816.777786162,85393183.22221383,584.611859800135,584.611859800135,3000.0,3.0,3.0,1.5,Other,Residential House,Ready to Move,builder,False,False,Potentially Overpriced,None
25000000,25145870.09584761,-145870.09584761038,-0.5800956391312075,0.5800956391312075,3000.0,4.0,3.0,1.0,Other,Residential House,Ready to Move,agent,False,False,Normal,None
18000000,24851457.069400977,-6851457.069400977,-27.56963927816135,27.56963927816135,3000.0,7.0,3.0,1.0,Other,Residential House,Ready to Move,contractor,False,False,Normal,None
16000000,13982681.650812458,2017318.3491875418,14.427263664908843,14.427263664908843,3000.0,3.0,3.0,1.0,Other,Residential House,Ready to Move,agent,False,False,Normal,None
12500000,14998307.56491895,-2498307.56491895,-16.65726318856464,16.65726318856464,2050.0,3.0,3.0,0.5,Other,Villa,Ready to Move,builder,False,False,Normal,None
42000000,15523563.287115602,26476436.712884396,170.55643877111365,170.55643877111365,2050.0,6.0,3.0,1.5,Other,Villa,Ready to Move,contractor,False,False,Potentially Overpriced,None
17800000,25416896.94210737,-7616896.942107368,-29.96784760726907,29.96784760726907,2050.0,5.0,3.0,1.5,Other,Villa,Ready to Move,owner,False,False,Normal,None
11000000,22506504.104006663,-11506504.104006663,-51.12523940116602,51.12523940116602,2050.0,4.0,3.0,1.5,Other,Villa,Ready to Move,contractor,False,False,Potentially Underpriced,None
11000000,27786810.453509364,-16786810.453509364,-60.41287279659424,60.41287279659424,2050.0,6.0,3.0,1.5,Other,Villa,Ready to Move,contractor,False,False,Potentially Underpriced,None
14000000,9297131.155014431,4702868.844985569,50.584086279659125,50.584086279659125,2050.0,2.0,3.0,1.5,Other,Villa,Ready to Move,builder,False,False,Normal,None
13500000,25416896.94210737,-11916896.942107368,-46.88572711787261,46.88572711787261,2050.0,5.0,3.0,1.5,Other,Villa,Ready to Move,owner,False,False,Normal,None
15000000,16550310.274210408,-1550310.2742104083,-9.36725806661272,9.36725806661272,2050.0,4.0,3.0,1.0,Other,Villa,Ready to Move,owner,False,False,Normal,None
8000000,30645856.12214297,-22645856.12214297,-73.89532872530961,73.89532872530961,2160.0,5.0,3.0,1.0,Bannerghatta Main Road,Residential House,Ready to Move,owner,False,False,Potentially Underpriced,None
24000000,41132050.88581893,-17132050.88581893,-41.65134127003994,41.65134127003994,3800.0,4.0,3.0,1.0,Other,Villa,Ready to Move,owner,False,False,Normal,None
14800000,25881711.030871,-11081711.030871,-42.81676361216242,42.81676361216242,2160.0,4.0,3.0,1.0,Bannerghatta Main Road,Residential House,Ready to Move,contractor,False,False,Normal,None
22000000,15314840.320566444,6685159.679433556,43.651514083734796,43.651514083734796,1150.0,7.0,3.0,0.5,Other,Residential House,Ready to Move,builder,False,False,Normal,None
13500000,18726624.08209814,-5226624.082098141,-27.910124425974743,27.910124425974743,2160.0,3.0,3.0,1.0,Bannerghatta Main Road,Residential House,Ready to Move,owner,False,False,Normal,None
13000000,18157000.143725228,-5157000.143725228,-28.40226966406345,28.40226966406345,1150.0,4.0,3.0,0.5,Other,Residential House,Ready to Move,agent,False,False,Normal,None
24600000,18726624.08209814,5873375.917901859,31.363773268223806,31.363773268223806,2160.0,3.0,3.0,1.0,Bannerghatta Main Road,Residential House,Ready to Move,owner,False,False,Normal,None
19500000,20091384.36708187,-591384.3670818694,-2.943472466988415,2.943472466988415,1150.0,3.0,3.0,0.5,Other,Residential House,Ready to Move,builder,False,False,Normal,None
13000000,20968515.573513117,-7968515.573513117,-38.00228750374079,38.00228750374079,2160.0,3.0,3.0,0.5,Bannerghatta Main Road,Residential House,Ready to Move,owner,False,False,Normal,None
15000000,19856440.585601717,-4856440.585601717,-24.457760013258444,24.457760013258444,2000.0,4.0,3.0,1.0,Other,Villa,Ready to Move,owner,False,False,Normal,None
30000000,15573968.712869665,14426031.287130335,92.6291271871458,92.6291271871458,2160.0,3.0,3.0,0.5,Bannerghatta Main Road,Residential House,Ready to Move,owner,False,False,Normal,None
35000000,28327539.80417563,6672460.19582437,23.554675915911393,23.554675915911393,4500.0,4.0,3.0,1.5,Other,Residential House,Ready to Move,contractor,False,True,Normal,Extreme Area
14000000,20968515.573513117,-6968515.573513117,-33.23323269633624,33.23323269633624,2160.0,3.0,3.0,0.5,Bannerghatta Main Road,Residential House,Ready to Move,owner,False,False,Normal,None
29000000,27213447.675279062,1786552.3247209378,6.564961360422765,6.564961360422765,3500.0,4.0,3.0,1.0,Other,Villa,Ready to Move,agent,False,False,Normal,None
30000000,9624651.684900641,20375348.31509936,211.69959165446622,211.69959165446622,2700.0,3.0,3.0,1.5,Other,Residential House,Ready to Move,owner,False,False,Potentially Overpriced,None
45000000,20287156.394680265,24712843.605319735,121.81521709863677,121.81521709863677,2700.0,7.0,3.0,1.5,Other,Residential House,Ready to Move,owner,False,False,Potentially Overpriced,None
17000000,23061625.005870037,-6061625.005870037,-26.284466096067078,26.284466096067078,2700.0,4.0,3.0,1.5,Other,Residential House,Ready to Move,contractor,False,False,Normal,None
6300000,19294042.80851823,-12994042.80851823,-67.34743432196295,67.34743432196295,2700.0,3.0,3.0,1.5,Other,Residential House,Ready to Move,owner,False,False,Potentially Underpriced,None
27500000,25598794.029974192,1901205.9700258076,7.42693569001588,7.42693569001588,2700.0,4.0,3.0,1.5,Other,Residential House,Ready to Move,owner,False,False,Normal,None
22500000,28619015.247794475,-6119015.247794475,-21.380942687278655,21.380942687278655,3200.0,5.0,3.0,1.5,Other,Residential House,Ready to Move,builder,False,False,Normal,None
11300000,15215733.83714301,-3915733.8371430095,-25.734768227769216,25.734768227769216,2700.0,3.0,3.0,1.5,Other,Residential House,Ready to Move,owner,False,False,Normal,None
30000000,22419660.507567726,7580339.492432274,33.8111252392673,33.8111252392673,2700.0,4.0,3.0,0.5,Other,Residential House,Ready to Move,builder,False,False,Normal,None
15000000,27673418.68856232,-12673418.688562319,-45.79636087318825,45.79636087318825,3200.0,10.0,3.0,0.5,Other,Residential House,Ready to Move,builder,False,False,Normal,None
16000000,22912095.55570491,-6912095.55570491,-30.167889003866605,30.167889003866605,3200.0,6.0,3.0,0.5,Other,Residential House,Ready to Move,builder,False,False,Normal,None
32500000,23545754.443947192,8954245.556052808,38.029129953636456,38.029129953636456,2700.0,4.0,3.0,0.5,Other,Residential House,Ready to Move,contractor,False,False,Normal,None
12000000,9654623.671510104,2345376.328489896,24.292778344233998,24.292778344233998,2700.0,2.0,3.0,0.5,Other,Residential House,Ready to Move,agent,False,False,Normal,None
15000000,14903318.523826132,96681.4761738684,0.6487244838745307,0.6487244838745307,3200.0,3.0,3.0,0.5,Other,Residential House,Ready to Move,contractor,False,False,Normal,None
21000000,25984951.654087607,-4984951.654087607,-19.183994338136245,19.183994338136245,2700.0,4.0,3.0,0.5,Other,Residential House,Ready to Move,owner,False,False,Normal,None
15000000,19909934.444635402,-4909934.444635402,-24.66072632377929,24.66072632377929,3200.0,4.0,3.0,0.5,Other,Residential House,Ready to Move,builder,False,False,Normal,None
21000000,15289529.411773257,5710470.588226743,37.34889697670853,37.34889697670853,2700.0,3.0,3.0,0.5,Other,Residential House,Ready to Move,builder,False,False,Normal,None
85000000,47086950.78654198,37913049.21345802,80.51710416613773,80.51710416613773,5665.0,5.0,3.0,1.0,Whitefield,Villa,Ready to Move,owner,False,True,Normal,Extreme Area
17000000,21726313.66628511,-4726313.666285109,-21.75386832244534,21.75386832244534,2700.0,4.0,3.0,1.5,Other,Residential House,Ready to Move,agent,False,False,Normal,None
8500000,15428336.115848942,-6928336.115848942,-44.90656713611344,44.90656713611344,1800.0,5.0,3.0,1.5,Other,Residential House,Ready to Move,builder,False,False,Normal,None
16000000,24538973.120321605,-8538973.120321605,-34.79759759486502,34.79759759486502,2700.0,6.0,3.0,1.5,Other,Residential House,Ready to Move,agent,False,False,Normal,None
9500000,13909032.144087337,-4409032.144087337,-31.6990578381947,31.6990578381947,1800.0,3.0,3.0,1.0,Other,Residential House,Ready to Move,owner,False,False,Normal,None
32500000,26003228.1359774,6496771.864022601,24.98448204218858,24.98448204218858,1800.0,9.0,3.0,1.0,Other,Residential House,Ready to Move,builder,False,False,Normal,None
10000000,20793414.73743087,-10793414.73743087,-51.90785098900235,51.90785098900235,2500.0,7.0,3.0,1.0,Other,Residential House,Ready to Move,builder,False,False,Potentially Underpriced,None
6200000,9885458.670027237,-3685458.6700272374,-37.281615280043276,37.281615280043276,2500.0,2.0,3.0,1.0,Other,Residential House,Ready to Move,owner,False,False,Normal,None
9500000,12227370.388707398,-2727370.3887073975,-22.305453274125593,22.305453274125593,2500.0,3.0,3.0,1.0,Other,Residential House,Ready to Move,agent,False,False,Normal,None
6000000,12627499.542474953,-6627499.542474953,-52.48465478206609,52.48465478206609,2500.0,3.0,3.0,1.0,Other,Residential House,Ready to Move,agent,False,False,Potentially Underpriced,None
16500000,14982729.722836515,1517270.277163485,10.126794684488488,10.126794684488488,2500.0,3.0,3.0,1.0,Other,Residential House,Ready to Move,builder,False,False,Normal,None
10000000,11536751.087695058,-1536751.0876950584,-13.320484042809385,13.320484042809385,2500.0,3.0,3.0,1.0,Other,Residential House,Ready to Move,owner,False,False,Normal,None
25000000,18603857.84605165,6396142.153948352,34.38073009843936,34.38073009843936,2500.0,4.0,3.0,1.0,Other,Residential House,Ready to Move,contractor,False,False,Normal,None
23000000,17272349.76910526,5727650.230894741,33.160805029201555,33.160805029201555,2500.0,4.0,3.0,1.0,Other,Residential House,Ready to Move,builder,False,False,Normal,None
10200000,20766408.543599743,-10566408.543599743,-50.88221452166478,50.88221452166478,2500.0,8.0,3.0,1.0,Other,Residential House,Ready to Move,contractor,False,False,Potentially Underpriced,None
16000000,18051278.940190244,-2051278.9401902445,-11.363621087385544,11.363621087385544,2500.0,8.0,3.0,1.0,Other,Residential House,Ready to Move,owner,False,False,Normal,None
15900000,12627499.542474953,3272500.4575250465,25.915664827524882,25.915664827524882,2500.0,3.0,3.0,1.0,Other,Residential House,Ready to Move,agent,False,False,Normal,None
17000000,11029726.820249131,5970273.179750869,54.128930634893244,54.128930634893244,2500.0,3.0,3.0,1.0,Other,Residential House,Ready to Move,agent,False,False,Normal,None
8500000,7712511.922494907,787488.0775050931,10.210526549829305,10.210526549829305,1140.0,2.0,3.0,1.0,Other,Residential House,Ready to Move,agent,False,False,Normal,None
4320000,11897056.171486132,-7577056.171486132,-63.68849623191816,63.68849623191816,1140.0,2.0,3.0,1.0,Other,Residential House,Ready to Move,owner,False,False,Potentially Underpriced,None
3500000,4084464.367360238,-584464.367360238,-14.309449533476364,14.309449533476364,1140.0,1.0,3.0,1.0,Other,Residential House,Ready to Move,contractor,False,False,Normal,None
6510000,25558949.24952012,-19048949.24952012,-74.52946935945644,74.52946935945644,1700.0,4.0,3.0,1.0,Other,Villa,Ready to Move,contractor,False,False,Potentially Underpriced,None
52500000,22488188.7702207,30011811.2297793,133.45588449311455,133.45588449311455,1700.0,5.0,3.0,1.0,Other,Villa,Ready to Move,contractor,False,False,Potentially Overpriced,None
14500000,14231704.104751516,268295.89524848387,1.8851986611983336,1.8851986611983336,1700.0,3.0,3.0,1.0,Other,Villa,Ready to Move,agent,False,False,Normal,None
19000000,11301234.516674682,7698765.4833253175,68.12322558182458,68.12322558182458,1700.0,2.0,3.0,1.0,Other,Villa,Ready to Move,contractor,False,False,Normal,None
50000000,23546450.759866487,26453549.240133513,112.34622793012186,112.34622793012186,1700.0,10.0,3.0,1.0,Other,Villa,Ready to Move,agent,False,False,Potentially Overpriced,None
36500000,17922330.353945278,18577669.646054722,103.65655179414313,103.65655179414313,1700.0,4.0,3.0,1.0,Other,Villa,Ready to Move,owner,False,False,Potentially Overpriced,None
35000000,22077050.22241494,12922949.77758506,58.53567232666039,58.53567232666039,1700.0,10.0,3.0,1.0,Other,Villa,Ready to Move,builder,False,False,Normal,None
15000000,25718470.642765023,-10718470.642765023,-41.67615870961706,41.67615870961706,1700.0,4.0,3.0,1.0,Other,Villa,Ready to Move,agent,False,False,Normal,None
28000000,25171280.99770946,2828719.0022905394,11.237882579547492,11.237882579547492,3500.0,8.0,3.0,1.0,Other,Residential House,Ready to Move,owner,False,False,Normal,None
15000000,18490438.59971383,-3490438.5997138284,-18.876991916069798,18.876991916069798,1700.0,5.0,3.0,1.0,Other,Villa,Ready to Move,builder,False,False,Normal,None
12000000,28291158.614171345,-16291158.614171345,-57.58392166381948,57.58392166381948,3500.0,4.0,3.0,1.0,Other,Residential House,Ready to Move,contractor,False,False,Potentially Underpriced,None
6900000,15736242.988213578,-8836242.988213578,-56.15217682411176,56.15217682411176,1700.0,3.0,3.0,1.0,Other,Villa,Ready to Move,builder,False,False,Potentially Underpriced,None
8000000,15435037.259184867,-7435037.259184867,-48.16986920300778,48.16986920300778,3500.0,3.0,3.0,1.0,Other,Residential House,Ready to Move,agent,False,False,Normal,None
18000000,34210216.405310504,-16210216.405310504,-47.38413874164844,47.38413874164844,1700.0,10.0,3.0,1.0,Other,Villa,Ready to Move,agent,False,False,Normal,None
7900000,13170082.310583431,-5270082.310583431,-40.01556092286843,40.01556092286843,3500.0,3.0,3.0,1.0,Other,Residential House,Ready to Move,contractor,False,False,Normal,None
11500000,8168910.986702627,3331089.0132973734,40.77763876629,40.77763876629,1700.0,2.0,3.0,0.5,Other,Villa,Ready to Move,builder,False,False,Normal,None
16500000,21848195.502141684,-5348195.502141684,-24.47888889321511,24.47888889321511,3000.0,5.0,3.0,1.0,Other,Villa,Ready to Move,contractor,False,False,Normal,None
31000000,27776093.559774462,3223906.440225538,11.606766924541262,11.606766924541262,1700.0,10.0,3.0,0.5,Other,Villa,Ready to Move,contractor,False,False,Normal,None
18500000,20284797.94488224,-1784797.9448822401,-8.798697180676312,8.798697180676312,3000.0,3.0,3.0,1.0,Other,Villa,Ready to Move,builder,False,False,Normal,None
26000000,19393503.054952003,6606496.945047997,34.06551630372457,34.06551630372457,1700.0,10.0,3.0,0.5,Other,Villa,Ready to Move,builder,False,False,Normal,None
28000000,22994312.969304938,5005687.030695062,21.76923936530369,21.76923936530369,1700.0,5.0,3.0,0.5,Other,Villa,Ready to Move,contractor,False,False,Normal,None
13000000,29397871.73897122,-16397871.738971218,-55.77911178254927,55.77911178254927,3000.0,4.0,3.0,1.0,Other,Villa,Ready to Move,builder,False,False,Potentially Underpriced,None
18000000,19025748.981694717,-1025748.981694717,-5.391372411575612,5.391372411575612,1700.0,5.0,3.0,0.5,Other,Villa,Ready to Move,owner,False,False,Normal,None
13000000,14246360.730077805,-1246360.730077805,-8.74862537662977,8.74862537662977,1700.0,3.0,3.0,0.5,Other,Villa,Ready to Move,contractor,False,False,Normal,None
19800000,32795263.05496463,-12995263.054964632,-39.62542710264181,39.62542710264181,3015.0,7.0,3.0,1.5,Other,Villa,Ready to Move,agent,False,False,Normal,None
50000000,22328680.345901895,27671319.654098105,123.92725062758478,123.92725062758478,3015.0,6.0,3.0,1.5,Other,Villa,Ready to Move,builder,False,False,Potentially Overpriced,None
47100000,40892341.57103748,6207658.428962521,15.180491481953126,15.180491481953126,3015.0,4.0,3.0,1.5,Other,Villa,Ready to Move,owner,False,False,Normal,None
2990000,10884565.79670161,-7894565.79670161,-72.52991018800152,72.52991018800152,3015.0,2.0,3.0,1.5,Other,Villa,Ready to Move,owner,False,False,Potentially Underpriced,None
32500000,32768825.840616845,-268825.8406168446,-0.820370683784574,0.820370683784574,3700.0,4.0,3.0,1.0,Phase 2 Electronic City,Villa,Ready to Move,agent,False,False,Normal,None
6000000,13370234.651816932,-7370234.6518169325,-55.12419821902949,55.12419821902949,3015.0,3.0,3.0,1.5,Other,Villa,Ready to Move,owner,False,False,Potentially Underpriced,None
17000000,24782093.75850435,-7782093.75850435,-31.402083433058625,31.402083433058625,3700.0,5.0,3.0,1.0,Phase 2 Electronic City,Villa,Ready to Move,builder,False,False,Normal,None
11500000,5257925.982268517,6242074.017731483,118.71741897436065,118.71741897436065,3015.0,1.0,3.0,1.5,Other,Villa,Ready to Move,builder,False,False,Potentially Overpriced,None
21000000,33642484.28079217,-12642484.28079217,-37.5789260248247,37.5789260248247,3700.0,4.0,3.0,1.0,Phase 2 Electronic City,Villa,Ready to Move,contractor,False,False,Normal,None
13500000,26094559.744995654,-12594559.744995654,-48.26507849940256,48.26507849940256,3015.0,6.0,3.0,1.5,Other,Villa,Ready to Move,contractor,False,False,Normal,None
30000000,24566764.8878278,5433235.112172201,22.116201042263526,22.116201042263526,3700.0,5.0,3.0,1.0,Phase 2 Electronic City,Villa,Ready to Move,contractor,False,False,Normal,None
5300000,11047428.833473856,-5747428.833473856,-52.02503605236243,52.02503605236243,3015.0,2.0,3.0,1.0,Other,Villa,Ready to Move,agent,False,False,Potentially Underpriced,None
18000000,11889926.169946149,6110073.830053851,51.38866081017493,51.38866081017493,3700.0,2.0,3.0,1.0,Phase 2 Electronic City,Villa,Ready to Move,owner,False,False,Normal,None
13500000,12485581.065822875,1014418.9341771249,8.124723461641059,8.124723461641059,3015.0,3.0,3.0,1.0,Other,Villa,Ready to Move,owner,False,False,Normal,None
14000000,28208943.24041547,-14208943.240415469,-50.370349287165276,50.370349287165276,3700.0,4.0,3.0,1.0,Phase 2 Electronic City,Villa,Ready to Move,agent,False,False,Potentially Underpriced,None
15300000,11487265.637172936,3812734.3628270645,33.190965398144954,33.190965398144954,3015.0,2.0,3.0,1.0,Other,Villa,Ready to Move,owner,False,False,Normal,None
11500000,14381202.552964693,-2881202.552964693,-20.03450366791984,20.03450366791984,3700.0,3.0,3.0,1.0,Phase 2 Electronic City,Villa,Ready to Move,agent,False,False,Normal,None
10500000,32500311.2605856,-22000311.2605856,-67.69261710815132,67.69261710815132,3015.0,4.0,3.0,1.0,Other,Villa,Ready to Move,contractor,False,False,Potentially Underpriced,None
18500000,29884598.118720356,-11384598.118720356,-38.09520232962008,38.09520232962008,3700.0,4.0,3.0,1.0,Phase 2 Electronic City,Villa,Ready to Move,builder,False,False,Normal,None
17200000,53717727.5500867,-36517727.5500867,-67.98077509149539,67.98077509149539,3015.0,10.0,3.0,1.5,Other,Villa,Ready to Move,contractor,False,False,Potentially Underpriced,None
31000000,19392062.884504445,11607937.115495555,59.859217581080934,59.859217581080934,3700.0,6.0,3.0,1.0,Phase 2 Electronic City,Villa,Ready to Move,owner,False,False,Normal,None
6200000,2831675.494994225,3368324.505005775,118.95164226833994,118.95164226833994,3700.0,1.0,3.0,1.0,Phase 2 Electronic City,Villa,Ready to Move,builder,False,False,Potentially Overpriced,None
18000000,25897607.274045296,-7897607.274045296,-30.495509451795243,30.495509451795243,3700.0,4.0,3.0,1.0,Phase 2 Electronic City,Villa,Ready to Move,owner,False,False,Normal,None
13000000,12751092.153235938,248907.8467640616,1.9520511950883705,1.9520511950883705,3700.0,3.0,3.0,1.5,Phase 2 Electronic City,Villa,Ready to Move,owner,False,False,Normal,None
40000000,30829596.95570833,9170403.044291671,29.74545225961413,29.74545225961413,2800.0,4.0,2.0,1.0,Other,Villa,Under Construction,owner,False,False,Normal,None
20000000,4790043.815732983,15209956.184267018,317.53271513529063,317.53271513529063,3700.0,1.0,3.0,1.5,Phase 2 Electronic City,Villa,Ready to Move,builder,False,False,Potentially Overpriced,None
2700000,9949150.969183275,-7249150.9691832755,-72.8620059303247,72.8620059303247,2800.0,2.0,2.0,1.0,Other,Villa,Under Construction,owner,False,False,Potentially Underpriced,None
7500000,12426493.500759257,-4926493.500759257,-39.645081699501546,39.645081699501546,3700.0,1.0,3.0,1.5,Phase 2 Electronic City,Villa,Ready to Move,contractor,False,False,Normal,None
6500000,9268058.566506235,-2768058.566506235,-29.86664948913573,29.86664948913573,2800.0,2.0,2.0,1.0,Other,Villa,Under Construction,builder,False,False,Normal,None
10000000,18799168.342417758,-8799168.342417758,-46.80615749667838,46.80615749667838,3700.0,4.0,3.0,1.5,Phase 2 Electronic City,Villa,Ready to Move,builder,False,False,Normal,None
40500000,28296618.4376529,12203381.5623471,43.12664281506043,43.12664281506043,2800.0,6.0,2.0,1.0,Other,Villa,Under Construction,owner,False,False,Normal,None
17000000,26010492.270808022,-9010492.270808022,-34.641759859811025,34.641759859811025,3700.0,5.0,3.0,1.5,Phase 2 Electronic City,Villa,Ready to Move,agent,False,False,Normal,None
16000000,15490082.567262568,509917.4327374324,3.2918961569327894,3.2918961569327894,2800.0,5.0,2.0,1.0,Other,Villa,Under Construction,agent,False,False,Normal,None
80000000,20694775.58523482,59305224.41476518,286.5709955177185,286.5709955177185,3700.0,4.0,3.0,1.5,Phase 2 Electronic City,Villa,Ready to Move,contractor,False,False,Potentially Overpriced,None
15000000,6894758.564474321,8105241.435525679,117.55656648063714,117.55656648063714,2800.0,2.0,2.0,1.0,Other,Villa,Under Construction,contractor,False,False,Potentially Overpriced,None
8500000,9380576.417933289,-880576.417933289,-9.387231431214074,9.387231431214074,3700.0,2.0,3.0,1.5,Phase 2 Electronic City,Villa,Ready to Move,agent,False,False,Normal,None
12000000,26033571.625352353,-14033571.625352353,-53.90567159707735,53.90567159707735,2800.0,6.0,2.0,1.0,Other,Villa,Under Construction,contractor,False,False,Potentially Underpriced,None
80000000,28208943.24041547,51791056.75958453,183.59800407334131,183.59800407334131,3700.0,4.0,3.0,1.0,Phase 2 Electronic City,Villa,Ready to Move,agent,False,False,Potentially Overpriced,None
57000000,30796180.265502445,26203819.734497555,85.0878891751741,85.0878891751741,2800.0,4.0,2.0,1.0,Other,Villa,Under Construction,builder,False,False,Normal,None
3100000,4275112.549808633,-1175112.5498086326,-27.487289191046777,27.487289191046777,3700.0,1.0,3.0,1.0,Phase 2 Electronic City,Villa,Ready to Move,agent,False,False,Normal,None
25000000,41459578.74506501,-16459578.745065011,-39.70030387012608,39.70030387012608,2800.0,9.0,2.0,1.0,Other,Villa,Under Construction,agent,False,False,Normal,None
50000000,22311707.82570032,27688292.17429968,124.0975921278702,124.0975921278702,2800.0,6.0,2.0,1.0,Other,Villa,Under Construction,builder,False,False,Potentially Overpriced,None
12000000,22924839.134886682,-10924839.134886682,-47.65503073154142,47.65503073154142,2800.0,5.0,2.0,1.0,Other,Villa,Under Construction,contractor,False,False,Normal,None
7000000,22316155.366428424,-15316155.366428424,-68.63258977605733,68.63258977605733,2800.0,5.0,2.0,1.0,Other,Villa,Under Construction,agent,False,False,Potentially Underpriced,None
55000000,31987756.153723337,23012243.846276663,71.94078801803691,71.94078801803691,2800.0,10.0,2.0,1.0,Other,Villa,Under Construction,owner,False,False,Normal,None
34500000,37240667.859331235,-2740667.8593312353,-7.3593413246065555,7.3593413246065555,2800.0,4.0,2.0,1.0,Other,Villa,Under Construction,owner,False,False,Normal,None
18500000,32497528.690484475,-13997528.690484475,-43.07259430032616,43.07259430032616,2800.0,3.0,2.0,1.0,Other,Villa,Under Construction,agent,False,False,Normal,None
25000000,26351631.233772367,-1351631.2337723672,-5.129212767823309,5.129212767823309,2800.0,7.0,2.0,1.0,Other,Villa,Under Construction,agent,False,False,Normal,None
25000000,22200961.697069976,2799038.3029300235,12.6077344807069,12.6077344807069,1500.0,3.0,2.0,1.5,Other,Residential House,Ready to Move,owner,False,False,Normal,None
10500000,10086221.029208237,413778.9707917627,4.102418235665455,4.102418235665455,1500.0,1.0,2.0,1.5,Other,Residential House,Ready to Move,builder,False,False,Normal,None
13000000,24959626.781623323,-11959626.781623323,-47.91588787068191,47.91588787068191,1500.0,4.0,2.0,1.0,Other,Residential House,Ready to Move,contractor,False,False,Normal,None
70000000,38917359.390209176,31082640.609790824,79.86831865476101,79.86831865476101,6500.0,5.0,3.0,1.5,Other,Villa,Ready to Move,contractor,False,True,Normal,Extreme Area
12500000,13141943.3254371,-641943.3254371006,-4.884691019741173,4.884691019741173,1200.0,2.0,3.0,1.0,Kothnur Narayanapura,Villa,Ready to Move,builder,False,False,Normal,None
25000000,22626503.92680755,2373496.073192451,10.489893095593827,10.489893095593827,1500.0,4.0,2.0,1.0,Other,Residential House,Ready to Move,contractor,False,False,Normal,None
6000000,4288086.721168265,1711913.2788317353,39.92254331939757,39.92254331939757,1500.0,1.0,2.0,1.0,Other,Residential House,Ready to Move,builder,False,False,Normal,None
7000000,21721223.30500079,-14721223.30500079,-67.77345409276089,67.77345409276089,6500.0,3.0,3.0,1.5,Other,Villa,Ready to Move,agent,False,True,Potentially Underpriced,Extreme Area
9500000,27585724.751584273,-18085724.751584273,-65.56189809928989,65.56189809928989,6500.0,2.0,3.0,1.5,Other,Villa,Ready to Move,agent,False,True,Potentially Underpriced,Extreme Area
22500000,35171670.587517455,-12671670.587517455,-36.028060014910615,36.028060014910615,1200.0,9.0,3.0,1.0,Kothnur Narayanapura,Villa,Ready to Move,builder,False,False,Normal,None
65000000,20219319.490117535,44780680.509882465,221.47471645506977,221.47471645506977,1200.0,10.0,3.0,1.0,Kothnur Narayanapura,Villa,Ready to Move,builder,False,False,Potentially Overpriced,None
73500000,42228577.71558032,31271422.28441968,74.05274810589233,74.05274810589233,6500.0,4.0,3.0,1.5,Other,Villa,Ready to Move,builder,False,True,Normal,Extreme Area
20000000,40365290.007669106,-20365290.007669106,-50.45248034586114,50.45248034586114,6500.0,10.0,3.0,1.5,Other,Villa,Ready to Move,owner,False,True,Potentially Underpriced,Extreme Area
20000000,17344028.501044754,2655971.498955246,15.313463644246536,15.313463644246536,1200.0,4.0,3.0,1.0,Kothnur Narayanapura,Villa,Ready to Move,contractor,False,False,Normal,None
35000000,43920887.10514806,-8920887.105148062,-20.31126348561941,20.31126348561941,6500.0,10.0,3.0,1.5,Other,Villa,Ready to Move,contractor,False,True,Normal,Extreme Area
20000000,27829528.48516257,-7829528.485162571,-28.13388839604996,28.13388839604996,1200.0,10.0,3.0,1.0,Kothnur Narayanapura,Villa,Ready to Move,contractor,False,False,Normal,None
14500000,19552575.366428345,-5052575.366428345,-25.840971185328286,25.840971185328286,1200.0,4.0,3.0,1.0,Kothnur Narayanapura,Villa,Ready to Move,builder,False,False,Normal,None
15000000,49641851.86814671,-34641851.86814671,-69.78356077480476,69.78356077480476,6500.0,7.0,3.0,1.5,Other,Villa,Ready to Move,builder,False,True,Potentially Underpriced,Extreme Area
30000000,31735228.913841102,-1735228.9138411023,-5.467831722758723,5.467831722758723,3000.0,6.0,3.0,1.5,Chandapura,Residential House,Ready to Move,owner,False,False,Normal,None
40000000,20219319.490117535,19780680.509882465,97.83059474158138,97.83059474158138,1200.0,10.0,3.0,1.0,Kothnur Narayanapura,Villa,Ready to Move,builder,False,False,Normal,None
18000000,24807524.663352285,-6807524.663352285,-27.441370131575116,27.441370131575116,1200.0,6.0,3.0,1.0,Kothnur Narayanapura,Villa,Ready to Move,agent,False,False,Normal,None
10000000,10073087.232871307,-73087.23287130706,-0.7255693431583013,0.7255693431583013,3000.0,2.0,3.0,1.5,Chandapura,Residential House,Ready to Move,agent,False,False,Normal,None
25000000,21696271.980238464,3303728.0197615363,15.227169085871797,15.227169085871797,3000.0,6.0,3.0,1.5,Chandapura,Residential House,Ready to Move,agent,False,False,Normal,None
13500000,13216150.1157936,283849.8842063993,2.1477501520445976,2.1477501520445976,1200.0,3.0,3.0,1.0,Kothnur Narayanapura,Villa,Ready to Move,contractor,False,False,Normal,None
12500000,8639757.43851057,3860242.5614894293,44.67998770755891,44.67998770755891,1200.0,2.0,3.0,1.0,Kothnur Narayanapura,Villa,Ready to Move,owner,False,False,Normal,None
45000000,27071294.622013334,17928705.377986666,66.2277354235129,66.2277354235129,3000.0,4.0,3.0,1.5,Chandapura,Residential House,Ready to Move,owner,False,False,Normal,None
30000000,24574353.808304958,5425646.191695042,22.078489770345183,22.078489770345183,1200.0,9.0,3.0,1.5,Kothnur Narayanapura,Villa,Ready to Move,contractor,False,False,Normal,None
11000000,21519065.48426338,-10519065.48426338,-48.88253856542162,48.88253856542162,3000.0,5.0,3.0,1.5,Chandapura,Residential House,Ready to Move,agent,False,False,Normal,None
20000000,13892697.302404117,6107302.697595883,43.96052519289412,43.96052519289412,1200.0,3.0,3.0,1.5,Kothnur Narayanapura,Villa,Ready to Move,agent,False,False,Normal,None
32500000,26809506.629592467,5690493.370407533,21.22565494780996,21.22565494780996,3000.0,7.0,3.0,1.5,Chandapura,Residential House,Ready to Move,owner,False,False,Normal,None
35000000,34530127.49650525,469872.503494747,1.360760986307688,1.360760986307688,1200.0,10.0,3.0,1.5,Kothnur Narayanapura,Villa,Ready to Move,builder,False,False,Normal,None
14000000,13784330.870206965,215669.12979303487,1.5645962928761061,1.5645962928761061,3000.0,3.0,3.0,1.5,Chandapura,Residential House,Ready to Move,contractor,False,False,Normal,None
23000000,9785137.49265213,13214862.50734787,135.05035077198656,135.05035077198656,1200.0,2.0,3.0,1.5,Kothnur Narayanapura,Villa,Ready to Move,owner,False,False,Potentially Overpriced,None
13000000,21498881.54410126,-8498881.54410126,-39.531738089106014,39.531738089106014,2000.0,5.0,3.0,1.0,Other,Residential House,Ready to Move,agent,False,False,Normal,None
39000000,16909638.448071983,22090361.551928017,130.63769293332663,130.63769293332663,1200.0,,3.0,1.5,Kothnur Narayanapura,Villa,Ready to Move,owner,False,False,Potentially Overpriced,None
10500000,9563907.403986618,936092.5960133821,9.787763060348967,9.787763060348967,2000.0,2.0,3.0,1.0,Other,Residential House,Ready to Move,contractor,False,False,Normal,None
47000000,40849811.91515775,6150188.08484225,15.055609307616319,15.055609307616319,3300.0,4.0,3.0,1.0,Whitefield,Villa,Ready to Move,agent,False,False,Normal,None
27500000,22898564.3106657,4601435.689334299,20.094865454909943,20.094865454909943,1200.0,5.0,3.0,1.5,Kothnur Narayanapura,Villa,Ready to Move,agent,False,False,Normal,None
60000000,18057269.637890298,41942730.362109706,232.2761480733476,232.2761480733476,1200.0,4.0,3.0,1.5,Kothnur Narayanapura,Villa,Ready to Move,agent,False,False,Potentially Overpriced,None
55000000,23182221.54461228,31817778.45538772,137.2507738059401,137.2507738059401,1200.0,7.0,3.0,1.5,Kothnur Narayanapura,Villa,Ready to Move,agent,False,False,Potentially Overpriced,None
20000000,9776456.408712411,10223543.591287589,104.57310055795625,104.57310055795625,1200.0,2.0,3.0,1.5,Kothnur Narayanapura,Villa,Ready to Move,contractor,False,False,Potentially Overpriced,None
9999000,21478115.38629951,-11479115.38629951,-53.44563608044412,53.44563608044412,1200.0,4.0,3.0,1.0,Kothnur Narayanapura,Villa,Ready to Move,owner,False,False,Potentially Underpriced,None
5400000,33450665.184543673,-28050665.184543673,-83.85682326432438,83.85682326432438,1200.0,10.0,3.0,1.0,Kothnur Narayanapura,Villa,Ready to Move,agent,False,False,Potentially Underpriced,None
17000000,18592403.89655467,-1592403.8965546712,-8.564809076946512,8.564809076946512,1200.0,4.0,3.0,1.0,Kothnur Narayanapura,Villa,Ready to Move,owner,False,False,Normal,None
15000000,11076466.057399947,3923533.942600053,35.42225401375943,35.42225401375943,1200.0,2.0,3.0,1.0,Kothnur Narayanapura,Villa,Ready to Move,builder,False,False,Normal,None
5000000,12911401.023041254,-7911401.023041254,-61.27453565203987,61.27453565203987,1200.0,2.0,3.0,1.0,Kothnur Narayanapura,Villa,Ready to Move,contractor,False,False,Potentially Underpriced,None
48000000,37025599.25003,10974400.749969997,29.640035468058233,29.640035468058233,2768.0,4.0,2.0,1.0,Hennur Gardens,Villa,Under Construction,agent,True,False,Normal,Repeated Listing
32500000,55000000.00000105,-22500000.00000105,-40.909090909092036,40.909090909092036,3000.0,4.0,1.0,1.0,Yelahanka,Villa,Under Construction,agent,True,False,Normal,Repeated Listing
55000000,32501572.606834713,22498427.393165287,69.22258090500557,69.22258090500557,3000.0,4.0,1.0,1.0,Yelahanka,Villa,Under Construction,agent,True,False,Normal,Repeated Listing
32000000,31848821.784964718,151178.21503528208,0.47467443554427097,0.47467443554427097,2500.0,4.0,1.0,1.0,Devanahalli,Villa,Ready to Move,contractor,True,False,Normal,Repeated Listing
50000000,54695997.069464624,-4695997.069464624,-8.58563207742725,8.58563207742725,3900.0,4.0,1.0,1.0,Devanahalli,Villa,Ready to Move,agent,True,False,Normal,Repeated Listing
50000000,51643741.139716096,-1643741.1397160962,-3.1828467563361587,3.1828467563361587,3900.0,4.0,1.0,1.0,Devanahalli,Villa,Ready to Move,owner,True,False,Normal,Repeated Listing
28500000,31953592.868370604,-3453592.868370604,-10.808151942716767,10.808151942716767,2300.0,4.0,3.0,1.0,Thirupalya,Villa,Under Construction,agent,True,False,Normal,Repeated Listing
32000000,27308742.32741032,4691257.672589678,17.17859290752094,17.17859290752094,2300.0,4.0,3.0,1.0,Thirupalya,Villa,Under Construction,builder,True,False,Normal,Repeated Listing
14800000,12925585.31544728,1874414.6845527198,14.501584561223849,14.501584561223849,2300.0,2.0,3.0,1.0,Thirupalya,Villa,Under Construction,owner,True,False,Normal,Repeated Listing
26500000,26713128.55074389,-213128.55074388906,-0.7978419687496843,0.7978419687496843,2300.0,5.0,3.0,1.0,Thirupalya,Villa,Under Construction,builder,True,False,Normal,Repeated Listing
72150000,71757171.8637932,392828.1362068057,0.5474409400532919,0.5474409400532919,2300.0,8.0,3.0,1.0,Thirupalya,Villa,Under Construction,agent,True,False,Normal,Repeated Listing
17500000,16609807.208783785,890192.7912162151,5.359440841344946,5.359440841344946,2136.0,5.0,3.0,1.0,Bidaraguppe,Villa,Under Construction,owner,True,False,Normal,Repeated Listing
48000000,37025599.25003,10974400.749969997,29.640035468058233,29.640035468058233,2768.0,4.0,2.0,1.0,Hennur Gardens,Villa,Under Construction,agent,True,False,Normal,Repeated Listing
14000000,14725707.77437715,-725707.7743771505,-4.928169059825347,4.928169059825347,2136.0,4.0,3.0,1.0,Bidaraguppe,Villa,Under Construction,builder,True,False,Normal,Repeated Listing
32500000,55000000.00000105,-22500000.00000105,-40.909090909092036,40.909090909092036,3000.0,4.0,1.0,1.0,Yelahanka,Villa,Under Construction,agent,True,False,Normal,Repeated Listing
37500000,27975875.723221403,9524124.276778597,34.04406128696479,34.04406128696479,2900.0,4.0,3.0,1.0,Sarjapur Road,Villa,Ready to Move,owner,True,False,Normal,Repeated Listing
55000000,29390377.078481313,25609622.921518687,87.13608149066324,87.13608149066324,3000.0,4.0,1.0,1.0,Yelahanka,Villa,Under Construction,contractor,True,False,Normal,Repeated Listing
28000000,49030179.90966302,-21030179.90966302,-42.892316423090115,42.892316423090115,2900.0,4.0,3.0,1.0,Sarjapur Road,Villa,Ready to Move,owner,True,False,Normal,Repeated Listing
58400000,27975875.723221403,30424124.276778597,108.7512847775665,108.7512847775665,2900.0,4.0,3.0,1.0,Sarjapur Road,Villa,Ready to Move,owner,True,False,Potentially Overpriced,Repeated Listing
32000000,31848821.784964718,151178.21503528208,0.47467443554427097,0.47467443554427097,2500.0,4.0,1.0,1.0,Devanahalli,Villa,Ready to Move,contractor,True,False,Normal,Repeated Listing
50000000,39015269.80292154,10984730.197078459,28.154951260277844,28.154951260277844,3900.0,4.0,1.0,1.0,Devanahalli,Villa,Ready to Move,builder,True,False,Normal,Repeated Listing
50000000,51643741.139716096,-1643741.1397160962,-3.1828467563361587,3.1828467563361587,3900.0,4.0,1.0,1.0,Devanahalli,Villa,Ready to Move,owner,True,False,Normal,Repeated Listing
28500000,31953592.868370604,-3453592.868370604,-10.808151942716767,10.808151942716767,2300.0,4.0,3.0,1.0,Thirupalya,Villa,Under Construction,agent,True,False,Normal,Repeated Listing
48000000,37025599.25003,10974400.749969997,29.640035468058233,29.640035468058233,2768.0,4.0,2.0,1.0,Hennur Gardens,Villa,Under Construction,agent,True,False,Normal,Repeated Listing
32500000,55000000.00000105,-22500000.00000105,-40.909090909092036,40.909090909092036,3000.0,4.0,1.0,1.0,Yelahanka,Villa,Under Construction,agent,True,False,Normal,Repeated Listing
32000000,32920870.310378253,-920870.3103782535,-2.7972234685665356,2.7972234685665356,2300.0,4.0,3.0,1.0,Thirupalya,Villa,Under Construction,owner,True,False,Normal,Repeated Listing
14800000,13540530.005592821,1259469.9944071788,9.301482245428824,9.301482245428824,2300.0,2.0,3.0,1.0,Thirupalya,Villa,Under Construction,agent,True,False,Normal,Repeated Listing
55000000,29390377.078481313,25609622.921518687,87.13608149066324,87.13608149066324,3000.0,4.0,1.0,1.0,Yelahanka,Villa,Under Construction,contractor,True,False,Normal,Repeated Listing
32000000,31907191.702662885,92808.29733711481,0.29086952622461376,0.29086952622461376,2500.0,4.0,1.0,1.0,Devanahalli,Villa,Ready to Move,agent,True,False,Normal,Repeated Listing
26500000,26738502.473351225,-238502.47335122526,-0.8919814173921197,0.8919814173921197,2300.0,5.0,3.0,1.0,Thirupalya,Villa,Under Construction,agent,True,False,Normal,Repeated Listing
72150000,72298627.36492518,-148627.3649251759,-0.20557425547650263,0.20557425547650263,2300.0,8.0,3.0,1.0,Thirupalya,Villa,Under Construction,contractor,True,False,Normal,Repeated Listing
50000000,54695997.069464624,-4695997.069464624,-8.58563207742725,8.58563207742725,3900.0,4.0,1.0,1.0,Devanahalli,Villa,Ready to Move,agent,True,False,Normal,Repeated Listing
50000000,54695997.069464624,-4695997.069464624,-8.58563207742725,8.58563207742725,3900.0,4.0,1.0,1.0,Devanahalli,Villa,Ready to Move,agent,True,False,Normal,Repeated Listing
17500000,17173145.52905424,326854.4709457606,1.9032883078570242,1.9032883078570242,2136.0,5.0,3.0,1.0,Bidaraguppe,Villa,Under Construction,contractor,True,False,Normal,Repeated Listing
14000000,14725707.77437715,-725707.7743771505,-4.928169059825347,4.928169059825347,2136.0,4.0,3.0,1.0,Bidaraguppe,Villa,Under Construction,builder,True,False,Normal,Repeated Listing
28500000,31953592.868370604,-3453592.868370604,-10.808151942716767,10.808151942716767,2300.0,4.0,3.0,1.0,Thirupalya,Villa,Under Construction,agent,True,False,Normal,Repeated Listing
32000000,26204143.74423012,5795856.255769879,22.118090605597697,22.118090605597697,2300.0,4.0,3.0,1.0,Thirupalya,Villa,Under Construction,contractor,True,False,Normal,Repeated Listing
37500000,38265442.75060015,-765442.7506001517,-2.000349912554315,2.000349912554315,2900.0,4.0,3.0,1.0,Sarjapur Road,Villa,Ready to Move,contractor,True,False,Normal,Repeated Listing
28000000,37606391.66004806,-9606391.66004806,-25.544571643265662,25.544571643265662,2900.0,4.0,3.0,1.0,Sarjapur Road,Villa,Ready to Move,contractor,True,False,Normal,Repeated Listing
48000000,37025599.25003,10974400.749969997,29.640035468058233,29.640035468058233,2768.0,4.0,2.0,1.0,Hennur Gardens,Villa,Under Construction,agent,True,False,Normal,Repeated Listing
14800000,12925585.31544728,1874414.6845527198,14.501584561223849,14.501584561223849,2300.0,2.0,3.0,1.0,Thirupalya,Villa,Under Construction,owner,True,False,Normal,Repeated Listing
26500000,26417217.791547924,82782.20845207572,0.3133645984421627,0.3133645984421627,2300.0,5.0,3.0,1.0,Thirupalya,Villa,Under Construction,contractor,True,False,Normal,Repeated Listing
58400000,37431002.09585924,20968997.904140763,56.02040215338086,56.02040215338086,2900.0,4.0,3.0,1.0,Sarjapur Road,Villa,Ready to Move,builder,True,False,Normal,Repeated Listing
48000000,37025599.25003,10974400.749969997,29.640035468058233,29.640035468058233,2768.0,4.0,2.0,1.0,Hennur Gardens,Villa,Under Construction,agent,True,False,Normal,Repeated Listing
32500000,55000000.00000105,-22500000.00000105,-40.909090909092036,40.909090909092036,3000.0,4.0,1.0,1.0,Yelahanka,Villa,Under Construction,agent,True,False,Normal,Repeated Listing
55000000,55695508.54837928,-695508.5483792797,-1.2487695444510287,1.2487695444510287,3000.0,4.0,1.0,1.0,Yelahanka,Villa,Under Construction,owner,True,False,Normal,Repeated Listing
72150000,70039953.84836496,2110046.151635036,3.0126321273758143,3.0126321273758143,2300.0,8.0,3.0,1.0,Thirupalya,Villa,Under Construction,owner,True,False,Normal,Repeated Listing
17500000,18172562.31527548,-672562.3152754791,-3.7009768001188097,3.7009768001188097,2136.0,5.0,3.0,1.0,Bidaraguppe,Villa,Under Construction,builder,True,False,Normal,Repeated Listing
32500000,55000000.00000105,-22500000.00000105,-40.909090909092036,40.909090909092036,3000.0,4.0,1.0,1.0,Yelahanka,Villa,Under Construction,agent,True,False,Normal,Repeated Listing
55000000,30390365.025824584,24609634.974175416,80.97841191859024,80.97841191859024,3000.0,4.0,1.0,1.0,Yelahanka,Villa,Under Construction,builder,True,False,Normal,Repeated Listing
32000000,31848821.784964718,151178.21503528208,0.47467443554427097,0.47467443554427097,2500.0,4.0,1.0,1.0,Devanahalli,Villa,Ready to Move,contractor,True,False,Normal,Repeated Listing
50000000,51643741.139716096,-1643741.1397160962,-3.1828467563361587,3.1828467563361587,3900.0,4.0,1.0,1.0,Devanahalli,Villa,Ready to Move,owner,True,False,Normal,Repeated Listing
14000000,15128654.757274574,-1128654.7572745737,-7.460377511304256,7.460377511304256,2136.0,4.0,3.0,1.0,Bidaraguppe,Villa,Under Construction,contractor,True,False,Normal,Repeated Listing
37500000,38265442.75060015,-765442.7506001517,-2.000349912554315,2.000349912554315,2900.0,4.0,3.0,1.0,Sarjapur Road,Villa,Ready to Move,contractor,True,False,Normal,Repeated Listing
32000000,31907191.702662885,92808.29733711481,0.29086952622461376,0.29086952622461376,2500.0,4.0,1.0,1.0,Devanahalli,Villa,Ready to Move,agent,True,False,Normal,Repeated Listing
50000000,54695997.069464624,-4695997.069464624,-8.58563207742725,8.58563207742725,3900.0,4.0,1.0,1.0,Devanahalli,Villa,Ready to Move,agent,True,False,Normal,Repeated Listing
50000000,51643741.139716096,-1643741.1397160962,-3.1828467563361587,3.1828467563361587,3900.0,4.0,1.0,1.0,Devanahalli,Villa,Ready to Move,owner,True,False,Normal,Repeated Listing
28500000,31953592.868370604,-3453592.868370604,-10.808151942716767,10.808151942716767,2300.0,4.0,3.0,1.0,Thirupalya,Villa,Under Construction,agent,True,False,Normal,Repeated Listing
28000000,37431002.09585924,-9431002.095859237,-25.195697597694107,25.195697597694107,2900.0,4.0,3.0,1.0,Sarjapur Road,Villa,Ready to Move,builder,True,False,Normal,Repeated Listing
50000000,51643741.139716096,-1643741.1397160962,-3.1828467563361587,3.1828467563361587,3900.0,4.0,1.0,1.0,Devanahalli,Villa,Ready to Move,owner,True,False,Normal,Repeated Listing
32000000,28503241.98318361,3496758.016816389,12.267930851091997,12.267930851091997,2300.0,4.0,3.0,1.0,Thirupalya,Villa,Under Construction,agent,True,False,Normal,Repeated Listing
58400000,37431002.09585924,20968997.904140763,56.02040215338086,56.02040215338086,2900.0,4.0,3.0,1.0,Sarjapur Road,Villa,Ready to Move,builder,True,False,Normal,Repeated Listing
28500000,31953592.868370604,-3453592.868370604,-10.808151942716767,10.808151942716767,2300.0,4.0,3.0,1.0,Thirupalya,Villa,Under Construction,agent,True,False,Normal,Repeated Listing
14800000,13621647.907160668,1178352.0928393323,8.650583988592839,8.650583988592839,2300.0,2.0,3.0,1.0,Thirupalya,Villa,Under Construction,contractor,True,False,Normal,Repeated Listing
32000000,26204143.74423012,5795856.255769879,22.118090605597697,22.118090605597697,2300.0,4.0,3.0,1.0,Thirupalya,Villa,Under Construction,contractor,True,False,Normal,Repeated Listing
26500000,26738502.473351225,-238502.47335122526,-0.8919814173921197,0.8919814173921197,2300.0,5.0,3.0,1.0,Thirupalya,Villa,Under Construction,agent,True,False,Normal,Repeated Listing
14800000,12925585.31544728,1874414.6845527198,14.501584561223849,14.501584561223849,2300.0,2.0,3.0,1.0,Thirupalya,Villa,Under Construction,owner,True,False,Normal,Repeated Listing
72150000,70039953.84836496,2110046.151635036,3.0126321273758143,3.0126321273758143,2300.0,8.0,3.0,1.0,Thirupalya,Villa,Under Construction,owner,True,False,Normal,Repeated Listing
26500000,27388616.699900262,-888616.699900262,-3.24447455538526,3.24447455538526,2300.0,5.0,3.0,1.0,Thirupalya,Villa,Under Construction,owner,True,False,Normal,Repeated Listing
17500000,18145538.13563871,-645538.1356387101,-3.5575585072941,3.5575585072941,2136.0,5.0,3.0,1.0,Bidaraguppe,Villa,Under Construction,agent,True,False,Normal,Repeated Listing
72150000,71757171.8637932,392828.1362068057,0.5474409400532919,0.5474409400532919,2300.0,8.0,3.0,1.0,Thirupalya,Villa,Under Construction,agent,True,False,Normal,Repeated Listing
14000000,15128654.757274574,-1128654.7572745737,-7.460377511304256,7.460377511304256,2136.0,4.0,3.0,1.0,Bidaraguppe,Villa,Under Construction,contractor,True,False,Normal,Repeated Listing
17500000,18145538.13563871,-645538.1356387101,-3.5575585072941,3.5575585072941,2136.0,5.0,3.0,1.0,Bidaraguppe,Villa,Under Construction,agent,True,False,Normal,Repeated Listing
37500000,40984055.42728329,-3484055.427283287,-8.501002135976847,8.501002135976847,2900.0,4.0,3.0,1.0,Sarjapur Road,Villa,Ready to Move,builder,True,False,Normal,Repeated Listing
14000000,14910817.447835509,-910817.4478355087,-6.108434034699588,6.108434034699588,2136.0,4.0,3.0,1.0,Bidaraguppe,Villa,Under Construction,agent,True,False,Normal,Repeated Listing
28000000,46068493.063934326,-18068493.063934326,-39.22093357570582,39.22093357570582,2900.0,4.0,3.0,1.0,Sarjapur Road,Villa,Ready to Move,agent,True,False,Normal,Repeated Listing
37500000,40984055.42728329,-3484055.427283287,-8.501002135976847,8.501002135976847,2900.0,4.0,3.0,1.0,Sarjapur Road,Villa,Ready to Move,builder,True,False,Normal,Repeated Listing
58400000,37431002.09585924,20968997.904140763,56.02040215338086,56.02040215338086,2900.0,4.0,3.0,1.0,Sarjapur Road,Villa,Ready to Move,builder,True,False,Normal,Repeated Listing
28000000,46068493.063934326,-18068493.063934326,-39.22093357570582,39.22093357570582,2900.0,4.0,3.0,1.0,Sarjapur Road,Villa,Ready to Move,agent,True,False,Normal,Repeated Listing
58400000,32712811.31373335,25687188.68626665,78.52332971297629,78.52332971297629,2900.0,4.0,3.0,1.0,Sarjapur Road,Villa,Ready to Move,agent,True,False,Normal,Repeated Listing
48000000,37025599.25003,10974400.749969997,29.640035468058233,29.640035468058233,2768.0,4.0,2.0,1.0,Hennur Gardens,Villa,Under Construction,agent,True,False,Normal,Repeated Listing
32500000,55000000.00000105,-22500000.00000105,-40.909090909092036,40.909090909092036,3000.0,4.0,1.0,1.0,Yelahanka,Villa,Under Construction,agent,True,False,Normal,Repeated Listing
55000000,30390365.025824584,24609634.974175416,80.97841191859024,80.97841191859024,3000.0,4.0,1.0,1.0,Yelahanka,Villa,Under Construction,builder,True,False,Normal,Repeated Listing
32000000,31848821.784964718,151178.21503528208,0.47467443554427097,0.47467443554427097,2500.0,4.0,1.0,1.0,Devanahalli,Villa,Ready to Move,contractor,True,False,Normal,Repeated Listing
50000000,39508261.718489856,10491738.281510144,26.555808393361975,26.555808393361975,3900.0,4.0,1.0,1.0,Devanahalli,Villa,Ready to Move,contractor,True,False,Normal,Repeated Listing
50000000,51643741.139716096,-1643741.1397160962,-3.1828467563361587,3.1828467563361587,3900.0,4.0,1.0,1.0,Devanahalli,Villa,Ready to Move,owner,True,False,Normal,Repeated Listing
28500000,31953592.868370604,-3453592.868370604,-10.808151942716767,10.808151942716767,2300.0,4.0,3.0,1.0,Thirupalya,Villa,Under Construction,agent,True,False,Normal,Repeated Listing
32000000,27308742.32741032,4691257.672589678,17.17859290752094,17.17859290752094,2300.0,4.0,3.0,1.0,Thirupalya,Villa,Under Construction,builder,True,False,Normal,Repeated Listing
14800000,13621647.907160668,1178352.0928393323,8.650583988592839,8.650583988592839,2300.0,2.0,3.0,1.0,Thirupalya,Villa,Under Construction,contractor,True,False,Normal,Repeated Listing
48000000,37025599.25003,10974400.749969997,29.640035468058233,29.640035468058233,2768.0,4.0,2.0,1.0,Hennur Gardens,Villa,Under Construction,agent,True,False,Normal,Repeated Listing
26500000,27388616.699900262,-888616.699900262,-3.24447455538526,3.24447455538526,2300.0,5.0,3.0,1.0,Thirupalya,Villa,Under Construction,owner,True,False,Normal,Repeated Listing
32500000,55000000.00000105,-22500000.00000105,-40.909090909092036,40.909090909092036,3000.0,4.0,1.0,1.0,Yelahanka,Villa,Under Construction,agent,True,False,Normal,Repeated Listing
72150000,66285680.92557792,5864319.074422076,8.84703753893126,8.84703753893126,2300.0,8.0,3.0,1.0,Thirupalya,Villa,Under Construction,builder,True,False,Normal,Repeated Listing
55000000,55695508.54837928,-695508.5483792797,-1.2487695444510287,1.2487695444510287,3000.0,4.0,1.0,1.0,Yelahanka,Villa,Under Construction,owner,True,False,Normal,Repeated Listing
17500000,17173145.52905424,326854.4709457606,1.9032883078570242,1.9032883078570242,2136.0,5.0,3.0,1.0,Bidaraguppe,Villa,Under Construction,contractor,True,False,Normal,Repeated Listing
14000000,14725707.77437715,-725707.7743771505,-4.928169059825347,4.928169059825347,2136.0,4.0,3.0,1.0,Bidaraguppe,Villa,Under Construction,builder,True,False,Normal,Repeated Listing
32000000,32038291.658905108,-38291.65890510753,-0.11951841662713712,0.11951841662713712,2500.0,4.0,1.0,1.0,Devanahalli,Villa,Ready to Move,builder,True,False,Normal,Repeated Listing
37500000,38265442.75060015,-765442.7506001517,-2.000349912554315,2.000349912554315,2900.0,4.0,3.0,1.0,Sarjapur Road,Villa,Ready to Move,contractor,True,False,Normal,Repeated Listing
50000000,54695997.069464624,-4695997.069464624,-8.58563207742725,8.58563207742725,3900.0,4.0,1.0,1.0,Devanahalli,Villa,Ready to Move,agent,True,False,Normal,Repeated Listing
28000000,46068493.063934326,-18068493.063934326,-39.22093357570582,39.22093357570582,2900.0,4.0,3.0,1.0,Sarjapur Road,Villa,Ready to Move,agent,True,False,Normal,Repeated Listing
50000000,39015269.80292154,10984730.197078459,28.154951260277844,28.154951260277844,3900.0,4.0,1.0,1.0,Devanahalli,Villa,Ready to Move,builder,True,False,Normal,Repeated Listing
58400000,37606391.66004806,20793608.33995194,55.29275057261734,55.29275057261734,2900.0,4.0,3.0,1.0,Sarjapur Road,Villa,Ready to Move,contractor,True,False,Normal,Repeated Listing
28500000,31953592.868370604,-3453592.868370604,-10.808151942716767,10.808151942716767,2300.0,4.0,3.0,1.0,Thirupalya,Villa,Under Construction,agent,True,False,Normal,Repeated Listing
32000000,27308742.32741032,4691257.672589678,17.17859290752094,17.17859290752094,2300.0,4.0,3.0,1.0,Thirupalya,Villa,Under Construction,builder,True,False,Normal,Repeated Listing
14800000,13540530.005592821,1259469.9944071788,9.301482245428824,9.301482245428824,2300.0,2.0,3.0,1.0,Thirupalya,Villa,Under Construction,agent,True,False,Normal,Repeated Listing
26500000,26417217.791547924,82782.20845207572,0.3133645984421627,0.3133645984421627,2300.0,5.0,3.0,1.0,Thirupalya,Villa,Under Construction,contractor,True,False,Normal,Repeated Listing
48000000,37025599.25003,10974400.749969997,29.640035468058233,29.640035468058233,2768.0,4.0,2.0,1.0,Hennur Gardens,Villa,Under Construction,agent,True,False,Normal,Repeated Listing
72150000,70039953.84836496,2110046.151635036,3.0126321273758143,3.0126321273758143,2300.0,8.0,3.0,1.0,Thirupalya,Villa,Under Construction,owner,True,False,Normal,Repeated Listing
32500000,55000000.00000105,-22500000.00000105,-40.909090909092036,40.909090909092036,3000.0,4.0,1.0,1.0,Yelahanka,Villa,Under Construction,agent,True,False,Normal,Repeated Listing
17500000,18145538.13563871,-645538.1356387101,-3.5575585072941,3.5575585072941,2136.0,5.0,3.0,1.0,Bidaraguppe,Villa,Under Construction,agent,True,False,Normal,Repeated Listing
55000000,30390365.025824584,24609634.974175416,80.97841191859024,80.97841191859024,3000.0,4.0,1.0,1.0,Yelahanka,Villa,Under Construction,builder,True,False,Normal,Repeated Listing
14000000,14910817.447835509,-910817.4478355087,-6.108434034699588,6.108434034699588,2136.0,4.0,3.0,1.0,Bidaraguppe,Villa,Under Construction,agent,True,False,Normal,Repeated Listing
32000000,32245783.615796532,-245783.61579653248,-0.7622193919211449,0.7622193919211449,2500.0,4.0,1.0,1.0,Devanahalli,Villa,Ready to Move,owner,True,False,Normal,Repeated Listing
50000000,39015269.80292154,10984730.197078459,28.154951260277844,28.154951260277844,3900.0,4.0,1.0,1.0,Devanahalli,Villa,Ready to Move,builder,True,False,Normal,Repeated Listing
37500000,40383283.03161897,-2883283.0316189677,-7.139793536254689,7.139793536254689,2900.0,4.0,3.0,1.0,Sarjapur Road,Villa,Ready to Move,agent,True,False,Normal,Repeated Listing
28000000,37431002.09585924,-9431002.095859237,-25.195697597694107,25.195697597694107,2900.0,4.0,3.0,1.0,Sarjapur Road,Villa,Ready to Move,builder,True,False,Normal,Repeated Listing
50000000,39508261.718489856,10491738.281510144,26.555808393361975,26.555808393361975,3900.0,4.0,1.0,1.0,Devanahalli,Villa,Ready to Move,contractor,True,False,Normal,Repeated Listing
28500000,31953592.868370604,-3453592.868370604,-10.808151942716767,10.808151942716767,2300.0,4.0,3.0,1.0,Thirupalya,Villa,Under Construction,agent,True,False,Normal,Repeated Listing
58400000,37606391.66004806,20793608.33995194,55.29275057261734,55.29275057261734,2900.0,4.0,3.0,1.0,Sarjapur Road,Villa,Ready to Move,contractor,True,False,Normal,Repeated Listing
32000000,26204143.74423012,5795856.255769879,22.118090605597697,22.118090605597697,2300.0,4.0,3.0,1.0,Thirupalya,Villa,Under Construction,contractor,True,False,Normal,Repeated Listing
14800000,13621647.907160668,1178352.0928393323,8.650583988592839,8.650583988592839,2300.0,2.0,3.0,1.0,Thirupalya,Villa,Under Construction,contractor,True,False,Normal,Repeated Listing
26500000,26738502.473351225,-238502.47335122526,-0.8919814173921197,0.8919814173921197,2300.0,5.0,3.0,1.0,Thirupalya,Villa,Under Construction,agent,True,False,Normal,Repeated Listing
72150000,66285680.92557792,5864319.074422076,8.84703753893126,8.84703753893126,2300.0,8.0,3.0,1.0,Thirupalya,Villa,Under Construction,builder,True,False,Normal,Repeated Listing
17500000,18172562.31527548,-672562.3152754791,-3.7009768001188097,3.7009768001188097,2136.0,5.0,3.0,1.0,Bidaraguppe,Villa,Under Construction,builder,True,False,Normal,Repeated Listing
48000000,37025599.25003,10974400.749969997,29.640035468058233,29.640035468058233,2768.0,4.0,2.0,1.0,Hennur Gardens,Villa,Under Construction,agent,True,False,Normal,Repeated Listing
14000000,14725707.77437715,-725707.7743771505,-4.928169059825347,4.928169059825347,2136.0,4.0,3.0,1.0,Bidaraguppe,Villa,Under Construction,builder,True,False,Normal,Repeated Listing
32500000,55000000.00000105,-22500000.00000105,-40.909090909092036,40.909090909092036,3000.0,4.0,1.0,1.0,Yelahanka,Villa,Under Construction,agent,True,False,Normal,Repeated Listing
37500000,40984055.42728329,-3484055.427283287,-8.501002135976847,8.501002135976847,2900.0,4.0,3.0,1.0,Sarjapur Road,Villa,Ready to Move,builder,True,False,Normal,Repeated Listing
55000000,29390377.078481313,25609622.921518687,87.13608149066324,87.13608149066324,3000.0,4.0,1.0,1.0,Yelahanka,Villa,Under Construction,contractor,True,False,Normal,Repeated Listing
28000000,49030179.90966302,-21030179.90966302,-42.892316423090115,42.892316423090115,2900.0,4.0,3.0,1.0,Sarjapur Road,Villa,Ready to Move,owner,True,False,Normal,Repeated Listing
32000000,31848821.784964718,151178.21503528208,0.47467443554427097,0.47467443554427097,2500.0,4.0,1.0,1.0,Devanahalli,Villa,Ready to Move,contractor,True,False,Normal,Repeated Listing
58400000,32712811.31373335,25687188.68626665,78.52332971297629,78.52332971297629,2900.0,4.0,3.0,1.0,Sarjapur Road,Villa,Ready to Move,agent,True,False,Normal,Repeated Listing
50000000,39508261.718489856,10491738.281510144,26.555808393361975,26.555808393361975,3900.0,4.0,1.0,1.0,Devanahalli,Villa,Ready to Move,contractor,True,False,Normal,Repeated Listing
50000000,39508261.718489856,10491738.281510144,26.555808393361975,26.555808393361975,3900.0,4.0,1.0,1.0,Devanahalli,Villa,Ready to Move,contractor,True,False,Normal,Repeated Listing
48000000,37025599.25003,10974400.749969997,29.640035468058233,29.640035468058233,2768.0,4.0,2.0,1.0,Hennur Gardens,Villa,Under Construction,agent,True,False,Normal,Repeated Listing
28500000,31953592.868370604,-3453592.868370604,-10.808151942716767,10.808151942716767,2300.0,4.0,3.0,1.0,Thirupalya,Villa,Under Construction,agent,True,False,Normal,Repeated Listing
32500000,55000000.00000105,-22500000.00000105,-40.909090909092036,40.909090909092036,3000.0,4.0,1.0,1.0,Yelahanka,Villa,Under Construction,agent,True,False,Normal,Repeated Listing
32000000,27308742.32741032,4691257.672589678,17.17859290752094,17.17859290752094,2300.0,4.0,3.0,1.0,Thirupalya,Villa,Under Construction,builder,True,False,Normal,Repeated Listing
55000000,32501572.606834713,22498427.393165287,69.22258090500557,69.22258090500557,3000.0,4.0,1.0,1.0,Yelahanka,Villa,Under Construction,agent,True,False,Normal,Repeated Listing
14800000,13540530.005592821,1259469.9944071788,9.301482245428824,9.301482245428824,2300.0,2.0,3.0,1.0,Thirupalya,Villa,Under Construction,agent,True,False,Normal,Repeated Listing
32000000,31907191.702662885,92808.29733711481,0.29086952622461376,0.29086952622461376,2500.0,4.0,1.0,1.0,Devanahalli,Villa,Ready to Move,agent,True,False,Normal,Repeated Listing
26500000,26417217.791547924,82782.20845207572,0.3133645984421627,0.3133645984421627,2300.0,5.0,3.0,1.0,Thirupalya,Villa,Under Construction,contractor,True,False,Normal,Repeated Listing
50000000,39015269.80292154,10984730.197078459,28.154951260277844,28.154951260277844,3900.0,4.0,1.0,1.0,Devanahalli,Villa,Ready to Move,builder,True,False,Normal,Repeated Listing
72150000,66285680.92557792,5864319.074422076,8.84703753893126,8.84703753893126,2300.0,8.0,3.0,1.0,Thirupalya,Villa,Under Construction,builder,True,False,Normal,Repeated Listing
50000000,39015269.80292154,10984730.197078459,28.154951260277844,28.154951260277844,3900.0,4.0,1.0,1.0,Devanahalli,Villa,Ready to Move,builder,True,False,Normal,Repeated Listing
17500000,18145538.13563871,-645538.1356387101,-3.5575585072941,3.5575585072941,2136.0,5.0,3.0,1.0,Bidaraguppe,Villa,Under Construction,agent,True,False,Normal,Repeated Listing
28500000,31953592.868370604,-3453592.868370604,-10.808151942716767,10.808151942716767,2300.0,4.0,3.0,1.0,Thirupalya,Villa,Under Construction,agent,True,False,Normal,Repeated Listing
14000000,15128654.757274574,-1128654.7572745737,-7.460377511304256,7.460377511304256,2136.0,4.0,3.0,1.0,Bidaraguppe,Villa,Under Construction,contractor,True,False,Normal,Repeated Listing
32000000,27308742.32741032,4691257.672589678,17.17859290752094,17.17859290752094,2300.0,4.0,3.0,1.0,Thirupalya,Villa,Under Construction,builder,True,False,Normal,Repeated Listing
14800000,13621647.907160668,1178352.0928393323,8.650583988592839,8.650583988592839,2300.0,2.0,3.0,1.0,Thirupalya,Villa,Under Construction,contractor,True,False,Normal,Repeated Listing
37500000,40984055.42728329,-3484055.427283287,-8.501002135976847,8.501002135976847,2900.0,4.0,3.0,1.0,Sarjapur Road,Villa,Ready to Move,builder,True,False,Normal,Repeated Listing
26500000,27388616.699900262,-888616.699900262,-3.24447455538526,3.24447455538526,2300.0,5.0,3.0,1.0,Thirupalya,Villa,Under Construction,owner,True,False,Normal,Repeated Listing
28000000,46068493.063934326,-18068493.063934326,-39.22093357570582,39.22093357570582,2900.0,4.0,3.0,1.0,Sarjapur Road,Villa,Ready to Move,agent,True,False,Normal,Repeated Listing
58400000,32712811.31373335,25687188.68626665,78.52332971297629,78.52332971297629,2900.0,4.0,3.0,1.0,Sarjapur Road,Villa,Ready to Move,agent,True,False,Normal,Repeated Listing
72150000,66285680.92557792,5864319.074422076,8.84703753893126,8.84703753893126,2300.0,8.0,3.0,1.0,Thirupalya,Villa,Under Construction,builder,True,False,Normal,Repeated Listing
17500000,18145538.13563871,-645538.1356387101,-3.5575585072941,3.5575585072941,2136.0,5.0,3.0,1.0,Bidaraguppe,Villa,Under Construction,agent,True,False,Normal,Repeated Listing
48000000,37025599.25003,10974400.749969997,29.640035468058233,29.640035468058233,2768.0,4.0,2.0,1.0,Hennur Gardens,Villa,Under Construction,agent,True,False,Normal,Repeated Listing
14000000,14910817.447835509,-910817.4478355087,-6.108434034699588,6.108434034699588,2136.0,4.0,3.0,1.0,Bidaraguppe,Villa,Under Construction,agent,True,False,Normal,Repeated Listing
32500000,55000000.00000105,-22500000.00000105,-40.909090909092036,40.909090909092036,3000.0,4.0,1.0,1.0,Yelahanka,Villa,Under Construction,agent,True,False,Normal,Repeated Listing
37500000,40383283.03161897,-2883283.0316189677,-7.139793536254689,7.139793536254689,2900.0,4.0,3.0,1.0,Sarjapur Road,Villa,Ready to Move,agent,True,False,Normal,Repeated Listing
48000000,37025599.25003,10974400.749969997,29.640035468058233,29.640035468058233,2768.0,4.0,2.0,1.0,Hennur Gardens,Villa,Under Construction,agent,True,False,Normal,Repeated Listing
55000000,29390377.078481313,25609622.921518687,87.13608149066324,87.13608149066324,3000.0,4.0,1.0,1.0,Yelahanka,Villa,Under Construction,contractor,True,False,Normal,Repeated Listing
28000000,37606391.66004806,-9606391.66004806,-25.544571643265662,25.544571643265662,2900.0,4.0,3.0,1.0,Sarjapur Road,Villa,Ready to Move,contractor,True,False,Normal,Repeated Listing
32500000,55000000.00000105,-22500000.00000105,-40.909090909092036,40.909090909092036,3000.0,4.0,1.0,1.0,Yelahanka,Villa,Under Construction,agent,True,False,Normal,Repeated Listing
32000000,31907191.702662885,92808.29733711481,0.29086952622461376,0.29086952622461376,2500.0,4.0,1.0,1.0,Devanahalli,Villa,Ready to Move,agent,True,False,Normal,Repeated Listing
50000000,54695997.069464624,-4695997.069464624,-8.58563207742725,8.58563207742725,3900.0,4.0,1.0,1.0,Devanahalli,Villa,Ready to Move,agent,True,False,Normal,Repeated Listing
58400000,27975875.723221403,30424124.276778597,108.7512847775665,108.7512847775665,2900.0,4.0,3.0,1.0,Sarjapur Road,Villa,Ready to Move,owner,True,False,Potentially Overpriced,Repeated Listing
55000000,55695508.54837928,-695508.5483792797,-1.2487695444510287,1.2487695444510287,3000.0,4.0,1.0,1.0,Yelahanka,Villa,Under Construction,owner,True,False,Normal,Repeated Listing
32000000,32245783.615796532,-245783.61579653248,-0.7622193919211449,0.7622193919211449,2500.0,4.0,1.0,1.0,Devanahalli,Villa,Ready to Move,owner,True,False,Normal,Repeated Listing
50000000,39508261.718489856,10491738.281510144,26.555808393361975,26.555808393361975,3900.0,4.0,1.0,1.0,Devanahalli,Villa,Ready to Move,contractor,True,False,Normal,Repeated Listing
28500000,31953592.868370604,-3453592.868370604,-10.808151942716767,10.808151942716767,2300.0,4.0,3.0,1.0,Thirupalya,Villa,Under Construction,agent,True,False,Normal,Repeated Listing
48000000,37025599.25003,10974400.749969997,29.640035468058233,29.640035468058233,2768.0,4.0,2.0,1.0,Hennur Gardens,Villa,Under Construction,agent,True,False,Normal,Repeated Listing
50000000,39015269.80292154,10984730.197078459,28.154951260277844,28.154951260277844,3900.0,4.0,1.0,1.0,Devanahalli,Villa,Ready to Move,builder,True,False,Normal,Repeated Listing
50000000,51643741.139716096,-1643741.1397160962,-3.1828467563361587,3.1828467563361587,3900.0,4.0,1.0,1.0,Devanahalli,Villa,Ready to Move,owner,True,False,Normal,Repeated Listing
32000000,27308742.32741032,4691257.672589678,17.17859290752094,17.17859290752094,2300.0,4.0,3.0,1.0,Thirupalya,Villa,Under Construction,builder,True,False,Normal,Repeated Listing
14800000,12925585.31544728,1874414.6845527198,14.501584561223849,14.501584561223849,2300.0,2.0,3.0,1.0,Thirupalya,Villa,Under Construction,owner,True,False,Normal,Repeated Listing
32500000,55000000.00000105,-22500000.00000105,-40.909090909092036,40.909090909092036,3000.0,4.0,1.0,1.0,Yelahanka,Villa,Under Construction,agent,True,False,Normal,Repeated Listing
55000000,29390377.078481313,25609622.921518687,87.13608149066324,87.13608149066324,3000.0,4.0,1.0,1.0,Yelahanka,Villa,Under Construction,contractor,True,False,Normal,Repeated Listing
48000000,37025599.25003,10974400.749969997,29.640035468058233,29.640035468058233,2768.0,4.0,2.0,1.0,Hennur Gardens,Villa,Under Construction,agent,True,False,Normal,Repeated Listing
32500000,55000000.00000105,-22500000.00000105,-40.909090909092036,40.909090909092036,3000.0,4.0,1.0,1.0,Yelahanka,Villa,Under Construction,agent,True,False,Normal,Repeated Listing
28500000,31953592.868370604,-3453592.868370604,-10.808151942716767,10.808151942716767,2300.0,4.0,3.0,1.0,Thirupalya,Villa,Under Construction,agent,True,False,Normal,Repeated Listing
32000000,32920870.310378253,-920870.3103782535,-2.7972234685665356,2.7972234685665356,2300.0,4.0,3.0,1.0,Thirupalya,Villa,Under Construction,owner,True,False,Normal,Repeated Listing
26500000,26738502.473351225,-238502.47335122526,-0.8919814173921197,0.8919814173921197,2300.0,5.0,3.0,1.0,Thirupalya,Villa,Under Construction,agent,True,False,Normal,Repeated Listing
72150000,71757171.8637932,392828.1362068057,0.5474409400532919,0.5474409400532919,2300.0,8.0,3.0,1.0,Thirupalya,Villa,Under Construction,agent,True,False,Normal,Repeated Listing
32000000,31907191.702662885,92808.29733711481,0.29086952622461376,0.29086952622461376,2500.0,4.0,1.0,1.0,Devanahalli,Villa,Ready to Move,agent,True,False,Normal,Repeated Listing
50000000,39508261.718489856,10491738.281510144,26.555808393361975,26.555808393361975,3900.0,4.0,1.0,1.0,Devanahalli,Villa,Ready to Move,contractor,True,False,Normal,Repeated Listing
55000000,29390377.078481313,25609622.921518687,87.13608149066324,87.13608149066324,3000.0,4.0,1.0,1.0,Yelahanka,Villa,Under Construction,contractor,True,False,Normal,Repeated Listing
32000000,31907191.702662885,92808.29733711481,0.29086952622461376,0.29086952622461376,2500.0,4.0,1.0,1.0,Devanahalli,Villa,Ready to Move,agent,True,False,Normal,Repeated Listing
48000000,37025599.25003,10974400.749969997,29.640035468058233,29.640035468058233,2768.0,4.0,2.0,1.0,Hennur Gardens,Villa,Under Construction,agent,True,False,Normal,Repeated Listing
14800000,12925585.31544728,1874414.6845527198,14.501584561223849,14.501584561223849,2300.0,2.0,3.0,1.0,Thirupalya,Villa,Under Construction,owner,True,False,Normal,Repeated Listing
17500000,16609807.208783785,890192.7912162151,5.359440841344946,5.359440841344946,2136.0,5.0,3.0,1.0,Bidaraguppe,Villa,Under Construction,owner,True,False,Normal,Repeated Listing
50000000,51643741.139716096,-1643741.1397160962,-3.1828467563361587,3.1828467563361587,3900.0,4.0,1.0,1.0,Devanahalli,Villa,Ready to Move,owner,True,False,Normal,Repeated Listing
50000000,39508261.718489856,10491738.281510144,26.555808393361975,26.555808393361975,3900.0,4.0,1.0,1.0,Devanahalli,Villa,Ready to Move,contractor,True,False,Normal,Repeated Listing
32500000,55000000.00000105,-22500000.00000105,-40.909090909092036,40.909090909092036,3000.0,4.0,1.0,1.0,Yelahanka,Villa,Under Construction,agent,True,False,Normal,Repeated Listing
26500000,27388616.699900262,-888616.699900262,-3.24447455538526,3.24447455538526,2300.0,5.0,3.0,1.0,Thirupalya,Villa,Under Construction,owner,True,False,Normal,Repeated Listing
14000000,13993172.009470293,6827.990529706702,0.048795158989581894,0.048795158989581894,2136.0,4.0,3.0,1.0,Bidaraguppe,Villa,Under Construction,owner,True,False,Normal,Repeated Listing
28500000,31953592.868370604,-3453592.868370604,-10.808151942716767,10.808151942716767,2300.0,4.0,3.0,1.0,Thirupalya,Villa,Under Construction,agent,True,False,Normal,Repeated Listing
50000000,51643741.139716096,-1643741.1397160962,-3.1828467563361587,3.1828467563361587,3900.0,4.0,1.0,1.0,Devanahalli,Villa,Ready to Move,owner,True,False,Normal,Repeated Listing
55000000,55695508.54837928,-695508.5483792797,-1.2487695444510287,1.2487695444510287,3000.0,4.0,1.0,1.0,Yelahanka,Villa,Under Construction,owner,True,False,Normal,Repeated Listing
72150000,70039953.84836496,2110046.151635036,3.0126321273758143,3.0126321273758143,2300.0,8.0,3.0,1.0,Thirupalya,Villa,Under Construction,owner,True,False,Normal,Repeated Listing
37500000,38265442.75060015,-765442.7506001517,-2.000349912554315,2.000349912554315,2900.0,4.0,3.0,1.0,Sarjapur Road,Villa,Ready to Move,contractor,True,False,Normal,Repeated Listing
32000000,28503241.98318361,3496758.016816389,12.267930851091997,12.267930851091997,2300.0,4.0,3.0,1.0,Thirupalya,Villa,Under Construction,agent,True,False,Normal,Repeated Listing
28500000,31953592.868370604,-3453592.868370604,-10.808151942716767,10.808151942716767,2300.0,4.0,3.0,1.0,Thirupalya,Villa,Under Construction,agent,True,False,Normal,Repeated Listing
32000000,32245783.615796532,-245783.61579653248,-0.7622193919211449,0.7622193919211449,2500.0,4.0,1.0,1.0,Devanahalli,Villa,Ready to Move,owner,True,False,Normal,Repeated Listing
17500000,17173145.52905424,326854.4709457606,1.9032883078570242,1.9032883078570242,2136.0,5.0,3.0,1.0,Bidaraguppe,Villa,Under Construction,contractor,True,False,Normal,Repeated Listing
28000000,49030179.90966302,-21030179.90966302,-42.892316423090115,42.892316423090115,2900.0,4.0,3.0,1.0,Sarjapur Road,Villa,Ready to Move,owner,True,False,Normal,Repeated Listing
14800000,14887052.400365748,-87052.40036574751,-0.5847524279796906,0.5847524279796906,2300.0,2.0,3.0,1.0,Thirupalya,Villa,Under Construction,builder,True,False,Normal,Repeated Listing
32000000,26204143.74423012,5795856.255769879,22.118090605597697,22.118090605597697,2300.0,4.0,3.0,1.0,Thirupalya,Villa,Under Construction,contractor,True,False,Normal,Repeated Listing
50000000,39508261.718489856,10491738.281510144,26.555808393361975,26.555808393361975,3900.0,4.0,1.0,1.0,Devanahalli,Villa,Ready to Move,contractor,True,False,Normal,Repeated Listing
14000000,14910817.447835509,-910817.4478355087,-6.108434034699588,6.108434034699588,2136.0,4.0,3.0,1.0,Bidaraguppe,Villa,Under Construction,agent,True,False,Normal,Repeated Listing
58400000,27975875.723221403,30424124.276778597,108.7512847775665,108.7512847775665,2900.0,4.0,3.0,1.0,Sarjapur Road,Villa,Ready to Move,owner,True,False,Potentially Overpriced,Repeated Listing
26500000,26738502.473351225,-238502.47335122526,-0.8919814173921197,0.8919814173921197,2300.0,5.0,3.0,1.0,Thirupalya,Villa,Under Construction,agent,True,False,Normal,Repeated Listing
14800000,14887052.400365748,-87052.40036574751,-0.5847524279796906,0.5847524279796906,2300.0,2.0,3.0,1.0,Thirupalya,Villa,Under Construction,builder,True,False,Normal,Repeated Listing
50000000,51643741.139716096,-1643741.1397160962,-3.1828467563361587,3.1828467563361587,3900.0,4.0,1.0,1.0,Devanahalli,Villa,Ready to Move,owner,True,False,Normal,Repeated Listing
37500000,38265442.75060015,-765442.7506001517,-2.000349912554315,2.000349912554315,2900.0,4.0,3.0,1.0,Sarjapur Road,Villa,Ready to Move,contractor,True,False,Normal,Repeated Listing
72150000,66285680.92557792,5864319.074422076,8.84703753893126,8.84703753893126,2300.0,8.0,3.0,1.0,Thirupalya,Villa,Under Construction,builder,True,False,Normal,Repeated Listing
26500000,26738502.473351225,-238502.47335122526,-0.8919814173921197,0.8919814173921197,2300.0,5.0,3.0,1.0,Thirupalya,Villa,Under Construction,agent,True,False,Normal,Repeated Listing
28500000,31953592.868370604,-3453592.868370604,-10.808151942716767,10.808151942716767,2300.0,4.0,3.0,1.0,Thirupalya,Villa,Under Construction,agent,True,False,Normal,Repeated Listing
32000000,26204143.74423012,5795856.255769879,22.118090605597697,22.118090605597697,2300.0,4.0,3.0,1.0,Thirupalya,Villa,Under Construction,contractor,True,False,Normal,Repeated Listing
28000000,46068493.063934326,-18068493.063934326,-39.22093357570582,39.22093357570582,2900.0,4.0,3.0,1.0,Sarjapur Road,Villa,Ready to Move,agent,True,False,Normal,Repeated Listing
58400000,37431002.09585924,20968997.904140763,56.02040215338086,56.02040215338086,2900.0,4.0,3.0,1.0,Sarjapur Road,Villa,Ready to Move,builder,True,False,Normal,Repeated Listing
17500000,16609807.208783785,890192.7912162151,5.359440841344946,5.359440841344946,2136.0,5.0,3.0,1.0,Bidaraguppe,Villa,Under Construction,owner,True,False,Normal,Repeated Listing
14000000,15128654.757274574,-1128654.7572745737,-7.460377511304256,7.460377511304256,2136.0,4.0,3.0,1.0,Bidaraguppe,Villa,Under Construction,contractor,True,False,Normal,Repeated Listing
72150000,71757171.8637932,392828.1362068057,0.5474409400532919,0.5474409400532919,2300.0,8.0,3.0,1.0,Thirupalya,Villa,Under Construction,agent,True,False,Normal,Repeated Listing
17500000,18172562.31527548,-672562.3152754791,-3.7009768001188097,3.7009768001188097,2136.0,5.0,3.0,1.0,Bidaraguppe,Villa,Under Construction,builder,True,False,Normal,Repeated Listing
14800000,12925585.31544728,1874414.6845527198,14.501584561223849,14.501584561223849,2300.0,2.0,3.0,1.0,Thirupalya,Villa,Under Construction,owner,True,False,Normal,Repeated Listing
26500000,26417217.791547924,82782.20845207572,0.3133645984421627,0.3133645984421627,2300.0,5.0,3.0,1.0,Thirupalya,Villa,Under Construction,contractor,True,False,Normal,Repeated Listing
37500000,40383283.03161897,-2883283.0316189677,-7.139793536254689,7.139793536254689,2900.0,4.0,3.0,1.0,Sarjapur Road,Villa,Ready to Move,agent,True,False,Normal,Repeated Listing
28000000,37606391.66004806,-9606391.66004806,-25.544571643265662,25.544571643265662,2900.0,4.0,3.0,1.0,Sarjapur Road,Villa,Ready to Move,contractor,True,False,Normal,Repeated Listing
14000000,14725707.77437715,-725707.7743771505,-4.928169059825347,4.928169059825347,2136.0,4.0,3.0,1.0,Bidaraguppe,Villa,Under Construction,builder,True,False,Normal,Repeated Listing
37500000,40984055.42728329,-3484055.427283287,-8.501002135976847,8.501002135976847,2900.0,4.0,3.0,1.0,Sarjapur Road,Villa,Ready to Move,builder,True,False,Normal,Repeated Listing
72150000,70039953.84836496,2110046.151635036,3.0126321273758143,3.0126321273758143,2300.0,8.0,3.0,1.0,Thirupalya,Villa,Under Construction,owner,True,False,Normal,Repeated Listing
17500000,18145538.13563871,-645538.1356387101,-3.5575585072941,3.5575585072941,2136.0,5.0,3.0,1.0,Bidaraguppe,Villa,Under Construction,agent,True,False,Normal,Repeated Listing
48000000,37025599.25003,10974400.749969997,29.640035468058233,29.640035468058233,2768.0,4.0,2.0,1.0,Hennur Gardens,Villa,Under Construction,agent,True,False,Normal,Repeated Listing
32500000,55000000.00000105,-22500000.00000105,-40.909090909092036,40.909090909092036,3000.0,4.0,1.0,1.0,Yelahanka,Villa,Under Construction,agent,True,False,Normal,Repeated Listing
58400000,37606391.66004806,20793608.33995194,55.29275057261734,55.29275057261734,2900.0,4.0,3.0,1.0,Sarjapur Road,Villa,Ready to Move,contractor,True,False,Normal,Repeated Listing
28000000,46068493.063934326,-18068493.063934326,-39.22093357570582,39.22093357570582,2900.0,4.0,3.0,1.0,Sarjapur Road,Villa,Ready to Move,agent,True,False,Normal,Repeated Listing
14000000,15128654.757274574,-1128654.7572745737,-7.460377511304256,7.460377511304256,2136.0,4.0,3.0,1.0,Bidaraguppe,Villa,Under Construction,contractor,True,False,Normal,Repeated Listing
55000000,55695508.54837928,-695508.5483792797,-1.2487695444510287,1.2487695444510287,3000.0,4.0,1.0,1.0,Yelahanka,Villa,Under Construction,owner,True,False,Normal,Repeated Listing
58400000,37606391.66004806,20793608.33995194,55.29275057261734,55.29275057261734,2900.0,4.0,3.0,1.0,Sarjapur Road,Villa,Ready to Move,contractor,True,False,Normal,Repeated Listing
37500000,40984055.42728329,-3484055.427283287,-8.501002135976847,8.501002135976847,2900.0,4.0,3.0,1.0,Sarjapur Road,Villa,Ready to Move,builder,True,False,Normal,Repeated Listing
32000000,32038291.658905108,-38291.65890510753,-0.11951841662713712,0.11951841662713712,2500.0,4.0,1.0,1.0,Devanahalli,Villa,Ready to Move,builder,True,False,Normal,Repeated Listing
28000000,37606391.66004806,-9606391.66004806,-25.544571643265662,25.544571643265662,2900.0,4.0,3.0,1.0,Sarjapur Road,Villa,Ready to Move,contractor,True,False,Normal,Repeated Listing
58400000,32712811.31373335,25687188.68626665,78.52332971297629,78.52332971297629,2900.0,4.0,3.0,1.0,Sarjapur Road,Villa,Ready to Move,agent,True,False,Normal,Repeated Listing
50000000,39508261.718489856,10491738.281510144,26.555808393361975,26.555808393361975,3900.0,4.0,1.0,1.0,Devanahalli,Villa,Ready to Move,contractor,True,False,Normal,Repeated Listing
50000000,39508261.718489856,10491738.281510144,26.555808393361975,26.555808393361975,3900.0,4.0,1.0,1.0,Devanahalli,Villa,Ready to Move,contractor,True,False,Normal,Repeated Listing
28500000,31953592.868370604,-3453592.868370604,-10.808151942716767,10.808151942716767,2300.0,4.0,3.0,1.0,Thirupalya,Villa,Under Construction,agent,True,False,Normal,Repeated Listing
32000000,26204143.74423012,5795856.255769879,22.118090605597697,22.118090605597697,2300.0,4.0,3.0,1.0,Thirupalya,Villa,Under Construction,contractor,True,False,Normal,Repeated Listing
48000000,37025599.25003,10974400.749969997,29.640035468058233,29.640035468058233,2768.0,4.0,2.0,1.0,Hennur Gardens,Villa,Under Construction,agent,True,False,Normal,Repeated Listing
14800000,13540530.005592821,1259469.9944071788,9.301482245428824,9.301482245428824,2300.0,2.0,3.0,1.0,Thirupalya,Villa,Under Construction,agent,True,False,Normal,Repeated Listing
32500000,55000000.00000105,-22500000.00000105,-40.909090909092036,40.909090909092036,3000.0,4.0,1.0,1.0,Yelahanka,Villa,Under Construction,agent,True,False,Normal,Repeated Listing
26500000,27388616.699900262,-888616.699900262,-3.24447455538526,3.24447455538526,2300.0,5.0,3.0,1.0,Thirupalya,Villa,Under Construction,owner,True,False,Normal,Repeated Listing
55000000,55695508.54837928,-695508.5483792797,-1.2487695444510287,1.2487695444510287,3000.0,4.0,1.0,1.0,Yelahanka,Villa,Under Construction,owner,True,False,Normal,Repeated Listing
48000000,37025599.25003,10974400.749969997,29.640035468058233,29.640035468058233,2768.0,4.0,2.0,1.0,Hennur Gardens,Villa,Under Construction,agent,True,False,Normal,Repeated Listing
72150000,72298627.36492518,-148627.3649251759,-0.20557425547650263,0.20557425547650263,2300.0,8.0,3.0,1.0,Thirupalya,Villa,Under Construction,contractor,True,False,Normal,Repeated Listing
32000000,32038291.658905108,-38291.65890510753,-0.11951841662713712,0.11951841662713712,2500.0,4.0,1.0,1.0,Devanahalli,Villa,Ready to Move,builder,True,False,Normal,Repeated Listing
32500000,55000000.00000105,-22500000.00000105,-40.909090909092036,40.909090909092036,3000.0,4.0,1.0,1.0,Yelahanka,Villa,Under Construction,agent,True,False,Normal,Repeated Listing
17500000,16609807.208783785,890192.7912162151,5.359440841344946,5.359440841344946,2136.0,5.0,3.0,1.0,Bidaraguppe,Villa,Under Construction,owner,True,False,Normal,Repeated Listing
14000000,14910817.447835509,-910817.4478355087,-6.108434034699588,6.108434034699588,2136.0,4.0,3.0,1.0,Bidaraguppe,Villa,Under Construction,agent,True,False,Normal,Repeated Listing
50000000,39015269.80292154,10984730.197078459,28.154951260277844,28.154951260277844,3900.0,4.0,1.0,1.0,Devanahalli,Villa,Ready to Move,builder,True,False,Normal,Repeated Listing
50000000,54695997.069464624,-4695997.069464624,-8.58563207742725,8.58563207742725,3900.0,4.0,1.0,1.0,Devanahalli,Villa,Ready to Move,agent,True,False,Normal,Repeated Listing
55000000,32501572.606834713,22498427.393165287,69.22258090500557,69.22258090500557,3000.0,4.0,1.0,1.0,Yelahanka,Villa,Under Construction,agent,True,False,Normal,Repeated Listing
32000000,32038291.658905108,-38291.65890510753,-0.11951841662713712,0.11951841662713712,2500.0,4.0,1.0,1.0,Devanahalli,Villa,Ready to Move,builder,True,False,Normal,Repeated Listing
37500000,38265442.75060015,-765442.7506001517,-2.000349912554315,2.000349912554315,2900.0,4.0,3.0,1.0,Sarjapur Road,Villa,Ready to Move,contractor,True,False,Normal,Repeated Listing
28000000,46068493.063934326,-18068493.063934326,-39.22093357570582,39.22093357570582,2900.0,4.0,3.0,1.0,Sarjapur Road,Villa,Ready to Move,agent,True,False,Normal,Repeated Listing
28500000,31953592.868370604,-3453592.868370604,-10.808151942716767,10.808151942716767,2300.0,4.0,3.0,1.0,Thirupalya,Villa,Under Construction,agent,True,False,Normal,Repeated Listing
32000000,26204143.74423012,5795856.255769879,22.118090605597697,22.118090605597697,2300.0,4.0,3.0,1.0,Thirupalya,Villa,Under Construction,contractor,True,False,Normal,Repeated Listing
50000000,39015269.80292154,10984730.197078459,28.154951260277844,28.154951260277844,3900.0,4.0,1.0,1.0,Devanahalli,Villa,Ready to Move,builder,True,False,Normal,Repeated Listing
50000000,51643741.139716096,-1643741.1397160962,-3.1828467563361587,3.1828467563361587,3900.0,4.0,1.0,1.0,Devanahalli,Villa,Ready to Move,owner,True,False,Normal,Repeated Listing
58400000,37431002.09585924,20968997.904140763,56.02040215338086,56.02040215338086,2900.0,4.0,3.0,1.0,Sarjapur Road,Villa,Ready to Move,builder,True,False,Normal,Repeated Listing
14800000,13621647.907160668,1178352.0928393323,8.650583988592839,8.650583988592839,2300.0,2.0,3.0,1.0,Thirupalya,Villa,Under Construction,contractor,True,False,Normal,Repeated Listing
28500000,31953592.868370604,-3453592.868370604,-10.808151942716767,10.808151942716767,2300.0,4.0,3.0,1.0,Thirupalya,Villa,Under Construction,agent,True,False,Normal,Repeated Listing
26500000,27388616.699900262,-888616.699900262,-3.24447455538526,3.24447455538526,2300.0,5.0,3.0,1.0,Thirupalya,Villa,Under Construction,owner,True,False,Normal,Repeated Listing
32000000,26204143.74423012,5795856.255769879,22.118090605597697,22.118090605597697,2300.0,4.0,3.0,1.0,Thirupalya,Villa,Under Construction,contractor,True,False,Normal,Repeated Listing
72150000,70039953.84836496,2110046.151635036,3.0126321273758143,3.0126321273758143,2300.0,8.0,3.0,1.0,Thirupalya,Villa,Under Construction,owner,True,False,Normal,Repeated Listing
14800000,12925585.31544728,1874414.6845527198,14.501584561223849,14.501584561223849,2300.0,2.0,3.0,1.0,Thirupalya,Villa,Under Construction,owner,True,False,Normal,Repeated Listing
17500000,18172562.31527548,-672562.3152754791,-3.7009768001188097,3.7009768001188097,2136.0,5.0,3.0,1.0,Bidaraguppe,Villa,Under Construction,builder,True,False,Normal,Repeated Listing
26500000,27388616.699900262,-888616.699900262,-3.24447455538526,3.24447455538526,2300.0,5.0,3.0,1.0,Thirupalya,Villa,Under Construction,owner,True,False,Normal,Repeated Listing
48000000,37025599.25003,10974400.749969997,29.640035468058233,29.640035468058233,2768.0,4.0,2.0,1.0,Hennur Gardens,Villa,Under Construction,agent,True,False,Normal,Repeated Listing
14000000,14910817.447835509,-910817.4478355087,-6.108434034699588,6.108434034699588,2136.0,4.0,3.0,1.0,Bidaraguppe,Villa,Under Construction,agent,True,False,Normal,Repeated Listing
72150000,66285680.92557792,5864319.074422076,8.84703753893126,8.84703753893126,2300.0,8.0,3.0,1.0,Thirupalya,Villa,Under Construction,builder,True,False,Normal,Repeated Listing
32500000,55000000.00000105,-22500000.00000105,-40.909090909092036,40.909090909092036,3000.0,4.0,1.0,1.0,Yelahanka,Villa,Under Construction,agent,True,False,Normal,Repeated Listing
55000000,55695508.54837928,-695508.5483792797,-1.2487695444510287,1.2487695444510287,3000.0,4.0,1.0,1.0,Yelahanka,Villa,Under Construction,owner,True,False,Normal,Repeated Listing
37500000,38265442.75060015,-765442.7506001517,-2.000349912554315,2.000349912554315,2900.0,4.0,3.0,1.0,Sarjapur Road,Villa,Ready to Move,contractor,True,False,Normal,Repeated Listing
17500000,16609807.208783785,890192.7912162151,5.359440841344946,5.359440841344946,2136.0,5.0,3.0,1.0,Bidaraguppe,Villa,Under Construction,owner,True,False,Normal,Repeated Listing
32000000,31848821.784964718,151178.21503528208,0.47467443554427097,0.47467443554427097,2500.0,4.0,1.0,1.0,Devanahalli,Villa,Ready to Move,contractor,True,False,Normal,Repeated Listing
28000000,46068493.063934326,-18068493.063934326,-39.22093357570582,39.22093357570582,2900.0,4.0,3.0,1.0,Sarjapur Road,Villa,Ready to Move,agent,True,False,Normal,Repeated Listing
14000000,13993172.009470293,6827.990529706702,0.048795158989581894,0.048795158989581894,2136.0,4.0,3.0,1.0,Bidaraguppe,Villa,Under Construction,owner,True,False,Normal,Repeated Listing
50000000,51643741.139716096,-1643741.1397160962,-3.1828467563361587,3.1828467563361587,3900.0,4.0,1.0,1.0,Devanahalli,Villa,Ready to Move,owner,True,False,Normal,Repeated Listing
58400000,32712811.31373335,25687188.68626665,78.52332971297629,78.52332971297629,2900.0,4.0,3.0,1.0,Sarjapur Road,Villa,Ready to Move,agent,True,False,Normal,Repeated Listing
37500000,40383283.03161897,-2883283.0316189677,-7.139793536254689,7.139793536254689,2900.0,4.0,3.0,1.0,Sarjapur Road,Villa,Ready to Move,agent,True,False,Normal,Repeated Listing
50000000,39508261.718489856,10491738.281510144,26.555808393361975,26.555808393361975,3900.0,4.0,1.0,1.0,Devanahalli,Villa,Ready to Move,contractor,True,False,Normal,Repeated Listing
28000000,37606391.66004806,-9606391.66004806,-25.544571643265662,25.544571643265662,2900.0,4.0,3.0,1.0,Sarjapur Road,Villa,Ready to Move,contractor,True,False,Normal,Repeated Listing
28500000,31953592.868370604,-3453592.868370604,-10.808151942716767,10.808151942716767,2300.0,4.0,3.0,1.0,Thirupalya,Villa,Under Construction,agent,True,False,Normal,Repeated Listing
58400000,27975875.723221403,30424124.276778597,108.7512847775665,108.7512847775665,2900.0,4.0,3.0,1.0,Sarjapur Road,Villa,Ready to Move,owner,True,False,Potentially Overpriced,Repeated Listing
32000000,28503241.98318361,3496758.016816389,12.267930851091997,12.267930851091997,2300.0,4.0,3.0,1.0,Thirupalya,Villa,Under Construction,agent,True,False,Normal,Repeated Listing
14800000,14887052.400365748,-87052.40036574751,-0.5847524279796906,0.5847524279796906,2300.0,2.0,3.0,1.0,Thirupalya,Villa,Under Construction,builder,True,False,Normal,Repeated Listing
26500000,26738502.473351225,-238502.47335122526,-0.8919814173921197,0.8919814173921197,2300.0,5.0,3.0,1.0,Thirupalya,Villa,Under Construction,agent,True,False,Normal,Repeated Listing
48000000,37025599.25003,10974400.749969997,29.640035468058233,29.640035468058233,2768.0,4.0,2.0,1.0,Hennur Gardens,Villa,Under Construction,agent,True,False,Normal,Repeated Listing
32500000,55000000.00000105,-22500000.00000105,-40.909090909092036,40.909090909092036,3000.0,4.0,1.0,1.0,Yelahanka,Villa,Under Construction,agent,True,False,Normal,Repeated Listing
72150000,66285680.92557792,5864319.074422076,8.84703753893126,8.84703753893126,2300.0,8.0,3.0,1.0,Thirupalya,Villa,Under Construction,builder,True,False,Normal,Repeated Listing
17500000,16609807.208783785,890192.7912162151,5.359440841344946,5.359440841344946,2136.0,5.0,3.0,1.0,Bidaraguppe,Villa,Under Construction,owner,True,False,Normal,Repeated Listing
55000000,29390377.078481313,25609622.921518687,87.13608149066324,87.13608149066324,3000.0,4.0,1.0,1.0,Yelahanka,Villa,Under Construction,contractor,True,False,Normal,Repeated Listing
32000000,32245783.615796532,-245783.61579653248,-0.7622193919211449,0.7622193919211449,2500.0,4.0,1.0,1.0,Devanahalli,Villa,Ready to Move,owner,True,False,Normal,Repeated Listing
14000000,13993172.009470293,6827.990529706702,0.048795158989581894,0.048795158989581894,2136.0,4.0,3.0,1.0,Bidaraguppe,Villa,Under Construction,owner,True,False,Normal,Repeated Listing
37500000,40984055.42728329,-3484055.427283287,-8.501002135976847,8.501002135976847,2900.0,4.0,3.0,1.0,Sarjapur Road,Villa,Ready to Move,builder,True,False,Normal,Repeated Listing
50000000,51643741.139716096,-1643741.1397160962,-3.1828467563361587,3.1828467563361587,3900.0,4.0,1.0,1.0,Devanahalli,Villa,Ready to Move,owner,True,False,Normal,Repeated Listing
50000000,51643741.139716096,-1643741.1397160962,-3.1828467563361587,3.1828467563361587,3900.0,4.0,1.0,1.0,Devanahalli,Villa,Ready to Move,owner,True,False,Normal,Repeated Listing
28000000,49030179.90966302,-21030179.90966302,-42.892316423090115,42.892316423090115,2900.0,4.0,3.0,1.0,Sarjapur Road,Villa,Ready to Move,owner,True,False,Normal,Repeated Listing
58400000,37606391.66004806,20793608.33995194,55.29275057261734,55.29275057261734,2900.0,4.0,3.0,1.0,Sarjapur Road,Villa,Ready to Move,contractor,True,False,Normal,Repeated Listing
28500000,31953592.868370604,-3453592.868370604,-10.808151942716767,10.808151942716767,2300.0,4.0,3.0,1.0,Thirupalya,Villa,Under Construction,agent,True,False,Normal,Repeated Listing
32000000,32920870.310378253,-920870.3103782535,-2.7972234685665356,2.7972234685665356,2300.0,4.0,3.0,1.0,Thirupalya,Villa,Under Construction,owner,True,False,Normal,Repeated Listing
48000000,37025599.25003,10974400.749969997,29.640035468058233,29.640035468058233,2768.0,4.0,2.0,1.0,Hennur Gardens,Villa,Under Construction,agent,True,False,Normal,Repeated Listing
32500000,55000000.00000105,-22500000.00000105,-40.909090909092036,40.909090909092036,3000.0,4.0,1.0,1.0,Yelahanka,Villa,Under Construction,agent,True,False,Normal,Repeated Listing
14800000,13540530.005592821,1259469.9944071788,9.301482245428824,9.301482245428824,2300.0,2.0,3.0,1.0,Thirupalya,Villa,Under Construction,agent,True,False,Normal,Repeated Listing
55000000,30390365.025824584,24609634.974175416,80.97841191859024,80.97841191859024,3000.0,4.0,1.0,1.0,Yelahanka,Villa,Under Construction,builder,True,False,Normal,Repeated Listing
26500000,26738502.473351225,-238502.47335122526,-0.8919814173921197,0.8919814173921197,2300.0,5.0,3.0,1.0,Thirupalya,Villa,Under Construction,agent,True,False,Normal,Repeated Listing
32000000,31848821.784964718,151178.21503528208,0.47467443554427097,0.47467443554427097,2500.0,4.0,1.0,1.0,Devanahalli,Villa,Ready to Move,contractor,True,False,Normal,Repeated Listing
72150000,66285680.92557792,5864319.074422076,8.84703753893126,8.84703753893126,2300.0,8.0,3.0,1.0,Thirupalya,Villa,Under Construction,builder,True,False,Normal,Repeated Listing
17500000,16609807.208783785,890192.7912162151,5.359440841344946,5.359440841344946,2136.0,5.0,3.0,1.0,Bidaraguppe,Villa,Under Construction,owner,True,False,Normal,Repeated Listing
50000000,39508261.718489856,10491738.281510144,26.555808393361975,26.555808393361975,3900.0,4.0,1.0,1.0,Devanahalli,Villa,Ready to Move,contractor,True,False,Normal,Repeated Listing
48000000,37025599.25003,10974400.749969997,29.640035468058233,29.640035468058233,2768.0,4.0,2.0,1.0,Hennur Gardens,Villa,Under Construction,agent,True,False,Normal,Repeated Listing
14000000,14910817.447835509,-910817.4478355087,-6.108434034699588,6.108434034699588,2136.0,4.0,3.0,1.0,Bidaraguppe,Villa,Under Construction,agent,True,False,Normal,Repeated Listing
37500000,40383283.03161897,-2883283.0316189677,-7.139793536254689,7.139793536254689,2900.0,4.0,3.0,1.0,Sarjapur Road,Villa,Ready to Move,agent,True,False,Normal,Repeated Listing
50000000,51643741.139716096,-1643741.1397160962,-3.1828467563361587,3.1828467563361587,3900.0,4.0,1.0,1.0,Devanahalli,Villa,Ready to Move,owner,True,False,Normal,Repeated Listing
28500000,31953592.868370604,-3453592.868370604,-10.808151942716767,10.808151942716767,2300.0,4.0,3.0,1.0,Thirupalya,Villa,Under Construction,agent,True,False,Normal,Repeated Listing
32500000,55000000.00000105,-22500000.00000105,-40.909090909092036,40.909090909092036,3000.0,4.0,1.0,1.0,Yelahanka,Villa,Under Construction,agent,True,False,Normal,Repeated Listing
55000000,30390365.025824584,24609634.974175416,80.97841191859024,80.97841191859024,3000.0,4.0,1.0,1.0,Yelahanka,Villa,Under Construction,builder,True,False,Normal,Repeated Listing
48000000,37025599.25003,10974400.749969997,29.640035468058233,29.640035468058233,2768.0,4.0,2.0,1.0,Hennur Gardens,Villa,Under Construction,agent,True,False,Normal,Repeated Listing
32500000,55000000.00000105,-22500000.00000105,-40.909090909092036,40.909090909092036,3000.0,4.0,1.0,1.0,Yelahanka,Villa,Under Construction,agent,True,False,Normal,Repeated Listing
28000000,37431002.09585924,-9431002.095859237,-25.195697597694107,25.195697597694107,2900.0,4.0,3.0,1.0,Sarjapur Road,Villa,Ready to Move,builder,True,False,Normal,Repeated Listing
58400000,37431002.09585924,20968997.904140763,56.02040215338086,56.02040215338086,2900.0,4.0,3.0,1.0,Sarjapur Road,Villa,Ready to Move,builder,True,False,Normal,Repeated Listing
32000000,27308742.32741032,4691257.672589678,17.17859290752094,17.17859290752094,2300.0,4.0,3.0,1.0,Thirupalya,Villa,Under Construction,builder,True,False,Normal,Repeated Listing
14800000,12925585.31544728,1874414.6845527198,14.501584561223849,14.501584561223849,2300.0,2.0,3.0,1.0,Thirupalya,Villa,Under Construction,owner,True,False,Normal,Repeated Listing
32000000,31848821.784964718,151178.21503528208,0.47467443554427097,0.47467443554427097,2500.0,4.0,1.0,1.0,Devanahalli,Villa,Ready to Move,contractor,True,False,Normal,Repeated Listing
50000000,51643741.139716096,-1643741.1397160962,-3.1828467563361587,3.1828467563361587,3900.0,4.0,1.0,1.0,Devanahalli,Villa,Ready to Move,owner,True,False,Normal,Repeated Listing
55000000,55695508.54837928,-695508.5483792797,-1.2487695444510287,1.2487695444510287,3000.0,4.0,1.0,1.0,Yelahanka,Villa,Under Construction,owner,True,False,Normal,Repeated Listing
32000000,31907191.702662885,92808.29733711481,0.29086952622461376,0.29086952622461376,2500.0,4.0,1.0,1.0,Devanahalli,Villa,Ready to Move,agent,True,False,Normal,Repeated Listing
48000000,37025599.25003,10974400.749969997,29.640035468058233,29.640035468058233,2768.0,4.0,2.0,1.0,Hennur Gardens,Villa,Under Construction,agent,True,False,Normal,Repeated Listing
26500000,26738502.473351225,-238502.47335122526,-0.8919814173921197,0.8919814173921197,2300.0,5.0,3.0,1.0,Thirupalya,Villa,Under Construction,agent,True,False,Normal,Repeated Listing
72150000,72298627.36492518,-148627.3649251759,-0.20557425547650263,0.20557425547650263,2300.0,8.0,3.0,1.0,Thirupalya,Villa,Under Construction,contractor,True,False,Normal,Repeated Listing
50000000,39508261.718489856,10491738.281510144,26.555808393361975,26.555808393361975,3900.0,4.0,1.0,1.0,Devanahalli,Villa,Ready to Move,contractor,True,False,Normal,Repeated Listing
28500000,31953592.868370604,-3453592.868370604,-10.808151942716767,10.808151942716767,2300.0,4.0,3.0,1.0,Thirupalya,Villa,Under Construction,agent,True,False,Normal,Repeated Listing
50000000,39015269.80292154,10984730.197078459,28.154951260277844,28.154951260277844,3900.0,4.0,1.0,1.0,Devanahalli,Villa,Ready to Move,builder,True,False,Normal,Repeated Listing
50000000,51643741.139716096,-1643741.1397160962,-3.1828467563361587,3.1828467563361587,3900.0,4.0,1.0,1.0,Devanahalli,Villa,Ready to Move,owner,True,False,Normal,Repeated Listing
32500000,55000000.00000105,-22500000.00000105,-40.909090909092036,40.909090909092036,3000.0,4.0,1.0,1.0,Yelahanka,Villa,Under Construction,agent,True,False,Normal,Repeated Listing
55000000,55695508.54837928,-695508.5483792797,-1.2487695444510287,1.2487695444510287,3000.0,4.0,1.0,1.0,Yelahanka,Villa,Under Construction,owner,True,False,Normal,Repeated Listing
17500000,17173145.52905424,326854.4709457606,1.9032883078570242,1.9032883078570242,2136.0,5.0,3.0,1.0,Bidaraguppe,Villa,Under Construction,contractor,True,False,Normal,Repeated Listing
14000000,14725707.77437715,-725707.7743771505,-4.928169059825347,4.928169059825347,2136.0,4.0,3.0,1.0,Bidaraguppe,Villa,Under Construction,builder,True,False,Normal,Repeated Listing
32000000,32920870.310378253,-920870.3103782535,-2.7972234685665356,2.7972234685665356,2300.0,4.0,3.0,1.0,Thirupalya,Villa,Under Construction,owner,True,False,Normal,Repeated Listing
14800000,14887052.400365748,-87052.40036574751,-0.5847524279796906,0.5847524279796906,2300.0,2.0,3.0,1.0,Thirupalya,Villa,Under Construction,builder,True,False,Normal,Repeated Listing
28500000,31953592.868370604,-3453592.868370604,-10.808151942716767,10.808151942716767,2300.0,4.0,3.0,1.0,Thirupalya,Villa,Under Construction,agent,True,False,Normal,Repeated Listing
32000000,27308742.32741032,4691257.672589678,17.17859290752094,17.17859290752094,2300.0,4.0,3.0,1.0,Thirupalya,Villa,Under Construction,builder,True,False,Normal,Repeated Listing
32000000,32038291.658905108,-38291.65890510753,-0.11951841662713712,0.11951841662713712,2500.0,4.0,1.0,1.0,Devanahalli,Villa,Ready to Move,builder,True,False,Normal,Repeated Listing
50000000,39508261.718489856,10491738.281510144,26.555808393361975,26.555808393361975,3900.0,4.0,1.0,1.0,Devanahalli,Villa,Ready to Move,contractor,True,False,Normal,Repeated Listing
37500000,40383283.03161897,-2883283.0316189677,-7.139793536254689,7.139793536254689,2900.0,4.0,3.0,1.0,Sarjapur Road,Villa,Ready to Move,agent,True,False,Normal,Repeated Listing
28000000,46068493.063934326,-18068493.063934326,-39.22093357570582,39.22093357570582,2900.0,4.0,3.0,1.0,Sarjapur Road,Villa,Ready to Move,agent,True,False,Normal,Repeated Listing
26500000,26417217.791547924,82782.20845207572,0.3133645984421627,0.3133645984421627,2300.0,5.0,3.0,1.0,Thirupalya,Villa,Under Construction,contractor,True,False,Normal,Repeated Listing
72150000,72298627.36492518,-148627.3649251759,-0.20557425547650263,0.20557425547650263,2300.0,8.0,3.0,1.0,Thirupalya,Villa,Under Construction,contractor,True,False,Normal,Repeated Listing
14800000,12925585.31544728,1874414.6845527198,14.501584561223849,14.501584561223849,2300.0,2.0,3.0,1.0,Thirupalya,Villa,Under Construction,owner,True,False,Normal,Repeated Listing
26500000,26417217.791547924,82782.20845207572,0.3133645984421627,0.3133645984421627,2300.0,5.0,3.0,1.0,Thirupalya,Villa,Under Construction,contractor,True,False,Normal,Repeated Listing
50000000,39015269.80292154,10984730.197078459,28.154951260277844,28.154951260277844,3900.0,4.0,1.0,1.0,Devanahalli,Villa,Ready to Move,builder,True,False,Normal,Repeated Listing
28500000,31953592.868370604,-3453592.868370604,-10.808151942716767,10.808151942716767,2300.0,4.0,3.0,1.0,Thirupalya,Villa,Under Construction,agent,True,False,Normal,Repeated Listing
58400000,32712811.31373335,25687188.68626665,78.52332971297629,78.52332971297629,2900.0,4.0,3.0,1.0,Sarjapur Road,Villa,Ready to Move,agent,True,False,Normal,Repeated Listing
17500000,18172562.31527548,-672562.3152754791,-3.7009768001188097,3.7009768001188097,2136.0,5.0,3.0,1.0,Bidaraguppe,Villa,Under Construction,builder,True,False,Normal,Repeated Listing
72150000,70039953.84836496,2110046.151635036,3.0126321273758143,3.0126321273758143,2300.0,8.0,3.0,1.0,Thirupalya,Villa,Under Construction,owner,True,False,Normal,Repeated Listing
32000000,28503241.98318361,3496758.016816389,12.267930851091997,12.267930851091997,2300.0,4.0,3.0,1.0,Thirupalya,Villa,Under Construction,agent,True,False,Normal,Repeated Listing
14000000,14725707.77437715,-725707.7743771505,-4.928169059825347,4.928169059825347,2136.0,4.0,3.0,1.0,Bidaraguppe,Villa,Under Construction,builder,True,False,Normal,Repeated Listing
17500000,16609807.208783785,890192.7912162151,5.359440841344946,5.359440841344946,2136.0,5.0,3.0,1.0,Bidaraguppe,Villa,Under Construction,owner,True,False,Normal,Repeated Listing
14800000,12925585.31544728,1874414.6845527198,14.501584561223849,14.501584561223849,2300.0,2.0,3.0,1.0,Thirupalya,Villa,Under Construction,owner,True,False,Normal,Repeated Listing
37500000,40383283.03161897,-2883283.0316189677,-7.139793536254689,7.139793536254689,2900.0,4.0,3.0,1.0,Sarjapur Road,Villa,Ready to Move,agent,True,False,Normal,Repeated Listing
28000000,37606391.66004806,-9606391.66004806,-25.544571643265662,25.544571643265662,2900.0,4.0,3.0,1.0,Sarjapur Road,Villa,Ready to Move,contractor,True,False,Normal,Repeated Listing
14000000,14725707.77437715,-725707.7743771505,-4.928169059825347,4.928169059825347,2136.0,4.0,3.0,1.0,Bidaraguppe,Villa,Under Construction,builder,True,False,Normal,Repeated Listing
37500000,27975875.723221403,9524124.276778597,34.04406128696479,34.04406128696479,2900.0,4.0,3.0,1.0,Sarjapur Road,Villa,Ready to Move,owner,True,False,Normal,Repeated Listing
26500000,26417217.791547924,82782.20845207572,0.3133645984421627,0.3133645984421627,2300.0,5.0,3.0,1.0,Thirupalya,Villa,Under Construction,contractor,True,False,Normal,Repeated Listing
72150000,72298627.36492518,-148627.3649251759,-0.20557425547650263,0.20557425547650263,2300.0,8.0,3.0,1.0,Thirupalya,Villa,Under Construction,contractor,True,False,Normal,Repeated Listing
48000000,37025599.25003,10974400.749969997,29.640035468058233,29.640035468058233,2768.0,4.0,2.0,1.0,Hennur Gardens,Villa,Under Construction,agent,True,False,Normal,Repeated Listing
32500000,55000000.00000105,-22500000.00000105,-40.909090909092036,40.909090909092036,3000.0,4.0,1.0,1.0,Yelahanka,Villa,Under Construction,agent,True,False,Normal,Repeated Listing
58400000,37606391.66004806,20793608.33995194,55.29275057261734,55.29275057261734,2900.0,4.0,3.0,1.0,Sarjapur Road,Villa,Ready to Move,contractor,True,False,Normal,Repeated Listing
28000000,46068493.063934326,-18068493.063934326,-39.22093357570582,39.22093357570582,2900.0,4.0,3.0,1.0,Sarjapur Road,Villa,Ready to Move,agent,True,False,Normal,Repeated Listing
58400000,32712811.31373335,25687188.68626665,78.52332971297629,78.52332971297629,2900.0,4.0,3.0,1.0,Sarjapur Road,Villa,Ready to Move,agent,True,False,Normal,Repeated Listing
17500000,17173145.52905424,326854.4709457606,1.9032883078570242,1.9032883078570242,2136.0,5.0,3.0,1.0,Bidaraguppe,Villa,Under Construction,contractor,True,False,Normal,Repeated Listing
14000000,14725707.77437715,-725707.7743771505,-4.928169059825347,4.928169059825347,2136.0,4.0,3.0,1.0,Bidaraguppe,Villa,Under Construction,builder,True,False,Normal,Repeated Listing
55000000,30390365.025824584,24609634.974175416,80.97841191859024,80.97841191859024,3000.0,4.0,1.0,1.0,Yelahanka,Villa,Under Construction,builder,True,False,Normal,Repeated Listing
32000000,32038291.658905108,-38291.65890510753,-0.11951841662713712,0.11951841662713712,2500.0,4.0,1.0,1.0,Devanahalli,Villa,Ready to Move,builder,True,False,Normal,Repeated Listing
37500000,38265442.75060015,-765442.7506001517,-2.000349912554315,2.000349912554315,2900.0,4.0,3.0,1.0,Sarjapur Road,Villa,Ready to Move,contractor,True,False,Normal,Repeated Listing
50000000,54695997.069464624,-4695997.069464624,-8.58563207742725,8.58563207742725,3900.0,4.0,1.0,1.0,Devanahalli,Villa,Ready to Move,agent,True,False,Normal,Repeated Listing
28000000,37431002.09585924,-9431002.095859237,-25.195697597694107,25.195697597694107,2900.0,4.0,3.0,1.0,Sarjapur Road,Villa,Ready to Move,builder,True,False,Normal,Repeated Listing
50000000,39508261.718489856,10491738.281510144,26.555808393361975,26.555808393361975,3900.0,4.0,1.0,1.0,Devanahalli,Villa,Ready to Move,contractor,True,False,Normal,Repeated Listing
58400000,32712811.31373335,25687188.68626665,78.52332971297629,78.52332971297629,2900.0,4.0,3.0,1.0,Sarjapur Road,Villa,Ready to Move,agent,True,False,Normal,Repeated Listing
28500000,31953592.868370604,-3453592.868370604,-10.808151942716767,10.808151942716767,2300.0,4.0,3.0,1.0,Thirupalya,Villa,Under Construction,agent,True,False,Normal,Repeated Listing
32000000,32920870.310378253,-920870.3103782535,-2.7972234685665356,2.7972234685665356,2300.0,4.0,3.0,1.0,Thirupalya,Villa,Under Construction,owner,True,False,Normal,Repeated Listing
14800000,12925585.31544728,1874414.6845527198,14.501584561223849,14.501584561223849,2300.0,2.0,3.0,1.0,Thirupalya,Villa,Under Construction,owner,True,False,Normal,Repeated Listing
26500000,27388616.699900262,-888616.699900262,-3.24447455538526,3.24447455538526,2300.0,5.0,3.0,1.0,Thirupalya,Villa,Under Construction,owner,True,False,Normal,Repeated Listing
72150000,66285680.92557792,5864319.074422076,8.84703753893126,8.84703753893126,2300.0,8.0,3.0,1.0,Thirupalya,Villa,Under Construction,builder,True,False,Normal,Repeated Listing
17500000,16609807.208783785,890192.7912162151,5.359440841344946,5.359440841344946,2136.0,5.0,3.0,1.0,Bidaraguppe,Villa,Under Construction,owner,True,False,Normal,Repeated Listing
14000000,14725707.77437715,-725707.7743771505,-4.928169059825347,4.928169059825347,2136.0,4.0,3.0,1.0,Bidaraguppe,Villa,Under Construction,builder,True,False,Normal,Repeated Listing
37500000,38265442.75060015,-765442.7506001517,-2.000349912554315,2.000349912554315,2900.0,4.0,3.0,1.0,Sarjapur Road,Villa,Ready to Move,contractor,True,False,Normal,Repeated Listing
28000000,46068493.063934326,-18068493.063934326,-39.22093357570582,39.22093357570582,2900.0,4.0,3.0,1.0,Sarjapur Road,Villa,Ready to Move,agent,True,False,Normal,Repeated Listing
58400000,32712811.31373335,25687188.68626665,78.52332971297629,78.52332971297629,2900.0,4.0,3.0,1.0,Sarjapur Road,Villa,Ready to Move,agent,True,False,Normal,Repeated Listing
48000000,37025599.25003,10974400.749969997,29.640035468058233,29.640035468058233,2768.0,4.0,2.0,1.0,Hennur Gardens,Villa,Under Construction,agent,True,False,Normal,Repeated Listing
32500000,55000000.00000105,-22500000.00000105,-40.909090909092036,40.909090909092036,3000.0,4.0,1.0,1.0,Yelahanka,Villa,Under Construction,agent,True,False,Normal,Repeated Listing
55000000,30390365.025824584,24609634.974175416,80.97841191859024,80.97841191859024,3000.0,4.0,1.0,1.0,Yelahanka,Villa,Under Construction,builder,True,False,Normal,Repeated Listing
32000000,32245783.615796532,-245783.61579653248,-0.7622193919211449,0.7622193919211449,2500.0,4.0,1.0,1.0,Devanahalli,Villa,Ready to Move,owner,True,False,Normal,Repeated Listing
50000000,54695997.069464624,-4695997.069464624,-8.58563207742725,8.58563207742725,3900.0,4.0,1.0,1.0,Devanahalli,Villa,Ready to Move,agent,True,False,Normal,Repeated Listing
50000000,54695997.069464624,-4695997.069464624,-8.58563207742725,8.58563207742725,3900.0,4.0,1.0,1.0,Devanahalli,Villa,Ready to Move,agent,True,False,Normal,Repeated Listing
28500000,31953592.868370604,-3453592.868370604,-10.808151942716767,10.808151942716767,2300.0,4.0,3.0,1.0,Thirupalya,Villa,Under Construction,agent,True,False,Normal,Repeated Listing
32000000,26204143.74423012,5795856.255769879,22.118090605597697,22.118090605597697,2300.0,4.0,3.0,1.0,Thirupalya,Villa,Under Construction,contractor,True,False,Normal,Repeated Listing
48000000,37025599.25003,10974400.749969997,29.640035468058233,29.640035468058233,2768.0,4.0,2.0,1.0,Hennur Gardens,Villa,Under Construction,agent,True,False,Normal,Repeated Listing
14800000,14887052.400365748,-87052.40036574751,-0.5847524279796906,0.5847524279796906,2300.0,2.0,3.0,1.0,Thirupalya,Villa,Under Construction,builder,True,False,Normal,Repeated Listing
26500000,26713128.55074389,-213128.55074388906,-0.7978419687496843,0.7978419687496843,2300.0,5.0,3.0,1.0,Thirupalya,Villa,Under Construction,builder,True,False,Normal,Repeated Listing
32500000,55000000.00000105,-22500000.00000105,-40.909090909092036,40.909090909092036,3000.0,4.0,1.0,1.0,Yelahanka,Villa,Under Construction,agent,True,False,Normal,Repeated Listing
55000000,32501572.606834713,22498427.393165287,69.22258090500557,69.22258090500557,3000.0,4.0,1.0,1.0,Yelahanka,Villa,Under Construction,agent,True,False,Normal,Repeated Listing
72150000,66285680.92557792,5864319.074422076,8.84703753893126,8.84703753893126,2300.0,8.0,3.0,1.0,Thirupalya,Villa,Under Construction,builder,True,False,Normal,Repeated Listing
17500000,18172562.31527548,-672562.3152754791,-3.7009768001188097,3.7009768001188097,2136.0,5.0,3.0,1.0,Bidaraguppe,Villa,Under Construction,builder,True,False,Normal,Repeated Listing
32000000,31907191.702662885,92808.29733711481,0.29086952622461376,0.29086952622461376,2500.0,4.0,1.0,1.0,Devanahalli,Villa,Ready to Move,agent,True,False,Normal,Repeated Listing
50000000,39508261.718489856,10491738.281510144,26.555808393361975,26.555808393361975,3900.0,4.0,1.0,1.0,Devanahalli,Villa,Ready to Move,contractor,True,False,Normal,Repeated Listing
14000000,15128654.757274574,-1128654.7572745737,-7.460377511304256,7.460377511304256,2136.0,4.0,3.0,1.0,Bidaraguppe,Villa,Under Construction,contractor,True,False,Normal,Repeated Listing
50000000,39508261.718489856,10491738.281510144,26.555808393361975,26.555808393361975,3900.0,4.0,1.0,1.0,Devanahalli,Villa,Ready to Move,contractor,True,False,Normal,Repeated Listing
37500000,38265442.75060015,-765442.7506001517,-2.000349912554315,2.000349912554315,2900.0,4.0,3.0,1.0,Sarjapur Road,Villa,Ready to Move,contractor,True,False,Normal,Repeated Listing
28500000,31953592.868370604,-3453592.868370604,-10.808151942716767,10.808151942716767,2300.0,4.0,3.0,1.0,Thirupalya,Villa,Under Construction,agent,True,False,Normal,Repeated Listing
28000000,46068493.063934326,-18068493.063934326,-39.22093357570582,39.22093357570582,2900.0,4.0,3.0,1.0,Sarjapur Road,Villa,Ready to Move,agent,True,False,Normal,Repeated Listing
32000000,28503241.98318361,3496758.016816389,12.267930851091997,12.267930851091997,2300.0,4.0,3.0,1.0,Thirupalya,Villa,Under Construction,agent,True,False,Normal,Repeated Listing
48000000,37025599.25003,10974400.749969997,29.640035468058233,29.640035468058233,2768.0,4.0,2.0,1.0,Hennur Gardens,Villa,Under Construction,agent,True,False,Normal,Repeated Listing
58400000,37606391.66004806,20793608.33995194,55.29275057261734,55.29275057261734,2900.0,4.0,3.0,1.0,Sarjapur Road,Villa,Ready to Move,contractor,True,False,Normal,Repeated Listing
14800000,14887052.400365748,-87052.40036574751,-0.5847524279796906,0.5847524279796906,2300.0,2.0,3.0,1.0,Thirupalya,Villa,Under Construction,builder,True,False,Normal,Repeated Listing
32500000,55000000.00000105,-22500000.00000105,-40.909090909092036,40.909090909092036,3000.0,4.0,1.0,1.0,Yelahanka,Villa,Under Construction,agent,True,False,Normal,Repeated Listing
26500000,26738502.473351225,-238502.47335122526,-0.8919814173921197,0.8919814173921197,2300.0,5.0,3.0,1.0,Thirupalya,Villa,Under Construction,agent,True,False,Normal,Repeated Listing
55000000,32501572.606834713,22498427.393165287,69.22258090500557,69.22258090500557,3000.0,4.0,1.0,1.0,Yelahanka,Villa,Under Construction,agent,True,False,Normal,Repeated Listing
72150000,71757171.8637932,392828.1362068057,0.5474409400532919,0.5474409400532919,2300.0,8.0,3.0,1.0,Thirupalya,Villa,Under Construction,agent,True,False,Normal,Repeated Listing
32000000,31848821.784964718,151178.21503528208,0.47467443554427097,0.47467443554427097,2500.0,4.0,1.0,1.0,Devanahalli,Villa,Ready to Move,contractor,True,False,Normal,Repeated Listing
17500000,16609807.208783785,890192.7912162151,5.359440841344946,5.359440841344946,2136.0,5.0,3.0,1.0,Bidaraguppe,Villa,Under Construction,owner,True,False,Normal,Repeated Listing
50000000,54695997.069464624,-4695997.069464624,-8.58563207742725,8.58563207742725,3900.0,4.0,1.0,1.0,Devanahalli,Villa,Ready to Move,agent,True,False,Normal,Repeated Listing
14000000,14910817.447835509,-910817.4478355087,-6.108434034699588,6.108434034699588,2136.0,4.0,3.0,1.0,Bidaraguppe,Villa,Under Construction,agent,True,False,Normal,Repeated Listing
50000000,51643741.139716096,-1643741.1397160962,-3.1828467563361587,3.1828467563361587,3900.0,4.0,1.0,1.0,Devanahalli,Villa,Ready to Move,owner,True,False,Normal,Repeated Listing
37500000,40984055.42728329,-3484055.427283287,-8.501002135976847,8.501002135976847,2900.0,4.0,3.0,1.0,Sarjapur Road,Villa,Ready to Move,builder,True,False,Normal,Repeated Listing
28500000,31953592.868370604,-3453592.868370604,-10.808151942716767,10.808151942716767,2300.0,4.0,3.0,1.0,Thirupalya,Villa,Under Construction,agent,True,False,Normal,Repeated Listing
28000000,37431002.09585924,-9431002.095859237,-25.195697597694107,25.195697597694107,2900.0,4.0,3.0,1.0,Sarjapur Road,Villa,Ready to Move,builder,True,False,Normal,Repeated Listing
32000000,26204143.74423012,5795856.255769879,22.118090605597697,22.118090605597697,2300.0,4.0,3.0,1.0,Thirupalya,Villa,Under Construction,contractor,True,False,Normal,Repeated Listing
58400000,27975875.723221403,30424124.276778597,108.7512847775665,108.7512847775665,2900.0,4.0,3.0,1.0,Sarjapur Road,Villa,Ready to Move,owner,True,False,Potentially Overpriced,Repeated Listing
14800000,13540530.005592821,1259469.9944071788,9.301482245428824,9.301482245428824,2300.0,2.0,3.0,1.0,Thirupalya,Villa,Under Construction,agent,True,False,Normal,Repeated Listing
26500000,26417217.791547924,82782.20845207572,0.3133645984421627,0.3133645984421627,2300.0,5.0,3.0,1.0,Thirupalya,Villa,Under Construction,contractor,True,False,Normal,Repeated Listing
72150000,66285680.92557792,5864319.074422076,8.84703753893126,8.84703753893126,2300.0,8.0,3.0,1.0,Thirupalya,Villa,Under Construction,builder,True,False,Normal,Repeated Listing
17500000,18172562.31527548,-672562.3152754791,-3.7009768001188097,3.7009768001188097,2136.0,5.0,3.0,1.0,Bidaraguppe,Villa,Under Construction,builder,True,False,Normal,Repeated Listing
48000000,37025599.25003,10974400.749969997,29.640035468058233,29.640035468058233,2768.0,4.0,2.0,1.0,Hennur Gardens,Villa,Under Construction,agent,True,False,Normal,Repeated Listing
14000000,14910817.447835509,-910817.4478355087,-6.108434034699588,6.108434034699588,2136.0,4.0,3.0,1.0,Bidaraguppe,Villa,Under Construction,agent,True,False,Normal,Repeated Listing
32500000,55000000.00000105,-22500000.00000105,-40.909090909092036,40.909090909092036,3000.0,4.0,1.0,1.0,Yelahanka,Villa,Under Construction,agent,True,False,Normal,Repeated Listing
37500000,40383283.03161897,-2883283.0316189677,-7.139793536254689,7.139793536254689,2900.0,4.0,3.0,1.0,Sarjapur Road,Villa,Ready to Move,agent,True,False,Normal,Repeated Listing
55000000,55695508.54837928,-695508.5483792797,-1.2487695444510287,1.2487695444510287,3000.0,4.0,1.0,1.0,Yelahanka,Villa,Under Construction,owner,True,False,Normal,Repeated Listing
28000000,46068493.063934326,-18068493.063934326,-39.22093357570582,39.22093357570582,2900.0,4.0,3.0,1.0,Sarjapur Road,Villa,Ready to Move,agent,True,False,Normal,Repeated Listing
32000000,32245783.615796532,-245783.61579653248,-0.7622193919211449,0.7622193919211449,2500.0,4.0,1.0,1.0,Devanahalli,Villa,Ready to Move,owner,True,False,Normal,Repeated Listing
58400000,37606391.66004806,20793608.33995194,55.29275057261734,55.29275057261734,2900.0,4.0,3.0,1.0,Sarjapur Road,Villa,Ready to Move,contractor,True,False,Normal,Repeated Listing
50000000,39015269.80292154,10984730.197078459,28.154951260277844,28.154951260277844,3900.0,4.0,1.0,1.0,Devanahalli,Villa,Ready to Move,builder,True,False,Normal,Repeated Listing
50000000,51643741.139716096,-1643741.1397160962,-3.1828467563361587,3.1828467563361587,3900.0,4.0,1.0,1.0,Devanahalli,Villa,Ready to Move,owner,True,False,Normal,Repeated Listing
28500000,31953592.868370604,-3453592.868370604,-10.808151942716767,10.808151942716767,2300.0,4.0,3.0,1.0,Thirupalya,Villa,Under Construction,agent,True,False,Normal,Repeated Listing
32000000,28503241.98318361,3496758.016816389,12.267930851091997,12.267930851091997,2300.0,4.0,3.0,1.0,Thirupalya,Villa,Under Construction,agent,True,False,Normal,Repeated Listing
14800000,12925585.31544728,1874414.6845527198,14.501584561223849,14.501584561223849,2300.0,2.0,3.0,1.0,Thirupalya,Villa,Under Construction,owner,True,False,Normal,Repeated Listing
26500000,26713128.55074389,-213128.55074388906,-0.7978419687496843,0.7978419687496843,2300.0,5.0,3.0,1.0,Thirupalya,Villa,Under Construction,builder,True,False,Normal,Repeated Listing
72150000,72298627.36492518,-148627.3649251759,-0.20557425547650263,0.20557425547650263,2300.0,8.0,3.0,1.0,Thirupalya,Villa,Under Construction,contractor,True,False,Normal,Repeated Listing
48000000,37025599.25003,10974400.749969997,29.640035468058233,29.640035468058233,2768.0,4.0,2.0,1.0,Hennur Gardens,Villa,Under Construction,agent,True,False,Normal,Repeated Listing
17500000,16609807.208783785,890192.7912162151,5.359440841344946,5.359440841344946,2136.0,5.0,3.0,1.0,Bidaraguppe,Villa,Under Construction,owner,True,False,Normal,Repeated Listing
32500000,55000000.00000105,-22500000.00000105,-40.909090909092036,40.909090909092036,3000.0,4.0,1.0,1.0,Yelahanka,Villa,Under Construction,agent,True,False,Normal,Repeated Listing
55000000,29390377.078481313,25609622.921518687,87.13608149066324,87.13608149066324,3000.0,4.0,1.0,1.0,Yelahanka,Villa,Under Construction,contractor,True,False,Normal,Repeated Listing
14000000,14725707.77437715,-725707.7743771505,-4.928169059825347,4.928169059825347,2136.0,4.0,3.0,1.0,Bidaraguppe,Villa,Under Construction,builder,True,False,Normal,Repeated Listing
32000000,32038291.658905108,-38291.65890510753,-0.11951841662713712,0.11951841662713712,2500.0,4.0,1.0,1.0,Devanahalli,Villa,Ready to Move,builder,True,False,Normal,Repeated Listing
50000000,51643741.139716096,-1643741.1397160962,-3.1828467563361587,3.1828467563361587,3900.0,4.0,1.0,1.0,Devanahalli,Villa,Ready to Move,owner,True,False,Normal,Repeated Listing
37500000,27975875.723221403,9524124.276778597,34.04406128696479,34.04406128696479,2900.0,4.0,3.0,1.0,Sarjapur Road,Villa,Ready to Move,owner,True,False,Normal,Repeated Listing
28000000,46068493.063934326,-18068493.063934326,-39.22093357570582,39.22093357570582,2900.0,4.0,3.0,1.0,Sarjapur Road,Villa,Ready to Move,agent,True,False,Normal,Repeated Listing
50000000,54695997.069464624,-4695997.069464624,-8.58563207742725,8.58563207742725,3900.0,4.0,1.0,1.0,Devanahalli,Villa,Ready to Move,agent,True,False,Normal,Repeated Listing
58400000,37431002.09585924,20968997.904140763,56.02040215338086,56.02040215338086,2900.0,4.0,3.0,1.0,Sarjapur Road,Villa,Ready to Move,builder,True,False,Normal,Repeated Listing
28500000,31953592.868370604,-3453592.868370604,-10.808151942716767,10.808151942716767,2300.0,4.0,3.0,1.0,Thirupalya,Villa,Under Construction,agent,True,False,Normal,Repeated Listing
32000000,32920870.310378253,-920870.3103782535,-2.7972234685665356,2.7972234685665356,2300.0,4.0,3.0,1.0,Thirupalya,Villa,Under Construction,owner,True,False,Normal,Repeated Listing
14800000,13621647.907160668,1178352.0928393323,8.650583988592839,8.650583988592839,2300.0,2.0,3.0,1.0,Thirupalya,Villa,Under Construction,contractor,True,False,Normal,Repeated Listing
48000000,37025599.25003,10974400.749969997,29.640035468058233,29.640035468058233,2768.0,4.0,2.0,1.0,Hennur Gardens,Villa,Under Construction,agent,True,False,Normal,Repeated Listing
26500000,26713128.55074389,-213128.55074388906,-0.7978419687496843,0.7978419687496843,2300.0,5.0,3.0,1.0,Thirupalya,Villa,Under Construction,builder,True,False,Normal,Repeated Listing
32500000,55000000.00000105,-22500000.00000105,-40.909090909092036,40.909090909092036,3000.0,4.0,1.0,1.0,Yelahanka,Villa,Under Construction,agent,True,False,Normal,Repeated Listing
55000000,29390377.078481313,25609622.921518687,87.13608149066324,87.13608149066324,3000.0,4.0,1.0,1.0,Yelahanka,Villa,Under Construction,contractor,True,False,Normal,Repeated Listing
72150000,72298627.36492518,-148627.3649251759,-0.20557425547650263,0.20557425547650263,2300.0,8.0,3.0,1.0,Thirupalya,Villa,Under Construction,contractor,True,False,Normal,Repeated Listing
17500000,18172562.31527548,-672562.3152754791,-3.7009768001188097,3.7009768001188097,2136.0,5.0,3.0,1.0,Bidaraguppe,Villa,Under Construction,builder,True,False,Normal,Repeated Listing
32000000,31907191.702662885,92808.29733711481,0.29086952622461376,0.29086952622461376,2500.0,4.0,1.0,1.0,Devanahalli,Villa,Ready to Move,agent,True,False,Normal,Repeated Listing
14000000,15128654.757274574,-1128654.7572745737,-7.460377511304256,7.460377511304256,2136.0,4.0,3.0,1.0,Bidaraguppe,Villa,Under Construction,contractor,True,False,Normal,Repeated Listing
48000000,37025599.25003,10974400.749969997,29.640035468058233,29.640035468058233,2768.0,4.0,2.0,1.0,Hennur Gardens,Villa,Under Construction,agent,True,False,Normal,Repeated Listing
50000000,39508261.718489856,10491738.281510144,26.555808393361975,26.555808393361975,3900.0,4.0,1.0,1.0,Devanahalli,Villa,Ready to Move,contractor,True,False,Normal,Repeated Listing
37500000,40984055.42728329,-3484055.427283287,-8.501002135976847,8.501002135976847,2900.0,4.0,3.0,1.0,Sarjapur Road,Villa,Ready to Move,builder,True,False,Normal,Repeated Listing
32500000,55000000.00000105,-22500000.00000105,-40.909090909092036,40.909090909092036,3000.0,4.0,1.0,1.0,Yelahanka,Villa,Under Construction,agent,True,False,Normal,Repeated Listing
50000000,54695997.069464624,-4695997.069464624,-8.58563207742725,8.58563207742725,3900.0,4.0,1.0,1.0,Devanahalli,Villa,Ready to Move,agent,True,False,Normal,Repeated Listing
28000000,46068493.063934326,-18068493.063934326,-39.22093357570582,39.22093357570582,2900.0,4.0,3.0,1.0,Sarjapur Road,Villa,Ready to Move,agent,True,False,Normal,Repeated Listing
55000000,29390377.078481313,25609622.921518687,87.13608149066324,87.13608149066324,3000.0,4.0,1.0,1.0,Yelahanka,Villa,Under Construction,contractor,True,False,Normal,Repeated Listing
28500000,31953592.868370604,-3453592.868370604,-10.808151942716767,10.808151942716767,2300.0,4.0,3.0,1.0,Thirupalya,Villa,Under Construction,agent,True,False,Normal,Repeated Listing
58400000,27975875.723221403,30424124.276778597,108.7512847775665,108.7512847775665,2900.0,4.0,3.0,1.0,Sarjapur Road,Villa,Ready to Move,owner,True,False,Potentially Overpriced,Repeated Listing
32000000,31907191.702662885,92808.29733711481,0.29086952622461376,0.29086952622461376,2500.0,4.0,1.0,1.0,Devanahalli,Villa,Ready to Move,agent,True,False,Normal,Repeated Listing
32000000,28503241.98318361,3496758.016816389,12.267930851091997,12.267930851091997,2300.0,4.0,3.0,1.0,Thirupalya,Villa,Under Construction,agent,True,False,Normal,Repeated Listing
50000000,39508261.718489856,10491738.281510144,26.555808393361975,26.555808393361975,3900.0,4.0,1.0,1.0,Devanahalli,Villa,Ready to Move,contractor,True,False,Normal,Repeated Listing
14800000,13540530.005592821,1259469.9944071788,9.301482245428824,9.301482245428824,2300.0,2.0,3.0,1.0,Thirupalya,Villa,Under Construction,agent,True,False,Normal,Repeated Listing
50000000,54695997.069464624,-4695997.069464624,-8.58563207742725,8.58563207742725,3900.0,4.0,1.0,1.0,Devanahalli,Villa,Ready to Move,agent,True,False,Normal,Repeated Listing
26500000,26713128.55074389,-213128.55074388906,-0.7978419687496843,0.7978419687496843,2300.0,5.0,3.0,1.0,Thirupalya,Villa,Under Construction,builder,True,False,Normal,Repeated Listing
28500000,31953592.868370604,-3453592.868370604,-10.808151942716767,10.808151942716767,2300.0,4.0,3.0,1.0,Thirupalya,Villa,Under Construction,agent,True,False,Normal,Repeated Listing
72150000,70039953.84836496,2110046.151635036,3.0126321273758143,3.0126321273758143,2300.0,8.0,3.0,1.0,Thirupalya,Villa,Under Construction,owner,True,False,Normal,Repeated Listing
32000000,26204143.74423012,5795856.255769879,22.118090605597697,22.118090605597697,2300.0,4.0,3.0,1.0,Thirupalya,Villa,Under Construction,contractor,True,False,Normal,Repeated Listing
17500000,18172562.31527548,-672562.3152754791,-3.7009768001188097,3.7009768001188097,2136.0,5.0,3.0,1.0,Bidaraguppe,Villa,Under Construction,builder,True,False,Normal,Repeated Listing
14800000,13540530.005592821,1259469.9944071788,9.301482245428824,9.301482245428824,2300.0,2.0,3.0,1.0,Thirupalya,Villa,Under Construction,agent,True,False,Normal,Repeated Listing
14000000,14725707.77437715,-725707.7743771505,-4.928169059825347,4.928169059825347,2136.0,4.0,3.0,1.0,Bidaraguppe,Villa,Under Construction,builder,True,False,Normal,Repeated Listing
26500000,26417217.791547924,82782.20845207572,0.3133645984421627,0.3133645984421627,2300.0,5.0,3.0,1.0,Thirupalya,Villa,Under Construction,contractor,True,False,Normal,Repeated Listing
48000000,37025599.25003,10974400.749969997,29.640035468058233,29.640035468058233,2768.0,4.0,2.0,1.0,Hennur Gardens,Villa,Under Construction,agent,True,False,Normal,Repeated Listing
48000000,37025599.25003,10974400.749969997,29.640035468058233,29.640035468058233,2768.0,4.0,2.0,1.0,Hennur Gardens,Villa,Under Construction,agent,True,False,Normal,Repeated Listing
37500000,40383283.03161897,-2883283.0316189677,-7.139793536254689,7.139793536254689,2900.0,4.0,3.0,1.0,Sarjapur Road,Villa,Ready to Move,agent,True,False,Normal,Repeated Listing
28000000,37606391.66004806,-9606391.66004806,-25.544571643265662,25.544571643265662,2900.0,4.0,3.0,1.0,Sarjapur Road,Villa,Ready to Move,contractor,True,False,Normal,Repeated Listing
72150000,72298627.36492518,-148627.3649251759,-0.20557425547650263,0.20557425547650263,2300.0,8.0,3.0,1.0,Thirupalya,Villa,Under Construction,contractor,True,False,Normal,Repeated Listing
17500000,18172562.31527548,-672562.3152754791,-3.7009768001188097,3.7009768001188097,2136.0,5.0,3.0,1.0,Bidaraguppe,Villa,Under Construction,builder,True,False,Normal,Repeated Listing
32500000,55000000.00000105,-22500000.00000105,-40.909090909092036,40.909090909092036,3000.0,4.0,1.0,1.0,Yelahanka,Villa,Under Construction,agent,True,False,Normal,Repeated Listing
55000000,29390377.078481313,25609622.921518687,87.13608149066324,87.13608149066324,3000.0,4.0,1.0,1.0,Yelahanka,Villa,Under Construction,contractor,True,False,Normal,Repeated Listing
32500000,55000000.00000105,-22500000.00000105,-40.909090909092036,40.909090909092036,3000.0,4.0,1.0,1.0,Yelahanka,Villa,Under Construction,agent,True,False,Normal,Repeated Listing
55000000,30390365.025824584,24609634.974175416,80.97841191859024,80.97841191859024,3000.0,4.0,1.0,1.0,Yelahanka,Villa,Under Construction,builder,True,False,Normal,Repeated Listing
58400000,37606391.66004806,20793608.33995194,55.29275057261734,55.29275057261734,2900.0,4.0,3.0,1.0,Sarjapur Road,Villa,Ready to Move,contractor,True,False,Normal,Repeated Listing
14000000,14910817.447835509,-910817.4478355087,-6.108434034699588,6.108434034699588,2136.0,4.0,3.0,1.0,Bidaraguppe,Villa,Under Construction,agent,True,False,Normal,Repeated Listing
32000000,31848821.784964718,151178.21503528208,0.47467443554427097,0.47467443554427097,2500.0,4.0,1.0,1.0,Devanahalli,Villa,Ready to Move,contractor,True,False,Normal,Repeated Listing
32000000,31848821.784964718,151178.21503528208,0.47467443554427097,0.47467443554427097,2500.0,4.0,1.0,1.0,Devanahalli,Villa,Ready to Move,contractor,True,False,Normal,Repeated Listing
37500000,27975875.723221403,9524124.276778597,34.04406128696479,34.04406128696479,2900.0,4.0,3.0,1.0,Sarjapur Road,Villa,Ready to Move,owner,True,False,Normal,Repeated Listing
28000000,49030179.90966302,-21030179.90966302,-42.892316423090115,42.892316423090115,2900.0,4.0,3.0,1.0,Sarjapur Road,Villa,Ready to Move,owner,True,False,Normal,Repeated Listing
50000000,39508261.718489856,10491738.281510144,26.555808393361975,26.555808393361975,3900.0,4.0,1.0,1.0,Devanahalli,Villa,Ready to Move,contractor,True,False,Normal,Repeated Listing
50000000,39015269.80292154,10984730.197078459,28.154951260277844,28.154951260277844,3900.0,4.0,1.0,1.0,Devanahalli,Villa,Ready to Move,builder,True,False,Normal,Repeated Listing
50000000,39508261.718489856,10491738.281510144,26.555808393361975,26.555808393361975,3900.0,4.0,1.0,1.0,Devanahalli,Villa,Ready to Move,contractor,True,False,Normal,Repeated Listing
48000000,37025599.25003,10974400.749969997,29.640035468058233,29.640035468058233,2768.0,4.0,2.0,1.0,Hennur Gardens,Villa,Under Construction,agent,True,False,Normal,Repeated Listing
48000000,37025599.25003,10974400.749969997,29.640035468058233,29.640035468058233,2768.0,4.0,2.0,1.0,Hennur Gardens,Villa,Under Construction,agent,True,False,Normal,Repeated Listing
58400000,37606391.66004806,20793608.33995194,55.29275057261734,55.29275057261734,2900.0,4.0,3.0,1.0,Sarjapur Road,Villa,Ready to Move,contractor,True,False,Normal,Repeated Listing
50000000,39015269.80292154,10984730.197078459,28.154951260277844,28.154951260277844,3900.0,4.0,1.0,1.0,Devanahalli,Villa,Ready to Move,builder,True,False,Normal,Repeated Listing
28500000,31953592.868370604,-3453592.868370604,-10.808151942716767,10.808151942716767,2300.0,4.0,3.0,1.0,Thirupalya,Villa,Under Construction,agent,True,False,Normal,Repeated Listing
28500000,31953592.868370604,-3453592.868370604,-10.808151942716767,10.808151942716767,2300.0,4.0,3.0,1.0,Thirupalya,Villa,Under Construction,agent,True,False,Normal,Repeated Listing
32000000,26204143.74423012,5795856.255769879,22.118090605597697,22.118090605597697,2300.0,4.0,3.0,1.0,Thirupalya,Villa,Under Construction,contractor,True,False,Normal,Repeated Listing
32500000,55000000.00000105,-22500000.00000105,-40.909090909092036,40.909090909092036,3000.0,4.0,1.0,1.0,Yelahanka,Villa,Under Construction,agent,True,False,Normal,Repeated Listing
55000000,29390377.078481313,25609622.921518687,87.13608149066324,87.13608149066324,3000.0,4.0,1.0,1.0,Yelahanka,Villa,Under Construction,contractor,True,False,Normal,Repeated Listing
32500000,55000000.00000105,-22500000.00000105,-40.909090909092036,40.909090909092036,3000.0,4.0,1.0,1.0,Yelahanka,Villa,Under Construction,agent,True,False,Normal,Repeated Listing
55000000,55695508.54837928,-695508.5483792797,-1.2487695444510287,1.2487695444510287,3000.0,4.0,1.0,1.0,Yelahanka,Villa,Under Construction,owner,True,False,Normal,Repeated Listing
32000000,26204143.74423012,5795856.255769879,22.118090605597697,22.118090605597697,2300.0,4.0,3.0,1.0,Thirupalya,Villa,Under Construction,contractor,True,False,Normal,Repeated Listing
14800000,12925585.31544728,1874414.6845527198,14.501584561223849,14.501584561223849,2300.0,2.0,3.0,1.0,Thirupalya,Villa,Under Construction,owner,True,False,Normal,Repeated Listing
14800000,13621647.907160668,1178352.0928393323,8.650583988592839,8.650583988592839,2300.0,2.0,3.0,1.0,Thirupalya,Villa,Under Construction,contractor,True,False,Normal,Repeated Listing
26500000,26713128.55074389,-213128.55074388906,-0.7978419687496843,0.7978419687496843,2300.0,5.0,3.0,1.0,Thirupalya,Villa,Under Construction,builder,True,False,Normal,Repeated Listing
32000000,31907191.702662885,92808.29733711481,0.29086952622461376,0.29086952622461376,2500.0,4.0,1.0,1.0,Devanahalli,Villa,Ready to Move,agent,True,False,Normal,Repeated Listing
50000000,39015269.80292154,10984730.197078459,28.154951260277844,28.154951260277844,3900.0,4.0,1.0,1.0,Devanahalli,Villa,Ready to Move,builder,True,False,Normal,Repeated Listing
32000000,31907191.702662885,92808.29733711481,0.29086952622461376,0.29086952622461376,2500.0,4.0,1.0,1.0,Devanahalli,Villa,Ready to Move,agent,True,False,Normal,Repeated Listing
50000000,39508261.718489856,10491738.281510144,26.555808393361975,26.555808393361975,3900.0,4.0,1.0,1.0,Devanahalli,Villa,Ready to Move,contractor,True,False,Normal,Repeated Listing
26500000,27388616.699900262,-888616.699900262,-3.24447455538526,3.24447455538526,2300.0,5.0,3.0,1.0,Thirupalya,Villa,Under Construction,owner,True,False,Normal,Repeated Listing
72150000,66285680.92557792,5864319.074422076,8.84703753893126,8.84703753893126,2300.0,8.0,3.0,1.0,Thirupalya,Villa,Under Construction,builder,True,False,Normal,Repeated Listing
50000000,39015269.80292154,10984730.197078459,28.154951260277844,28.154951260277844,3900.0,4.0,1.0,1.0,Devanahalli,Villa,Ready to Move,builder,True,False,Normal,Repeated Listing
50000000,54695997.069464624,-4695997.069464624,-8.58563207742725,8.58563207742725,3900.0,4.0,1.0,1.0,Devanahalli,Villa,Ready to Move,agent,True,False,Normal,Repeated Listing
48000000,37025599.25003,10974400.749969997,29.640035468058233,29.640035468058233,2768.0,4.0,2.0,1.0,Hennur Gardens,Villa,Under Construction,agent,True,False,Normal,Repeated Listing
72150000,71757171.8637932,392828.1362068057,0.5474409400532919,0.5474409400532919,2300.0,8.0,3.0,1.0,Thirupalya,Villa,Under Construction,agent,True,False,Normal,Repeated Listing
17500000,17173145.52905424,326854.4709457606,1.9032883078570242,1.9032883078570242,2136.0,5.0,3.0,1.0,Bidaraguppe,Villa,Under Construction,contractor,True,False,Normal,Repeated Listing
28500000,31953592.868370604,-3453592.868370604,-10.808151942716767,10.808151942716767,2300.0,4.0,3.0,1.0,Thirupalya,Villa,Under Construction,agent,True,False,Normal,Repeated Listing
28500000,31953592.868370604,-3453592.868370604,-10.808151942716767,10.808151942716767,2300.0,4.0,3.0,1.0,Thirupalya,Villa,Under Construction,agent,True,False,Normal,Repeated Listing
48000000,37025599.25003,10974400.749969997,29.640035468058233,29.640035468058233,2768.0,4.0,2.0,1.0,Hennur Gardens,Villa,Under Construction,agent,True,False,Normal,Repeated Listing
32500000,55000000.00000105,-22500000.00000105,-40.909090909092036,40.909090909092036,3000.0,4.0,1.0,1.0,Yelahanka,Villa,Under Construction,agent,True,False,Normal,Repeated Listing
55000000,29390377.078481313,25609622.921518687,87.13608149066324,87.13608149066324,3000.0,4.0,1.0,1.0,Yelahanka,Villa,Under Construction,contractor,True,False,Normal,Repeated Listing
17500000,17173145.52905424,326854.4709457606,1.9032883078570242,1.9032883078570242,2136.0,5.0,3.0,1.0,Bidaraguppe,Villa,Under Construction,contractor,True,False,Normal,Repeated Listing
14000000,14910817.447835509,-910817.4478355087,-6.108434034699588,6.108434034699588,2136.0,4.0,3.0,1.0,Bidaraguppe,Villa,Under Construction,agent,True,False,Normal,Repeated Listing
14000000,14725707.77437715,-725707.7743771505,-4.928169059825347,4.928169059825347,2136.0,4.0,3.0,1.0,Bidaraguppe,Villa,Under Construction,builder,True,False,Normal,Repeated Listing
32000000,32920870.310378253,-920870.3103782535,-2.7972234685665356,2.7972234685665356,2300.0,4.0,3.0,1.0,Thirupalya,Villa,Under Construction,owner,True,False,Normal,Repeated Listing
14800000,14887052.400365748,-87052.40036574751,-0.5847524279796906,0.5847524279796906,2300.0,2.0,3.0,1.0,Thirupalya,Villa,Under Construction,builder,True,False,Normal,Repeated Listing
32000000,26204143.74423012,5795856.255769879,22.118090605597697,22.118090605597697,2300.0,4.0,3.0,1.0,Thirupalya,Villa,Under Construction,contractor,True,False,Normal,Repeated Listing
14800000,12925585.31544728,1874414.6845527198,14.501584561223849,14.501584561223849,2300.0,2.0,3.0,1.0,Thirupalya,Villa,Under Construction,owner,True,False,Normal,Repeated Listing
32500000,55000000.00000105,-22500000.00000105,-40.909090909092036,40.909090909092036,3000.0,4.0,1.0,1.0,Yelahanka,Villa,Under Construction,agent,True,False,Normal,Repeated Listing
55000000,30390365.025824584,24609634.974175416,80.97841191859024,80.97841191859024,3000.0,4.0,1.0,1.0,Yelahanka,Villa,Under Construction,builder,True,False,Normal,Repeated Listing
32000000,32038291.658905108,-38291.65890510753,-0.11951841662713712,0.11951841662713712,2500.0,4.0,1.0,1.0,Devanahalli,Villa,Ready to Move,builder,True,False,Normal,Repeated Listing
37500000,27975875.723221403,9524124.276778597,34.04406128696479,34.04406128696479,2900.0,4.0,3.0,1.0,Sarjapur Road,Villa,Ready to Move,owner,True,False,Normal,Repeated Listing
28000000,46068493.063934326,-18068493.063934326,-39.22093357570582,39.22093357570582,2900.0,4.0,3.0,1.0,Sarjapur Road,Villa,Ready to Move,agent,True,False,Normal,Repeated Listing
37500000,27975875.723221403,9524124.276778597,34.04406128696479,34.04406128696479,2900.0,4.0,3.0,1.0,Sarjapur Road,Villa,Ready to Move,owner,True,False,Normal,Repeated Listing
26500000,26713128.55074389,-213128.55074388906,-0.7978419687496843,0.7978419687496843,2300.0,5.0,3.0,1.0,Thirupalya,Villa,Under Construction,builder,True,False,Normal,Repeated Listing
26500000,26417217.791547924,82782.20845207572,0.3133645984421627,0.3133645984421627,2300.0,5.0,3.0,1.0,Thirupalya,Villa,Under Construction,contractor,True,False,Normal,Repeated Listing
32000000,32038291.658905108,-38291.65890510753,-0.11951841662713712,0.11951841662713712,2500.0,4.0,1.0,1.0,Devanahalli,Villa,Ready to Move,builder,True,False,Normal,Repeated Listing
50000000,54695997.069464624,-4695997.069464624,-8.58563207742725,8.58563207742725,3900.0,4.0,1.0,1.0,Devanahalli,Villa,Ready to Move,agent,True,False,Normal,Repeated Listing
58400000,27975875.723221403,30424124.276778597,108.7512847775665,108.7512847775665,2900.0,4.0,3.0,1.0,Sarjapur Road,Villa,Ready to Move,owner,True,False,Potentially Overpriced,Repeated Listing
28000000,37431002.09585924,-9431002.095859237,-25.195697597694107,25.195697597694107,2900.0,4.0,3.0,1.0,Sarjapur Road,Villa,Ready to Move,builder,True,False,Normal,Repeated Listing
58400000,27975875.723221403,30424124.276778597,108.7512847775665,108.7512847775665,2900.0,4.0,3.0,1.0,Sarjapur Road,Villa,Ready to Move,owner,True,False,Potentially Overpriced,Repeated Listing
72150000,72298627.36492518,-148627.3649251759,-0.20557425547650263,0.20557425547650263,2300.0,8.0,3.0,1.0,Thirupalya,Villa,Under Construction,contractor,True,False,Normal,Repeated Listing
72150000,70039953.84836496,2110046.151635036,3.0126321273758143,3.0126321273758143,2300.0,8.0,3.0,1.0,Thirupalya,Villa,Under Construction,owner,True,False,Normal,Repeated Listing
17500000,18145538.13563871,-645538.1356387101,-3.5575585072941,3.5575585072941,2136.0,5.0,3.0,1.0,Bidaraguppe,Villa,Under Construction,agent,True,False,Normal,Repeated Listing
50000000,54695997.069464624,-4695997.069464624,-8.58563207742725,8.58563207742725,3900.0,4.0,1.0,1.0,Devanahalli,Villa,Ready to Move,agent,True,False,Normal,Repeated Listing
50000000,54695997.069464624,-4695997.069464624,-8.58563207742725,8.58563207742725,3900.0,4.0,1.0,1.0,Devanahalli,Villa,Ready to Move,agent,True,False,Normal,Repeated Listing
17500000,18172562.31527548,-672562.3152754791,-3.7009768001188097,3.7009768001188097,2136.0,5.0,3.0,1.0,Bidaraguppe,Villa,Under Construction,builder,True,False,Normal,Repeated Listing
14000000,15128654.757274574,-1128654.7572745737,-7.460377511304256,7.460377511304256,2136.0,4.0,3.0,1.0,Bidaraguppe,Villa,Under Construction,contractor,True,False,Normal,Repeated Listing
37500000,38265442.75060015,-765442.7506001517,-2.000349912554315,2.000349912554315,2900.0,4.0,3.0,1.0,Sarjapur Road,Villa,Ready to Move,contractor,True,False,Normal,Repeated Listing
50000000,54695997.069464624,-4695997.069464624,-8.58563207742725,8.58563207742725,3900.0,4.0,1.0,1.0,Devanahalli,Villa,Ready to Move,agent,True,False,Normal,Repeated Listing
28500000,31953592.868370604,-3453592.868370604,-10.808151942716767,10.808151942716767,2300.0,4.0,3.0,1.0,Thirupalya,Villa,Under Construction,agent,True,False,Normal,Repeated Listing
32000000,28503241.98318361,3496758.016816389,12.267930851091997,12.267930851091997,2300.0,4.0,3.0,1.0,Thirupalya,Villa,Under Construction,agent,True,False,Normal,Repeated Listing
14000000,14910817.447835509,-910817.4478355087,-6.108434034699588,6.108434034699588,2136.0,4.0,3.0,1.0,Bidaraguppe,Villa,Under Construction,agent,True,False,Normal,Repeated Listing
28000000,37606391.66004806,-9606391.66004806,-25.544571643265662,25.544571643265662,2900.0,4.0,3.0,1.0,Sarjapur Road,Villa,Ready to Move,contractor,True,False,Normal,Repeated Listing
28500000,31953592.868370604,-3453592.868370604,-10.808151942716767,10.808151942716767,2300.0,4.0,3.0,1.0,Thirupalya,Villa,Under Construction,agent,True,False,Normal,Repeated Listing
14800000,13540530.005592821,1259469.9944071788,9.301482245428824,9.301482245428824,2300.0,2.0,3.0,1.0,Thirupalya,Villa,Under Construction,agent,True,False,Normal,Repeated Listing
37500000,27975875.723221403,9524124.276778597,34.04406128696479,34.04406128696479,2900.0,4.0,3.0,1.0,Sarjapur Road,Villa,Ready to Move,owner,True,False,Normal,Repeated Listing
58400000,37431002.09585924,20968997.904140763,56.02040215338086,56.02040215338086,2900.0,4.0,3.0,1.0,Sarjapur Road,Villa,Ready to Move,builder,True,False,Normal,Repeated Listing
32000000,26204143.74423012,5795856.255769879,22.118090605597697,22.118090605597697,2300.0,4.0,3.0,1.0,Thirupalya,Villa,Under Construction,contractor,True,False,Normal,Repeated Listing
26500000,27388616.699900262,-888616.699900262,-3.24447455538526,3.24447455538526,2300.0,5.0,3.0,1.0,Thirupalya,Villa,Under Construction,owner,True,False,Normal,Repeated Listing
28000000,46068493.063934326,-18068493.063934326,-39.22093357570582,39.22093357570582,2900.0,4.0,3.0,1.0,Sarjapur Road,Villa,Ready to Move,agent,True,False,Normal,Repeated Listing
14800000,13540530.005592821,1259469.9944071788,9.301482245428824,9.301482245428824,2300.0,2.0,3.0,1.0,Thirupalya,Villa,Under Construction,agent,True,False,Normal,Repeated Listing
72150000,71757171.8637932,392828.1362068057,0.5474409400532919,0.5474409400532919,2300.0,8.0,3.0,1.0,Thirupalya,Villa,Under Construction,agent,True,False,Normal,Repeated Listing
58400000,32712811.31373335,25687188.68626665,78.52332971297629,78.52332971297629,2900.0,4.0,3.0,1.0,Sarjapur Road,Villa,Ready to Move,agent,True,False,Normal,Repeated Listing
26500000,26417217.791547924,82782.20845207572,0.3133645984421627,0.3133645984421627,2300.0,5.0,3.0,1.0,Thirupalya,Villa,Under Construction,contractor,True,False,Normal,Repeated Listing
17500000,18172562.31527548,-672562.3152754791,-3.7009768001188097,3.7009768001188097,2136.0,5.0,3.0,1.0,Bidaraguppe,Villa,Under Construction,builder,True,False,Normal,Repeated Listing
48000000,37025599.25003,10974400.749969997,29.640035468058233,29.640035468058233,2768.0,4.0,2.0,1.0,Hennur Gardens,Villa,Under Construction,agent,True,False,Normal,Repeated Listing
72150000,72298627.36492518,-148627.3649251759,-0.20557425547650263,0.20557425547650263,2300.0,8.0,3.0,1.0,Thirupalya,Villa,Under Construction,contractor,True,False,Normal,Repeated Listing
14000000,13993172.009470293,6827.990529706702,0.048795158989581894,0.048795158989581894,2136.0,4.0,3.0,1.0,Bidaraguppe,Villa,Under Construction,owner,True,False,Normal,Repeated Listing
32500000,55000000.00000105,-22500000.00000105,-40.909090909092036,40.909090909092036,3000.0,4.0,1.0,1.0,Yelahanka,Villa,Under Construction,agent,True,False,Normal,Repeated Listing
17500000,18172562.31527548,-672562.3152754791,-3.7009768001188097,3.7009768001188097,2136.0,5.0,3.0,1.0,Bidaraguppe,Villa,Under Construction,builder,True,False,Normal,Repeated Listing
37500000,40383283.03161897,-2883283.0316189677,-7.139793536254689,7.139793536254689,2900.0,4.0,3.0,1.0,Sarjapur Road,Villa,Ready to Move,agent,True,False,Normal,Repeated Listing
55000000,30390365.025824584,24609634.974175416,80.97841191859024,80.97841191859024,3000.0,4.0,1.0,1.0,Yelahanka,Villa,Under Construction,builder,True,False,Normal,Repeated Listing
14000000,15128654.757274574,-1128654.7572745737,-7.460377511304256,7.460377511304256,2136.0,4.0,3.0,1.0,Bidaraguppe,Villa,Under Construction,contractor,True,False,Normal,Repeated Listing
28000000,49030179.90966302,-21030179.90966302,-42.892316423090115,42.892316423090115,2900.0,4.0,3.0,1.0,Sarjapur Road,Villa,Ready to Move,owner,True,False,Normal,Repeated Listing
32000000,32245783.615796532,-245783.61579653248,-0.7622193919211449,0.7622193919211449,2500.0,4.0,1.0,1.0,Devanahalli,Villa,Ready to Move,owner,True,False,Normal,Repeated Listing
37500000,27975875.723221403,9524124.276778597,34.04406128696479,34.04406128696479,2900.0,4.0,3.0,1.0,Sarjapur Road,Villa,Ready to Move,owner,True,False,Normal,Repeated Listing
58400000,37431002.09585924,20968997.904140763,56.02040215338086,56.02040215338086,2900.0,4.0,3.0,1.0,Sarjapur Road,Villa,Ready to Move,builder,True,False,Normal,Repeated Listing
50000000,54695997.069464624,-4695997.069464624,-8.58563207742725,8.58563207742725,3900.0,4.0,1.0,1.0,Devanahalli,Villa,Ready to Move,agent,True,False,Normal,Repeated Listing
28000000,37606391.66004806,-9606391.66004806,-25.544571643265662,25.544571643265662,2900.0,4.0,3.0,1.0,Sarjapur Road,Villa,Ready to Move,contractor,True,False,Normal,Repeated Listing
50000000,54695997.069464624,-4695997.069464624,-8.58563207742725,8.58563207742725,3900.0,4.0,1.0,1.0,Devanahalli,Villa,Ready to Move,agent,True,False,Normal,Repeated Listing
58400000,27975875.723221403,30424124.276778597,108.7512847775665,108.7512847775665,2900.0,4.0,3.0,1.0,Sarjapur Road,Villa,Ready to Move,owner,True,False,Potentially Overpriced,Repeated Listing
28500000,31953592.868370604,-3453592.868370604,-10.808151942716767,10.808151942716767,2300.0,4.0,3.0,1.0,Thirupalya,Villa,Under Construction,agent,True,False,Normal,Repeated Listing
48000000,37025599.25003,10974400.749969997,29.640035468058233,29.640035468058233,2768.0,4.0,2.0,1.0,Hennur Gardens,Villa,Under Construction,agent,True,False,Normal,Repeated Listing
32000000,32920870.310378253,-920870.3103782535,-2.7972234685665356,2.7972234685665356,2300.0,4.0,3.0,1.0,Thirupalya,Villa,Under Construction,owner,True,False,Normal,Repeated Listing
32500000,55000000.00000105,-22500000.00000105,-40.909090909092036,40.909090909092036,3000.0,4.0,1.0,1.0,Yelahanka,Villa,Under Construction,agent,True,False,Normal,Repeated Listing
14800000,13621647.907160668,1178352.0928393323,8.650583988592839,8.650583988592839,2300.0,2.0,3.0,1.0,Thirupalya,Villa,Under Construction,contractor,True,False,Normal,Repeated Listing
55000000,55695508.54837928,-695508.5483792797,-1.2487695444510287,1.2487695444510287,3000.0,4.0,1.0,1.0,Yelahanka,Villa,Under Construction,owner,True,False,Normal,Repeated Listing
26500000,26417217.791547924,82782.20845207572,0.3133645984421627,0.3133645984421627,2300.0,5.0,3.0,1.0,Thirupalya,Villa,Under Construction,contractor,True,False,Normal,Repeated Listing
32000000,31848821.784964718,151178.21503528208,0.47467443554427097,0.47467443554427097,2500.0,4.0,1.0,1.0,Devanahalli,Villa,Ready to Move,contractor,True,False,Normal,Repeated Listing
72150000,72298627.36492518,-148627.3649251759,-0.20557425547650263,0.20557425547650263,2300.0,8.0,3.0,1.0,Thirupalya,Villa,Under Construction,contractor,True,False,Normal,Repeated Listing
17500000,17173145.52905424,326854.4709457606,1.9032883078570242,1.9032883078570242,2136.0,5.0,3.0,1.0,Bidaraguppe,Villa,Under Construction,contractor,True,False,Normal,Repeated Listing
50000000,39015269.80292154,10984730.197078459,28.154951260277844,28.154951260277844,3900.0,4.0,1.0,1.0,Devanahalli,Villa,Ready to Move,builder,True,False,Normal,Repeated Listing
50000000,54695997.069464624,-4695997.069464624,-8.58563207742725,8.58563207742725,3900.0,4.0,1.0,1.0,Devanahalli,Villa,Ready to Move,agent,True,False,Normal,Repeated Listing
14000000,14725707.77437715,-725707.7743771505,-4.928169059825347,4.928169059825347,2136.0,4.0,3.0,1.0,Bidaraguppe,Villa,Under Construction,builder,True,False,Normal,Repeated Listing
37500000,38265442.75060015,-765442.7506001517,-2.000349912554315,2.000349912554315,2900.0,4.0,3.0,1.0,Sarjapur Road,Villa,Ready to Move,contractor,True,False,Normal,Repeated Listing
28500000,31953592.868370604,-3453592.868370604,-10.808151942716767,10.808151942716767,2300.0,4.0,3.0,1.0,Thirupalya,Villa,Under Construction,agent,True,False,Normal,Repeated Listing
32000000,26204143.74423012,5795856.255769879,22.118090605597697,22.118090605597697,2300.0,4.0,3.0,1.0,Thirupalya,Villa,Under Construction,contractor,True,False,Normal,Repeated Listing
48000000,37025599.25003,10974400.749969997,29.640035468058233,29.640035468058233,2768.0,4.0,2.0,1.0,Hennur Gardens,Villa,Under Construction,agent,True,False,Normal,Repeated Listing
28000000,37606391.66004806,-9606391.66004806,-25.544571643265662,25.544571643265662,2900.0,4.0,3.0,1.0,Sarjapur Road,Villa,Ready to Move,contractor,True,False,Normal,Repeated Listing
58400000,37431002.09585924,20968997.904140763,56.02040215338086,56.02040215338086,2900.0,4.0,3.0,1.0,Sarjapur Road,Villa,Ready to Move,builder,True,False,Normal,Repeated Listing
14800000,13540530.005592821,1259469.9944071788,9.301482245428824,9.301482245428824,2300.0,2.0,3.0,1.0,Thirupalya,Villa,Under Construction,agent,True,False,Normal,Repeated Listing
26500000,27388616.699900262,-888616.699900262,-3.24447455538526,3.24447455538526,2300.0,5.0,3.0,1.0,Thirupalya,Villa,Under Construction,owner,True,False,Normal,Repeated Listing
32500000,55000000.00000105,-22500000.00000105,-40.909090909092036,40.909090909092036,3000.0,4.0,1.0,1.0,Yelahanka,Villa,Under Construction,agent,True,False,Normal,Repeated Listing
55000000,29390377.078481313,25609622.921518687,87.13608149066324,87.13608149066324,3000.0,4.0,1.0,1.0,Yelahanka,Villa,Under Construction,contractor,True,False,Normal,Repeated Listing
72150000,66285680.92557792,5864319.074422076,8.84703753893126,8.84703753893126,2300.0,8.0,3.0,1.0,Thirupalya,Villa,Under Construction,builder,True,False,Normal,Repeated Listing
17500000,18145538.13563871,-645538.1356387101,-3.5575585072941,3.5575585072941,2136.0,5.0,3.0,1.0,Bidaraguppe,Villa,Under Construction,agent,True,False,Normal,Repeated Listing
48000000,37025599.25003,10974400.749969997,29.640035468058233,29.640035468058233,2768.0,4.0,2.0,1.0,Hennur Gardens,Villa,Under Construction,agent,True,False,Normal,Repeated Listing
32000000,31907191.702662885,92808.29733711481,0.29086952622461376,0.29086952622461376,2500.0,4.0,1.0,1.0,Devanahalli,Villa,Ready to Move,agent,True,False,Normal,Repeated Listing
50000000,51643741.139716096,-1643741.1397160962,-3.1828467563361587,3.1828467563361587,3900.0,4.0,1.0,1.0,Devanahalli,Villa,Ready to Move,owner,True,False,Normal,Repeated Listing
14000000,13993172.009470293,6827.990529706702,0.048795158989581894,0.048795158989581894,2136.0,4.0,3.0,1.0,Bidaraguppe,Villa,Under Construction,owner,True,False,Normal,Repeated Listing
37500000,38265442.75060015,-765442.7506001517,-2.000349912554315,2.000349912554315,2900.0,4.0,3.0,1.0,Sarjapur Road,Villa,Ready to Move,contractor,True,False,Normal,Repeated Listing
32500000,55000000.00000105,-22500000.00000105,-40.909090909092036,40.909090909092036,3000.0,4.0,1.0,1.0,Yelahanka,Villa,Under Construction,agent,True,False,Normal,Repeated Listing
55000000,29390377.078481313,25609622.921518687,87.13608149066324,87.13608149066324,3000.0,4.0,1.0,1.0,Yelahanka,Villa,Under Construction,contractor,True,False,Normal,Repeated Listing
50000000,39015269.80292154,10984730.197078459,28.154951260277844,28.154951260277844,3900.0,4.0,1.0,1.0,Devanahalli,Villa,Ready to Move,builder,True,False,Normal,Repeated Listing
28500000,31953592.868370604,-3453592.868370604,-10.808151942716767,10.808151942716767,2300.0,4.0,3.0,1.0,Thirupalya,Villa,Under Construction,agent,True,False,Normal,Repeated Listing
28000000,37606391.66004806,-9606391.66004806,-25.544571643265662,25.544571643265662,2900.0,4.0,3.0,1.0,Sarjapur Road,Villa,Ready to Move,contractor,True,False,Normal,Repeated Listing
58400000,27975875.723221403,30424124.276778597,108.7512847775665,108.7512847775665,2900.0,4.0,3.0,1.0,Sarjapur Road,Villa,Ready to Move,owner,True,False,Potentially Overpriced,Repeated Listing
32000000,31848821.784964718,151178.21503528208,0.47467443554427097,0.47467443554427097,2500.0,4.0,1.0,1.0,Devanahalli,Villa,Ready to Move,contractor,True,False,Normal,Repeated Listing
50000000,39015269.80292154,10984730.197078459,28.154951260277844,28.154951260277844,3900.0,4.0,1.0,1.0,Devanahalli,Villa,Ready to Move,builder,True,False,Normal,Repeated Listing
32000000,26204143.74423012,5795856.255769879,22.118090605597697,22.118090605597697,2300.0,4.0,3.0,1.0,Thirupalya,Villa,Under Construction,contractor,True,False,Normal,Repeated Listing
14800000,13621647.907160668,1178352.0928393323,8.650583988592839,8.650583988592839,2300.0,2.0,3.0,1.0,Thirupalya,Villa,Under Construction,contractor,True,False,Normal,Repeated Listing
50000000,54695997.069464624,-4695997.069464624,-8.58563207742725,8.58563207742725,3900.0,4.0,1.0,1.0,Devanahalli,Villa,Ready to Move,agent,True,False,Normal,Repeated Listing
26500000,27388616.699900262,-888616.699900262,-3.24447455538526,3.24447455538526,2300.0,5.0,3.0,1.0,Thirupalya,Villa,Under Construction,owner,True,False,Normal,Repeated Listing
28500000,31953592.868370604,-3453592.868370604,-10.808151942716767,10.808151942716767,2300.0,4.0,3.0,1.0,Thirupalya,Villa,Under Construction,agent,True,False,Normal,Repeated Listing
72150000,70039953.84836496,2110046.151635036,3.0126321273758143,3.0126321273758143,2300.0,8.0,3.0,1.0,Thirupalya,Villa,Under Construction,owner,True,False,Normal,Repeated Listing
32000000,26204143.74423012,5795856.255769879,22.118090605597697,22.118090605597697,2300.0,4.0,3.0,1.0,Thirupalya,Villa,Under Construction,contractor,True,False,Normal,Repeated Listing
17500000,17173145.52905424,326854.4709457606,1.9032883078570242,1.9032883078570242,2136.0,5.0,3.0,1.0,Bidaraguppe,Villa,Under Construction,contractor,True,False,Normal,Repeated Listing
48000000,37025599.25003,10974400.749969997,29.640035468058233,29.640035468058233,2768.0,4.0,2.0,1.0,Hennur Gardens,Villa,Under Construction,agent,True,False,Normal,Repeated Listing
14800000,13621647.907160668,1178352.0928393323,8.650583988592839,8.650583988592839,2300.0,2.0,3.0,1.0,Thirupalya,Villa,Under Construction,contractor,True,False,Normal,Repeated Listing
26500000,27388616.699900262,-888616.699900262,-3.24447455538526,3.24447455538526,2300.0,5.0,3.0,1.0,Thirupalya,Villa,Under Construction,owner,True,False,Normal,Repeated Listing
14000000,15128654.757274574,-1128654.7572745737,-7.460377511304256,7.460377511304256,2136.0,4.0,3.0,1.0,Bidaraguppe,Villa,Under Construction,contractor,True,False,Normal,Repeated Listing
37500000,40383283.03161897,-2883283.0316189677,-7.139793536254689,7.139793536254689,2900.0,4.0,3.0,1.0,Sarjapur Road,Villa,Ready to Move,agent,True,False,Normal,Repeated Listing
32500000,55000000.00000105,-22500000.00000105,-40.909090909092036,40.909090909092036,3000.0,4.0,1.0,1.0,Yelahanka,Villa,Under Construction,agent,True,False,Normal,Repeated Listing
55000000,32501572.606834713,22498427.393165287,69.22258090500557,69.22258090500557,3000.0,4.0,1.0,1.0,Yelahanka,Villa,Under Construction,agent,True,False,Normal,Repeated Listing
72150000,70039953.84836496,2110046.151635036,3.0126321273758143,3.0126321273758143,2300.0,8.0,3.0,1.0,Thirupalya,Villa,Under Construction,owner,True,False,Normal,Repeated Listing
17500000,16609807.208783785,890192.7912162151,5.359440841344946,5.359440841344946,2136.0,5.0,3.0,1.0,Bidaraguppe,Villa,Under Construction,owner,True,False,Normal,Repeated Listing
28000000,37606391.66004806,-9606391.66004806,-25.544571643265662,25.544571643265662,2900.0,4.0,3.0,1.0,Sarjapur Road,Villa,Ready to Move,contractor,True,False,Normal,Repeated Listing
58400000,27975875.723221403,30424124.276778597,108.7512847775665,108.7512847775665,2900.0,4.0,3.0,1.0,Sarjapur Road,Villa,Ready to Move,owner,True,False,Potentially Overpriced,Repeated Listing
32000000,31848821.784964718,151178.21503528208,0.47467443554427097,0.47467443554427097,2500.0,4.0,1.0,1.0,Devanahalli,Villa,Ready to Move,contractor,True,False,Normal,Repeated Listing
50000000,51643741.139716096,-1643741.1397160962,-3.1828467563361587,3.1828467563361587,3900.0,4.0,1.0,1.0,Devanahalli,Villa,Ready to Move,owner,True,False,Normal,Repeated Listing
14000000,14725707.77437715,-725707.7743771505,-4.928169059825347,4.928169059825347,2136.0,4.0,3.0,1.0,Bidaraguppe,Villa,Under Construction,builder,True,False,Normal,Repeated Listing
37500000,38265442.75060015,-765442.7506001517,-2.000349912554315,2.000349912554315,2900.0,4.0,3.0,1.0,Sarjapur Road,Villa,Ready to Move,contractor,True,False,Normal,Repeated Listing
50000000,51643741.139716096,-1643741.1397160962,-3.1828467563361587,3.1828467563361587,3900.0,4.0,1.0,1.0,Devanahalli,Villa,Ready to Move,owner,True,False,Normal,Repeated Listing
28500000,31953592.868370604,-3453592.868370604,-10.808151942716767,10.808151942716767,2300.0,4.0,3.0,1.0,Thirupalya,Villa,Under Construction,agent,True,False,Normal,Repeated Listing
28000000,46068493.063934326,-18068493.063934326,-39.22093357570582,39.22093357570582,2900.0,4.0,3.0,1.0,Sarjapur Road,Villa,Ready to Move,agent,True,False,Normal,Repeated Listing
58400000,27975875.723221403,30424124.276778597,108.7512847775665,108.7512847775665,2900.0,4.0,3.0,1.0,Sarjapur Road,Villa,Ready to Move,owner,True,False,Potentially Overpriced,Repeated Listing
32000000,28503241.98318361,3496758.016816389,12.267930851091997,12.267930851091997,2300.0,4.0,3.0,1.0,Thirupalya,Villa,Under Construction,agent,True,False,Normal,Repeated Listing
14800000,13540530.005592821,1259469.9944071788,9.301482245428824,9.301482245428824,2300.0,2.0,3.0,1.0,Thirupalya,Villa,Under Construction,agent,True,False,Normal,Repeated Listing
26500000,26738502.473351225,-238502.47335122526,-0.8919814173921197,0.8919814173921197,2300.0,5.0,3.0,1.0,Thirupalya,Villa,Under Construction,agent,True,False,Normal,Repeated Listing
72150000,70039953.84836496,2110046.151635036,3.0126321273758143,3.0126321273758143,2300.0,8.0,3.0,1.0,Thirupalya,Villa,Under Construction,owner,True,False,Normal,Repeated Listing
17500000,18145538.13563871,-645538.1356387101,-3.5575585072941,3.5575585072941,2136.0,5.0,3.0,1.0,Bidaraguppe,Villa,Under Construction,agent,True,False,Normal,Repeated Listing
14000000,13993172.009470293,6827.990529706702,0.048795158989581894,0.048795158989581894,2136.0,4.0,3.0,1.0,Bidaraguppe,Villa,Under Construction,owner,True,False,Normal,Repeated Listing
37500000,40383283.03161897,-2883283.0316189677,-7.139793536254689,7.139793536254689,2900.0,4.0,3.0,1.0,Sarjapur Road,Villa,Ready to Move,agent,True,False,Normal,Repeated Listing
28000000,46068493.063934326,-18068493.063934326,-39.22093357570582,39.22093357570582,2900.0,4.0,3.0,1.0,Sarjapur Road,Villa,Ready to Move,agent,True,False,Normal,Repeated Listing
58400000,37431002.09585924,20968997.904140763,56.02040215338086,56.02040215338086,2900.0,4.0,3.0,1.0,Sarjapur Road,Villa,Ready to Move,builder,True,False,Normal,Repeated Listing
48000000,37025599.25003,10974400.749969997,29.640035468058233,29.640035468058233,2768.0,4.0,2.0,1.0,Hennur Gardens,Villa,Under Construction,agent,True,False,Normal,Repeated Listing
32500000,55000000.00000105,-22500000.00000105,-40.909090909092036,40.909090909092036,3000.0,4.0,1.0,1.0,Yelahanka,Villa,Under Construction,agent,True,False,Normal,Repeated Listing
55000000,55695508.54837928,-695508.5483792797,-1.2487695444510287,1.2487695444510287,3000.0,4.0,1.0,1.0,Yelahanka,Villa,Under Construction,owner,True,False,Normal,Repeated Listing
32000000,32038291.658905108,-38291.65890510753,-0.11951841662713712,0.11951841662713712,2500.0,4.0,1.0,1.0,Devanahalli,Villa,Ready to Move,builder,True,False,Normal,Repeated Listing
50000000,54695997.069464624,-4695997.069464624,-8.58563207742725,8.58563207742725,3900.0,4.0,1.0,1.0,Devanahalli,Villa,Ready to Move,agent,True,False,Normal,Repeated Listing
50000000,54695997.069464624,-4695997.069464624,-8.58563207742725,8.58563207742725,3900.0,4.0,1.0,1.0,Devanahalli,Villa,Ready to Move,agent,True,False,Normal,Repeated Listing
28500000,31953592.868370604,-3453592.868370604,-10.808151942716767,10.808151942716767,2300.0,4.0,3.0,1.0,Thirupalya,Villa,Under Construction,agent,True,False,Normal,Repeated Listing
32000000,28503241.98318361,3496758.016816389,12.267930851091997,12.267930851091997,2300.0,4.0,3.0,1.0,Thirupalya,Villa,Under Construction,agent,True,False,Normal,Repeated Listing
14800000,12925585.31544728,1874414.6845527198,14.501584561223849,14.501584561223849,2300.0,2.0,3.0,1.0,Thirupalya,Villa,Under Construction,owner,True,False,Normal,Repeated Listing
26500000,26738502.473351225,-238502.47335122526,-0.8919814173921197,0.8919814173921197,2300.0,5.0,3.0,1.0,Thirupalya,Villa,Under Construction,agent,True,False,Normal,Repeated Listing
48000000,37025599.25003,10974400.749969997,29.640035468058233,29.640035468058233,2768.0,4.0,2.0,1.0,Hennur Gardens,Villa,Under Construction,agent,True,False,Normal,Repeated Listing
32500000,55000000.00000105,-22500000.00000105,-40.909090909092036,40.909090909092036,3000.0,4.0,1.0,1.0,Yelahanka,Villa,Under Construction,agent,True,False,Normal,Repeated Listing
72150000,66285680.92557792,5864319.074422076,8.84703753893126,8.84703753893126,2300.0,8.0,3.0,1.0,Thirupalya,Villa,Under Construction,builder,True,False,Normal,Repeated Listing
17500000,18172562.31527548,-672562.3152754791,-3.7009768001188097,3.7009768001188097,2136.0,5.0,3.0,1.0,Bidaraguppe,Villa,Under Construction,builder,True,False,Normal,Repeated Listing
55000000,30390365.025824584,24609634.974175416,80.97841191859024,80.97841191859024,3000.0,4.0,1.0,1.0,Yelahanka,Villa,Under Construction,builder,True,False,Normal,Repeated Listing
32000000,31907191.702662885,92808.29733711481,0.29086952622461376,0.29086952622461376,2500.0,4.0,1.0,1.0,Devanahalli,Villa,Ready to Move,agent,True,False,Normal,Repeated Listing
14000000,14910817.447835509,-910817.4478355087,-6.108434034699588,6.108434034699588,2136.0,4.0,3.0,1.0,Bidaraguppe,Villa,Under Construction,agent,True,False,Normal,Repeated Listing
37500000,40984055.42728329,-3484055.427283287,-8.501002135976847,8.501002135976847,2900.0,4.0,3.0,1.0,Sarjapur Road,Villa,Ready to Move,builder,True,False,Normal,Repeated Listing
50000000,54695997.069464624,-4695997.069464624,-8.58563207742725,8.58563207742725,3900.0,4.0,1.0,1.0,Devanahalli,Villa,Ready to Move,agent,True,False,Normal,Repeated Listing
50000000,54695997.069464624,-4695997.069464624,-8.58563207742725,8.58563207742725,3900.0,4.0,1.0,1.0,Devanahalli,Villa,Ready to Move,agent,True,False,Normal,Repeated Listing
28000000,37431002.09585924,-9431002.095859237,-25.195697597694107,25.195697597694107,2900.0,4.0,3.0,1.0,Sarjapur Road,Villa,Ready to Move,builder,True,False,Normal,Repeated Listing
28500000,31953592.868370604,-3453592.868370604,-10.808151942716767,10.808151942716767,2300.0,4.0,3.0,1.0,Thirupalya,Villa,Under Construction,agent,True,False,Normal,Repeated Listing
58400000,37431002.09585924,20968997.904140763,56.02040215338086,56.02040215338086,2900.0,4.0,3.0,1.0,Sarjapur Road,Villa,Ready to Move,builder,True,False,Normal,Repeated Listing
32000000,32920870.310378253,-920870.3103782535,-2.7972234685665356,2.7972234685665356,2300.0,4.0,3.0,1.0,Thirupalya,Villa,Under Construction,owner,True,False,Normal,Repeated Listing
14800000,12925585.31544728,1874414.6845527198,14.501584561223849,14.501584561223849,2300.0,2.0,3.0,1.0,Thirupalya,Villa,Under Construction,owner,True,False,Normal,Repeated Listing
26500000,27388616.699900262,-888616.699900262,-3.24447455538526,3.24447455538526,2300.0,5.0,3.0,1.0,Thirupalya,Villa,Under Construction,owner,True,False,Normal,Repeated Listing
72150000,70039953.84836496,2110046.151635036,3.0126321273758143,3.0126321273758143,2300.0,8.0,3.0,1.0,Thirupalya,Villa,Under Construction,owner,True,False,Normal,Repeated Listing
17500000,18145538.13563871,-645538.1356387101,-3.5575585072941,3.5575585072941,2136.0,5.0,3.0,1.0,Bidaraguppe,Villa,Under Construction,agent,True,False,Normal,Repeated Listing
14000000,14725707.77437715,-725707.7743771505,-4.928169059825347,4.928169059825347,2136.0,4.0,3.0,1.0,Bidaraguppe,Villa,Under Construction,builder,True,False,Normal,Repeated Listing
37500000,38265442.75060015,-765442.7506001517,-2.000349912554315,2.000349912554315,2900.0,4.0,3.0,1.0,Sarjapur Road,Villa,Ready to Move,contractor,True,False,Normal,Repeated Listing
28000000,37606391.66004806,-9606391.66004806,-25.544571643265662,25.544571643265662,2900.0,4.0,3.0,1.0,Sarjapur Road,Villa,Ready to Move,contractor,True,False,Normal,Repeated Listing
58400000,37431002.09585924,20968997.904140763,56.02040215338086,56.02040215338086,2900.0,4.0,3.0,1.0,Sarjapur Road,Villa,Ready to Move,builder,True,False,Normal,Repeated Listing
48000000,37025599.25003,10974400.749969997,29.640035468058233,29.640035468058233,2768.0,4.0,2.0,1.0,Hennur Gardens,Villa,Under Construction,agent,True,False,Normal,Repeated Listing
32500000,55000000.00000105,-22500000.00000105,-40.909090909092036,40.909090909092036,3000.0,4.0,1.0,1.0,Yelahanka,Villa,Under Construction,agent,True,False,Normal,Repeated Listing
55000000,32501572.606834713,22498427.393165287,69.22258090500557,69.22258090500557,3000.0,4.0,1.0,1.0,Yelahanka,Villa,Under Construction,agent,True,False,Normal,Repeated Listing
48000000,37025599.25003,10974400.749969997,29.640035468058233,29.640035468058233,2768.0,4.0,2.0,1.0,Hennur Gardens,Villa,Under Construction,agent,True,False,Normal,Repeated Listing
32500000,55000000.00000105,-22500000.00000105,-40.909090909092036,40.909090909092036,3000.0,4.0,1.0,1.0,Yelahanka,Villa,Under Construction,agent,True,False,Normal,Repeated Listing
32000000,31907191.702662885,92808.29733711481,0.29086952622461376,0.29086952622461376,2500.0,4.0,1.0,1.0,Devanahalli,Villa,Ready to Move,agent,True,False,Normal,Repeated Listing
50000000,39015269.80292154,10984730.197078459,28.154951260277844,28.154951260277844,3900.0,4.0,1.0,1.0,Devanahalli,Villa,Ready to Move,builder,True,False,Normal,Repeated Listing
55000000,32501572.606834713,22498427.393165287,69.22258090500557,69.22258090500557,3000.0,4.0,1.0,1.0,Yelahanka,Villa,Under Construction,agent,True,False,Normal,Repeated Listing
32000000,31848821.784964718,151178.21503528208,0.47467443554427097,0.47467443554427097,2500.0,4.0,1.0,1.0,Devanahalli,Villa,Ready to Move,contractor,True,False,Normal,Repeated Listing
50000000,39508261.718489856,10491738.281510144,26.555808393361975,26.555808393361975,3900.0,4.0,1.0,1.0,Devanahalli,Villa,Ready to Move,contractor,True,False,Normal,Repeated Listing
28500000,31953592.868370604,-3453592.868370604,-10.808151942716767,10.808151942716767,2300.0,4.0,3.0,1.0,Thirupalya,Villa,Under Construction,agent,True,False,Normal,Repeated Listing
50000000,51643741.139716096,-1643741.1397160962,-3.1828467563361587,3.1828467563361587,3900.0,4.0,1.0,1.0,Devanahalli,Villa,Ready to Move,owner,True,False,Normal,Repeated Listing
50000000,51643741.139716096,-1643741.1397160962,-3.1828467563361587,3.1828467563361587,3900.0,4.0,1.0,1.0,Devanahalli,Villa,Ready to Move,owner,True,False,Normal,Repeated Listing
32000000,28503241.98318361,3496758.016816389,12.267930851091997,12.267930851091997,2300.0,4.0,3.0,1.0,Thirupalya,Villa,Under Construction,agent,True,False,Normal,Repeated Listing
14800000,14887052.400365748,-87052.40036574751,-0.5847524279796906,0.5847524279796906,2300.0,2.0,3.0,1.0,Thirupalya,Villa,Under Construction,builder,True,False,Normal,Repeated Listing
28500000,31953592.868370604,-3453592.868370604,-10.808151942716767,10.808151942716767,2300.0,4.0,3.0,1.0,Thirupalya,Villa,Under Construction,agent,True,False,Normal,Repeated Listing
26500000,26713128.55074389,-213128.55074388906,-0.7978419687496843,0.7978419687496843,2300.0,5.0,3.0,1.0,Thirupalya,Villa,Under Construction,builder,True,False,Normal,Repeated Listing
32000000,27308742.32741032,4691257.672589678,17.17859290752094,17.17859290752094,2300.0,4.0,3.0,1.0,Thirupalya,Villa,Under Construction,builder,True,False,Normal,Repeated Listing
72150000,70039953.84836496,2110046.151635036,3.0126321273758143,3.0126321273758143,2300.0,8.0,3.0,1.0,Thirupalya,Villa,Under Construction,owner,True,False,Normal,Repeated Listing
48000000,37025599.25003,10974400.749969997,29.640035468058233,29.640035468058233,2768.0,4.0,2.0,1.0,Hennur Gardens,Villa,Under Construction,agent,True,False,Normal,Repeated Listing
32500000,55000000.00000105,-22500000.00000105,-40.909090909092036,40.909090909092036,3000.0,4.0,1.0,1.0,Yelahanka,Villa,Under Construction,agent,True,False,Normal,Repeated Listing
14800000,12925585.31544728,1874414.6845527198,14.501584561223849,14.501584561223849,2300.0,2.0,3.0,1.0,Thirupalya,Villa,Under Construction,owner,True,False,Normal,Repeated Listing
26500000,27388616.699900262,-888616.699900262,-3.24447455538526,3.24447455538526,2300.0,5.0,3.0,1.0,Thirupalya,Villa,Under Construction,owner,True,False,Normal,Repeated Listing
17500000,18172562.31527548,-672562.3152754791,-3.7009768001188097,3.7009768001188097,2136.0,5.0,3.0,1.0,Bidaraguppe,Villa,Under Construction,builder,True,False,Normal,Repeated Listing
14000000,15128654.757274574,-1128654.7572745737,-7.460377511304256,7.460377511304256,2136.0,4.0,3.0,1.0,Bidaraguppe,Villa,Under Construction,contractor,True,False,Normal,Repeated Listing
55000000,32501572.606834713,22498427.393165287,69.22258090500557,69.22258090500557,3000.0,4.0,1.0,1.0,Yelahanka,Villa,Under Construction,agent,True,False,Normal,Repeated Listing
32000000,32245783.615796532,-245783.61579653248,-0.7622193919211449,0.7622193919211449,2500.0,4.0,1.0,1.0,Devanahalli,Villa,Ready to Move,owner,True,False,Normal,Repeated Listing
72150000,72298627.36492518,-148627.3649251759,-0.20557425547650263,0.20557425547650263,2300.0,8.0,3.0,1.0,Thirupalya,Villa,Under Construction,contractor,True,False,Normal,Repeated Listing
17500000,16609807.208783785,890192.7912162151,5.359440841344946,5.359440841344946,2136.0,5.0,3.0,1.0,Bidaraguppe,Villa,Under Construction,owner,True,False,Normal,Repeated Listing
37500000,40984055.42728329,-3484055.427283287,-8.501002135976847,8.501002135976847,2900.0,4.0,3.0,1.0,Sarjapur Road,Villa,Ready to Move,builder,True,False,Normal,Repeated Listing
28000000,37606391.66004806,-9606391.66004806,-25.544571643265662,25.544571643265662,2900.0,4.0,3.0,1.0,Sarjapur Road,Villa,Ready to Move,contractor,True,False,Normal,Repeated Listing
50000000,54695997.069464624,-4695997.069464624,-8.58563207742725,8.58563207742725,3900.0,4.0,1.0,1.0,Devanahalli,Villa,Ready to Move,agent,True,False,Normal,Repeated Listing
50000000,39508261.718489856,10491738.281510144,26.555808393361975,26.555808393361975,3900.0,4.0,1.0,1.0,Devanahalli,Villa,Ready to Move,contractor,True,False,Normal,Repeated Listing
14000000,15128654.757274574,-1128654.7572745737,-7.460377511304256,7.460377511304256,2136.0,4.0,3.0,1.0,Bidaraguppe,Villa,Under Construction,contractor,True,False,Normal,Repeated Listing
58400000,37431002.09585924,20968997.904140763,56.02040215338086,56.02040215338086,2900.0,4.0,3.0,1.0,Sarjapur Road,Villa,Ready to Move,builder,True,False,Normal,Repeated Listing
28500000,31953592.868370604,-3453592.868370604,-10.808151942716767,10.808151942716767,2300.0,4.0,3.0,1.0,Thirupalya,Villa,Under Construction,agent,True,False,Normal,Repeated Listing
37500000,27975875.723221403,9524124.276778597,34.04406128696479,34.04406128696479,2900.0,4.0,3.0,1.0,Sarjapur Road,Villa,Ready to Move,owner,True,False,Normal,Repeated Listing
28000000,37606391.66004806,-9606391.66004806,-25.544571643265662,25.544571643265662,2900.0,4.0,3.0,1.0,Sarjapur Road,Villa,Ready to Move,contractor,True,False,Normal,Repeated Listing
32000000,26204143.74423012,5795856.255769879,22.118090605597697,22.118090605597697,2300.0,4.0,3.0,1.0,Thirupalya,Villa,Under Construction,contractor,True,False,Normal,Repeated Listing
14800000,13540530.005592821,1259469.9944071788,9.301482245428824,9.301482245428824,2300.0,2.0,3.0,1.0,Thirupalya,Villa,Under Construction,agent,True,False,Normal,Repeated Listing
58400000,37431002.09585924,20968997.904140763,56.02040215338086,56.02040215338086,2900.0,4.0,3.0,1.0,Sarjapur Road,Villa,Ready to Move,builder,True,False,Normal,Repeated Listing
26500000,26713128.55074389,-213128.55074388906,-0.7978419687496843,0.7978419687496843,2300.0,5.0,3.0,1.0,Thirupalya,Villa,Under Construction,builder,True,False,Normal,Repeated Listing
72150000,66285680.92557792,5864319.074422076,8.84703753893126,8.84703753893126,2300.0,8.0,3.0,1.0,Thirupalya,Villa,Under Construction,builder,True,False,Normal,Repeated Listing
17500000,18172562.31527548,-672562.3152754791,-3.7009768001188097,3.7009768001188097,2136.0,5.0,3.0,1.0,Bidaraguppe,Villa,Under Construction,builder,True,False,Normal,Repeated Listing
14000000,15128654.757274574,-1128654.7572745737,-7.460377511304256,7.460377511304256,2136.0,4.0,3.0,1.0,Bidaraguppe,Villa,Under Construction,contractor,True,False,Normal,Repeated Listing
37500000,38265442.75060015,-765442.7506001517,-2.000349912554315,2.000349912554315,2900.0,4.0,3.0,1.0,Sarjapur Road,Villa,Ready to Move,contractor,True,False,Normal,Repeated Listing
28000000,49030179.90966302,-21030179.90966302,-42.892316423090115,42.892316423090115,2900.0,4.0,3.0,1.0,Sarjapur Road,Villa,Ready to Move,owner,True,False,Normal,Repeated Listing
58400000,37431002.09585924,20968997.904140763,56.02040215338086,56.02040215338086,2900.0,4.0,3.0,1.0,Sarjapur Road,Villa,Ready to Move,builder,True,False,Normal,Repeated Listing
48000000,37025599.25003,10974400.749969997,29.640035468058233,29.640035468058233,2768.0,4.0,2.0,1.0,Hennur Gardens,Villa,Under Construction,agent,True,False,Normal,Repeated Listing
32500000,55000000.00000105,-22500000.00000105,-40.909090909092036,40.909090909092036,3000.0,4.0,1.0,1.0,Yelahanka,Villa,Under Construction,agent,True,False,Normal,Repeated Listing
55000000,55695508.54837928,-695508.5483792797,-1.2487695444510287,1.2487695444510287,3000.0,4.0,1.0,1.0,Yelahanka,Villa,Under Construction,owner,True,False,Normal,Repeated Listing
32000000,31907191.702662885,92808.29733711481,0.29086952622461376,0.29086952622461376,2500.0,4.0,1.0,1.0,Devanahalli,Villa,Ready to Move,agent,True,False,Normal,Repeated Listing
50000000,51643741.139716096,-1643741.1397160962,-3.1828467563361587,3.1828467563361587,3900.0,4.0,1.0,1.0,Devanahalli,Villa,Ready to Move,owner,True,False,Normal,Repeated Listing
50000000,39015269.80292154,10984730.197078459,28.154951260277844,28.154951260277844,3900.0,4.0,1.0,1.0,Devanahalli,Villa,Ready to Move,builder,True,False,Normal,Repeated Listing
28500000,31953592.868370604,-3453592.868370604,-10.808151942716767,10.808151942716767,2300.0,4.0,3.0,1.0,Thirupalya,Villa,Under Construction,agent,True,False,Normal,Repeated Listing
32000000,28503241.98318361,3496758.016816389,12.267930851091997,12.267930851091997,2300.0,4.0,3.0,1.0,Thirupalya,Villa,Under Construction,agent,True,False,Normal,Repeated Listing
14800000,13540530.005592821,1259469.9944071788,9.301482245428824,9.301482245428824,2300.0,2.0,3.0,1.0,Thirupalya,Villa,Under Construction,agent,True,False,Normal,Repeated Listing
26500000,26417217.791547924,82782.20845207572,0.3133645984421627,0.3133645984421627,2300.0,5.0,3.0,1.0,Thirupalya,Villa,Under Construction,contractor,True,False,Normal,Repeated Listing
48000000,37025599.25003,10974400.749969997,29.640035468058233,29.640035468058233,2768.0,4.0,2.0,1.0,Hennur Gardens,Villa,Under Construction,agent,True,False,Normal,Repeated Listing
72150000,71757171.8637932,392828.1362068057,0.5474409400532919,0.5474409400532919,2300.0,8.0,3.0,1.0,Thirupalya,Villa,Under Construction,agent,True,False,Normal,Repeated Listing
17500000,16609807.208783785,890192.7912162151,5.359440841344946,5.359440841344946,2136.0,5.0,3.0,1.0,Bidaraguppe,Villa,Under Construction,owner,True,False,Normal,Repeated Listing
32500000,55000000.00000105,-22500000.00000105,-40.909090909092036,40.909090909092036,3000.0,4.0,1.0,1.0,Yelahanka,Villa,Under Construction,agent,True,False,Normal,Repeated Listing
55000000,30390365.025824584,24609634.974175416,80.97841191859024,80.97841191859024,3000.0,4.0,1.0,1.0,Yelahanka,Villa,Under Construction,builder,True,False,Normal,Repeated Listing
14000000,13993172.009470293,6827.990529706702,0.048795158989581894,0.048795158989581894,2136.0,4.0,3.0,1.0,Bidaraguppe,Villa,Under Construction,owner,True,False,Normal,Repeated Listing
37500000,38265442.75060015,-765442.7506001517,-2.000349912554315,2.000349912554315,2900.0,4.0,3.0,1.0,Sarjapur Road,Villa,Ready to Move,contractor,True,False,Normal,Repeated Listing
32000000,31907191.702662885,92808.29733711481,0.29086952622461376,0.29086952622461376,2500.0,4.0,1.0,1.0,Devanahalli,Villa,Ready to Move,agent,True,False,Normal,Repeated Listing
50000000,39508261.718489856,10491738.281510144,26.555808393361975,26.555808393361975,3900.0,4.0,1.0,1.0,Devanahalli,Villa,Ready to Move,contractor,True,False,Normal,Repeated Listing
28000000,49030179.90966302,-21030179.90966302,-42.892316423090115,42.892316423090115,2900.0,4.0,3.0,1.0,Sarjapur Road,Villa,Ready to Move,owner,True,False,Normal,Repeated Listing
58400000,32712811.31373335,25687188.68626665,78.52332971297629,78.52332971297629,2900.0,4.0,3.0,1.0,Sarjapur Road,Villa,Ready to Move,agent,True,False,Normal,Repeated Listing
50000000,51643741.139716096,-1643741.1397160962,-3.1828467563361587,3.1828467563361587,3900.0,4.0,1.0,1.0,Devanahalli,Villa,Ready to Move,owner,True,False,Normal,Repeated Listing
28500000,31953592.868370604,-3453592.868370604,-10.808151942716767,10.808151942716767,2300.0,4.0,3.0,1.0,Thirupalya,Villa,Under Construction,agent,True,False,Normal,Repeated Listing
32000000,28503241.98318361,3496758.016816389,12.267930851091997,12.267930851091997,2300.0,4.0,3.0,1.0,Thirupalya,Villa,Under Construction,agent,True,False,Normal,Repeated Listing
14800000,13540530.005592821,1259469.9944071788,9.301482245428824,9.301482245428824,2300.0,2.0,3.0,1.0,Thirupalya,Villa,Under Construction,agent,True,False,Normal,Repeated Listing
48000000,37025599.25003,10974400.749969997,29.640035468058233,29.640035468058233,2768.0,4.0,2.0,1.0,Hennur Gardens,Villa,Under Construction,agent,True,False,Normal,Repeated Listing
26500000,27388616.699900262,-888616.699900262,-3.24447455538526,3.24447455538526,2300.0,5.0,3.0,1.0,Thirupalya,Villa,Under Construction,owner,True,False,Normal,Repeated Listing
32500000,55000000.00000105,-22500000.00000105,-40.909090909092036,40.909090909092036,3000.0,4.0,1.0,1.0,Yelahanka,Villa,Under Construction,agent,True,False,Normal,Repeated Listing
72150000,72298627.36492518,-148627.3649251759,-0.20557425547650263,0.20557425547650263,2300.0,8.0,3.0,1.0,Thirupalya,Villa,Under Construction,contractor,True,False,Normal,Repeated Listing
55000000,30390365.025824584,24609634.974175416,80.97841191859024,80.97841191859024,3000.0,4.0,1.0,1.0,Yelahanka,Villa,Under Construction,builder,True,False,Normal,Repeated Listing
17500000,17173145.52905424,326854.4709457606,1.9032883078570242,1.9032883078570242,2136.0,5.0,3.0,1.0,Bidaraguppe,Villa,Under Construction,contractor,True,False,Normal,Repeated Listing
32000000,31907191.702662885,92808.29733711481,0.29086952622461376,0.29086952622461376,2500.0,4.0,1.0,1.0,Devanahalli,Villa,Ready to Move,agent,True,False,Normal,Repeated Listing
14000000,14910817.447835509,-910817.4478355087,-6.108434034699588,6.108434034699588,2136.0,4.0,3.0,1.0,Bidaraguppe,Villa,Under Construction,agent,True,False,Normal,Repeated Listing
50000000,39015269.80292154,10984730.197078459,28.154951260277844,28.154951260277844,3900.0,4.0,1.0,1.0,Devanahalli,Villa,Ready to Move,builder,True,False,Normal,Repeated Listing
37500000,27975875.723221403,9524124.276778597,34.04406128696479,34.04406128696479,2900.0,4.0,3.0,1.0,Sarjapur Road,Villa,Ready to Move,owner,True,False,Normal,Repeated Listing
28000000,49030179.90966302,-21030179.90966302,-42.892316423090115,42.892316423090115,2900.0,4.0,3.0,1.0,Sarjapur Road,Villa,Ready to Move,owner,True,False,Normal,Repeated Listing
50000000,54695997.069464624,-4695997.069464624,-8.58563207742725,8.58563207742725,3900.0,4.0,1.0,1.0,Devanahalli,Villa,Ready to Move,agent,True,False,Normal,Repeated Listing
28500000,31953592.868370604,-3453592.868370604,-10.808151942716767,10.808151942716767,2300.0,4.0,3.0,1.0,Thirupalya,Villa,Under Construction,agent,True,False,Normal,Repeated Listing
58400000,32712811.31373335,25687188.68626665,78.52332971297629,78.52332971297629,2900.0,4.0,3.0,1.0,Sarjapur Road,Villa,Ready to Move,agent,True,False,Normal,Repeated Listing
32000000,27308742.32741032,4691257.672589678,17.17859290752094,17.17859290752094,2300.0,4.0,3.0,1.0,Thirupalya,Villa,Under Construction,builder,True,False,Normal,Repeated Listing
14800000,13621647.907160668,1178352.0928393323,8.650583988592839,8.650583988592839,2300.0,2.0,3.0,1.0,Thirupalya,Villa,Under Construction,contractor,True,False,Normal,Repeated Listing
26500000,27388616.699900262,-888616.699900262,-3.24447455538526,3.24447455538526,2300.0,5.0,3.0,1.0,Thirupalya,Villa,Under Construction,owner,True,False,Normal,Repeated Listing
72150000,66285680.92557792,5864319.074422076,8.84703753893126,8.84703753893126,2300.0,8.0,3.0,1.0,Thirupalya,Villa,Under Construction,builder,True,False,Normal,Repeated Listing
17500000,16609807.208783785,890192.7912162151,5.359440841344946,5.359440841344946,2136.0,5.0,3.0,1.0,Bidaraguppe,Villa,Under Construction,owner,True,False,Normal,Repeated Listing
14000000,14910817.447835509,-910817.4478355087,-6.108434034699588,6.108434034699588,2136.0,4.0,3.0,1.0,Bidaraguppe,Villa,Under Construction,agent,True,False,Normal,Repeated Listing
37500000,38265442.75060015,-765442.7506001517,-2.000349912554315,2.000349912554315,2900.0,4.0,3.0,1.0,Sarjapur Road,Villa,Ready to Move,contractor,True,False,Normal,Repeated Listing
28000000,37606391.66004806,-9606391.66004806,-25.544571643265662,25.544571643265662,2900.0,4.0,3.0,1.0,Sarjapur Road,Villa,Ready to Move,contractor,True,False,Normal,Repeated Listing
58400000,37431002.09585924,20968997.904140763,56.02040215338086,56.02040215338086,2900.0,4.0,3.0,1.0,Sarjapur Road,Villa,Ready to Move,builder,True,False,Normal,Repeated Listing
48000000,37025599.25003,10974400.749969997,29.640035468058233,29.640035468058233,2768.0,4.0,2.0,1.0,Hennur Gardens,Villa,Under Construction,agent,True,False,Normal,Repeated Listing
32500000,55000000.00000105,-22500000.00000105,-40.909090909092036,40.909090909092036,3000.0,4.0,1.0,1.0,Yelahanka,Villa,Under Construction,agent,True,False,Normal,Repeated Listing
55000000,32501572.606834713,22498427.393165287,69.22258090500557,69.22258090500557,3000.0,4.0,1.0,1.0,Yelahanka,Villa,Under Construction,agent,True,False,Normal,Repeated Listing
32000000,32245783.615796532,-245783.61579653248,-0.7622193919211449,0.7622193919211449,2500.0,4.0,1.0,1.0,Devanahalli,Villa,Ready to Move,owner,True,False,Normal,Repeated Listing
50000000,51643741.139716096,-1643741.1397160962,-3.1828467563361587,3.1828467563361587,3900.0,4.0,1.0,1.0,Devanahalli,Villa,Ready to Move,owner,True,False,Normal,Repeated Listing
50000000,51643741.139716096,-1643741.1397160962,-3.1828467563361587,3.1828467563361587,3900.0,4.0,1.0,1.0,Devanahalli,Villa,Ready to Move,owner,True,False,Normal,Repeated Listing
28500000,31953592.868370604,-3453592.868370604,-10.808151942716767,10.808151942716767,2300.0,4.0,3.0,1.0,Thirupalya,Villa,Under Construction,agent,True,False,Normal,Repeated Listing
32000000,32920870.310378253,-920870.3103782535,-2.7972234685665356,2.7972234685665356,2300.0,4.0,3.0,1.0,Thirupalya,Villa,Under Construction,owner,True,False,Normal,Repeated Listing
48000000,37025599.25003,10974400.749969997,29.640035468058233,29.640035468058233,2768.0,4.0,2.0,1.0,Hennur Gardens,Villa,Under Construction,agent,True,False,Normal,Repeated Listing
14800000,12925585.31544728,1874414.6845527198,14.501584561223849,14.501584561223849,2300.0,2.0,3.0,1.0,Thirupalya,Villa,Under Construction,owner,True,False,Normal,Repeated Listing
32500000,55000000.00000105,-22500000.00000105,-40.909090909092036,40.909090909092036,3000.0,4.0,1.0,1.0,Yelahanka,Villa,Under Construction,agent,True,False,Normal,Repeated Listing
55000000,32501572.606834713,22498427.393165287,69.22258090500557,69.22258090500557,3000.0,4.0,1.0,1.0,Yelahanka,Villa,Under Construction,agent,True,False,Normal,Repeated Listing
26500000,26417217.791547924,82782.20845207572,0.3133645984421627,0.3133645984421627,2300.0,5.0,3.0,1.0,Thirupalya,Villa,Under Construction,contractor,True,False,Normal,Repeated Listing
72150000,71757171.8637932,392828.1362068057,0.5474409400532919,0.5474409400532919,2300.0,8.0,3.0,1.0,Thirupalya,Villa,Under Construction,agent,True,False,Normal,Repeated Listing
32000000,32245783.615796532,-245783.61579653248,-0.7622193919211449,0.7622193919211449,2500.0,4.0,1.0,1.0,Devanahalli,Villa,Ready to Move,owner,True,False,Normal,Repeated Listing
17500000,18172562.31527548,-672562.3152754791,-3.7009768001188097,3.7009768001188097,2136.0,5.0,3.0,1.0,Bidaraguppe,Villa,Under Construction,builder,True,False,Normal,Repeated Listing
50000000,54695997.069464624,-4695997.069464624,-8.58563207742725,8.58563207742725,3900.0,4.0,1.0,1.0,Devanahalli,Villa,Ready to Move,agent,True,False,Normal,Repeated Listing
14000000,14725707.77437715,-725707.7743771505,-4.928169059825347,4.928169059825347,2136.0,4.0,3.0,1.0,Bidaraguppe,Villa,Under Construction,builder,True,False,Normal,Repeated Listing
37500000,38265442.75060015,-765442.7506001517,-2.000349912554315,2.000349912554315,2900.0,4.0,3.0,1.0,Sarjapur Road,Villa,Ready to Move,contractor,True,False,Normal,Repeated Listing
50000000,39015269.80292154,10984730.197078459,28.154951260277844,28.154951260277844,3900.0,4.0,1.0,1.0,Devanahalli,Villa,Ready to Move,builder,True,False,Normal,Repeated Listing
28500000,31953592.868370604,-3453592.868370604,-10.808151942716767,10.808151942716767,2300.0,4.0,3.0,1.0,Thirupalya,Villa,Under Construction,agent,True,False,Normal,Repeated Listing
28000000,37431002.09585924,-9431002.095859237,-25.195697597694107,25.195697597694107,2900.0,4.0,3.0,1.0,Sarjapur Road,Villa,Ready to Move,builder,True,False,Normal,Repeated Listing
32000000,28503241.98318361,3496758.016816389,12.267930851091997,12.267930851091997,2300.0,4.0,3.0,1.0,Thirupalya,Villa,Under Construction,agent,True,False,Normal,Repeated Listing
58400000,37606391.66004806,20793608.33995194,55.29275057261734,55.29275057261734,2900.0,4.0,3.0,1.0,Sarjapur Road,Villa,Ready to Move,contractor,True,False,Normal,Repeated Listing
14800000,14887052.400365748,-87052.40036574751,-0.5847524279796906,0.5847524279796906,2300.0,2.0,3.0,1.0,Thirupalya,Villa,Under Construction,builder,True,False,Normal,Repeated Listing
26500000,26417217.791547924,82782.20845207572,0.3133645984421627,0.3133645984421627,2300.0,5.0,3.0,1.0,Thirupalya,Villa,Under Construction,contractor,True,False,Normal,Repeated Listing
72150000,72298627.36492518,-148627.3649251759,-0.20557425547650263,0.20557425547650263,2300.0,8.0,3.0,1.0,Thirupalya,Villa,Under Construction,contractor,True,False,Normal,Repeated Listing
17500000,18172562.31527548,-672562.3152754791,-3.7009768001188097,3.7009768001188097,2136.0,5.0,3.0,1.0,Bidaraguppe,Villa,Under Construction,builder,True,False,Normal,Repeated Listing
14000000,13993172.009470293,6827.990529706702,0.048795158989581894,0.048795158989581894,2136.0,4.0,3.0,1.0,Bidaraguppe,Villa,Under Construction,owner,True,False,Normal,Repeated Listing
37500000,27975875.723221403,9524124.276778597,34.04406128696479,34.04406128696479,2900.0,4.0,3.0,1.0,Sarjapur Road,Villa,Ready to Move,owner,True,False,Normal,Repeated Listing
28000000,37431002.09585924,-9431002.095859237,-25.195697597694107,25.195697597694107,2900.0,4.0,3.0,1.0,Sarjapur Road,Villa,Ready to Move,builder,True,False,Normal,Repeated Listing
48000000,37025599.25003,10974400.749969997,29.640035468058233,29.640035468058233,2768.0,4.0,2.0,1.0,Hennur Gardens,Villa,Under Construction,agent,True,False,Normal,Repeated Listing
58400000,37431002.09585924,20968997.904140763,56.02040215338086,56.02040215338086,2900.0,4.0,3.0,1.0,Sarjapur Road,Villa,Ready to Move,builder,True,False,Normal,Repeated Listing
32500000,55000000.00000105,-22500000.00000105,-40.909090909092036,40.909090909092036,3000.0,4.0,1.0,1.0,Yelahanka,Villa,Under Construction,agent,True,False,Normal,Repeated Listing
55000000,30390365.025824584,24609634.974175416,80.97841191859024,80.97841191859024,3000.0,4.0,1.0,1.0,Yelahanka,Villa,Under Construction,builder,True,False,Normal,Repeated Listing
32000000,32038291.658905108,-38291.65890510753,-0.11951841662713712,0.11951841662713712,2500.0,4.0,1.0,1.0,Devanahalli,Villa,Ready to Move,builder,True,False,Normal,Repeated Listing
50000000,39508261.718489856,10491738.281510144,26.555808393361975,26.555808393361975,3900.0,4.0,1.0,1.0,Devanahalli,Villa,Ready to Move,contractor,True,False,Normal,Repeated Listing
50000000,51643741.139716096,-1643741.1397160962,-3.1828467563361587,3.1828467563361587,3900.0,4.0,1.0,1.0,Devanahalli,Villa,Ready to Move,owner,True,False,Normal,Repeated Listing
28500000,31953592.868370604,-3453592.868370604,-10.808151942716767,10.808151942716767,2300.0,4.0,3.0,1.0,Thirupalya,Villa,Under Construction,agent,True,False,Normal,Repeated Listing
32000000,28503241.98318361,3496758.016816389,12.267930851091997,12.267930851091997,2300.0,4.0,3.0,1.0,Thirupalya,Villa,Under Construction,agent,True,False,Normal,Repeated Listing
48000000,37025599.25003,10974400.749969997,29.640035468058233,29.640035468058233,2768.0,4.0,2.0,1.0,Hennur Gardens,Villa,Under Construction,agent,True,False,Normal,Repeated Listing
14800000,14887052.400365748,-87052.40036574751,-0.5847524279796906,0.5847524279796906,2300.0,2.0,3.0,1.0,Thirupalya,Villa,Under Construction,builder,True,False,Normal,Repeated Listing
32500000,55000000.00000105,-22500000.00000105,-40.909090909092036,40.909090909092036,3000.0,4.0,1.0,1.0,Yelahanka,Villa,Under Construction,agent,True,False,Normal,Repeated Listing
55000000,55695508.54837928,-695508.5483792797,-1.2487695444510287,1.2487695444510287,3000.0,4.0,1.0,1.0,Yelahanka,Villa,Under Construction,owner,True,False,Normal,Repeated Listing
26500000,26713128.55074389,-213128.55074388906,-0.7978419687496843,0.7978419687496843,2300.0,5.0,3.0,1.0,Thirupalya,Villa,Under Construction,builder,True,False,Normal,Repeated Listing
32000000,31848821.784964718,151178.21503528208,0.47467443554427097,0.47467443554427097,2500.0,4.0,1.0,1.0,Devanahalli,Villa,Ready to Move,contractor,True,False,Normal,Repeated Listing
72150000,72298627.36492518,-148627.3649251759,-0.20557425547650263,0.20557425547650263,2300.0,8.0,3.0,1.0,Thirupalya,Villa,Under Construction,contractor,True,False,Normal,Repeated Listing
50000000,39015269.80292154,10984730.197078459,28.154951260277844,28.154951260277844,3900.0,4.0,1.0,1.0,Devanahalli,Villa,Ready to Move,builder,True,False,Normal,Repeated Listing
17500000,18172562.31527548,-672562.3152754791,-3.7009768001188097,3.7009768001188097,2136.0,5.0,3.0,1.0,Bidaraguppe,Villa,Under Construction,builder,True,False,Normal,Repeated Listing
50000000,51643741.139716096,-1643741.1397160962,-3.1828467563361587,3.1828467563361587,3900.0,4.0,1.0,1.0,Devanahalli,Villa,Ready to Move,owner,True,False,Normal,Repeated Listing
14000000,15128654.757274574,-1128654.7572745737,-7.460377511304256,7.460377511304256,2136.0,4.0,3.0,1.0,Bidaraguppe,Villa,Under Construction,contractor,True,False,Normal,Repeated Listing
37500000,38265442.75060015,-765442.7506001517,-2.000349912554315,2.000349912554315,2900.0,4.0,3.0,1.0,Sarjapur Road,Villa,Ready to Move,contractor,True,False,Normal,Repeated Listing
28500000,31953592.868370604,-3453592.868370604,-10.808151942716767,10.808151942716767,2300.0,4.0,3.0,1.0,Thirupalya,Villa,Under Construction,agent,True,False,Normal,Repeated Listing
28000000,37606391.66004806,-9606391.66004806,-25.544571643265662,25.544571643265662,2900.0,4.0,3.0,1.0,Sarjapur Road,Villa,Ready to Move,contractor,True,False,Normal,Repeated Listing
32000000,26204143.74423012,5795856.255769879,22.118090605597697,22.118090605597697,2300.0,4.0,3.0,1.0,Thirupalya,Villa,Under Construction,contractor,True,False,Normal,Repeated Listing
58400000,37606391.66004806,20793608.33995194,55.29275057261734,55.29275057261734,2900.0,4.0,3.0,1.0,Sarjapur Road,Villa,Ready to Move,contractor,True,False,Normal,Repeated Listing
14800000,13621647.907160668,1178352.0928393323,8.650583988592839,8.650583988592839,2300.0,2.0,3.0,1.0,Thirupalya,Villa,Under Construction,contractor,True,False,Normal,Repeated Listing
26500000,26713128.55074389,-213128.55074388906,-0.7978419687496843,0.7978419687496843,2300.0,5.0,3.0,1.0,Thirupalya,Villa,Under Construction,builder,True,False,Normal,Repeated Listing
48000000,37025599.25003,10974400.749969997,29.640035468058233,29.640035468058233,2768.0,4.0,2.0,1.0,Hennur Gardens,Villa,Under Construction,agent,True,False,Normal,Repeated Listing
72150000,66285680.92557792,5864319.074422076,8.84703753893126,8.84703753893126,2300.0,8.0,3.0,1.0,Thirupalya,Villa,Under Construction,builder,True,False,Normal,Repeated Listing
32500000,55000000.00000105,-22500000.00000105,-40.909090909092036,40.909090909092036,3000.0,4.0,1.0,1.0,Yelahanka,Villa,Under Construction,agent,True,False,Normal,Repeated Listing
17500000,18145538.13563871,-645538.1356387101,-3.5575585072941,3.5575585072941,2136.0,5.0,3.0,1.0,Bidaraguppe,Villa,Under Construction,agent,True,False,Normal,Repeated Listing
55000000,32501572.606834713,22498427.393165287,69.22258090500557,69.22258090500557,3000.0,4.0,1.0,1.0,Yelahanka,Villa,Under Construction,agent,True,False,Normal,Repeated Listing
32000000,32245783.615796532,-245783.61579653248,-0.7622193919211449,0.7622193919211449,2500.0,4.0,1.0,1.0,Devanahalli,Villa,Ready to Move,owner,True,False,Normal,Repeated Listing
14000000,15128654.757274574,-1128654.7572745737,-7.460377511304256,7.460377511304256,2136.0,4.0,3.0,1.0,Bidaraguppe,Villa,Under Construction,contractor,True,False,Normal,Repeated Listing
37500000,40984055.42728329,-3484055.427283287,-8.501002135976847,8.501002135976847,2900.0,4.0,3.0,1.0,Sarjapur Road,Villa,Ready to Move,builder,True,False,Normal,Repeated Listing
50000000,39015269.80292154,10984730.197078459,28.154951260277844,28.154951260277844,3900.0,4.0,1.0,1.0,Devanahalli,Villa,Ready to Move,builder,True,False,Normal,Repeated Listing
50000000,39015269.80292154,10984730.197078459,28.154951260277844,28.154951260277844,3900.0,4.0,1.0,1.0,Devanahalli,Villa,Ready to Move,builder,True,False,Normal,Repeated Listing
28000000,37431002.09585924,-9431002.095859237,-25.195697597694107,25.195697597694107,2900.0,4.0,3.0,1.0,Sarjapur Road,Villa,Ready to Move,builder,True,False,Normal,Repeated Listing
58400000,32712811.31373335,25687188.68626665,78.52332971297629,78.52332971297629,2900.0,4.0,3.0,1.0,Sarjapur Road,Villa,Ready to Move,agent,True,False,Normal,Repeated Listing
28500000,31953592.868370604,-3453592.868370604,-10.808151942716767,10.808151942716767,2300.0,4.0,3.0,1.0,Thirupalya,Villa,Under Construction,agent,True,False,Normal,Repeated Listing
32000000,32920870.310378253,-920870.3103782535,-2.7972234685665356,2.7972234685665356,2300.0,4.0,3.0,1.0,Thirupalya,Villa,Under Construction,owner,True,False,Normal,Repeated Listing
14800000,13621647.907160668,1178352.0928393323,8.650583988592839,8.650583988592839,2300.0,2.0,3.0,1.0,Thirupalya,Villa,Under Construction,contractor,True,False,Normal,Repeated Listing
26500000,27388616.699900262,-888616.699900262,-3.24447455538526,3.24447455538526,2300.0,5.0,3.0,1.0,Thirupalya,Villa,Under Construction,owner,True,False,Normal,Repeated Listing
72150000,70039953.84836496,2110046.151635036,3.0126321273758143,3.0126321273758143,2300.0,8.0,3.0,1.0,Thirupalya,Villa,Under Construction,owner,True,False,Normal,Repeated Listing
17500000,17173145.52905424,326854.4709457606,1.9032883078570242,1.9032883078570242,2136.0,5.0,3.0,1.0,Bidaraguppe,Villa,Under Construction,contractor,True,False,Normal,Repeated Listing
14000000,14910817.447835509,-910817.4478355087,-6.108434034699588,6.108434034699588,2136.0,4.0,3.0,1.0,Bidaraguppe,Villa,Under Construction,agent,True,False,Normal,Repeated Listing
37500000,27975875.723221403,9524124.276778597,34.04406128696479,34.04406128696479,2900.0,4.0,3.0,1.0,Sarjapur Road,Villa,Ready to Move,owner,True,False,Normal,Repeated Listing
28000000,37431002.09585924,-9431002.095859237,-25.195697597694107,25.195697597694107,2900.0,4.0,3.0,1.0,Sarjapur Road,Villa,Ready to Move,builder,True,False,Normal,Repeated Listing
48000000,37025599.25003,10974400.749969997,29.640035468058233,29.640035468058233,2768.0,4.0,2.0,1.0,Hennur Gardens,Villa,Under Construction,agent,True,False,Normal,Repeated Listing
58400000,27975875.723221403,30424124.276778597,108.7512847775665,108.7512847775665,2900.0,4.0,3.0,1.0,Sarjapur Road,Villa,Ready to Move,owner,True,False,Potentially Overpriced,Repeated Listing
48000000,37025599.25003,10974400.749969997,29.640035468058233,29.640035468058233,2768.0,4.0,2.0,1.0,Hennur Gardens,Villa,Under Construction,agent,True,False,Normal,Repeated Listing
32500000,55000000.00000105,-22500000.00000105,-40.909090909092036,40.909090909092036,3000.0,4.0,1.0,1.0,Yelahanka,Villa,Under Construction,agent,True,False,Normal,Repeated Listing
32500000,55000000.00000105,-22500000.00000105,-40.909090909092036,40.909090909092036,3000.0,4.0,1.0,1.0,Yelahanka,Villa,Under Construction,agent,True,False,Normal,Repeated Listing
55000000,30390365.025824584,24609634.974175416,80.97841191859024,80.97841191859024,3000.0,4.0,1.0,1.0,Yelahanka,Villa,Under Construction,builder,True,False,Normal,Repeated Listing
55000000,30390365.025824584,24609634.974175416,80.97841191859024,80.97841191859024,3000.0,4.0,1.0,1.0,Yelahanka,Villa,Under Construction,builder,True,False,Normal,Repeated Listing
32000000,32245783.615796532,-245783.61579653248,-0.7622193919211449,0.7622193919211449,2500.0,4.0,1.0,1.0,Devanahalli,Villa,Ready to Move,owner,True,False,Normal,Repeated Listing
32000000,32038291.658905108,-38291.65890510753,-0.11951841662713712,0.11951841662713712,2500.0,4.0,1.0,1.0,Devanahalli,Villa,Ready to Move,builder,True,False,Normal,Repeated Listing
50000000,39508261.718489856,10491738.281510144,26.555808393361975,26.555808393361975,3900.0,4.0,1.0,1.0,Devanahalli,Villa,Ready to Move,contractor,True,False,Normal,Repeated Listing
50000000,39508261.718489856,10491738.281510144,26.555808393361975,26.555808393361975,3900.0,4.0,1.0,1.0,Devanahalli,Villa,Ready to Move,contractor,True,False,Normal,Repeated Listing
50000000,39015269.80292154,10984730.197078459,28.154951260277844,28.154951260277844,3900.0,4.0,1.0,1.0,Devanahalli,Villa,Ready to Move,builder,True,False,Normal,Repeated Listing
50000000,51643741.139716096,-1643741.1397160962,-3.1828467563361587,3.1828467563361587,3900.0,4.0,1.0,1.0,Devanahalli,Villa,Ready to Move,owner,True,False,Normal,Repeated Listing
28500000,31953592.868370604,-3453592.868370604,-10.808151942716767,10.808151942716767,2300.0,4.0,3.0,1.0,Thirupalya,Villa,Under Construction,agent,True,False,Normal,Repeated Listing
28500000,31953592.868370604,-3453592.868370604,-10.808151942716767,10.808151942716767,2300.0,4.0,3.0,1.0,Thirupalya,Villa,Under Construction,agent,True,False,Normal,Repeated Listing
32000000,28503241.98318361,3496758.016816389,12.267930851091997,12.267930851091997,2300.0,4.0,3.0,1.0,Thirupalya,Villa,Under Construction,agent,True,False,Normal,Repeated Listing
32000000,28503241.98318361,3496758.016816389,12.267930851091997,12.267930851091997,2300.0,4.0,3.0,1.0,Thirupalya,Villa,Under Construction,agent,True,False,Normal,Repeated Listing
14800000,14887052.400365748,-87052.40036574751,-0.5847524279796906,0.5847524279796906,2300.0,2.0,3.0,1.0,Thirupalya,Villa,Under Construction,builder,True,False,Normal,Repeated Listing
14800000,13621647.907160668,1178352.0928393323,8.650583988592839,8.650583988592839,2300.0,2.0,3.0,1.0,Thirupalya,Villa,Under Construction,contractor,True,False,Normal,Repeated Listing
26500000,26417217.791547924,82782.20845207572,0.3133645984421627,0.3133645984421627,2300.0,5.0,3.0,1.0,Thirupalya,Villa,Under Construction,contractor,True,False,Normal,Repeated Listing
26500000,26713128.55074389,-213128.55074388906,-0.7978419687496843,0.7978419687496843,2300.0,5.0,3.0,1.0,Thirupalya,Villa,Under Construction,builder,True,False,Normal,Repeated Listing
72150000,71757171.8637932,392828.1362068057,0.5474409400532919,0.5474409400532919,2300.0,8.0,3.0,1.0,Thirupalya,Villa,Under Construction,agent,True,False,Normal,Repeated Listing
72150000,71757171.8637932,392828.1362068057,0.5474409400532919,0.5474409400532919,2300.0,8.0,3.0,1.0,Thirupalya,Villa,Under Construction,agent,True,False,Normal,Repeated Listing
17500000,18145538.13563871,-645538.1356387101,-3.5575585072941,3.5575585072941,2136.0,5.0,3.0,1.0,Bidaraguppe,Villa,Under Construction,agent,True,False,Normal,Repeated Listing
17500000,16609807.208783785,890192.7912162151,5.359440841344946,5.359440841344946,2136.0,5.0,3.0,1.0,Bidaraguppe,Villa,Under Construction,owner,True,False,Normal,Repeated Listing
14000000,14910817.447835509,-910817.4478355087,-6.108434034699588,6.108434034699588,2136.0,4.0,3.0,1.0,Bidaraguppe,Villa,Under Construction,agent,True,False,Normal,Repeated Listing
14000000,14910817.447835509,-910817.4478355087,-6.108434034699588,6.108434034699588,2136.0,4.0,3.0,1.0,Bidaraguppe,Villa,Under Construction,agent,True,False,Normal,Repeated Listing
37500000,27975875.723221403,9524124.276778597,34.04406128696479,34.04406128696479,2900.0,4.0,3.0,1.0,Sarjapur Road,Villa,Ready to Move,owner,True,False,Normal,Repeated Listing
48000000,37025599.25003,10974400.749969997,29.640035468058233,29.640035468058233,2768.0,4.0,2.0,1.0,Hennur Gardens,Villa,Under Construction,agent,True,False,Normal,Repeated Listing
37500000,40383283.03161897,-2883283.0316189677,-7.139793536254689,7.139793536254689,2900.0,4.0,3.0,1.0,Sarjapur Road,Villa,Ready to Move,agent,True,False,Normal,Repeated Listing
28000000,37431002.09585924,-9431002.095859237,-25.195697597694107,25.195697597694107,2900.0,4.0,3.0,1.0,Sarjapur Road,Villa,Ready to Move,builder,True,False,Normal,Repeated Listing
32500000,55000000.00000105,-22500000.00000105,-40.909090909092036,40.909090909092036,3000.0,4.0,1.0,1.0,Yelahanka,Villa,Under Construction,agent,True,False,Normal,Repeated Listing
28000000,46068493.063934326,-18068493.063934326,-39.22093357570582,39.22093357570582,2900.0,4.0,3.0,1.0,Sarjapur Road,Villa,Ready to Move,agent,True,False,Normal,Repeated Listing
58400000,37431002.09585924,20968997.904140763,56.02040215338086,56.02040215338086,2900.0,4.0,3.0,1.0,Sarjapur Road,Villa,Ready to Move,builder,True,False,Normal,Repeated Listing
55000000,32501572.606834713,22498427.393165287,69.22258090500557,69.22258090500557,3000.0,4.0,1.0,1.0,Yelahanka,Villa,Under Construction,agent,True,False,Normal,Repeated Listing
58400000,37606391.66004806,20793608.33995194,55.29275057261734,55.29275057261734,2900.0,4.0,3.0,1.0,Sarjapur Road,Villa,Ready to Move,contractor,True,False,Normal,Repeated Listing
32000000,32038291.658905108,-38291.65890510753,-0.11951841662713712,0.11951841662713712,2500.0,4.0,1.0,1.0,Devanahalli,Villa,Ready to Move,builder,True,False,Normal,Repeated Listing
50000000,39508261.718489856,10491738.281510144,26.555808393361975,26.555808393361975,3900.0,4.0,1.0,1.0,Devanahalli,Villa,Ready to Move,contractor,True,False,Normal,Repeated Listing
50000000,39508261.718489856,10491738.281510144,26.555808393361975,26.555808393361975,3900.0,4.0,1.0,1.0,Devanahalli,Villa,Ready to Move,contractor,True,False,Normal,Repeated Listing
28500000,31953592.868370604,-3453592.868370604,-10.808151942716767,10.808151942716767,2300.0,4.0,3.0,1.0,Thirupalya,Villa,Under Construction,agent,True,False,Normal,Repeated Listing
32000000,27308742.32741032,4691257.672589678,17.17859290752094,17.17859290752094,2300.0,4.0,3.0,1.0,Thirupalya,Villa,Under Construction,builder,True,False,Normal,Repeated Listing
14800000,14887052.400365748,-87052.40036574751,-0.5847524279796906,0.5847524279796906,2300.0,2.0,3.0,1.0,Thirupalya,Villa,Under Construction,builder,True,False,Normal,Repeated Listing
48000000,37025599.25003,10974400.749969997,29.640035468058233,29.640035468058233,2768.0,4.0,2.0,1.0,Hennur Gardens,Villa,Under Construction,agent,True,False,Normal,Repeated Listing
32500000,55000000.00000105,-22500000.00000105,-40.909090909092036,40.909090909092036,3000.0,4.0,1.0,1.0,Yelahanka,Villa,Under Construction,agent,True,False,Normal,Repeated Listing
26500000,26417217.791547924,82782.20845207572,0.3133645984421627,0.3133645984421627,2300.0,5.0,3.0,1.0,Thirupalya,Villa,Under Construction,contractor,True,False,Normal,Repeated Listing
55000000,55695508.54837928,-695508.5483792797,-1.2487695444510287,1.2487695444510287,3000.0,4.0,1.0,1.0,Yelahanka,Villa,Under Construction,owner,True,False,Normal,Repeated Listing
72150000,66285680.92557792,5864319.074422076,8.84703753893126,8.84703753893126,2300.0,8.0,3.0,1.0,Thirupalya,Villa,Under Construction,builder,True,False,Normal,Repeated Listing
32000000,31907191.702662885,92808.29733711481,0.29086952622461376,0.29086952622461376,2500.0,4.0,1.0,1.0,Devanahalli,Villa,Ready to Move,agent,True,False,Normal,Repeated Listing
17500000,17173145.52905424,326854.4709457606,1.9032883078570242,1.9032883078570242,2136.0,5.0,3.0,1.0,Bidaraguppe,Villa,Under Construction,contractor,True,False,Normal,Repeated Listing
50000000,54695997.069464624,-4695997.069464624,-8.58563207742725,8.58563207742725,3900.0,4.0,1.0,1.0,Devanahalli,Villa,Ready to Move,agent,True,False,Normal,Repeated Listing
14000000,14725707.77437715,-725707.7743771505,-4.928169059825347,4.928169059825347,2136.0,4.0,3.0,1.0,Bidaraguppe,Villa,Under Construction,builder,True,False,Normal,Repeated Listing
37500000,40383283.03161897,-2883283.0316189677,-7.139793536254689,7.139793536254689,2900.0,4.0,3.0,1.0,Sarjapur Road,Villa,Ready to Move,agent,True,False,Normal,Repeated Listing
50000000,51643741.139716096,-1643741.1397160962,-3.1828467563361587,3.1828467563361587,3900.0,4.0,1.0,1.0,Devanahalli,Villa,Ready to Move,owner,True,False,Normal,Repeated Listing
28500000,31953592.868370604,-3453592.868370604,-10.808151942716767,10.808151942716767,2300.0,4.0,3.0,1.0,Thirupalya,Villa,Under Construction,agent,True,False,Normal,Repeated Listing
28000000,49030179.90966302,-21030179.90966302,-42.892316423090115,42.892316423090115,2900.0,4.0,3.0,1.0,Sarjapur Road,Villa,Ready to Move,owner,True,False,Normal,Repeated Listing
58400000,37431002.09585924,20968997.904140763,56.02040215338086,56.02040215338086,2900.0,4.0,3.0,1.0,Sarjapur Road,Villa,Ready to Move,builder,True,False,Normal,Repeated Listing
32000000,28503241.98318361,3496758.016816389,12.267930851091997,12.267930851091997,2300.0,4.0,3.0,1.0,Thirupalya,Villa,Under Construction,agent,True,False,Normal,Repeated Listing
14800000,13540530.005592821,1259469.9944071788,9.301482245428824,9.301482245428824,2300.0,2.0,3.0,1.0,Thirupalya,Villa,Under Construction,agent,True,False,Normal,Repeated Listing
48000000,37025599.25003,10974400.749969997,29.640035468058233,29.640035468058233,2768.0,4.0,2.0,1.0,Hennur Gardens,Villa,Under Construction,agent,True,False,Normal,Repeated Listing
48000000,37025599.25003,10974400.749969997,29.640035468058233,29.640035468058233,2768.0,4.0,2.0,1.0,Hennur Gardens,Villa,Under Construction,agent,True,False,Normal,Repeated Listing
26500000,26738502.473351225,-238502.47335122526,-0.8919814173921197,0.8919814173921197,2300.0,5.0,3.0,1.0,Thirupalya,Villa,Under Construction,agent,True,False,Normal,Repeated Listing
32500000,55000000.00000105,-22500000.00000105,-40.909090909092036,40.909090909092036,3000.0,4.0,1.0,1.0,Yelahanka,Villa,Under Construction,agent,True,False,Normal,Repeated Listing
32500000,55000000.00000105,-22500000.00000105,-40.909090909092036,40.909090909092036,3000.0,4.0,1.0,1.0,Yelahanka,Villa,Under Construction,agent,True,False,Normal,Repeated Listing
72150000,66285680.92557792,5864319.074422076,8.84703753893126,8.84703753893126,2300.0,8.0,3.0,1.0,Thirupalya,Villa,Under Construction,builder,True,False,Normal,Repeated Listing
55000000,30390365.025824584,24609634.974175416,80.97841191859024,80.97841191859024,3000.0,4.0,1.0,1.0,Yelahanka,Villa,Under Construction,builder,True,False,Normal,Repeated Listing
55000000,30390365.025824584,24609634.974175416,80.97841191859024,80.97841191859024,3000.0,4.0,1.0,1.0,Yelahanka,Villa,Under Construction,builder,True,False,Normal,Repeated Listing
17500000,18172562.31527548,-672562.3152754791,-3.7009768001188097,3.7009768001188097,2136.0,5.0,3.0,1.0,Bidaraguppe,Villa,Under Construction,builder,True,False,Normal,Repeated Listing
32000000,32245783.615796532,-245783.61579653248,-0.7622193919211449,0.7622193919211449,2500.0,4.0,1.0,1.0,Devanahalli,Villa,Ready to Move,owner,True,False,Normal,Repeated Listing
32000000,32245783.615796532,-245783.61579653248,-0.7622193919211449,0.7622193919211449,2500.0,4.0,1.0,1.0,Devanahalli,Villa,Ready to Move,owner,True,False,Normal,Repeated Listing
14000000,13993172.009470293,6827.990529706702,0.048795158989581894,0.048795158989581894,2136.0,4.0,3.0,1.0,Bidaraguppe,Villa,Under Construction,owner,True,False,Normal,Repeated Listing
50000000,54695997.069464624,-4695997.069464624,-8.58563207742725,8.58563207742725,3900.0,4.0,1.0,1.0,Devanahalli,Villa,Ready to Move,agent,True,False,Normal,Repeated Listing
50000000,51643741.139716096,-1643741.1397160962,-3.1828467563361587,3.1828467563361587,3900.0,4.0,1.0,1.0,Devanahalli,Villa,Ready to Move,owner,True,False,Normal,Repeated Listing
48000000,37025599.25003,10974400.749969997,29.640035468058233,29.640035468058233,2768.0,4.0,2.0,1.0,Hennur Gardens,Villa,Under Construction,agent,True,False,Normal,Repeated Listing
37500000,38265442.75060015,-765442.7506001517,-2.000349912554315,2.000349912554315,2900.0,4.0,3.0,1.0,Sarjapur Road,Villa,Ready to Move,contractor,True,False,Normal,Repeated Listing
50000000,39015269.80292154,10984730.197078459,28.154951260277844,28.154951260277844,3900.0,4.0,1.0,1.0,Devanahalli,Villa,Ready to Move,builder,True,False,Normal,Repeated Listing
50000000,51643741.139716096,-1643741.1397160962,-3.1828467563361587,3.1828467563361587,3900.0,4.0,1.0,1.0,Devanahalli,Villa,Ready to Move,owner,True,False,Normal,Repeated Listing
32500000,55000000.00000105,-22500000.00000105,-40.909090909092036,40.909090909092036,3000.0,4.0,1.0,1.0,Yelahanka,Villa,Under Construction,agent,True,False,Normal,Repeated Listing
48000000,37025599.25003,10974400.749969997,29.640035468058233,29.640035468058233,2768.0,4.0,2.0,1.0,Hennur Gardens,Villa,Under Construction,agent,True,False,Normal,Repeated Listing
28000000,37606391.66004806,-9606391.66004806,-25.544571643265662,25.544571643265662,2900.0,4.0,3.0,1.0,Sarjapur Road,Villa,Ready to Move,contractor,True,False,Normal,Repeated Listing
58400000,32712811.31373335,25687188.68626665,78.52332971297629,78.52332971297629,2900.0,4.0,3.0,1.0,Sarjapur Road,Villa,Ready to Move,agent,True,False,Normal,Repeated Listing
28500000,31953592.868370604,-3453592.868370604,-10.808151942716767,10.808151942716767,2300.0,4.0,3.0,1.0,Thirupalya,Villa,Under Construction,agent,True,False,Normal,Repeated Listing
32000000,26204143.74423012,5795856.255769879,22.118090605597697,22.118090605597697,2300.0,4.0,3.0,1.0,Thirupalya,Villa,Under Construction,contractor,True,False,Normal,Repeated Listing
28500000,31953592.868370604,-3453592.868370604,-10.808151942716767,10.808151942716767,2300.0,4.0,3.0,1.0,Thirupalya,Villa,Under Construction,agent,True,False,Normal,Repeated Listing
32000000,32920870.310378253,-920870.3103782535,-2.7972234685665356,2.7972234685665356,2300.0,4.0,3.0,1.0,Thirupalya,Villa,Under Construction,owner,True,False,Normal,Repeated Listing
55000000,55695508.54837928,-695508.5483792797,-1.2487695444510287,1.2487695444510287,3000.0,4.0,1.0,1.0,Yelahanka,Villa,Under Construction,owner,True,False,Normal,Repeated Listing
32000000,32245783.615796532,-245783.61579653248,-0.7622193919211449,0.7622193919211449,2500.0,4.0,1.0,1.0,Devanahalli,Villa,Ready to Move,owner,True,False,Normal,Repeated Listing
32500000,55000000.00000105,-22500000.00000105,-40.909090909092036,40.909090909092036,3000.0,4.0,1.0,1.0,Yelahanka,Villa,Under Construction,agent,True,False,Normal,Repeated Listing
55000000,55695508.54837928,-695508.5483792797,-1.2487695444510287,1.2487695444510287,3000.0,4.0,1.0,1.0,Yelahanka,Villa,Under Construction,owner,True,False,Normal,Repeated Listing
14800000,13540530.005592821,1259469.9944071788,9.301482245428824,9.301482245428824,2300.0,2.0,3.0,1.0,Thirupalya,Villa,Under Construction,agent,True,False,Normal,Repeated Listing
26500000,26713128.55074389,-213128.55074388906,-0.7978419687496843,0.7978419687496843,2300.0,5.0,3.0,1.0,Thirupalya,Villa,Under Construction,builder,True,False,Normal,Repeated Listing
14800000,13540530.005592821,1259469.9944071788,9.301482245428824,9.301482245428824,2300.0,2.0,3.0,1.0,Thirupalya,Villa,Under Construction,agent,True,False,Normal,Repeated Listing
50000000,54695997.069464624,-4695997.069464624,-8.58563207742725,8.58563207742725,3900.0,4.0,1.0,1.0,Devanahalli,Villa,Ready to Move,agent,True,False,Normal,Repeated Listing
50000000,51643741.139716096,-1643741.1397160962,-3.1828467563361587,3.1828467563361587,3900.0,4.0,1.0,1.0,Devanahalli,Villa,Ready to Move,owner,True,False,Normal,Repeated Listing
32000000,31907191.702662885,92808.29733711481,0.29086952622461376,0.29086952622461376,2500.0,4.0,1.0,1.0,Devanahalli,Villa,Ready to Move,agent,True,False,Normal,Repeated Listing
50000000,39015269.80292154,10984730.197078459,28.154951260277844,28.154951260277844,3900.0,4.0,1.0,1.0,Devanahalli,Villa,Ready to Move,builder,True,False,Normal,Repeated Listing
72150000,71757171.8637932,392828.1362068057,0.5474409400532919,0.5474409400532919,2300.0,8.0,3.0,1.0,Thirupalya,Villa,Under Construction,agent,True,False,Normal,Repeated Listing
26500000,26738502.473351225,-238502.47335122526,-0.8919814173921197,0.8919814173921197,2300.0,5.0,3.0,1.0,Thirupalya,Villa,Under Construction,agent,True,False,Normal,Repeated Listing
28500000,31953592.868370604,-3453592.868370604,-10.808151942716767,10.808151942716767,2300.0,4.0,3.0,1.0,Thirupalya,Villa,Under Construction,agent,True,False,Normal,Repeated Listing
48000000,37025599.25003,10974400.749969997,29.640035468058233,29.640035468058233,2768.0,4.0,2.0,1.0,Hennur Gardens,Villa,Under Construction,agent,True,False,Normal,Repeated Listing
50000000,39508261.718489856,10491738.281510144,26.555808393361975,26.555808393361975,3900.0,4.0,1.0,1.0,Devanahalli,Villa,Ready to Move,contractor,True,False,Normal,Repeated Listing
17500000,16609807.208783785,890192.7912162151,5.359440841344946,5.359440841344946,2136.0,5.0,3.0,1.0,Bidaraguppe,Villa,Under Construction,owner,True,False,Normal,Repeated Listing
72150000,70039953.84836496,2110046.151635036,3.0126321273758143,3.0126321273758143,2300.0,8.0,3.0,1.0,Thirupalya,Villa,Under Construction,owner,True,False,Normal,Repeated Listing
32000000,26204143.74423012,5795856.255769879,22.118090605597697,22.118090605597697,2300.0,4.0,3.0,1.0,Thirupalya,Villa,Under Construction,contractor,True,False,Normal,Repeated Listing
32500000,55000000.00000105,-22500000.00000105,-40.909090909092036,40.909090909092036,3000.0,4.0,1.0,1.0,Yelahanka,Villa,Under Construction,agent,True,False,Normal,Repeated Listing
28500000,31953592.868370604,-3453592.868370604,-10.808151942716767,10.808151942716767,2300.0,4.0,3.0,1.0,Thirupalya,Villa,Under Construction,agent,True,False,Normal,Repeated Listing
14000000,13993172.009470293,6827.990529706702,0.048795158989581894,0.048795158989581894,2136.0,4.0,3.0,1.0,Bidaraguppe,Villa,Under Construction,owner,True,False,Normal,Repeated Listing
17500000,18145538.13563871,-645538.1356387101,-3.5575585072941,3.5575585072941,2136.0,5.0,3.0,1.0,Bidaraguppe,Villa,Under Construction,agent,True,False,Normal,Repeated Listing
14800000,13621647.907160668,1178352.0928393323,8.650583988592839,8.650583988592839,2300.0,2.0,3.0,1.0,Thirupalya,Villa,Under Construction,contractor,True,False,Normal,Repeated Listing
55000000,30390365.025824584,24609634.974175416,80.97841191859024,80.97841191859024,3000.0,4.0,1.0,1.0,Yelahanka,Villa,Under Construction,builder,True,False,Normal,Repeated Listing
32000000,32920870.310378253,-920870.3103782535,-2.7972234685665356,2.7972234685665356,2300.0,4.0,3.0,1.0,Thirupalya,Villa,Under Construction,owner,True,False,Normal,Repeated Listing
37500000,27975875.723221403,9524124.276778597,34.04406128696479,34.04406128696479,2900.0,4.0,3.0,1.0,Sarjapur Road,Villa,Ready to Move,owner,True,False,Normal,Repeated Listing
14000000,13993172.009470293,6827.990529706702,0.048795158989581894,0.048795158989581894,2136.0,4.0,3.0,1.0,Bidaraguppe,Villa,Under Construction,owner,True,False,Normal,Repeated Listing
26500000,26417217.791547924,82782.20845207572,0.3133645984421627,0.3133645984421627,2300.0,5.0,3.0,1.0,Thirupalya,Villa,Under Construction,contractor,True,False,Normal,Repeated Listing
32000000,32245783.615796532,-245783.61579653248,-0.7622193919211449,0.7622193919211449,2500.0,4.0,1.0,1.0,Devanahalli,Villa,Ready to Move,owner,True,False,Normal,Repeated Listing
14800000,13621647.907160668,1178352.0928393323,8.650583988592839,8.650583988592839,2300.0,2.0,3.0,1.0,Thirupalya,Villa,Under Construction,contractor,True,False,Normal,Repeated Listing
28000000,49030179.90966302,-21030179.90966302,-42.892316423090115,42.892316423090115,2900.0,4.0,3.0,1.0,Sarjapur Road,Villa,Ready to Move,owner,True,False,Normal,Repeated Listing
37500000,40984055.42728329,-3484055.427283287,-8.501002135976847,8.501002135976847,2900.0,4.0,3.0,1.0,Sarjapur Road,Villa,Ready to Move,builder,True,False,Normal,Repeated Listing
72150000,71757171.8637932,392828.1362068057,0.5474409400532919,0.5474409400532919,2300.0,8.0,3.0,1.0,Thirupalya,Villa,Under Construction,agent,True,False,Normal,Repeated Listing
50000000,51643741.139716096,-1643741.1397160962,-3.1828467563361587,3.1828467563361587,3900.0,4.0,1.0,1.0,Devanahalli,Villa,Ready to Move,owner,True,False,Normal,Repeated Listing
26500000,27388616.699900262,-888616.699900262,-3.24447455538526,3.24447455538526,2300.0,5.0,3.0,1.0,Thirupalya,Villa,Under Construction,owner,True,False,Normal,Repeated Listing
58400000,27975875.723221403,30424124.276778597,108.7512847775665,108.7512847775665,2900.0,4.0,3.0,1.0,Sarjapur Road,Villa,Ready to Move,owner,True,False,Potentially Overpriced,Repeated Listing
28000000,49030179.90966302,-21030179.90966302,-42.892316423090115,42.892316423090115,2900.0,4.0,3.0,1.0,Sarjapur Road,Villa,Ready to Move,owner,True,False,Normal,Repeated Listing
17500000,18172562.31527548,-672562.3152754791,-3.7009768001188097,3.7009768001188097,2136.0,5.0,3.0,1.0,Bidaraguppe,Villa,Under Construction,builder,True,False,Normal,Repeated Listing
50000000,51643741.139716096,-1643741.1397160962,-3.1828467563361587,3.1828467563361587,3900.0,4.0,1.0,1.0,Devanahalli,Villa,Ready to Move,owner,True,False,Normal,Repeated Listing
72150000,66285680.92557792,5864319.074422076,8.84703753893126,8.84703753893126,2300.0,8.0,3.0,1.0,Thirupalya,Villa,Under Construction,builder,True,False,Normal,Repeated Listing
58400000,37606391.66004806,20793608.33995194,55.29275057261734,55.29275057261734,2900.0,4.0,3.0,1.0,Sarjapur Road,Villa,Ready to Move,contractor,True,False,Normal,Repeated Listing
14000000,13993172.009470293,6827.990529706702,0.048795158989581894,0.048795158989581894,2136.0,4.0,3.0,1.0,Bidaraguppe,Villa,Under Construction,owner,True,False,Normal,Repeated Listing
37500000,40383283.03161897,-2883283.0316189677,-7.139793536254689,7.139793536254689,2900.0,4.0,3.0,1.0,Sarjapur Road,Villa,Ready to Move,agent,True,False,Normal,Repeated Listing
28500000,31953592.868370604,-3453592.868370604,-10.808151942716767,10.808151942716767,2300.0,4.0,3.0,1.0,Thirupalya,Villa,Under Construction,agent,True,False,Normal,Repeated Listing
32000000,28503241.98318361,3496758.016816389,12.267930851091997,12.267930851091997,2300.0,4.0,3.0,1.0,Thirupalya,Villa,Under Construction,agent,True,False,Normal,Repeated Listing
17500000,17173145.52905424,326854.4709457606,1.9032883078570242,1.9032883078570242,2136.0,5.0,3.0,1.0,Bidaraguppe,Villa,Under Construction,contractor,True,False,Normal,Repeated Listing
14000000,14725707.77437715,-725707.7743771505,-4.928169059825347,4.928169059825347,2136.0,4.0,3.0,1.0,Bidaraguppe,Villa,Under Construction,builder,True,False,Normal,Repeated Listing
48000000,37025599.25003,10974400.749969997,29.640035468058233,29.640035468058233,2768.0,4.0,2.0,1.0,Hennur Gardens,Villa,Under Construction,agent,True,False,Normal,Repeated Listing
32500000,55000000.00000105,-22500000.00000105,-40.909090909092036,40.909090909092036,3000.0,4.0,1.0,1.0,Yelahanka,Villa,Under Construction,agent,True,False,Normal,Repeated Listing
28000000,37431002.09585924,-9431002.095859237,-25.195697597694107,25.195697597694107,2900.0,4.0,3.0,1.0,Sarjapur Road,Villa,Ready to Move,builder,True,False,Normal,Repeated Listing
58400000,27975875.723221403,30424124.276778597,108.7512847775665,108.7512847775665,2900.0,4.0,3.0,1.0,Sarjapur Road,Villa,Ready to Move,owner,True,False,Potentially Overpriced,Repeated Listing
14800000,14887052.400365748,-87052.40036574751,-0.5847524279796906,0.5847524279796906,2300.0,2.0,3.0,1.0,Thirupalya,Villa,Under Construction,builder,True,False,Normal,Repeated Listing
26500000,26417217.791547924,82782.20845207572,0.3133645984421627,0.3133645984421627,2300.0,5.0,3.0,1.0,Thirupalya,Villa,Under Construction,contractor,True,False,Normal,Repeated Listing
37500000,40984055.42728329,-3484055.427283287,-8.501002135976847,8.501002135976847,2900.0,4.0,3.0,1.0,Sarjapur Road,Villa,Ready to Move,builder,True,False,Normal,Repeated Listing
28000000,46068493.063934326,-18068493.063934326,-39.22093357570582,39.22093357570582,2900.0,4.0,3.0,1.0,Sarjapur Road,Villa,Ready to Move,agent,True,False,Normal,Repeated Listing
55000000,30390365.025824584,24609634.974175416,80.97841191859024,80.97841191859024,3000.0,4.0,1.0,1.0,Yelahanka,Villa,Under Construction,builder,True,False,Normal,Repeated Listing
32000000,32245783.615796532,-245783.61579653248,-0.7622193919211449,0.7622193919211449,2500.0,4.0,1.0,1.0,Devanahalli,Villa,Ready to Move,owner,True,False,Normal,Repeated Listing
72150000,71757171.8637932,392828.1362068057,0.5474409400532919,0.5474409400532919,2300.0,8.0,3.0,1.0,Thirupalya,Villa,Under Construction,agent,True,False,Normal,Repeated Listing
17500000,16609807.208783785,890192.7912162151,5.359440841344946,5.359440841344946,2136.0,5.0,3.0,1.0,Bidaraguppe,Villa,Under Construction,owner,True,False,Normal,Repeated Listing
58400000,27975875.723221403,30424124.276778597,108.7512847775665,108.7512847775665,2900.0,4.0,3.0,1.0,Sarjapur Road,Villa,Ready to Move,owner,True,False,Potentially Overpriced,Repeated Listing
50000000,51643741.139716096,-1643741.1397160962,-3.1828467563361587,3.1828467563361587,3900.0,4.0,1.0,1.0,Devanahalli,Villa,Ready to Move,owner,True,False,Normal,Repeated Listing
50000000,54695997.069464624,-4695997.069464624,-8.58563207742725,8.58563207742725,3900.0,4.0,1.0,1.0,Devanahalli,Villa,Ready to Move,agent,True,False,Normal,Repeated Listing
14000000,15128654.757274574,-1128654.7572745737,-7.460377511304256,7.460377511304256,2136.0,4.0,3.0,1.0,Bidaraguppe,Villa,Under Construction,contractor,True,False,Normal,Repeated Listing
37500000,38265442.75060015,-765442.7506001517,-2.000349912554315,2.000349912554315,2900.0,4.0,3.0,1.0,Sarjapur Road,Villa,Ready to Move,contractor,True,False,Normal,Repeated Listing
28500000,31953592.868370604,-3453592.868370604,-10.808151942716767,10.808151942716767,2300.0,4.0,3.0,1.0,Thirupalya,Villa,Under Construction,agent,True,False,Normal,Repeated Listing
32000000,32920870.310378253,-920870.3103782535,-2.7972234685665356,2.7972234685665356,2300.0,4.0,3.0,1.0,Thirupalya,Villa,Under Construction,owner,True,False,Normal,Repeated Listing
28000000,49030179.90966302,-21030179.90966302,-42.892316423090115,42.892316423090115,2900.0,4.0,3.0,1.0,Sarjapur Road,Villa,Ready to Move,owner,True,False,Normal,Repeated Listing
58400000,27975875.723221403,30424124.276778597,108.7512847775665,108.7512847775665,2900.0,4.0,3.0,1.0,Sarjapur Road,Villa,Ready to Move,owner,True,False,Potentially Overpriced,Repeated Listing
14800000,14887052.400365748,-87052.40036574751,-0.5847524279796906,0.5847524279796906,2300.0,2.0,3.0,1.0,Thirupalya,Villa,Under Construction,builder,True,False,Normal,Repeated Listing
26500000,26738502.473351225,-238502.47335122526,-0.8919814173921197,0.8919814173921197,2300.0,5.0,3.0,1.0,Thirupalya,Villa,Under Construction,agent,True,False,Normal,Repeated Listing
72150000,71757171.8637932,392828.1362068057,0.5474409400532919,0.5474409400532919,2300.0,8.0,3.0,1.0,Thirupalya,Villa,Under Construction,agent,True,False,Normal,Repeated Listing
48000000,37025599.25003,10974400.749969997,29.640035468058233,29.640035468058233,2768.0,4.0,2.0,1.0,Hennur Gardens,Villa,Under Construction,agent,True,False,Normal,Repeated Listing
17500000,16609807.208783785,890192.7912162151,5.359440841344946,5.359440841344946,2136.0,5.0,3.0,1.0,Bidaraguppe,Villa,Under Construction,owner,True,False,Normal,Repeated Listing
32500000,55000000.00000105,-22500000.00000105,-40.909090909092036,40.909090909092036,3000.0,4.0,1.0,1.0,Yelahanka,Villa,Under Construction,agent,True,False,Normal,Repeated Listing
55000000,30390365.025824584,24609634.974175416,80.97841191859024,80.97841191859024,3000.0,4.0,1.0,1.0,Yelahanka,Villa,Under Construction,builder,True,False,Normal,Repeated Listing
14000000,15128654.757274574,-1128654.7572745737,-7.460377511304256,7.460377511304256,2136.0,4.0,3.0,1.0,Bidaraguppe,Villa,Under Construction,contractor,True,False,Normal,Repeated Listing
32000000,32245783.615796532,-245783.61579653248,-0.7622193919211449,0.7622193919211449,2500.0,4.0,1.0,1.0,Devanahalli,Villa,Ready to Move,owner,True,False,Normal,Repeated Listing
37500000,27975875.723221403,9524124.276778597,34.04406128696479,34.04406128696479,2900.0,4.0,3.0,1.0,Sarjapur Road,Villa,Ready to Move,owner,True,False,Normal,Repeated Listing
28000000,37431002.09585924,-9431002.095859237,-25.195697597694107,25.195697597694107,2900.0,4.0,3.0,1.0,Sarjapur Road,Villa,Ready to Move,builder,True,False,Normal,Repeated Listing
50000000,39015269.80292154,10984730.197078459,28.154951260277844,28.154951260277844,3900.0,4.0,1.0,1.0,Devanahalli,Villa,Ready to Move,builder,True,False,Normal,Repeated Listing
50000000,39015269.80292154,10984730.197078459,28.154951260277844,28.154951260277844,3900.0,4.0,1.0,1.0,Devanahalli,Villa,Ready to Move,builder,True,False,Normal,Repeated Listing
58400000,37606391.66004806,20793608.33995194,55.29275057261734,55.29275057261734,2900.0,4.0,3.0,1.0,Sarjapur Road,Villa,Ready to Move,contractor,True,False,Normal,Repeated Listing
48000000,37025599.25003,10974400.749969997,29.640035468058233,29.640035468058233,2768.0,4.0,2.0,1.0,Hennur Gardens,Villa,Under Construction,agent,True,False,Normal,Repeated Listing
28500000,31953592.868370604,-3453592.868370604,-10.808151942716767,10.808151942716767,2300.0,4.0,3.0,1.0,Thirupalya,Villa,Under Construction,agent,True,False,Normal,Repeated Listing
32500000,55000000.00000105,-22500000.00000105,-40.909090909092036,40.909090909092036,3000.0,4.0,1.0,1.0,Yelahanka,Villa,Under Construction,agent,True,False,Normal,Repeated Listing
32000000,32920870.310378253,-920870.3103782535,-2.7972234685665356,2.7972234685665356,2300.0,4.0,3.0,1.0,Thirupalya,Villa,Under Construction,owner,True,False,Normal,Repeated Listing
55000000,32501572.606834713,22498427.393165287,69.22258090500557,69.22258090500557,3000.0,4.0,1.0,1.0,Yelahanka,Villa,Under Construction,agent,True,False,Normal,Repeated Listing
14800000,13540530.005592821,1259469.9944071788,9.301482245428824,9.301482245428824,2300.0,2.0,3.0,1.0,Thirupalya,Villa,Under Construction,agent,True,False,Normal,Repeated Listing
32000000,31907191.702662885,92808.29733711481,0.29086952622461376,0.29086952622461376,2500.0,4.0,1.0,1.0,Devanahalli,Villa,Ready to Move,agent,True,False,Normal,Repeated Listing
26500000,27388616.699900262,-888616.699900262,-3.24447455538526,3.24447455538526,2300.0,5.0,3.0,1.0,Thirupalya,Villa,Under Construction,owner,True,False,Normal,Repeated Listing
50000000,39015269.80292154,10984730.197078459,28.154951260277844,28.154951260277844,3900.0,4.0,1.0,1.0,Devanahalli,Villa,Ready to Move,builder,True,False,Normal,Repeated Listing
72150000,70039953.84836496,2110046.151635036,3.0126321273758143,3.0126321273758143,2300.0,8.0,3.0,1.0,Thirupalya,Villa,Under Construction,owner,True,False,Normal,Repeated Listing
50000000,39508261.718489856,10491738.281510144,26.555808393361975,26.555808393361975,3900.0,4.0,1.0,1.0,Devanahalli,Villa,Ready to Move,contractor,True,False,Normal,Repeated Listing
17500000,16609807.208783785,890192.7912162151,5.359440841344946,5.359440841344946,2136.0,5.0,3.0,1.0,Bidaraguppe,Villa,Under Construction,owner,True,False,Normal,Repeated Listing
28500000,31953592.868370604,-3453592.868370604,-10.808151942716767,10.808151942716767,2300.0,4.0,3.0,1.0,Thirupalya,Villa,Under Construction,agent,True,False,Normal,Repeated Listing
14000000,14910817.447835509,-910817.4478355087,-6.108434034699588,6.108434034699588,2136.0,4.0,3.0,1.0,Bidaraguppe,Villa,Under Construction,agent,True,False,Normal,Repeated Listing
32000000,27308742.32741032,4691257.672589678,17.17859290752094,17.17859290752094,2300.0,4.0,3.0,1.0,Thirupalya,Villa,Under Construction,builder,True,False,Normal,Repeated Listing
37500000,40984055.42728329,-3484055.427283287,-8.501002135976847,8.501002135976847,2900.0,4.0,3.0,1.0,Sarjapur Road,Villa,Ready to Move,builder,True,False,Normal,Repeated Listing
14800000,13621647.907160668,1178352.0928393323,8.650583988592839,8.650583988592839,2300.0,2.0,3.0,1.0,Thirupalya,Villa,Under Construction,contractor,True,False,Normal,Repeated Listing
28000000,49030179.90966302,-21030179.90966302,-42.892316423090115,42.892316423090115,2900.0,4.0,3.0,1.0,Sarjapur Road,Villa,Ready to Move,owner,True,False,Normal,Repeated Listing
26500000,26417217.791547924,82782.20845207572,0.3133645984421627,0.3133645984421627,2300.0,5.0,3.0,1.0,Thirupalya,Villa,Under Construction,contractor,True,False,Normal,Repeated Listing
58400000,32712811.31373335,25687188.68626665,78.52332971297629,78.52332971297629,2900.0,4.0,3.0,1.0,Sarjapur Road,Villa,Ready to Move,agent,True,False,Normal,Repeated Listing
72150000,70039953.84836496,2110046.151635036,3.0126321273758143,3.0126321273758143,2300.0,8.0,3.0,1.0,Thirupalya,Villa,Under Construction,owner,True,False,Normal,Repeated Listing
48000000,37025599.25003,10974400.749969997,29.640035468058233,29.640035468058233,2768.0,4.0,2.0,1.0,Hennur Gardens,Villa,Under Construction,agent,True,False,Normal,Repeated Listing
17500000,17173145.52905424,326854.4709457606,1.9032883078570242,1.9032883078570242,2136.0,5.0,3.0,1.0,Bidaraguppe,Villa,Under Construction,contractor,True,False,Normal,Repeated Listing
32500000,55000000.00000105,-22500000.00000105,-40.909090909092036,40.909090909092036,3000.0,4.0,1.0,1.0,Yelahanka,Villa,Under Construction,agent,True,False,Normal,Repeated Listing
14000000,13993172.009470293,6827.990529706702,0.048795158989581894,0.048795158989581894,2136.0,4.0,3.0,1.0,Bidaraguppe,Villa,Under Construction,owner,True,False,Normal,Repeated Listing
55000000,32501572.606834713,22498427.393165287,69.22258090500557,69.22258090500557,3000.0,4.0,1.0,1.0,Yelahanka,Villa,Under Construction,agent,True,False,Normal,Repeated Listing
37500000,40984055.42728329,-3484055.427283287,-8.501002135976847,8.501002135976847,2900.0,4.0,3.0,1.0,Sarjapur Road,Villa,Ready to Move,builder,True,False,Normal,Repeated Listing
32000000,32245783.615796532,-245783.61579653248,-0.7622193919211449,0.7622193919211449,2500.0,4.0,1.0,1.0,Devanahalli,Villa,Ready to Move,owner,True,False,Normal,Repeated Listing
28000000,37606391.66004806,-9606391.66004806,-25.544571643265662,25.544571643265662,2900.0,4.0,3.0,1.0,Sarjapur Road,Villa,Ready to Move,contractor,True,False,Normal,Repeated Listing
50000000,39015269.80292154,10984730.197078459,28.154951260277844,28.154951260277844,3900.0,4.0,1.0,1.0,Devanahalli,Villa,Ready to Move,builder,True,False,Normal,Repeated Listing
58400000,27975875.723221403,30424124.276778597,108.7512847775665,108.7512847775665,2900.0,4.0,3.0,1.0,Sarjapur Road,Villa,Ready to Move,owner,True,False,Potentially Overpriced,Repeated Listing
50000000,39508261.718489856,10491738.281510144,26.555808393361975,26.555808393361975,3900.0,4.0,1.0,1.0,Devanahalli,Villa,Ready to Move,contractor,True,False,Normal,Repeated Listing
28500000,31953592.868370604,-3453592.868370604,-10.808151942716767,10.808151942716767,2300.0,4.0,3.0,1.0,Thirupalya,Villa,Under Construction,agent,True,False,Normal,Repeated Listing
32000000,27308742.32741032,4691257.672589678,17.17859290752094,17.17859290752094,2300.0,4.0,3.0,1.0,Thirupalya,Villa,Under Construction,builder,True,False,Normal,Repeated Listing
14800000,13621647.907160668,1178352.0928393323,8.650583988592839,8.650583988592839,2300.0,2.0,3.0,1.0,Thirupalya,Villa,Under Construction,contractor,True,False,Normal,Repeated Listing
48000000,37025599.25003,10974400.749969997,29.640035468058233,29.640035468058233,2768.0,4.0,2.0,1.0,Hennur Gardens,Villa,Under Construction,agent,True,False,Normal,Repeated Listing
48000000,37025599.25003,10974400.749969997,29.640035468058233,29.640035468058233,2768.0,4.0,2.0,1.0,Hennur Gardens,Villa,Under Construction,agent,True,False,Normal,Repeated Listing
26500000,26417217.791547924,82782.20845207572,0.3133645984421627,0.3133645984421627,2300.0,5.0,3.0,1.0,Thirupalya,Villa,Under Construction,contractor,True,False,Normal,Repeated Listing
72150000,71757171.8637932,392828.1362068057,0.5474409400532919,0.5474409400532919,2300.0,8.0,3.0,1.0,Thirupalya,Villa,Under Construction,agent,True,False,Normal,Repeated Listing
32500000,55000000.00000105,-22500000.00000105,-40.909090909092036,40.909090909092036,3000.0,4.0,1.0,1.0,Yelahanka,Villa,Under Construction,agent,True,False,Normal,Repeated Listing
55000000,32501572.606834713,22498427.393165287,69.22258090500557,69.22258090500557,3000.0,4.0,1.0,1.0,Yelahanka,Villa,Under Construction,agent,True,False,Normal,Repeated Listing
32500000,55000000.00000105,-22500000.00000105,-40.909090909092036,40.909090909092036,3000.0,4.0,1.0,1.0,Yelahanka,Villa,Under Construction,agent,True,False,Normal,Repeated Listing
55000000,29390377.078481313,25609622.921518687,87.13608149066324,87.13608149066324,3000.0,4.0,1.0,1.0,Yelahanka,Villa,Under Construction,contractor,True,False,Normal,Repeated Listing
17500000,16609807.208783785,890192.7912162151,5.359440841344946,5.359440841344946,2136.0,5.0,3.0,1.0,Bidaraguppe,Villa,Under Construction,owner,True,False,Normal,Repeated Listing
32000000,32245783.615796532,-245783.61579653248,-0.7622193919211449,0.7622193919211449,2500.0,4.0,1.0,1.0,Devanahalli,Villa,Ready to Move,owner,True,False,Normal,Repeated Listing
50000000,39508261.718489856,10491738.281510144,26.555808393361975,26.555808393361975,3900.0,4.0,1.0,1.0,Devanahalli,Villa,Ready to Move,contractor,True,False,Normal,Repeated Listing
32000000,31848821.784964718,151178.21503528208,0.47467443554427097,0.47467443554427097,2500.0,4.0,1.0,1.0,Devanahalli,Villa,Ready to Move,contractor,True,False,Normal,Repeated Listing
14000000,14725707.77437715,-725707.7743771505,-4.928169059825347,4.928169059825347,2136.0,4.0,3.0,1.0,Bidaraguppe,Villa,Under Construction,builder,True,False,Normal,Repeated Listing
50000000,39508261.718489856,10491738.281510144,26.555808393361975,26.555808393361975,3900.0,4.0,1.0,1.0,Devanahalli,Villa,Ready to Move,contractor,True,False,Normal,Repeated Listing
50000000,51643741.139716096,-1643741.1397160962,-3.1828467563361587,3.1828467563361587,3900.0,4.0,1.0,1.0,Devanahalli,Villa,Ready to Move,owner,True,False,Normal,Repeated Listing
37500000,40383283.03161897,-2883283.0316189677,-7.139793536254689,7.139793536254689,2900.0,4.0,3.0,1.0,Sarjapur Road,Villa,Ready to Move,agent,True,False,Normal,Repeated Listing
28500000,31953592.868370604,-3453592.868370604,-10.808151942716767,10.808151942716767,2300.0,4.0,3.0,1.0,Thirupalya,Villa,Under Construction,agent,True,False,Normal,Repeated Listing
50000000,51643741.139716096,-1643741.1397160962,-3.1828467563361587,3.1828467563361587,3900.0,4.0,1.0,1.0,Devanahalli,Villa,Ready to Move,owner,True,False,Normal,Repeated Listing
28000000,37431002.09585924,-9431002.095859237,-25.195697597694107,25.195697597694107,2900.0,4.0,3.0,1.0,Sarjapur Road,Villa,Ready to Move,builder,True,False,Normal,Repeated Listing
32000000,32920870.310378253,-920870.3103782535,-2.7972234685665356,2.7972234685665356,2300.0,4.0,3.0,1.0,Thirupalya,Villa,Under Construction,owner,True,False,Normal,Repeated Listing
28500000,31953592.868370604,-3453592.868370604,-10.808151942716767,10.808151942716767,2300.0,4.0,3.0,1.0,Thirupalya,Villa,Under Construction,agent,True,False,Normal,Repeated Listing
48000000,37025599.25003,10974400.749969997,29.640035468058233,29.640035468058233,2768.0,4.0,2.0,1.0,Hennur Gardens,Villa,Under Construction,agent,True,False,Normal,Repeated Listing
58400000,37431002.09585924,20968997.904140763,56.02040215338086,56.02040215338086,2900.0,4.0,3.0,1.0,Sarjapur Road,Villa,Ready to Move,builder,True,False,Normal,Repeated Listing
14800000,13540530.005592821,1259469.9944071788,9.301482245428824,9.301482245428824,2300.0,2.0,3.0,1.0,Thirupalya,Villa,Under Construction,agent,True,False,Normal,Repeated Listing
32000000,28503241.98318361,3496758.016816389,12.267930851091997,12.267930851091997,2300.0,4.0,3.0,1.0,Thirupalya,Villa,Under Construction,agent,True,False,Normal,Repeated Listing
32500000,55000000.00000105,-22500000.00000105,-40.909090909092036,40.909090909092036,3000.0,4.0,1.0,1.0,Yelahanka,Villa,Under Construction,agent,True,False,Normal,Repeated Listing
26500000,26417217.791547924,82782.20845207572,0.3133645984421627,0.3133645984421627,2300.0,5.0,3.0,1.0,Thirupalya,Villa,Under Construction,contractor,True,False,Normal,Repeated Listing
14800000,14887052.400365748,-87052.40036574751,-0.5847524279796906,0.5847524279796906,2300.0,2.0,3.0,1.0,Thirupalya,Villa,Under Construction,builder,True,False,Normal,Repeated Listing
55000000,55695508.54837928,-695508.5483792797,-1.2487695444510287,1.2487695444510287,3000.0,4.0,1.0,1.0,Yelahanka,Villa,Under Construction,owner,True,False,Normal,Repeated Listing
72150000,70039953.84836496,2110046.151635036,3.0126321273758143,3.0126321273758143,2300.0,8.0,3.0,1.0,Thirupalya,Villa,Under Construction,owner,True,False,Normal,Repeated Listing
26500000,26417217.791547924,82782.20845207572,0.3133645984421627,0.3133645984421627,2300.0,5.0,3.0,1.0,Thirupalya,Villa,Under Construction,contractor,True,False,Normal,Repeated Listing
32000000,31907191.702662885,92808.29733711481,0.29086952622461376,0.29086952622461376,2500.0,4.0,1.0,1.0,Devanahalli,Villa,Ready to Move,agent,True,False,Normal,Repeated Listing
17500000,18172562.31527548,-672562.3152754791,-3.7009768001188097,3.7009768001188097,2136.0,5.0,3.0,1.0,Bidaraguppe,Villa,Under Construction,builder,True,False,Normal,Repeated Listing
72150000,71757171.8637932,392828.1362068057,0.5474409400532919,0.5474409400532919,2300.0,8.0,3.0,1.0,Thirupalya,Villa,Under Construction,agent,True,False,Normal,Repeated Listing
50000000,39508261.718489856,10491738.281510144,26.555808393361975,26.555808393361975,3900.0,4.0,1.0,1.0,Devanahalli,Villa,Ready to Move,contractor,True,False,Normal,Repeated Listing
14000000,14725707.77437715,-725707.7743771505,-4.928169059825347,4.928169059825347,2136.0,4.0,3.0,1.0,Bidaraguppe,Villa,Under Construction,builder,True,False,Normal,Repeated Listing
17500000,17173145.52905424,326854.4709457606,1.9032883078570242,1.9032883078570242,2136.0,5.0,3.0,1.0,Bidaraguppe,Villa,Under Construction,contractor,True,False,Normal,Repeated Listing
50000000,54695997.069464624,-4695997.069464624,-8.58563207742725,8.58563207742725,3900.0,4.0,1.0,1.0,Devanahalli,Villa,Ready to Move,agent,True,False,Normal,Repeated Listing
48000000,37025599.25003,10974400.749969997,29.640035468058233,29.640035468058233,2768.0,4.0,2.0,1.0,Hennur Gardens,Villa,Under Construction,agent,True,False,Normal,Repeated Listing
37500000,27975875.723221403,9524124.276778597,34.04406128696479,34.04406128696479,2900.0,4.0,3.0,1.0,Sarjapur Road,Villa,Ready to Move,owner,True,False,Normal,Repeated Listing
28000000,37431002.09585924,-9431002.095859237,-25.195697597694107,25.195697597694107,2900.0,4.0,3.0,1.0,Sarjapur Road,Villa,Ready to Move,builder,True,False,Normal,Repeated Listing
14000000,14910817.447835509,-910817.4478355087,-6.108434034699588,6.108434034699588,2136.0,4.0,3.0,1.0,Bidaraguppe,Villa,Under Construction,agent,True,False,Normal,Repeated Listing
37500000,27975875.723221403,9524124.276778597,34.04406128696479,34.04406128696479,2900.0,4.0,3.0,1.0,Sarjapur Road,Villa,Ready to Move,owner,True,False,Normal,Repeated Listing
28500000,31953592.868370604,-3453592.868370604,-10.808151942716767,10.808151942716767,2300.0,4.0,3.0,1.0,Thirupalya,Villa,Under Construction,agent,True,False,Normal,Repeated Listing
32000000,27308742.32741032,4691257.672589678,17.17859290752094,17.17859290752094,2300.0,4.0,3.0,1.0,Thirupalya,Villa,Under Construction,builder,True,False,Normal,Repeated Listing
32500000,55000000.00000105,-22500000.00000105,-40.909090909092036,40.909090909092036,3000.0,4.0,1.0,1.0,Yelahanka,Villa,Under Construction,agent,True,False,Normal,Repeated Listing
55000000,30390365.025824584,24609634.974175416,80.97841191859024,80.97841191859024,3000.0,4.0,1.0,1.0,Yelahanka,Villa,Under Construction,builder,True,False,Normal,Repeated Listing
58400000,37431002.09585924,20968997.904140763,56.02040215338086,56.02040215338086,2900.0,4.0,3.0,1.0,Sarjapur Road,Villa,Ready to Move,builder,True,False,Normal,Repeated Listing
28000000,37606391.66004806,-9606391.66004806,-25.544571643265662,25.544571643265662,2900.0,4.0,3.0,1.0,Sarjapur Road,Villa,Ready to Move,contractor,True,False,Normal,Repeated Listing
58400000,27975875.723221403,30424124.276778597,108.7512847775665,108.7512847775665,2900.0,4.0,3.0,1.0,Sarjapur Road,Villa,Ready to Move,owner,True,False,Potentially Overpriced,Repeated Listing
14800000,13621647.907160668,1178352.0928393323,8.650583988592839,8.650583988592839,2300.0,2.0,3.0,1.0,Thirupalya,Villa,Under Construction,contractor,True,False,Normal,Repeated Listing
26500000,26738502.473351225,-238502.47335122526,-0.8919814173921197,0.8919814173921197,2300.0,5.0,3.0,1.0,Thirupalya,Villa,Under Construction,agent,True,False,Normal,Repeated Listing
32000000,31848821.784964718,151178.21503528208,0.47467443554427097,0.47467443554427097,2500.0,4.0,1.0,1.0,Devanahalli,Villa,Ready to Move,contractor,True,False,Normal,Repeated Listing
50000000,39508261.718489856,10491738.281510144,26.555808393361975,26.555808393361975,3900.0,4.0,1.0,1.0,Devanahalli,Villa,Ready to Move,contractor,True,False,Normal,Repeated Listing
72150000,71757171.8637932,392828.1362068057,0.5474409400532919,0.5474409400532919,2300.0,8.0,3.0,1.0,Thirupalya,Villa,Under Construction,agent,True,False,Normal,Repeated Listing
17500000,16609807.208783785,890192.7912162151,5.359440841344946,5.359440841344946,2136.0,5.0,3.0,1.0,Bidaraguppe,Villa,Under Construction,owner,True,False,Normal,Repeated Listing
50000000,39015269.80292154,10984730.197078459,28.154951260277844,28.154951260277844,3900.0,4.0,1.0,1.0,Devanahalli,Villa,Ready to Move,builder,True,False,Normal,Repeated Listing
28500000,31953592.868370604,-3453592.868370604,-10.808151942716767,10.808151942716767,2300.0,4.0,3.0,1.0,Thirupalya,Villa,Under Construction,agent,True,False,Normal,Repeated Listing
14000000,14910817.447835509,-910817.4478355087,-6.108434034699588,6.108434034699588,2136.0,4.0,3.0,1.0,Bidaraguppe,Villa,Under Construction,agent,True,False,Normal,Repeated Listing
37500000,38265442.75060015,-765442.7506001517,-2.000349912554315,2.000349912554315,2900.0,4.0,3.0,1.0,Sarjapur Road,Villa,Ready to Move,contractor,True,False,Normal,Repeated Listing
32000000,32920870.310378253,-920870.3103782535,-2.7972234685665356,2.7972234685665356,2300.0,4.0,3.0,1.0,Thirupalya,Villa,Under Construction,owner,True,False,Normal,Repeated Listing
14800000,14887052.400365748,-87052.40036574751,-0.5847524279796906,0.5847524279796906,2300.0,2.0,3.0,1.0,Thirupalya,Villa,Under Construction,builder,True,False,Normal,Repeated Listing
28000000,46068493.063934326,-18068493.063934326,-39.22093357570582,39.22093357570582,2900.0,4.0,3.0,1.0,Sarjapur Road,Villa,Ready to Move,agent,True,False,Normal,Repeated Listing
58400000,37606391.66004806,20793608.33995194,55.29275057261734,55.29275057261734,2900.0,4.0,3.0,1.0,Sarjapur Road,Villa,Ready to Move,contractor,True,False,Normal,Repeated Listing
48000000,37025599.25003,10974400.749969997,29.640035468058233,29.640035468058233,2768.0,4.0,2.0,1.0,Hennur Gardens,Villa,Under Construction,agent,True,False,Normal,Repeated Listing
26500000,27388616.699900262,-888616.699900262,-3.24447455538526,3.24447455538526,2300.0,5.0,3.0,1.0,Thirupalya,Villa,Under Construction,owner,True,False,Normal,Repeated Listing
72150000,71757171.8637932,392828.1362068057,0.5474409400532919,0.5474409400532919,2300.0,8.0,3.0,1.0,Thirupalya,Villa,Under Construction,agent,True,False,Normal,Repeated Listing
32500000,55000000.00000105,-22500000.00000105,-40.909090909092036,40.909090909092036,3000.0,4.0,1.0,1.0,Yelahanka,Villa,Under Construction,agent,True,False,Normal,Repeated Listing
17500000,17173145.52905424,326854.4709457606,1.9032883078570242,1.9032883078570242,2136.0,5.0,3.0,1.0,Bidaraguppe,Villa,Under Construction,contractor,True,False,Normal,Repeated Listing
55000000,29390377.078481313,25609622.921518687,87.13608149066324,87.13608149066324,3000.0,4.0,1.0,1.0,Yelahanka,Villa,Under Construction,contractor,True,False,Normal,Repeated Listing
14000000,14725707.77437715,-725707.7743771505,-4.928169059825347,4.928169059825347,2136.0,4.0,3.0,1.0,Bidaraguppe,Villa,Under Construction,builder,True,False,Normal,Repeated Listing
32000000,32245783.615796532,-245783.61579653248,-0.7622193919211449,0.7622193919211449,2500.0,4.0,1.0,1.0,Devanahalli,Villa,Ready to Move,owner,True,False,Normal,Repeated Listing
37500000,38265442.75060015,-765442.7506001517,-2.000349912554315,2.000349912554315,2900.0,4.0,3.0,1.0,Sarjapur Road,Villa,Ready to Move,contractor,True,False,Normal,Repeated Listing
50000000,39015269.80292154,10984730.197078459,28.154951260277844,28.154951260277844,3900.0,4.0,1.0,1.0,Devanahalli,Villa,Ready to Move,builder,True,False,Normal,Repeated Listing
28000000,49030179.90966302,-21030179.90966302,-42.892316423090115,42.892316423090115,2900.0,4.0,3.0,1.0,Sarjapur Road,Villa,Ready to Move,owner,True,False,Normal,Repeated Listing
50000000,39508261.718489856,10491738.281510144,26.555808393361975,26.555808393361975,3900.0,4.0,1.0,1.0,Devanahalli,Villa,Ready to Move,contractor,True,False,Normal,Repeated Listing
58400000,32712811.31373335,25687188.68626665,78.52332971297629,78.52332971297629,2900.0,4.0,3.0,1.0,Sarjapur Road,Villa,Ready to Move,agent,True,False,Normal,Repeated Listing
28500000,31953592.868370604,-3453592.868370604,-10.808151942716767,10.808151942716767,2300.0,4.0,3.0,1.0,Thirupalya,Villa,Under Construction,agent,True,False,Normal,Repeated Listing
32000000,32920870.310378253,-920870.3103782535,-2.7972234685665356,2.7972234685665356,2300.0,4.0,3.0,1.0,Thirupalya,Villa,Under Construction,owner,True,False,Normal,Repeated Listing
14800000,14887052.400365748,-87052.40036574751,-0.5847524279796906,0.5847524279796906,2300.0,2.0,3.0,1.0,Thirupalya,Villa,Under Construction,builder,True,False,Normal,Repeated Listing
26500000,27388616.699900262,-888616.699900262,-3.24447455538526,3.24447455538526,2300.0,5.0,3.0,1.0,Thirupalya,Villa,Under Construction,owner,True,False,Normal,Repeated Listing
72150000,66285680.92557792,5864319.074422076,8.84703753893126,8.84703753893126,2300.0,8.0,3.0,1.0,Thirupalya,Villa,Under Construction,builder,True,False,Normal,Repeated Listing
17500000,18145538.13563871,-645538.1356387101,-3.5575585072941,3.5575585072941,2136.0,5.0,3.0,1.0,Bidaraguppe,Villa,Under Construction,agent,True,False,Normal,Repeated Listing
14000000,14910817.447835509,-910817.4478355087,-6.108434034699588,6.108434034699588,2136.0,4.0,3.0,1.0,Bidaraguppe,Villa,Under Construction,agent,True,False,Normal,Repeated Listing
37500000,40383283.03161897,-2883283.0316189677,-7.139793536254689,7.139793536254689,2900.0,4.0,3.0,1.0,Sarjapur Road,Villa,Ready to Move,agent,True,False,Normal,Repeated Listing
28000000,37606391.66004806,-9606391.66004806,-25.544571643265662,25.544571643265662,2900.0,4.0,3.0,1.0,Sarjapur Road,Villa,Ready to Move,contractor,True,False,Normal,Repeated Listing
58400000,27975875.723221403,30424124.276778597,108.7512847775665,108.7512847775665,2900.0,4.0,3.0,1.0,Sarjapur Road,Villa,Ready to Move,owner,True,False,Potentially Overpriced,Repeated Listing
48000000,37025599.25003,10974400.749969997,29.640035468058233,29.640035468058233,2768.0,4.0,2.0,1.0,Hennur Gardens,Villa,Under Construction,agent,True,False,Normal,Repeated Listing
32500000,55000000.00000105,-22500000.00000105,-40.909090909092036,40.909090909092036,3000.0,4.0,1.0,1.0,Yelahanka,Villa,Under Construction,agent,True,False,Normal,Repeated Listing
55000000,29390377.078481313,25609622.921518687,87.13608149066324,87.13608149066324,3000.0,4.0,1.0,1.0,Yelahanka,Villa,Under Construction,contractor,True,False,Normal,Repeated Listing
32000000,32038291.658905108,-38291.65890510753,-0.11951841662713712,0.11951841662713712,2500.0,4.0,1.0,1.0,Devanahalli,Villa,Ready to Move,builder,True,False,Normal,Repeated Listing
50000000,39015269.80292154,10984730.197078459,28.154951260277844,28.154951260277844,3900.0,4.0,1.0,1.0,Devanahalli,Villa,Ready to Move,builder,True,False,Normal,Repeated Listing
50000000,54695997.069464624,-4695997.069464624,-8.58563207742725,8.58563207742725,3900.0,4.0,1.0,1.0,Devanahalli,Villa,Ready to Move,agent,True,False,Normal,Repeated Listing
28500000,31953592.868370604,-3453592.868370604,-10.808151942716767,10.808151942716767,2300.0,4.0,3.0,1.0,Thirupalya,Villa,Under Construction,agent,True,False,Normal,Repeated Listing
32000000,27308742.32741032,4691257.672589678,17.17859290752094,17.17859290752094,2300.0,4.0,3.0,1.0,Thirupalya,Villa,Under Construction,builder,True,False,Normal,Repeated Listing
14800000,12925585.31544728,1874414.6845527198,14.501584561223849,14.501584561223849,2300.0,2.0,3.0,1.0,Thirupalya,Villa,Under Construction,owner,True,False,Normal,Repeated Listing
26500000,26738502.473351225,-238502.47335122526,-0.8919814173921197,0.8919814173921197,2300.0,5.0,3.0,1.0,Thirupalya,Villa,Under Construction,agent,True,False,Normal,Repeated Listing
72150000,72298627.36492518,-148627.3649251759,-0.20557425547650263,0.20557425547650263,2300.0,8.0,3.0,1.0,Thirupalya,Villa,Under Construction,contractor,True,False,Normal,Repeated Listing
17500000,18172562.31527548,-672562.3152754791,-3.7009768001188097,3.7009768001188097,2136.0,5.0,3.0,1.0,Bidaraguppe,Villa,Under Construction,builder,True,False,Normal,Repeated Listing
48000000,37025599.25003,10974400.749969997,29.640035468058233,29.640035468058233,2768.0,4.0,2.0,1.0,Hennur Gardens,Villa,Under Construction,agent,True,False,Normal,Repeated Listing
14000000,13993172.009470293,6827.990529706702,0.048795158989581894,0.048795158989581894,2136.0,4.0,3.0,1.0,Bidaraguppe,Villa,Under Construction,owner,True,False,Normal,Repeated Listing
32500000,55000000.00000105,-22500000.00000105,-40.909090909092036,40.909090909092036,3000.0,4.0,1.0,1.0,Yelahanka,Villa,Under Construction,agent,True,False,Normal,Repeated Listing
37500000,40984055.42728329,-3484055.427283287,-8.501002135976847,8.501002135976847,2900.0,4.0,3.0,1.0,Sarjapur Road,Villa,Ready to Move,builder,True,False,Normal,Repeated Listing
28000000,37431002.09585924,-9431002.095859237,-25.195697597694107,25.195697597694107,2900.0,4.0,3.0,1.0,Sarjapur Road,Villa,Ready to Move,builder,True,False,Normal,Repeated Listing
55000000,32501572.606834713,22498427.393165287,69.22258090500557,69.22258090500557,3000.0,4.0,1.0,1.0,Yelahanka,Villa,Under Construction,agent,True,False,Normal,Repeated Listing
32000000,31848821.784964718,151178.21503528208,0.47467443554427097,0.47467443554427097,2500.0,4.0,1.0,1.0,Devanahalli,Villa,Ready to Move,contractor,True,False,Normal,Repeated Listing
58400000,37606391.66004806,20793608.33995194,55.29275057261734,55.29275057261734,2900.0,4.0,3.0,1.0,Sarjapur Road,Villa,Ready to Move,contractor,True,False,Normal,Repeated Listing
50000000,54695997.069464624,-4695997.069464624,-8.58563207742725,8.58563207742725,3900.0,4.0,1.0,1.0,Devanahalli,Villa,Ready to Move,agent,True,False,Normal,Repeated Listing
50000000,54695997.069464624,-4695997.069464624,-8.58563207742725,8.58563207742725,3900.0,4.0,1.0,1.0,Devanahalli,Villa,Ready to Move,agent,True,False,Normal,Repeated Listing
28500000,31953592.868370604,-3453592.868370604,-10.808151942716767,10.808151942716767,2300.0,4.0,3.0,1.0,Thirupalya,Villa,Under Construction,agent,True,False,Normal,Repeated Listing
32000000,27308742.32741032,4691257.672589678,17.17859290752094,17.17859290752094,2300.0,4.0,3.0,1.0,Thirupalya,Villa,Under Construction,builder,True,False,Normal,Repeated Listing
14800000,13621647.907160668,1178352.0928393323,8.650583988592839,8.650583988592839,2300.0,2.0,3.0,1.0,Thirupalya,Villa,Under Construction,contractor,True,False,Normal,Repeated Listing
26500000,27388616.699900262,-888616.699900262,-3.24447455538526,3.24447455538526,2300.0,5.0,3.0,1.0,Thirupalya,Villa,Under Construction,owner,True,False,Normal,Repeated Listing
48000000,37025599.25003,10974400.749969997,29.640035468058233,29.640035468058233,2768.0,4.0,2.0,1.0,Hennur Gardens,Villa,Under Construction,agent,True,False,Normal,Repeated Listing
32500000,55000000.00000105,-22500000.00000105,-40.909090909092036,40.909090909092036,3000.0,4.0,1.0,1.0,Yelahanka,Villa,Under Construction,agent,True,False,Normal,Repeated Listing
72150000,66285680.92557792,5864319.074422076,8.84703753893126,8.84703753893126,2300.0,8.0,3.0,1.0,Thirupalya,Villa,Under Construction,builder,True,False,Normal,Repeated Listing
17500000,18172562.31527548,-672562.3152754791,-3.7009768001188097,3.7009768001188097,2136.0,5.0,3.0,1.0,Bidaraguppe,Villa,Under Construction,builder,True,False,Normal,Repeated Listing
55000000,32501572.606834713,22498427.393165287,69.22258090500557,69.22258090500557,3000.0,4.0,1.0,1.0,Yelahanka,Villa,Under Construction,agent,True,False,Normal,Repeated Listing
32000000,31848821.784964718,151178.21503528208,0.47467443554427097,0.47467443554427097,2500.0,4.0,1.0,1.0,Devanahalli,Villa,Ready to Move,contractor,True,False,Normal,Repeated Listing
14000000,15128654.757274574,-1128654.7572745737,-7.460377511304256,7.460377511304256,2136.0,4.0,3.0,1.0,Bidaraguppe,Villa,Under Construction,contractor,True,False,Normal,Repeated Listing
37500000,40383283.03161897,-2883283.0316189677,-7.139793536254689,7.139793536254689,2900.0,4.0,3.0,1.0,Sarjapur Road,Villa,Ready to Move,agent,True,False,Normal,Repeated Listing
50000000,39015269.80292154,10984730.197078459,28.154951260277844,28.154951260277844,3900.0,4.0,1.0,1.0,Devanahalli,Villa,Ready to Move,builder,True,False,Normal,Repeated Listing
50000000,39015269.80292154,10984730.197078459,28.154951260277844,28.154951260277844,3900.0,4.0,1.0,1.0,Devanahalli,Villa,Ready to Move,builder,True,False,Normal,Repeated Listing
28000000,37431002.09585924,-9431002.095859237,-25.195697597694107,25.195697597694107,2900.0,4.0,3.0,1.0,Sarjapur Road,Villa,Ready to Move,builder,True,False,Normal,Repeated Listing
28500000,31953592.868370604,-3453592.868370604,-10.808151942716767,10.808151942716767,2300.0,4.0,3.0,1.0,Thirupalya,Villa,Under Construction,agent,True,False,Normal,Repeated Listing
58400000,32712811.31373335,25687188.68626665,78.52332971297629,78.52332971297629,2900.0,4.0,3.0,1.0,Sarjapur Road,Villa,Ready to Move,agent,True,False,Normal,Repeated Listing
32000000,27308742.32741032,4691257.672589678,17.17859290752094,17.17859290752094,2300.0,4.0,3.0,1.0,Thirupalya,Villa,Under Construction,builder,True,False,Normal,Repeated Listing
48000000,37025599.25003,10974400.749969997,29.640035468058233,29.640035468058233,2768.0,4.0,2.0,1.0,Hennur Gardens,Villa,Under Construction,agent,True,False,Normal,Repeated Listing
14800000,14887052.400365748,-87052.40036574751,-0.5847524279796906,0.5847524279796906,2300.0,2.0,3.0,1.0,Thirupalya,Villa,Under Construction,builder,True,False,Normal,Repeated Listing
32500000,55000000.00000105,-22500000.00000105,-40.909090909092036,40.909090909092036,3000.0,4.0,1.0,1.0,Yelahanka,Villa,Under Construction,agent,True,False,Normal,Repeated Listing
26500000,26738502.473351225,-238502.47335122526,-0.8919814173921197,0.8919814173921197,2300.0,5.0,3.0,1.0,Thirupalya,Villa,Under Construction,agent,True,False,Normal,Repeated Listing
72150000,70039953.84836496,2110046.151635036,3.0126321273758143,3.0126321273758143,2300.0,8.0,3.0,1.0,Thirupalya,Villa,Under Construction,owner,True,False,Normal,Repeated Listing
55000000,55695508.54837928,-695508.5483792797,-1.2487695444510287,1.2487695444510287,3000.0,4.0,1.0,1.0,Yelahanka,Villa,Under Construction,owner,True,False,Normal,Repeated Listing
32000000,31907191.702662885,92808.29733711481,0.29086952622461376,0.29086952622461376,2500.0,4.0,1.0,1.0,Devanahalli,Villa,Ready to Move,agent,True,False,Normal,Repeated Listing
17500000,18145538.13563871,-645538.1356387101,-3.5575585072941,3.5575585072941,2136.0,5.0,3.0,1.0,Bidaraguppe,Villa,Under Construction,agent,True,False,Normal,Repeated Listing
14000000,15128654.757274574,-1128654.7572745737,-7.460377511304256,7.460377511304256,2136.0,4.0,3.0,1.0,Bidaraguppe,Villa,Under Construction,contractor,True,False,Normal,Repeated Listing
50000000,39508261.718489856,10491738.281510144,26.555808393361975,26.555808393361975,3900.0,4.0,1.0,1.0,Devanahalli,Villa,Ready to Move,contractor,True,False,Normal,Repeated Listing
50000000,39015269.80292154,10984730.197078459,28.154951260277844,28.154951260277844,3900.0,4.0,1.0,1.0,Devanahalli,Villa,Ready to Move,builder,True,False,Normal,Repeated Listing
37500000,38265442.75060015,-765442.7506001517,-2.000349912554315,2.000349912554315,2900.0,4.0,3.0,1.0,Sarjapur Road,Villa,Ready to Move,contractor,True,False,Normal,Repeated Listing
28000000,46068493.063934326,-18068493.063934326,-39.22093357570582,39.22093357570582,2900.0,4.0,3.0,1.0,Sarjapur Road,Villa,Ready to Move,agent,True,False,Normal,Repeated Listing
28500000,31953592.868370604,-3453592.868370604,-10.808151942716767,10.808151942716767,2300.0,4.0,3.0,1.0,Thirupalya,Villa,Under Construction,agent,True,False,Normal,Repeated Listing
32000000,27308742.32741032,4691257.672589678,17.17859290752094,17.17859290752094,2300.0,4.0,3.0,1.0,Thirupalya,Villa,Under Construction,builder,True,False,Normal,Repeated Listing
58400000,37431002.09585924,20968997.904140763,56.02040215338086,56.02040215338086,2900.0,4.0,3.0,1.0,Sarjapur Road,Villa,Ready to Move,builder,True,False,Normal,Repeated Listing
14800000,13540530.005592821,1259469.9944071788,9.301482245428824,9.301482245428824,2300.0,2.0,3.0,1.0,Thirupalya,Villa,Under Construction,agent,True,False,Normal,Repeated Listing
26500000,26713128.55074389,-213128.55074388906,-0.7978419687496843,0.7978419687496843,2300.0,5.0,3.0,1.0,Thirupalya,Villa,Under Construction,builder,True,False,Normal,Repeated Listing
72150000,72298627.36492518,-148627.3649251759,-0.20557425547650263,0.20557425547650263,2300.0,8.0,3.0,1.0,Thirupalya,Villa,Under Construction,contractor,True,False,Normal,Repeated Listing
17500000,16609807.208783785,890192.7912162151,5.359440841344946,5.359440841344946,2136.0,5.0,3.0,1.0,Bidaraguppe,Villa,Under Construction,owner,True,False,Normal,Repeated Listing
14000000,14725707.77437715,-725707.7743771505,-4.928169059825347,4.928169059825347,2136.0,4.0,3.0,1.0,Bidaraguppe,Villa,Under Construction,builder,True,False,Normal,Repeated Listing
37500000,40984055.42728329,-3484055.427283287,-8.501002135976847,8.501002135976847,2900.0,4.0,3.0,1.0,Sarjapur Road,Villa,Ready to Move,builder,True,False,Normal,Repeated Listing
28000000,37606391.66004806,-9606391.66004806,-25.544571643265662,25.544571643265662,2900.0,4.0,3.0,1.0,Sarjapur Road,Villa,Ready to Move,contractor,True,False,Normal,Repeated Listing
48000000,37025599.25003,10974400.749969997,29.640035468058233,29.640035468058233,2768.0,4.0,2.0,1.0,Hennur Gardens,Villa,Under Construction,agent,True,False,Normal,Repeated Listing
58400000,32712811.31373335,25687188.68626665,78.52332971297629,78.52332971297629,2900.0,4.0,3.0,1.0,Sarjapur Road,Villa,Ready to Move,agent,True,False,Normal,Repeated Listing
32500000,55000000.00000105,-22500000.00000105,-40.909090909092036,40.909090909092036,3000.0,4.0,1.0,1.0,Yelahanka,Villa,Under Construction,agent,True,False,Normal,Repeated Listing
55000000,32501572.606834713,22498427.393165287,69.22258090500557,69.22258090500557,3000.0,4.0,1.0,1.0,Yelahanka,Villa,Under Construction,agent,True,False,Normal,Repeated Listing
32000000,32038291.658905108,-38291.65890510753,-0.11951841662713712,0.11951841662713712,2500.0,4.0,1.0,1.0,Devanahalli,Villa,Ready to Move,builder,True,False,Normal,Repeated Listing
50000000,39508261.718489856,10491738.281510144,26.555808393361975,26.555808393361975,3900.0,4.0,1.0,1.0,Devanahalli,Villa,Ready to Move,contractor,True,False,Normal,Repeated Listing
50000000,39508261.718489856,10491738.281510144,26.555808393361975,26.555808393361975,3900.0,4.0,1.0,1.0,Devanahalli,Villa,Ready to Move,contractor,True,False,Normal,Repeated Listing
28500000,31953592.868370604,-3453592.868370604,-10.808151942716767,10.808151942716767,2300.0,4.0,3.0,1.0,Thirupalya,Villa,Under Construction,agent,True,False,Normal,Repeated Listing
32000000,32920870.310378253,-920870.3103782535,-2.7972234685665356,2.7972234685665356,2300.0,4.0,3.0,1.0,Thirupalya,Villa,Under Construction,owner,True,False,Normal,Repeated Listing
14800000,13621647.907160668,1178352.0928393323,8.650583988592839,8.650583988592839,2300.0,2.0,3.0,1.0,Thirupalya,Villa,Under Construction,contractor,True,False,Normal,Repeated Listing
26500000,26417217.791547924,82782.20845207572,0.3133645984421627,0.3133645984421627,2300.0,5.0,3.0,1.0,Thirupalya,Villa,Under Construction,contractor,True,False,Normal,Repeated Listing
72150000,70039953.84836496,2110046.151635036,3.0126321273758143,3.0126321273758143,2300.0,8.0,3.0,1.0,Thirupalya,Villa,Under Construction,owner,True,False,Normal,Repeated Listing
17500000,18172562.31527548,-672562.3152754791,-3.7009768001188097,3.7009768001188097,2136.0,5.0,3.0,1.0,Bidaraguppe,Villa,Under Construction,builder,True,False,Normal,Repeated Listing
14000000,15128654.757274574,-1128654.7572745737,-7.460377511304256,7.460377511304256,2136.0,4.0,3.0,1.0,Bidaraguppe,Villa,Under Construction,contractor,True,False,Normal,Repeated Listing
48000000,37025599.25003,10974400.749969997,29.640035468058233,29.640035468058233,2768.0,4.0,2.0,1.0,Hennur Gardens,Villa,Under Construction,agent,True,False,Normal,Repeated Listing
37500000,27975875.723221403,9524124.276778597,34.04406128696479,34.04406128696479,2900.0,4.0,3.0,1.0,Sarjapur Road,Villa,Ready to Move,owner,True,False,Normal,Repeated Listing
28000000,49030179.90966302,-21030179.90966302,-42.892316423090115,42.892316423090115,2900.0,4.0,3.0,1.0,Sarjapur Road,Villa,Ready to Move,owner,True,False,Normal,Repeated Listing
32500000,55000000.00000105,-22500000.00000105,-40.909090909092036,40.909090909092036,3000.0,4.0,1.0,1.0,Yelahanka,Villa,Under Construction,agent,True,False,Normal,Repeated Listing
55000000,30390365.025824584,24609634.974175416,80.97841191859024,80.97841191859024,3000.0,4.0,1.0,1.0,Yelahanka,Villa,Under Construction,builder,True,False,Normal,Repeated Listing
58400000,37431002.09585924,20968997.904140763,56.02040215338086,56.02040215338086,2900.0,4.0,3.0,1.0,Sarjapur Road,Villa,Ready to Move,builder,True,False,Normal,Repeated Listing
32000000,31907191.702662885,92808.29733711481,0.29086952622461376,0.29086952622461376,2500.0,4.0,1.0,1.0,Devanahalli,Villa,Ready to Move,agent,True,False,Normal,Repeated Listing
50000000,51643741.139716096,-1643741.1397160962,-3.1828467563361587,3.1828467563361587,3900.0,4.0,1.0,1.0,Devanahalli,Villa,Ready to Move,owner,True,False,Normal,Repeated Listing
50000000,39508261.718489856,10491738.281510144,26.555808393361975,26.555808393361975,3900.0,4.0,1.0,1.0,Devanahalli,Villa,Ready to Move,contractor,True,False,Normal,Repeated Listing
28500000,31953592.868370604,-3453592.868370604,-10.808151942716767,10.808151942716767,2300.0,4.0,3.0,1.0,Thirupalya,Villa,Under Construction,agent,True,False,Normal,Repeated Listing
32000000,28503241.98318361,3496758.016816389,12.267930851091997,12.267930851091997,2300.0,4.0,3.0,1.0,Thirupalya,Villa,Under Construction,agent,True,False,Normal,Repeated Listing
14800000,13621647.907160668,1178352.0928393323,8.650583988592839,8.650583988592839,2300.0,2.0,3.0,1.0,Thirupalya,Villa,Under Construction,contractor,True,False,Normal,Repeated Listing
26500000,27388616.699900262,-888616.699900262,-3.24447455538526,3.24447455538526,2300.0,5.0,3.0,1.0,Thirupalya,Villa,Under Construction,owner,True,False,Normal,Repeated Listing
48000000,37025599.25003,10974400.749969997,29.640035468058233,29.640035468058233,2768.0,4.0,2.0,1.0,Hennur Gardens,Villa,Under Construction,agent,True,False,Normal,Repeated Listing
72150000,72298627.36492518,-148627.3649251759,-0.20557425547650263,0.20557425547650263,2300.0,8.0,3.0,1.0,Thirupalya,Villa,Under Construction,contractor,True,False,Normal,Repeated Listing
32500000,55000000.00000105,-22500000.00000105,-40.909090909092036,40.909090909092036,3000.0,4.0,1.0,1.0,Yelahanka,Villa,Under Construction,agent,True,False,Normal,Repeated Listing
17500000,18145538.13563871,-645538.1356387101,-3.5575585072941,3.5575585072941,2136.0,5.0,3.0,1.0,Bidaraguppe,Villa,Under Construction,agent,True,False,Normal,Repeated Listing
55000000,30390365.025824584,24609634.974175416,80.97841191859024,80.97841191859024,3000.0,4.0,1.0,1.0,Yelahanka,Villa,Under Construction,builder,True,False,Normal,Repeated Listing
14000000,15128654.757274574,-1128654.7572745737,-7.460377511304256,7.460377511304256,2136.0,4.0,3.0,1.0,Bidaraguppe,Villa,Under Construction,contractor,True,False,Normal,Repeated Listing
32000000,31848821.784964718,151178.21503528208,0.47467443554427097,0.47467443554427097,2500.0,4.0,1.0,1.0,Devanahalli,Villa,Ready to Move,contractor,True,False,Normal,Repeated Listing
37500000,40984055.42728329,-3484055.427283287,-8.501002135976847,8.501002135976847,2900.0,4.0,3.0,1.0,Sarjapur Road,Villa,Ready to Move,builder,True,False,Normal,Repeated Listing
50000000,39015269.80292154,10984730.197078459,28.154951260277844,28.154951260277844,3900.0,4.0,1.0,1.0,Devanahalli,Villa,Ready to Move,builder,True,False,Normal,Repeated Listing
28000000,37606391.66004806,-9606391.66004806,-25.544571643265662,25.544571643265662,2900.0,4.0,3.0,1.0,Sarjapur Road,Villa,Ready to Move,contractor,True,False,Normal,Repeated Listing
50000000,51643741.139716096,-1643741.1397160962,-3.1828467563361587,3.1828467563361587,3900.0,4.0,1.0,1.0,Devanahalli,Villa,Ready to Move,owner,True,False,Normal,Repeated Listing
28500000,31953592.868370604,-3453592.868370604,-10.808151942716767,10.808151942716767,2300.0,4.0,3.0,1.0,Thirupalya,Villa,Under Construction,agent,True,False,Normal,Repeated Listing
58400000,32712811.31373335,25687188.68626665,78.52332971297629,78.52332971297629,2900.0,4.0,3.0,1.0,Sarjapur Road,Villa,Ready to Move,agent,True,False,Normal,Repeated Listing
32000000,26204143.74423012,5795856.255769879,22.118090605597697,22.118090605597697,2300.0,4.0,3.0,1.0,Thirupalya,Villa,Under Construction,contractor,True,False,Normal,Repeated Listing
14800000,12925585.31544728,1874414.6845527198,14.501584561223849,14.501584561223849,2300.0,2.0,3.0,1.0,Thirupalya,Villa,Under Construction,owner,True,False,Normal,Repeated Listing
26500000,27388616.699900262,-888616.699900262,-3.24447455538526,3.24447455538526,2300.0,5.0,3.0,1.0,Thirupalya,Villa,Under Construction,owner,True,False,Normal,Repeated Listing
48000000,37025599.25003,10974400.749969997,29.640035468058233,29.640035468058233,2768.0,4.0,2.0,1.0,Hennur Gardens,Villa,Under Construction,agent,True,False,Normal,Repeated Listing
72150000,66285680.92557792,5864319.074422076,8.84703753893126,8.84703753893126,2300.0,8.0,3.0,1.0,Thirupalya,Villa,Under Construction,builder,True,False,Normal,Repeated Listing
32500000,55000000.00000105,-22500000.00000105,-40.909090909092036,40.909090909092036,3000.0,4.0,1.0,1.0,Yelahanka,Villa,Under Construction,agent,True,False,Normal,Repeated Listing
17500000,18172562.31527548,-672562.3152754791,-3.7009768001188097,3.7009768001188097,2136.0,5.0,3.0,1.0,Bidaraguppe,Villa,Under Construction,builder,True,False,Normal,Repeated Listing
55000000,32501572.606834713,22498427.393165287,69.22258090500557,69.22258090500557,3000.0,4.0,1.0,1.0,Yelahanka,Villa,Under Construction,agent,True,False,Normal,Repeated Listing
32000000,32038291.658905108,-38291.65890510753,-0.11951841662713712,0.11951841662713712,2500.0,4.0,1.0,1.0,Devanahalli,Villa,Ready to Move,builder,True,False,Normal,Repeated Listing
14000000,14910817.447835509,-910817.4478355087,-6.108434034699588,6.108434034699588,2136.0,4.0,3.0,1.0,Bidaraguppe,Villa,Under Construction,agent,True,False,Normal,Repeated Listing
37500000,40383283.03161897,-2883283.0316189677,-7.139793536254689,7.139793536254689,2900.0,4.0,3.0,1.0,Sarjapur Road,Villa,Ready to Move,agent,True,False,Normal,Repeated Listing
50000000,39508261.718489856,10491738.281510144,26.555808393361975,26.555808393361975,3900.0,4.0,1.0,1.0,Devanahalli,Villa,Ready to Move,contractor,True,False,Normal,Repeated Listing
28000000,37606391.66004806,-9606391.66004806,-25.544571643265662,25.544571643265662,2900.0,4.0,3.0,1.0,Sarjapur Road,Villa,Ready to Move,contractor,True,False,Normal,Repeated Listing
58400000,32712811.31373335,25687188.68626665,78.52332971297629,78.52332971297629,2900.0,4.0,3.0,1.0,Sarjapur Road,Villa,Ready to Move,agent,True,False,Normal,Repeated Listing
50000000,39015269.80292154,10984730.197078459,28.154951260277844,28.154951260277844,3900.0,4.0,1.0,1.0,Devanahalli,Villa,Ready to Move,builder,True,False,Normal,Repeated Listing
28500000,31953592.868370604,-3453592.868370604,-10.808151942716767,10.808151942716767,2300.0,4.0,3.0,1.0,Thirupalya,Villa,Under Construction,agent,True,False,Normal,Repeated Listing
48000000,37025599.25003,10974400.749969997,29.640035468058233,29.640035468058233,2768.0,4.0,2.0,1.0,Hennur Gardens,Villa,Under Construction,agent,True,False,Normal,Repeated Listing
32000000,27308742.32741032,4691257.672589678,17.17859290752094,17.17859290752094,2300.0,4.0,3.0,1.0,Thirupalya,Villa,Under Construction,builder,True,False,Normal,Repeated Listing
14800000,14887052.400365748,-87052.40036574751,-0.5847524279796906,0.5847524279796906,2300.0,2.0,3.0,1.0,Thirupalya,Villa,Under Construction,builder,True,False,Normal,Repeated Listing
32500000,55000000.00000105,-22500000.00000105,-40.909090909092036,40.909090909092036,3000.0,4.0,1.0,1.0,Yelahanka,Villa,Under Construction,agent,True,False,Normal,Repeated Listing
26500000,26738502.473351225,-238502.47335122526,-0.8919814173921197,0.8919814173921197,2300.0,5.0,3.0,1.0,Thirupalya,Villa,Under Construction,agent,True,False,Normal,Repeated Listing
55000000,30390365.025824584,24609634.974175416,80.97841191859024,80.97841191859024,3000.0,4.0,1.0,1.0,Yelahanka,Villa,Under Construction,builder,True,False,Normal,Repeated Listing
72150000,70039953.84836496,2110046.151635036,3.0126321273758143,3.0126321273758143,2300.0,8.0,3.0,1.0,Thirupalya,Villa,Under Construction,owner,True,False,Normal,Repeated Listing
32000000,31907191.702662885,92808.29733711481,0.29086952622461376,0.29086952622461376,2500.0,4.0,1.0,1.0,Devanahalli,Villa,Ready to Move,agent,True,False,Normal,Repeated Listing
17500000,18172562.31527548,-672562.3152754791,-3.7009768001188097,3.7009768001188097,2136.0,5.0,3.0,1.0,Bidaraguppe,Villa,Under Construction,builder,True,False,Normal,Repeated Listing
50000000,54695997.069464624,-4695997.069464624,-8.58563207742725,8.58563207742725,3900.0,4.0,1.0,1.0,Devanahalli,Villa,Ready to Move,agent,True,False,Normal,Repeated Listing
14000000,15128654.757274574,-1128654.7572745737,-7.460377511304256,7.460377511304256,2136.0,4.0,3.0,1.0,Bidaraguppe,Villa,Under Construction,contractor,True,False,Normal,Repeated Listing
50000000,39508261.718489856,10491738.281510144,26.555808393361975,26.555808393361975,3900.0,4.0,1.0,1.0,Devanahalli,Villa,Ready to Move,contractor,True,False,Normal,Repeated Listing
37500000,27975875.723221403,9524124.276778597,34.04406128696479,34.04406128696479,2900.0,4.0,3.0,1.0,Sarjapur Road,Villa,Ready to Move,owner,True,False,Normal,Repeated Listing
28500000,31953592.868370604,-3453592.868370604,-10.808151942716767,10.808151942716767,2300.0,4.0,3.0,1.0,Thirupalya,Villa,Under Construction,agent,True,False,Normal,Repeated Listing
32000000,28503241.98318361,3496758.016816389,12.267930851091997,12.267930851091997,2300.0,4.0,3.0,1.0,Thirupalya,Villa,Under Construction,agent,True,False,Normal,Repeated Listing
28000000,46068493.063934326,-18068493.063934326,-39.22093357570582,39.22093357570582,2900.0,4.0,3.0,1.0,Sarjapur Road,Villa,Ready to Move,agent,True,False,Normal,Repeated Listing
58400000,37431002.09585924,20968997.904140763,56.02040215338086,56.02040215338086,2900.0,4.0,3.0,1.0,Sarjapur Road,Villa,Ready to Move,builder,True,False,Normal,Repeated Listing
14800000,12925585.31544728,1874414.6845527198,14.501584561223849,14.501584561223849,2300.0,2.0,3.0,1.0,Thirupalya,Villa,Under Construction,owner,True,False,Normal,Repeated Listing
26500000,26713128.55074389,-213128.55074388906,-0.7978419687496843,0.7978419687496843,2300.0,5.0,3.0,1.0,Thirupalya,Villa,Under Construction,builder,True,False,Normal,Repeated Listing
48000000,37025599.25003,10974400.749969997,29.640035468058233,29.640035468058233,2768.0,4.0,2.0,1.0,Hennur Gardens,Villa,Under Construction,agent,True,False,Normal,Repeated Listing
72150000,71757171.8637932,392828.1362068057,0.5474409400532919,0.5474409400532919,2300.0,8.0,3.0,1.0,Thirupalya,Villa,Under Construction,agent,True,False,Normal,Repeated Listing
17500000,17173145.52905424,326854.4709457606,1.9032883078570242,1.9032883078570242,2136.0,5.0,3.0,1.0,Bidaraguppe,Villa,Under Construction,contractor,True,False,Normal,Repeated Listing
32500000,55000000.00000105,-22500000.00000105,-40.909090909092036,40.909090909092036,3000.0,4.0,1.0,1.0,Yelahanka,Villa,Under Construction,agent,True,False,Normal,Repeated Listing
55000000,32501572.606834713,22498427.393165287,69.22258090500557,69.22258090500557,3000.0,4.0,1.0,1.0,Yelahanka,Villa,Under Construction,agent,True,False,Normal,Repeated Listing
14000000,15128654.757274574,-1128654.7572745737,-7.460377511304256,7.460377511304256,2136.0,4.0,3.0,1.0,Bidaraguppe,Villa,Under Construction,contractor,True,False,Normal,Repeated Listing
37500000,38265442.75060015,-765442.7506001517,-2.000349912554315,2.000349912554315,2900.0,4.0,3.0,1.0,Sarjapur Road,Villa,Ready to Move,contractor,True,False,Normal,Repeated Listing
32000000,31848821.784964718,151178.21503528208,0.47467443554427097,0.47467443554427097,2500.0,4.0,1.0,1.0,Devanahalli,Villa,Ready to Move,contractor,True,False,Normal,Repeated Listing
50000000,39508261.718489856,10491738.281510144,26.555808393361975,26.555808393361975,3900.0,4.0,1.0,1.0,Devanahalli,Villa,Ready to Move,contractor,True,False,Normal,Repeated Listing
28000000,37606391.66004806,-9606391.66004806,-25.544571643265662,25.544571643265662,2900.0,4.0,3.0,1.0,Sarjapur Road,Villa,Ready to Move,contractor,True,False,Normal,Repeated Listing
50000000,54695997.069464624,-4695997.069464624,-8.58563207742725,8.58563207742725,3900.0,4.0,1.0,1.0,Devanahalli,Villa,Ready to Move,agent,True,False,Normal,Repeated Listing
28500000,31953592.868370604,-3453592.868370604,-10.808151942716767,10.808151942716767,2300.0,4.0,3.0,1.0,Thirupalya,Villa,Under Construction,agent,True,False,Normal,Repeated Listing
58400000,32712811.31373335,25687188.68626665,78.52332971297629,78.52332971297629,2900.0,4.0,3.0,1.0,Sarjapur Road,Villa,Ready to Move,agent,True,False,Normal,Repeated Listing
32000000,32920870.310378253,-920870.3103782535,-2.7972234685665356,2.7972234685665356,2300.0,4.0,3.0,1.0,Thirupalya,Villa,Under Construction,owner,True,False,Normal,Repeated Listing
14800000,13621647.907160668,1178352.0928393323,8.650583988592839,8.650583988592839,2300.0,2.0,3.0,1.0,Thirupalya,Villa,Under Construction,contractor,True,False,Normal,Repeated Listing
26500000,26713128.55074389,-213128.55074388906,-0.7978419687496843,0.7978419687496843,2300.0,5.0,3.0,1.0,Thirupalya,Villa,Under Construction,builder,True,False,Normal,Repeated Listing
48000000,37025599.25003,10974400.749969997,29.640035468058233,29.640035468058233,2768.0,4.0,2.0,1.0,Hennur Gardens,Villa,Under Construction,agent,True,False,Normal,Repeated Listing
72150000,71757171.8637932,392828.1362068057,0.5474409400532919,0.5474409400532919,2300.0,8.0,3.0,1.0,Thirupalya,Villa,Under Construction,agent,True,False,Normal,Repeated Listing
32500000,55000000.00000105,-22500000.00000105,-40.909090909092036,40.909090909092036,3000.0,4.0,1.0,1.0,Yelahanka,Villa,Under Construction,agent,True,False,Normal,Repeated Listing
17500000,16609807.208783785,890192.7912162151,5.359440841344946,5.359440841344946,2136.0,5.0,3.0,1.0,Bidaraguppe,Villa,Under Construction,owner,True,False,Normal,Repeated Listing
55000000,29390377.078481313,25609622.921518687,87.13608149066324,87.13608149066324,3000.0,4.0,1.0,1.0,Yelahanka,Villa,Under Construction,contractor,True,False,Normal,Repeated Listing
48000000,37025599.25003,10974400.749969997,29.640035468058233,29.640035468058233,2768.0,4.0,2.0,1.0,Hennur Gardens,Villa,Under Construction,agent,True,False,Normal,Repeated Listing
14000000,14725707.77437715,-725707.7743771505,-4.928169059825347,4.928169059825347,2136.0,4.0,3.0,1.0,Bidaraguppe,Villa,Under Construction,builder,True,False,Normal,Repeated Listing
32000000,32245783.615796532,-245783.61579653248,-0.7622193919211449,0.7622193919211449,2500.0,4.0,1.0,1.0,Devanahalli,Villa,Ready to Move,owner,True,False,Normal,Repeated Listing
32500000,55000000.00000105,-22500000.00000105,-40.909090909092036,40.909090909092036,3000.0,4.0,1.0,1.0,Yelahanka,Villa,Under Construction,agent,True,False,Normal,Repeated Listing
37500000,40383283.03161897,-2883283.0316189677,-7.139793536254689,7.139793536254689,2900.0,4.0,3.0,1.0,Sarjapur Road,Villa,Ready to Move,agent,True,False,Normal,Repeated Listing
50000000,39508261.718489856,10491738.281510144,26.555808393361975,26.555808393361975,3900.0,4.0,1.0,1.0,Devanahalli,Villa,Ready to Move,contractor,True,False,Normal,Repeated Listing
55000000,30390365.025824584,24609634.974175416,80.97841191859024,80.97841191859024,3000.0,4.0,1.0,1.0,Yelahanka,Villa,Under Construction,builder,True,False,Normal,Repeated Listing
28000000,37431002.09585924,-9431002.095859237,-25.195697597694107,25.195697597694107,2900.0,4.0,3.0,1.0,Sarjapur Road,Villa,Ready to Move,builder,True,False,Normal,Repeated Listing
58400000,32712811.31373335,25687188.68626665,78.52332971297629,78.52332971297629,2900.0,4.0,3.0,1.0,Sarjapur Road,Villa,Ready to Move,agent,True,False,Normal,Repeated Listing
50000000,51643741.139716096,-1643741.1397160962,-3.1828467563361587,3.1828467563361587,3900.0,4.0,1.0,1.0,Devanahalli,Villa,Ready to Move,owner,True,False,Normal,Repeated Listing
32000000,32245783.615796532,-245783.61579653248,-0.7622193919211449,0.7622193919211449,2500.0,4.0,1.0,1.0,Devanahalli,Villa,Ready to Move,owner,True,False,Normal,Repeated Listing
50000000,51643741.139716096,-1643741.1397160962,-3.1828467563361587,3.1828467563361587,3900.0,4.0,1.0,1.0,Devanahalli,Villa,Ready to Move,owner,True,False,Normal,Repeated Listing
28500000,31953592.868370604,-3453592.868370604,-10.808151942716767,10.808151942716767,2300.0,4.0,3.0,1.0,Thirupalya,Villa,Under Construction,agent,True,False,Normal,Repeated Listing
50000000,39015269.80292154,10984730.197078459,28.154951260277844,28.154951260277844,3900.0,4.0,1.0,1.0,Devanahalli,Villa,Ready to Move,builder,True,False,Normal,Repeated Listing
32000000,27308742.32741032,4691257.672589678,17.17859290752094,17.17859290752094,2300.0,4.0,3.0,1.0,Thirupalya,Villa,Under Construction,builder,True,False,Normal,Repeated Listing
28500000,31953592.868370604,-3453592.868370604,-10.808151942716767,10.808151942716767,2300.0,4.0,3.0,1.0,Thirupalya,Villa,Under Construction,agent,True,False,Normal,Repeated Listing
14800000,12925585.31544728,1874414.6845527198,14.501584561223849,14.501584561223849,2300.0,2.0,3.0,1.0,Thirupalya,Villa,Under Construction,owner,True,False,Normal,Repeated Listing
32000000,26204143.74423012,5795856.255769879,22.118090605597697,22.118090605597697,2300.0,4.0,3.0,1.0,Thirupalya,Villa,Under Construction,contractor,True,False,Normal,Repeated Listing
26500000,26738502.473351225,-238502.47335122526,-0.8919814173921197,0.8919814173921197,2300.0,5.0,3.0,1.0,Thirupalya,Villa,Under Construction,agent,True,False,Normal,Repeated Listing
14800000,14887052.400365748,-87052.40036574751,-0.5847524279796906,0.5847524279796906,2300.0,2.0,3.0,1.0,Thirupalya,Villa,Under Construction,builder,True,False,Normal,Repeated Listing
72150000,71757171.8637932,392828.1362068057,0.5474409400532919,0.5474409400532919,2300.0,8.0,3.0,1.0,Thirupalya,Villa,Under Construction,agent,True,False,Normal,Repeated Listing
26500000,26713128.55074389,-213128.55074388906,-0.7978419687496843,0.7978419687496843,2300.0,5.0,3.0,1.0,Thirupalya,Villa,Under Construction,builder,True,False,Normal,Repeated Listing
17500000,17173145.52905424,326854.4709457606,1.9032883078570242,1.9032883078570242,2136.0,5.0,3.0,1.0,Bidaraguppe,Villa,Under Construction,contractor,True,False,Normal,Repeated Listing
72150000,66285680.92557792,5864319.074422076,8.84703753893126,8.84703753893126,2300.0,8.0,3.0,1.0,Thirupalya,Villa,Under Construction,builder,True,False,Normal,Repeated Listing
17500000,18172562.31527548,-672562.3152754791,-3.7009768001188097,3.7009768001188097,2136.0,5.0,3.0,1.0,Bidaraguppe,Villa,Under Construction,builder,True,False,Normal,Repeated Listing
14000000,14725707.77437715,-725707.7743771505,-4.928169059825347,4.928169059825347,2136.0,4.0,3.0,1.0,Bidaraguppe,Villa,Under Construction,builder,True,False,Normal,Repeated Listing
37500000,27975875.723221403,9524124.276778597,34.04406128696479,34.04406128696479,2900.0,4.0,3.0,1.0,Sarjapur Road,Villa,Ready to Move,owner,True,False,Normal,Repeated Listing
14000000,14725707.77437715,-725707.7743771505,-4.928169059825347,4.928169059825347,2136.0,4.0,3.0,1.0,Bidaraguppe,Villa,Under Construction,builder,True,False,Normal,Repeated Listing
28000000,37606391.66004806,-9606391.66004806,-25.544571643265662,25.544571643265662,2900.0,4.0,3.0,1.0,Sarjapur Road,Villa,Ready to Move,contractor,True,False,Normal,Repeated Listing
58400000,37431002.09585924,20968997.904140763,56.02040215338086,56.02040215338086,2900.0,4.0,3.0,1.0,Sarjapur Road,Villa,Ready to Move,builder,True,False,Normal,Repeated Listing
37500000,40984055.42728329,-3484055.427283287,-8.501002135976847,8.501002135976847,2900.0,4.0,3.0,1.0,Sarjapur Road,Villa,Ready to Move,builder,True,False,Normal,Repeated Listing
48000000,37025599.25003,10974400.749969997,29.640035468058233,29.640035468058233,2768.0,4.0,2.0,1.0,Hennur Gardens,Villa,Under Construction,agent,True,False,Normal,Repeated Listing
32500000,55000000.00000105,-22500000.00000105,-40.909090909092036,40.909090909092036,3000.0,4.0,1.0,1.0,Yelahanka,Villa,Under Construction,agent,True,False,Normal,Repeated Listing
28000000,37606391.66004806,-9606391.66004806,-25.544571643265662,25.544571643265662,2900.0,4.0,3.0,1.0,Sarjapur Road,Villa,Ready to Move,contractor,True,False,Normal,Repeated Listing
55000000,29390377.078481313,25609622.921518687,87.13608149066324,87.13608149066324,3000.0,4.0,1.0,1.0,Yelahanka,Villa,Under Construction,contractor,True,False,Normal,Repeated Listing
58400000,37431002.09585924,20968997.904140763,56.02040215338086,56.02040215338086,2900.0,4.0,3.0,1.0,Sarjapur Road,Villa,Ready to Move,builder,True,False,Normal,Repeated Listing
32000000,32038291.658905108,-38291.65890510753,-0.11951841662713712,0.11951841662713712,2500.0,4.0,1.0,1.0,Devanahalli,Villa,Ready to Move,builder,True,False,Normal,Repeated Listing
50000000,39015269.80292154,10984730.197078459,28.154951260277844,28.154951260277844,3900.0,4.0,1.0,1.0,Devanahalli,Villa,Ready to Move,builder,True,False,Normal,Repeated Listing
50000000,39015269.80292154,10984730.197078459,28.154951260277844,28.154951260277844,3900.0,4.0,1.0,1.0,Devanahalli,Villa,Ready to Move,builder,True,False,Normal,Repeated Listing
28500000,31953592.868370604,-3453592.868370604,-10.808151942716767,10.808151942716767,2300.0,4.0,3.0,1.0,Thirupalya,Villa,Under Construction,agent,True,False,Normal,Repeated Listing
32000000,28503241.98318361,3496758.016816389,12.267930851091997,12.267930851091997,2300.0,4.0,3.0,1.0,Thirupalya,Villa,Under Construction,agent,True,False,Normal,Repeated Listing
14800000,13540530.005592821,1259469.9944071788,9.301482245428824,9.301482245428824,2300.0,2.0,3.0,1.0,Thirupalya,Villa,Under Construction,agent,True,False,Normal,Repeated Listing
26500000,26417217.791547924,82782.20845207572,0.3133645984421627,0.3133645984421627,2300.0,5.0,3.0,1.0,Thirupalya,Villa,Under Construction,contractor,True,False,Normal,Repeated Listing
72150000,72298627.36492518,-148627.3649251759,-0.20557425547650263,0.20557425547650263,2300.0,8.0,3.0,1.0,Thirupalya,Villa,Under Construction,contractor,True,False,Normal,Repeated Listing
17500000,17173145.52905424,326854.4709457606,1.9032883078570242,1.9032883078570242,2136.0,5.0,3.0,1.0,Bidaraguppe,Villa,Under Construction,contractor,True,False,Normal,Repeated Listing
14000000,14725707.77437715,-725707.7743771505,-4.928169059825347,4.928169059825347,2136.0,4.0,3.0,1.0,Bidaraguppe,Villa,Under Construction,builder,True,False,Normal,Repeated Listing
37500000,40383283.03161897,-2883283.0316189677,-7.139793536254689,7.139793536254689,2900.0,4.0,3.0,1.0,Sarjapur Road,Villa,Ready to Move,agent,True,False,Normal,Repeated Listing
28000000,46068493.063934326,-18068493.063934326,-39.22093357570582,39.22093357570582,2900.0,4.0,3.0,1.0,Sarjapur Road,Villa,Ready to Move,agent,True,False,Normal,Repeated Listing
58400000,37431002.09585924,20968997.904140763,56.02040215338086,56.02040215338086,2900.0,4.0,3.0,1.0,Sarjapur Road,Villa,Ready to Move,builder,True,False,Normal,Repeated Listing
48000000,37025599.25003,10974400.749969997,29.640035468058233,29.640035468058233,2768.0,4.0,2.0,1.0,Hennur Gardens,Villa,Under Construction,agent,True,False,Normal,Repeated Listing
32500000,55000000.00000105,-22500000.00000105,-40.909090909092036,40.909090909092036,3000.0,4.0,1.0,1.0,Yelahanka,Villa,Under Construction,agent,True,False,Normal,Repeated Listing
55000000,29390377.078481313,25609622.921518687,87.13608149066324,87.13608149066324,3000.0,4.0,1.0,1.0,Yelahanka,Villa,Under Construction,contractor,True,False,Normal,Repeated Listing
32000000,32245783.615796532,-245783.61579653248,-0.7622193919211449,0.7622193919211449,2500.0,4.0,1.0,1.0,Devanahalli,Villa,Ready to Move,owner,True,False,Normal,Repeated Listing
50000000,54695997.069464624,-4695997.069464624,-8.58563207742725,8.58563207742725,3900.0,4.0,1.0,1.0,Devanahalli,Villa,Ready to Move,agent,True,False,Normal,Repeated Listing
50000000,51643741.139716096,-1643741.1397160962,-3.1828467563361587,3.1828467563361587,3900.0,4.0,1.0,1.0,Devanahalli,Villa,Ready to Move,owner,True,False,Normal,Repeated Listing
28500000,31953592.868370604,-3453592.868370604,-10.808151942716767,10.808151942716767,2300.0,4.0,3.0,1.0,Thirupalya,Villa,Under Construction,agent,True,False,Normal,Repeated Listing
32000000,32920870.310378253,-920870.3103782535,-2.7972234685665356,2.7972234685665356,2300.0,4.0,3.0,1.0,Thirupalya,Villa,Under Construction,owner,True,False,Normal,Repeated Listing
14800000,12925585.31544728,1874414.6845527198,14.501584561223849,14.501584561223849,2300.0,2.0,3.0,1.0,Thirupalya,Villa,Under Construction,owner,True,False,Normal,Repeated Listing
26500000,26417217.791547924,82782.20845207572,0.3133645984421627,0.3133645984421627,2300.0,5.0,3.0,1.0,Thirupalya,Villa,Under Construction,contractor,True,False,Normal,Repeated Listing
72150000,70039953.84836496,2110046.151635036,3.0126321273758143,3.0126321273758143,2300.0,8.0,3.0,1.0,Thirupalya,Villa,Under Construction,owner,True,False,Normal,Repeated Listing
17500000,18172562.31527548,-672562.3152754791,-3.7009768001188097,3.7009768001188097,2136.0,5.0,3.0,1.0,Bidaraguppe,Villa,Under Construction,builder,True,False,Normal,Repeated Listing
48000000,37025599.25003,10974400.749969997,29.640035468058233,29.640035468058233,2768.0,4.0,2.0,1.0,Hennur Gardens,Villa,Under Construction,agent,True,False,Normal,Repeated Listing
14000000,14725707.77437715,-725707.7743771505,-4.928169059825347,4.928169059825347,2136.0,4.0,3.0,1.0,Bidaraguppe,Villa,Under Construction,builder,True,False,Normal,Repeated Listing
37500000,38265442.75060015,-765442.7506001517,-2.000349912554315,2.000349912554315,2900.0,4.0,3.0,1.0,Sarjapur Road,Villa,Ready to Move,contractor,True,False,Normal,Repeated Listing
32500000,55000000.00000105,-22500000.00000105,-40.909090909092036,40.909090909092036,3000.0,4.0,1.0,1.0,Yelahanka,Villa,Under Construction,agent,True,False,Normal,Repeated Listing
55000000,30390365.025824584,24609634.974175416,80.97841191859024,80.97841191859024,3000.0,4.0,1.0,1.0,Yelahanka,Villa,Under Construction,builder,True,False,Normal,Repeated Listing
28000000,37606391.66004806,-9606391.66004806,-25.544571643265662,25.544571643265662,2900.0,4.0,3.0,1.0,Sarjapur Road,Villa,Ready to Move,contractor,True,False,Normal,Repeated Listing
58400000,27975875.723221403,30424124.276778597,108.7512847775665,108.7512847775665,2900.0,4.0,3.0,1.0,Sarjapur Road,Villa,Ready to Move,owner,True,False,Potentially Overpriced,Repeated Listing
32000000,32245783.615796532,-245783.61579653248,-0.7622193919211449,0.7622193919211449,2500.0,4.0,1.0,1.0,Devanahalli,Villa,Ready to Move,owner,True,False,Normal,Repeated Listing
50000000,39508261.718489856,10491738.281510144,26.555808393361975,26.555808393361975,3900.0,4.0,1.0,1.0,Devanahalli,Villa,Ready to Move,contractor,True,False,Normal,Repeated Listing
50000000,54695997.069464624,-4695997.069464624,-8.58563207742725,8.58563207742725,3900.0,4.0,1.0,1.0,Devanahalli,Villa,Ready to Move,agent,True,False,Normal,Repeated Listing
28500000,31953592.868370604,-3453592.868370604,-10.808151942716767,10.808151942716767,2300.0,4.0,3.0,1.0,Thirupalya,Villa,Under Construction,agent,True,False,Normal,Repeated Listing
32000000,32920870.310378253,-920870.3103782535,-2.7972234685665356,2.7972234685665356,2300.0,4.0,3.0,1.0,Thirupalya,Villa,Under Construction,owner,True,False,Normal,Repeated Listing
14800000,14887052.400365748,-87052.40036574751,-0.5847524279796906,0.5847524279796906,2300.0,2.0,3.0,1.0,Thirupalya,Villa,Under Construction,builder,True,False,Normal,Repeated Listing
26500000,27388616.699900262,-888616.699900262,-3.24447455538526,3.24447455538526,2300.0,5.0,3.0,1.0,Thirupalya,Villa,Under Construction,owner,True,False,Normal,Repeated Listing
72150000,71757171.8637932,392828.1362068057,0.5474409400532919,0.5474409400532919,2300.0,8.0,3.0,1.0,Thirupalya,Villa,Under Construction,agent,True,False,Normal,Repeated Listing
48000000,37025599.25003,10974400.749969997,29.640035468058233,29.640035468058233,2768.0,4.0,2.0,1.0,Hennur Gardens,Villa,Under Construction,agent,True,False,Normal,Repeated Listing
32500000,55000000.00000105,-22500000.00000105,-40.909090909092036,40.909090909092036,3000.0,4.0,1.0,1.0,Yelahanka,Villa,Under Construction,agent,True,False,Normal,Repeated Listing
17500000,18145538.13563871,-645538.1356387101,-3.5575585072941,3.5575585072941,2136.0,5.0,3.0,1.0,Bidaraguppe,Villa,Under Construction,agent,True,False,Normal,Repeated Listing
14000000,15128654.757274574,-1128654.7572745737,-7.460377511304256,7.460377511304256,2136.0,4.0,3.0,1.0,Bidaraguppe,Villa,Under Construction,contractor,True,False,Normal,Repeated Listing
55000000,55695508.54837928,-695508.5483792797,-1.2487695444510287,1.2487695444510287,3000.0,4.0,1.0,1.0,Yelahanka,Villa,Under Construction,owner,True,False,Normal,Repeated Listing
32000000,32245783.615796532,-245783.61579653248,-0.7622193919211449,0.7622193919211449,2500.0,4.0,1.0,1.0,Devanahalli,Villa,Ready to Move,owner,True,False,Normal,Repeated Listing
37500000,38265442.75060015,-765442.7506001517,-2.000349912554315,2.000349912554315,2900.0,4.0,3.0,1.0,Sarjapur Road,Villa,Ready to Move,contractor,True,False,Normal,Repeated Listing
28000000,49030179.90966302,-21030179.90966302,-42.892316423090115,42.892316423090115,2900.0,4.0,3.0,1.0,Sarjapur Road,Villa,Ready to Move,owner,True,False,Normal,Repeated Listing
50000000,39015269.80292154,10984730.197078459,28.154951260277844,28.154951260277844,3900.0,4.0,1.0,1.0,Devanahalli,Villa,Ready to Move,builder,True,False,Normal,Repeated Listing
50000000,39015269.80292154,10984730.197078459,28.154951260277844,28.154951260277844,3900.0,4.0,1.0,1.0,Devanahalli,Villa,Ready to Move,builder,True,False,Normal,Repeated Listing
58400000,32712811.31373335,25687188.68626665,78.52332971297629,78.52332971297629,2900.0,4.0,3.0,1.0,Sarjapur Road,Villa,Ready to Move,agent,True,False,Normal,Repeated Listing
28500000,31953592.868370604,-3453592.868370604,-10.808151942716767,10.808151942716767,2300.0,4.0,3.0,1.0,Thirupalya,Villa,Under Construction,agent,True,False,Normal,Repeated Listing
32000000,28503241.98318361,3496758.016816389,12.267930851091997,12.267930851091997,2300.0,4.0,3.0,1.0,Thirupalya,Villa,Under Construction,agent,True,False,Normal,Repeated Listing
14800000,13621647.907160668,1178352.0928393323,8.650583988592839,8.650583988592839,2300.0,2.0,3.0,1.0,Thirupalya,Villa,Under Construction,contractor,True,False,Normal,Repeated Listing
26500000,26417217.791547924,82782.20845207572,0.3133645984421627,0.3133645984421627,2300.0,5.0,3.0,1.0,Thirupalya,Villa,Under Construction,contractor,True,False,Normal,Repeated Listing
72150000,70039953.84836496,2110046.151635036,3.0126321273758143,3.0126321273758143,2300.0,8.0,3.0,1.0,Thirupalya,Villa,Under Construction,owner,True,False,Normal,Repeated Listing
17500000,18145538.13563871,-645538.1356387101,-3.5575585072941,3.5575585072941,2136.0,5.0,3.0,1.0,Bidaraguppe,Villa,Under Construction,agent,True,False,Normal,Repeated Listing
14000000,15128654.757274574,-1128654.7572745737,-7.460377511304256,7.460377511304256,2136.0,4.0,3.0,1.0,Bidaraguppe,Villa,Under Construction,contractor,True,False,Normal,Repeated Listing
37500000,38265442.75060015,-765442.7506001517,-2.000349912554315,2.000349912554315,2900.0,4.0,3.0,1.0,Sarjapur Road,Villa,Ready to Move,contractor,True,False,Normal,Repeated Listing
28000000,46068493.063934326,-18068493.063934326,-39.22093357570582,39.22093357570582,2900.0,4.0,3.0,1.0,Sarjapur Road,Villa,Ready to Move,agent,True,False,Normal,Repeated Listing
58400000,37606391.66004806,20793608.33995194,55.29275057261734,55.29275057261734,2900.0,4.0,3.0,1.0,Sarjapur Road,Villa,Ready to Move,contractor,True,False,Normal,Repeated Listing
48000000,37025599.25003,10974400.749969997,29.640035468058233,29.640035468058233,2768.0,4.0,2.0,1.0,Hennur Gardens,Villa,Under Construction,agent,True,False,Normal,Repeated Listing
48000000,37025599.25003,10974400.749969997,29.640035468058233,29.640035468058233,2768.0,4.0,2.0,1.0,Hennur Gardens,Villa,Under Construction,agent,True,False,Normal,Repeated Listing
32500000,55000000.00000105,-22500000.00000105,-40.909090909092036,40.909090909092036,3000.0,4.0,1.0,1.0,Yelahanka,Villa,Under Construction,agent,True,False,Normal,Repeated Listing
32500000,55000000.00000105,-22500000.00000105,-40.909090909092036,40.909090909092036,3000.0,4.0,1.0,1.0,Yelahanka,Villa,Under Construction,agent,True,False,Normal,Repeated Listing
55000000,32501572.606834713,22498427.393165287,69.22258090500557,69.22258090500557,3000.0,4.0,1.0,1.0,Yelahanka,Villa,Under Construction,agent,True,False,Normal,Repeated Listing
55000000,55695508.54837928,-695508.5483792797,-1.2487695444510287,1.2487695444510287,3000.0,4.0,1.0,1.0,Yelahanka,Villa,Under Construction,owner,True,False,Normal,Repeated Listing
32000000,32245783.615796532,-245783.61579653248,-0.7622193919211449,0.7622193919211449,2500.0,4.0,1.0,1.0,Devanahalli,Villa,Ready to Move,owner,True,False,Normal,Repeated Listing
32000000,31907191.702662885,92808.29733711481,0.29086952622461376,0.29086952622461376,2500.0,4.0,1.0,1.0,Devanahalli,Villa,Ready to Move,agent,True,False,Normal,Repeated Listing
50000000,39508261.718489856,10491738.281510144,26.555808393361975,26.555808393361975,3900.0,4.0,1.0,1.0,Devanahalli,Villa,Ready to Move,contractor,True,False,Normal,Repeated Listing
50000000,39508261.718489856,10491738.281510144,26.555808393361975,26.555808393361975,3900.0,4.0,1.0,1.0,Devanahalli,Villa,Ready to Move,contractor,True,False,Normal,Repeated Listing
50000000,51643741.139716096,-1643741.1397160962,-3.1828467563361587,3.1828467563361587,3900.0,4.0,1.0,1.0,Devanahalli,Villa,Ready to Move,owner,True,False,Normal,Repeated Listing
50000000,39508261.718489856,10491738.281510144,26.555808393361975,26.555808393361975,3900.0,4.0,1.0,1.0,Devanahalli,Villa,Ready to Move,contractor,True,False,Normal,Repeated Listing
28500000,31953592.868370604,-3453592.868370604,-10.808151942716767,10.808151942716767,2300.0,4.0,3.0,1.0,Thirupalya,Villa,Under Construction,agent,True,False,Normal,Repeated Listing
28500000,31953592.868370604,-3453592.868370604,-10.808151942716767,10.808151942716767,2300.0,4.0,3.0,1.0,Thirupalya,Villa,Under Construction,agent,True,False,Normal,Repeated Listing
32000000,32920870.310378253,-920870.3103782535,-2.7972234685665356,2.7972234685665356,2300.0,4.0,3.0,1.0,Thirupalya,Villa,Under Construction,owner,True,False,Normal,Repeated Listing
32000000,27308742.32741032,4691257.672589678,17.17859290752094,17.17859290752094,2300.0,4.0,3.0,1.0,Thirupalya,Villa,Under Construction,builder,True,False,Normal,Repeated Listing
14800000,14887052.400365748,-87052.40036574751,-0.5847524279796906,0.5847524279796906,2300.0,2.0,3.0,1.0,Thirupalya,Villa,Under Construction,builder,True,False,Normal,Repeated Listing
14800000,14887052.400365748,-87052.40036574751,-0.5847524279796906,0.5847524279796906,2300.0,2.0,3.0,1.0,Thirupalya,Villa,Under Construction,builder,True,False,Normal,Repeated Listing
26500000,27388616.699900262,-888616.699900262,-3.24447455538526,3.24447455538526,2300.0,5.0,3.0,1.0,Thirupalya,Villa,Under Construction,owner,True,False,Normal,Repeated Listing
26500000,26738502.473351225,-238502.47335122526,-0.8919814173921197,0.8919814173921197,2300.0,5.0,3.0,1.0,Thirupalya,Villa,Under Construction,agent,True,False,Normal,Repeated Listing
72150000,72298627.36492518,-148627.3649251759,-0.20557425547650263,0.20557425547650263,2300.0,8.0,3.0,1.0,Thirupalya,Villa,Under Construction,contractor,True,False,Normal,Repeated Listing
72150000,71757171.8637932,392828.1362068057,0.5474409400532919,0.5474409400532919,2300.0,8.0,3.0,1.0,Thirupalya,Villa,Under Construction,agent,True,False,Normal,Repeated Listing
17500000,17173145.52905424,326854.4709457606,1.9032883078570242,1.9032883078570242,2136.0,5.0,3.0,1.0,Bidaraguppe,Villa,Under Construction,contractor,True,False,Normal,Repeated Listing
17500000,16609807.208783785,890192.7912162151,5.359440841344946,5.359440841344946,2136.0,5.0,3.0,1.0,Bidaraguppe,Villa,Under Construction,owner,True,False,Normal,Repeated Listing
14000000,13993172.009470293,6827.990529706702,0.048795158989581894,0.048795158989581894,2136.0,4.0,3.0,1.0,Bidaraguppe,Villa,Under Construction,owner,True,False,Normal,Repeated Listing
14000000,14910817.447835509,-910817.4478355087,-6.108434034699588,6.108434034699588,2136.0,4.0,3.0,1.0,Bidaraguppe,Villa,Under Construction,agent,True,False,Normal,Repeated Listing
37500000,40984055.42728329,-3484055.427283287,-8.501002135976847,8.501002135976847,2900.0,4.0,3.0,1.0,Sarjapur Road,Villa,Ready to Move,builder,True,False,Normal,Repeated Listing
28000000,46068493.063934326,-18068493.063934326,-39.22093357570582,39.22093357570582,2900.0,4.0,3.0,1.0,Sarjapur Road,Villa,Ready to Move,agent,True,False,Normal,Repeated Listing
48000000,37025599.25003,10974400.749969997,29.640035468058233,29.640035468058233,2768.0,4.0,2.0,1.0,Hennur Gardens,Villa,Under Construction,agent,True,False,Normal,Repeated Listing
37500000,40984055.42728329,-3484055.427283287,-8.501002135976847,8.501002135976847,2900.0,4.0,3.0,1.0,Sarjapur Road,Villa,Ready to Move,builder,True,False,Normal,Repeated Listing
28000000,46068493.063934326,-18068493.063934326,-39.22093357570582,39.22093357570582,2900.0,4.0,3.0,1.0,Sarjapur Road,Villa,Ready to Move,agent,True,False,Normal,Repeated Listing
58400000,37606391.66004806,20793608.33995194,55.29275057261734,55.29275057261734,2900.0,4.0,3.0,1.0,Sarjapur Road,Villa,Ready to Move,contractor,True,False,Normal,Repeated Listing
32500000,55000000.00000105,-22500000.00000105,-40.909090909092036,40.909090909092036,3000.0,4.0,1.0,1.0,Yelahanka,Villa,Under Construction,agent,True,False,Normal,Repeated Listing
55000000,55695508.54837928,-695508.5483792797,-1.2487695444510287,1.2487695444510287,3000.0,4.0,1.0,1.0,Yelahanka,Villa,Under Construction,owner,True,False,Normal,Repeated Listing
58400000,37431002.09585924,20968997.904140763,56.02040215338086,56.02040215338086,2900.0,4.0,3.0,1.0,Sarjapur Road,Villa,Ready to Move,builder,True,False,Normal,Repeated Listing
32000000,32245783.615796532,-245783.61579653248,-0.7622193919211449,0.7622193919211449,2500.0,4.0,1.0,1.0,Devanahalli,Villa,Ready to Move,owner,True,False,Normal,Repeated Listing
50000000,51643741.139716096,-1643741.1397160962,-3.1828467563361587,3.1828467563361587,3900.0,4.0,1.0,1.0,Devanahalli,Villa,Ready to Move,owner,True,False,Normal,Repeated Listing
50000000,39015269.80292154,10984730.197078459,28.154951260277844,28.154951260277844,3900.0,4.0,1.0,1.0,Devanahalli,Villa,Ready to Move,builder,True,False,Normal,Repeated Listing
28500000,31953592.868370604,-3453592.868370604,-10.808151942716767,10.808151942716767,2300.0,4.0,3.0,1.0,Thirupalya,Villa,Under Construction,agent,True,False,Normal,Repeated Listing
32000000,28503241.98318361,3496758.016816389,12.267930851091997,12.267930851091997,2300.0,4.0,3.0,1.0,Thirupalya,Villa,Under Construction,agent,True,False,Normal,Repeated Listing
14800000,13621647.907160668,1178352.0928393323,8.650583988592839,8.650583988592839,2300.0,2.0,3.0,1.0,Thirupalya,Villa,Under Construction,contractor,True,False,Normal,Repeated Listing
26500000,26417217.791547924,82782.20845207572,0.3133645984421627,0.3133645984421627,2300.0,5.0,3.0,1.0,Thirupalya,Villa,Under Construction,contractor,True,False,Normal,Repeated Listing
72150000,71757171.8637932,392828.1362068057,0.5474409400532919,0.5474409400532919,2300.0,8.0,3.0,1.0,Thirupalya,Villa,Under Construction,agent,True,False,Normal,Repeated Listing
17500000,17173145.52905424,326854.4709457606,1.9032883078570242,1.9032883078570242,2136.0,5.0,3.0,1.0,Bidaraguppe,Villa,Under Construction,contractor,True,False,Normal,Repeated Listing
14000000,14725707.77437715,-725707.7743771505,-4.928169059825347,4.928169059825347,2136.0,4.0,3.0,1.0,Bidaraguppe,Villa,Under Construction,builder,True,False,Normal,Repeated Listing
37500000,38265442.75060015,-765442.7506001517,-2.000349912554315,2.000349912554315,2900.0,4.0,3.0,1.0,Sarjapur Road,Villa,Ready to Move,contractor,True,False,Normal,Repeated Listing
28000000,49030179.90966302,-21030179.90966302,-42.892316423090115,42.892316423090115,2900.0,4.0,3.0,1.0,Sarjapur Road,Villa,Ready to Move,owner,True,False,Normal,Repeated Listing
48000000,37025599.25003,10974400.749969997,29.640035468058233,29.640035468058233,2768.0,4.0,2.0,1.0,Hennur Gardens,Villa,Under Construction,agent,True,False,Normal,Repeated Listing
32500000,55000000.00000105,-22500000.00000105,-40.909090909092036,40.909090909092036,3000.0,4.0,1.0,1.0,Yelahanka,Villa,Under Construction,agent,True,False,Normal,Repeated Listing
58400000,37606391.66004806,20793608.33995194,55.29275057261734,55.29275057261734,2900.0,4.0,3.0,1.0,Sarjapur Road,Villa,Ready to Move,contractor,True,False,Normal,Repeated Listing
55000000,29390377.078481313,25609622.921518687,87.13608149066324,87.13608149066324,3000.0,4.0,1.0,1.0,Yelahanka,Villa,Under Construction,contractor,True,False,Normal,Repeated Listing
32000000,31848821.784964718,151178.21503528208,0.47467443554427097,0.47467443554427097,2500.0,4.0,1.0,1.0,Devanahalli,Villa,Ready to Move,contractor,True,False,Normal,Repeated Listing
50000000,51643741.139716096,-1643741.1397160962,-3.1828467563361587,3.1828467563361587,3900.0,4.0,1.0,1.0,Devanahalli,Villa,Ready to Move,owner,True,False,Normal,Repeated Listing
50000000,51643741.139716096,-1643741.1397160962,-3.1828467563361587,3.1828467563361587,3900.0,4.0,1.0,1.0,Devanahalli,Villa,Ready to Move,owner,True,False,Normal,Repeated Listing
28500000,31953592.868370604,-3453592.868370604,-10.808151942716767,10.808151942716767,2300.0,4.0,3.0,1.0,Thirupalya,Villa,Under Construction,agent,True,False,Normal,Repeated Listing
32000000,27308742.32741032,4691257.672589678,17.17859290752094,17.17859290752094,2300.0,4.0,3.0,1.0,Thirupalya,Villa,Under Construction,builder,True,False,Normal,Repeated Listing
14800000,14887052.400365748,-87052.40036574751,-0.5847524279796906,0.5847524279796906,2300.0,2.0,3.0,1.0,Thirupalya,Villa,Under Construction,builder,True,False,Normal,Repeated Listing
26500000,26417217.791547924,82782.20845207572,0.3133645984421627,0.3133645984421627,2300.0,5.0,3.0,1.0,Thirupalya,Villa,Under Construction,contractor,True,False,Normal,Repeated Listing
72150000,71757171.8637932,392828.1362068057,0.5474409400532919,0.5474409400532919,2300.0,8.0,3.0,1.0,Thirupalya,Villa,Under Construction,agent,True,False,Normal,Repeated Listing
17500000,18172562.31527548,-672562.3152754791,-3.7009768001188097,3.7009768001188097,2136.0,5.0,3.0,1.0,Bidaraguppe,Villa,Under Construction,builder,True,False,Normal,Repeated Listing
14000000,13993172.009470293,6827.990529706702,0.048795158989581894,0.048795158989581894,2136.0,4.0,3.0,1.0,Bidaraguppe,Villa,Under Construction,owner,True,False,Normal,Repeated Listing
37500000,40984055.42728329,-3484055.427283287,-8.501002135976847,8.501002135976847,2900.0,4.0,3.0,1.0,Sarjapur Road,Villa,Ready to Move,builder,True,False,Normal,Repeated Listing
28000000,37606391.66004806,-9606391.66004806,-25.544571643265662,25.544571643265662,2900.0,4.0,3.0,1.0,Sarjapur Road,Villa,Ready to Move,contractor,True,False,Normal,Repeated Listing
58400000,27975875.723221403,30424124.276778597,108.7512847775665,108.7512847775665,2900.0,4.0,3.0,1.0,Sarjapur Road,Villa,Ready to Move,owner,True,False,Potentially Overpriced,Repeated Listing
48000000,37025599.25003,10974400.749969997,29.640035468058233,29.640035468058233,2768.0,4.0,2.0,1.0,Hennur Gardens,Villa,Under Construction,agent,True,False,Normal,Repeated Listing
32500000,55000000.00000105,-22500000.00000105,-40.909090909092036,40.909090909092036,3000.0,4.0,1.0,1.0,Yelahanka,Villa,Under Construction,agent,True,False,Normal,Repeated Listing
55000000,29390377.078481313,25609622.921518687,87.13608149066324,87.13608149066324,3000.0,4.0,1.0,1.0,Yelahanka,Villa,Under Construction,contractor,True,False,Normal,Repeated Listing
32000000,32038291.658905108,-38291.65890510753,-0.11951841662713712,0.11951841662713712,2500.0,4.0,1.0,1.0,Devanahalli,Villa,Ready to Move,builder,True,False,Normal,Repeated Listing
50000000,54695997.069464624,-4695997.069464624,-8.58563207742725,8.58563207742725,3900.0,4.0,1.0,1.0,Devanahalli,Villa,Ready to Move,agent,True,False,Normal,Repeated Listing
50000000,39508261.718489856,10491738.281510144,26.555808393361975,26.555808393361975,3900.0,4.0,1.0,1.0,Devanahalli,Villa,Ready to Move,contractor,True,False,Normal,Repeated Listing
28500000,31953592.868370604,-3453592.868370604,-10.808151942716767,10.808151942716767,2300.0,4.0,3.0,1.0,Thirupalya,Villa,Under Construction,agent,True,False,Normal,Repeated Listing
32000000,27308742.32741032,4691257.672589678,17.17859290752094,17.17859290752094,2300.0,4.0,3.0,1.0,Thirupalya,Villa,Under Construction,builder,True,False,Normal,Repeated Listing
14800000,12925585.31544728,1874414.6845527198,14.501584561223849,14.501584561223849,2300.0,2.0,3.0,1.0,Thirupalya,Villa,Under Construction,owner,True,False,Normal,Repeated Listing
26500000,26738502.473351225,-238502.47335122526,-0.8919814173921197,0.8919814173921197,2300.0,5.0,3.0,1.0,Thirupalya,Villa,Under Construction,agent,True,False,Normal,Repeated Listing
72150000,70039953.84836496,2110046.151635036,3.0126321273758143,3.0126321273758143,2300.0,8.0,3.0,1.0,Thirupalya,Villa,Under Construction,owner,True,False,Normal,Repeated Listing
17500000,18172562.31527548,-672562.3152754791,-3.7009768001188097,3.7009768001188097,2136.0,5.0,3.0,1.0,Bidaraguppe,Villa,Under Construction,builder,True,False,Normal,Repeated Listing
14000000,15128654.757274574,-1128654.7572745737,-7.460377511304256,7.460377511304256,2136.0,4.0,3.0,1.0,Bidaraguppe,Villa,Under Construction,contractor,True,False,Normal,Repeated Listing
37500000,40383283.03161897,-2883283.0316189677,-7.139793536254689,7.139793536254689,2900.0,4.0,3.0,1.0,Sarjapur Road,Villa,Ready to Move,agent,True,False,Normal,Repeated Listing
48000000,37025599.25003,10974400.749969997,29.640035468058233,29.640035468058233,2768.0,4.0,2.0,1.0,Hennur Gardens,Villa,Under Construction,agent,True,False,Normal,Repeated Listing
28000000,37431002.09585924,-9431002.095859237,-25.195697597694107,25.195697597694107,2900.0,4.0,3.0,1.0,Sarjapur Road,Villa,Ready to Move,builder,True,False,Normal,Repeated Listing
58400000,32712811.31373335,25687188.68626665,78.52332971297629,78.52332971297629,2900.0,4.0,3.0,1.0,Sarjapur Road,Villa,Ready to Move,agent,True,False,Normal,Repeated Listing
32500000,55000000.00000105,-22500000.00000105,-40.909090909092036,40.909090909092036,3000.0,4.0,1.0,1.0,Yelahanka,Villa,Under Construction,agent,True,False,Normal,Repeated Listing
55000000,29390377.078481313,25609622.921518687,87.13608149066324,87.13608149066324,3000.0,4.0,1.0,1.0,Yelahanka,Villa,Under Construction,contractor,True,False,Normal,Repeated Listing
32000000,31907191.702662885,92808.29733711481,0.29086952622461376,0.29086952622461376,2500.0,4.0,1.0,1.0,Devanahalli,Villa,Ready to Move,agent,True,False,Normal,Repeated Listing
50000000,51643741.139716096,-1643741.1397160962,-3.1828467563361587,3.1828467563361587,3900.0,4.0,1.0,1.0,Devanahalli,Villa,Ready to Move,owner,True,False,Normal,Repeated Listing
50000000,54695997.069464624,-4695997.069464624,-8.58563207742725,8.58563207742725,3900.0,4.0,1.0,1.0,Devanahalli,Villa,Ready to Move,agent,True,False,Normal,Repeated Listing
28500000,31953592.868370604,-3453592.868370604,-10.808151942716767,10.808151942716767,2300.0,4.0,3.0,1.0,Thirupalya,Villa,Under Construction,agent,True,False,Normal,Repeated Listing
32000000,27308742.32741032,4691257.672589678,17.17859290752094,17.17859290752094,2300.0,4.0,3.0,1.0,Thirupalya,Villa,Under Construction,builder,True,False,Normal,Repeated Listing
14800000,12925585.31544728,1874414.6845527198,14.501584561223849,14.501584561223849,2300.0,2.0,3.0,1.0,Thirupalya,Villa,Under Construction,owner,True,False,Normal,Repeated Listing
26500000,26713128.55074389,-213128.55074388906,-0.7978419687496843,0.7978419687496843,2300.0,5.0,3.0,1.0,Thirupalya,Villa,Under Construction,builder,True,False,Normal,Repeated Listing
72150000,72298627.36492518,-148627.3649251759,-0.20557425547650263,0.20557425547650263,2300.0,8.0,3.0,1.0,Thirupalya,Villa,Under Construction,contractor,True,False,Normal,Repeated Listing
17500000,17173145.52905424,326854.4709457606,1.9032883078570242,1.9032883078570242,2136.0,5.0,3.0,1.0,Bidaraguppe,Villa,Under Construction,contractor,True,False,Normal,Repeated Listing
14000000,15128654.757274574,-1128654.7572745737,-7.460377511304256,7.460377511304256,2136.0,4.0,3.0,1.0,Bidaraguppe,Villa,Under Construction,contractor,True,False,Normal,Repeated Listing
48000000,37025599.25003,10974400.749969997,29.640035468058233,29.640035468058233,2768.0,4.0,2.0,1.0,Hennur Gardens,Villa,Under Construction,agent,True,False,Normal,Repeated Listing
37500000,40383283.03161897,-2883283.0316189677,-7.139793536254689,7.139793536254689,2900.0,4.0,3.0,1.0,Sarjapur Road,Villa,Ready to Move,agent,True,False,Normal,Repeated Listing
32500000,55000000.00000105,-22500000.00000105,-40.909090909092036,40.909090909092036,3000.0,4.0,1.0,1.0,Yelahanka,Villa,Under Construction,agent,True,False,Normal,Repeated Listing
28000000,46068493.063934326,-18068493.063934326,-39.22093357570582,39.22093357570582,2900.0,4.0,3.0,1.0,Sarjapur Road,Villa,Ready to Move,agent,True,False,Normal,Repeated Listing
55000000,55695508.54837928,-695508.5483792797,-1.2487695444510287,1.2487695444510287,3000.0,4.0,1.0,1.0,Yelahanka,Villa,Under Construction,owner,True,False,Normal,Repeated Listing
58400000,37606391.66004806,20793608.33995194,55.29275057261734,55.29275057261734,2900.0,4.0,3.0,1.0,Sarjapur Road,Villa,Ready to Move,contractor,True,False,Normal,Repeated Listing
32000000,31907191.702662885,92808.29733711481,0.29086952622461376,0.29086952622461376,2500.0,4.0,1.0,1.0,Devanahalli,Villa,Ready to Move,agent,True,False,Normal,Repeated Listing
50000000,54695997.069464624,-4695997.069464624,-8.58563207742725,8.58563207742725,3900.0,4.0,1.0,1.0,Devanahalli,Villa,Ready to Move,agent,True,False,Normal,Repeated Listing
50000000,54695997.069464624,-4695997.069464624,-8.58563207742725,8.58563207742725,3900.0,4.0,1.0,1.0,Devanahalli,Villa,Ready to Move,agent,True,False,Normal,Repeated Listing
28500000,31953592.868370604,-3453592.868370604,-10.808151942716767,10.808151942716767,2300.0,4.0,3.0,1.0,Thirupalya,Villa,Under Construction,agent,True,False,Normal,Repeated Listing
32000000,28503241.98318361,3496758.016816389,12.267930851091997,12.267930851091997,2300.0,4.0,3.0,1.0,Thirupalya,Villa,Under Construction,agent,True,False,Normal,Repeated Listing
14800000,12925585.31544728,1874414.6845527198,14.501584561223849,14.501584561223849,2300.0,2.0,3.0,1.0,Thirupalya,Villa,Under Construction,owner,True,False,Normal,Repeated Listing
26500000,27388616.699900262,-888616.699900262,-3.24447455538526,3.24447455538526,2300.0,5.0,3.0,1.0,Thirupalya,Villa,Under Construction,owner,True,False,Normal,Repeated Listing
72150000,72298627.36492518,-148627.3649251759,-0.20557425547650263,0.20557425547650263,2300.0,8.0,3.0,1.0,Thirupalya,Villa,Under Construction,contractor,True,False,Normal,Repeated Listing
17500000,18145538.13563871,-645538.1356387101,-3.5575585072941,3.5575585072941,2136.0,5.0,3.0,1.0,Bidaraguppe,Villa,Under Construction,agent,True,False,Normal,Repeated Listing
14000000,13993172.009470293,6827.990529706702,0.048795158989581894,0.048795158989581894,2136.0,4.0,3.0,1.0,Bidaraguppe,Villa,Under Construction,owner,True,False,Normal,Repeated Listing
37500000,38265442.75060015,-765442.7506001517,-2.000349912554315,2.000349912554315,2900.0,4.0,3.0,1.0,Sarjapur Road,Villa,Ready to Move,contractor,True,False,Normal,Repeated Listing
28000000,37606391.66004806,-9606391.66004806,-25.544571643265662,25.544571643265662,2900.0,4.0,3.0,1.0,Sarjapur Road,Villa,Ready to Move,contractor,True,False,Normal,Repeated Listing
58400000,27975875.723221403,30424124.276778597,108.7512847775665,108.7512847775665,2900.0,4.0,3.0,1.0,Sarjapur Road,Villa,Ready to Move,owner,True,False,Potentially Overpriced,Repeated Listing
48000000,37025599.25003,10974400.749969997,29.640035468058233,29.640035468058233,2768.0,4.0,2.0,1.0,Hennur Gardens,Villa,Under Construction,agent,True,False,Normal,Repeated Listing
32500000,55000000.00000105,-22500000.00000105,-40.909090909092036,40.909090909092036,3000.0,4.0,1.0,1.0,Yelahanka,Villa,Under Construction,agent,True,False,Normal,Repeated Listing
55000000,30390365.025824584,24609634.974175416,80.97841191859024,80.97841191859024,3000.0,4.0,1.0,1.0,Yelahanka,Villa,Under Construction,builder,True,False,Normal,Repeated Listing
32000000,32245783.615796532,-245783.61579653248,-0.7622193919211449,0.7622193919211449,2500.0,4.0,1.0,1.0,Devanahalli,Villa,Ready to Move,owner,True,False,Normal,Repeated Listing
50000000,39508261.718489856,10491738.281510144,26.555808393361975,26.555808393361975,3900.0,4.0,1.0,1.0,Devanahalli,Villa,Ready to Move,contractor,True,False,Normal,Repeated Listing
50000000,51643741.139716096,-1643741.1397160962,-3.1828467563361587,3.1828467563361587,3900.0,4.0,1.0,1.0,Devanahalli,Villa,Ready to Move,owner,True,False,Normal,Repeated Listing
28500000,31953592.868370604,-3453592.868370604,-10.808151942716767,10.808151942716767,2300.0,4.0,3.0,1.0,Thirupalya,Villa,Under Construction,agent,True,False,Normal,Repeated Listing
32000000,27308742.32741032,4691257.672589678,17.17859290752094,17.17859290752094,2300.0,4.0,3.0,1.0,Thirupalya,Villa,Under Construction,builder,True,False,Normal,Repeated Listing
14800000,13540530.005592821,1259469.9944071788,9.301482245428824,9.301482245428824,2300.0,2.0,3.0,1.0,Thirupalya,Villa,Under Construction,agent,True,False,Normal,Repeated Listing
26500000,26417217.791547924,82782.20845207572,0.3133645984421627,0.3133645984421627,2300.0,5.0,3.0,1.0,Thirupalya,Villa,Under Construction,contractor,True,False,Normal,Repeated Listing
48000000,37025599.25003,10974400.749969997,29.640035468058233,29.640035468058233,2768.0,4.0,2.0,1.0,Hennur Gardens,Villa,Under Construction,agent,True,False,Normal,Repeated Listing
32500000,55000000.00000105,-22500000.00000105,-40.909090909092036,40.909090909092036,3000.0,4.0,1.0,1.0,Yelahanka,Villa,Under Construction,agent,True,False,Normal,Repeated Listing
72150000,72298627.36492518,-148627.3649251759,-0.20557425547650263,0.20557425547650263,2300.0,8.0,3.0,1.0,Thirupalya,Villa,Under Construction,contractor,True,False,Normal,Repeated Listing
17500000,18172562.31527548,-672562.3152754791,-3.7009768001188097,3.7009768001188097,2136.0,5.0,3.0,1.0,Bidaraguppe,Villa,Under Construction,builder,True,False,Normal,Repeated Listing
55000000,29390377.078481313,25609622.921518687,87.13608149066324,87.13608149066324,3000.0,4.0,1.0,1.0,Yelahanka,Villa,Under Construction,contractor,True,False,Normal,Repeated Listing
32000000,32038291.658905108,-38291.65890510753,-0.11951841662713712,0.11951841662713712,2500.0,4.0,1.0,1.0,Devanahalli,Villa,Ready to Move,builder,True,False,Normal,Repeated Listing
14000000,13993172.009470293,6827.990529706702,0.048795158989581894,0.048795158989581894,2136.0,4.0,3.0,1.0,Bidaraguppe,Villa,Under Construction,owner,True,False,Normal,Repeated Listing
37500000,40984055.42728329,-3484055.427283287,-8.501002135976847,8.501002135976847,2900.0,4.0,3.0,1.0,Sarjapur Road,Villa,Ready to Move,builder,True,False,Normal,Repeated Listing
50000000,39015269.80292154,10984730.197078459,28.154951260277844,28.154951260277844,3900.0,4.0,1.0,1.0,Devanahalli,Villa,Ready to Move,builder,True,False,Normal,Repeated Listing
50000000,39015269.80292154,10984730.197078459,28.154951260277844,28.154951260277844,3900.0,4.0,1.0,1.0,Devanahalli,Villa,Ready to Move,builder,True,False,Normal,Repeated Listing
28000000,37431002.09585924,-9431002.095859237,-25.195697597694107,25.195697597694107,2900.0,4.0,3.0,1.0,Sarjapur Road,Villa,Ready to Move,builder,True,False,Normal,Repeated Listing
28500000,31953592.868370604,-3453592.868370604,-10.808151942716767,10.808151942716767,2300.0,4.0,3.0,1.0,Thirupalya,Villa,Under Construction,agent,True,False,Normal,Repeated Listing
32000000,28503241.98318361,3496758.016816389,12.267930851091997,12.267930851091997,2300.0,4.0,3.0,1.0,Thirupalya,Villa,Under Construction,agent,True,False,Normal,Repeated Listing
58400000,37606391.66004806,20793608.33995194,55.29275057261734,55.29275057261734,2900.0,4.0,3.0,1.0,Sarjapur Road,Villa,Ready to Move,contractor,True,False,Normal,Repeated Listing
14800000,13621647.907160668,1178352.0928393323,8.650583988592839,8.650583988592839,2300.0,2.0,3.0,1.0,Thirupalya,Villa,Under Construction,contractor,True,False,Normal,Repeated Listing
26500000,26417217.791547924,82782.20845207572,0.3133645984421627,0.3133645984421627,2300.0,5.0,3.0,1.0,Thirupalya,Villa,Under Construction,contractor,True,False,Normal,Repeated Listing
72150000,70039953.84836496,2110046.151635036,3.0126321273758143,3.0126321273758143,2300.0,8.0,3.0,1.0,Thirupalya,Villa,Under Construction,owner,True,False,Normal,Repeated Listing
17500000,18145538.13563871,-645538.1356387101,-3.5575585072941,3.5575585072941,2136.0,5.0,3.0,1.0,Bidaraguppe,Villa,Under Construction,agent,True,False,Normal,Repeated Listing
14000000,14725707.77437715,-725707.7743771505,-4.928169059825347,4.928169059825347,2136.0,4.0,3.0,1.0,Bidaraguppe,Villa,Under Construction,builder,True,False,Normal,Repeated Listing
48000000,37025599.25003,10974400.749969997,29.640035468058233,29.640035468058233,2768.0,4.0,2.0,1.0,Hennur Gardens,Villa,Under Construction,agent,True,False,Normal,Repeated Listing
37500000,38265442.75060015,-765442.7506001517,-2.000349912554315,2.000349912554315,2900.0,4.0,3.0,1.0,Sarjapur Road,Villa,Ready to Move,contractor,True,False,Normal,Repeated Listing
28000000,37431002.09585924,-9431002.095859237,-25.195697597694107,25.195697597694107,2900.0,4.0,3.0,1.0,Sarjapur Road,Villa,Ready to Move,builder,True,False,Normal,Repeated Listing
32500000,55000000.00000105,-22500000.00000105,-40.909090909092036,40.909090909092036,3000.0,4.0,1.0,1.0,Yelahanka,Villa,Under Construction,agent,True,False,Normal,Repeated Listing
55000000,32501572.606834713,22498427.393165287,69.22258090500557,69.22258090500557,3000.0,4.0,1.0,1.0,Yelahanka,Villa,Under Construction,agent,True,False,Normal,Repeated Listing
58400000,37431002.09585924,20968997.904140763,56.02040215338086,56.02040215338086,2900.0,4.0,3.0,1.0,Sarjapur Road,Villa,Ready to Move,builder,True,False,Normal,Repeated Listing
32000000,32245783.615796532,-245783.61579653248,-0.7622193919211449,0.7622193919211449,2500.0,4.0,1.0,1.0,Devanahalli,Villa,Ready to Move,owner,True,False,Normal,Repeated Listing
50000000,39508261.718489856,10491738.281510144,26.555808393361975,26.555808393361975,3900.0,4.0,1.0,1.0,Devanahalli,Villa,Ready to Move,contractor,True,False,Normal,Repeated Listing
50000000,54695997.069464624,-4695997.069464624,-8.58563207742725,8.58563207742725,3900.0,4.0,1.0,1.0,Devanahalli,Villa,Ready to Move,agent,True,False,Normal,Repeated Listing
28500000,31953592.868370604,-3453592.868370604,-10.808151942716767,10.808151942716767,2300.0,4.0,3.0,1.0,Thirupalya,Villa,Under Construction,agent,True,False,Normal,Repeated Listing
32000000,28503241.98318361,3496758.016816389,12.267930851091997,12.267930851091997,2300.0,4.0,3.0,1.0,Thirupalya,Villa,Under Construction,agent,True,False,Normal,Repeated Listing
14800000,13621647.907160668,1178352.0928393323,8.650583988592839,8.650583988592839,2300.0,2.0,3.0,1.0,Thirupalya,Villa,Under Construction,contractor,True,False,Normal,Repeated Listing
26500000,26738502.473351225,-238502.47335122526,-0.8919814173921197,0.8919814173921197,2300.0,5.0,3.0,1.0,Thirupalya,Villa,Under Construction,agent,True,False,Normal,Repeated Listing
72150000,70039953.84836496,2110046.151635036,3.0126321273758143,3.0126321273758143,2300.0,8.0,3.0,1.0,Thirupalya,Villa,Under Construction,owner,True,False,Normal,Repeated Listing
17500000,18145538.13563871,-645538.1356387101,-3.5575585072941,3.5575585072941,2136.0,5.0,3.0,1.0,Bidaraguppe,Villa,Under Construction,agent,True,False,Normal,Repeated Listing
14000000,13993172.009470293,6827.990529706702,0.048795158989581894,0.048795158989581894,2136.0,4.0,3.0,1.0,Bidaraguppe,Villa,Under Construction,owner,True,False,Normal,Repeated Listing
37500000,38265442.75060015,-765442.7506001517,-2.000349912554315,2.000349912554315,2900.0,4.0,3.0,1.0,Sarjapur Road,Villa,Ready to Move,contractor,True,False,Normal,Repeated Listing
48000000,37025599.25003,10974400.749969997,29.640035468058233,29.640035468058233,2768.0,4.0,2.0,1.0,Hennur Gardens,Villa,Under Construction,agent,True,False,Normal,Repeated Listing
28000000,37606391.66004806,-9606391.66004806,-25.544571643265662,25.544571643265662,2900.0,4.0,3.0,1.0,Sarjapur Road,Villa,Ready to Move,contractor,True,False,Normal,Repeated Listing
32500000,55000000.00000105,-22500000.00000105,-40.909090909092036,40.909090909092036,3000.0,4.0,1.0,1.0,Yelahanka,Villa,Under Construction,agent,True,False,Normal,Repeated Listing
58400000,27975875.723221403,30424124.276778597,108.7512847775665,108.7512847775665,2900.0,4.0,3.0,1.0,Sarjapur Road,Villa,Ready to Move,owner,True,False,Potentially Overpriced,Repeated Listing
55000000,55695508.54837928,-695508.5483792797,-1.2487695444510287,1.2487695444510287,3000.0,4.0,1.0,1.0,Yelahanka,Villa,Under Construction,owner,True,False,Normal,Repeated Listing
32000000,31848821.784964718,151178.21503528208,0.47467443554427097,0.47467443554427097,2500.0,4.0,1.0,1.0,Devanahalli,Villa,Ready to Move,contractor,True,False,Normal,Repeated Listing
50000000,39015269.80292154,10984730.197078459,28.154951260277844,28.154951260277844,3900.0,4.0,1.0,1.0,Devanahalli,Villa,Ready to Move,builder,True,False,Normal,Repeated Listing
50000000,39508261.718489856,10491738.281510144,26.555808393361975,26.555808393361975,3900.0,4.0,1.0,1.0,Devanahalli,Villa,Ready to Move,contractor,True,False,Normal,Repeated Listing
28500000,31953592.868370604,-3453592.868370604,-10.808151942716767,10.808151942716767,2300.0,4.0,3.0,1.0,Thirupalya,Villa,Under Construction,agent,True,False,Normal,Repeated Listing
32000000,27308742.32741032,4691257.672589678,17.17859290752094,17.17859290752094,2300.0,4.0,3.0,1.0,Thirupalya,Villa,Under Construction,builder,True,False,Normal,Repeated Listing
14800000,14887052.400365748,-87052.40036574751,-0.5847524279796906,0.5847524279796906,2300.0,2.0,3.0,1.0,Thirupalya,Villa,Under Construction,builder,True,False,Normal,Repeated Listing
26500000,26417217.791547924,82782.20845207572,0.3133645984421627,0.3133645984421627,2300.0,5.0,3.0,1.0,Thirupalya,Villa,Under Construction,contractor,True,False,Normal,Repeated Listing
72150000,70039953.84836496,2110046.151635036,3.0126321273758143,3.0126321273758143,2300.0,8.0,3.0,1.0,Thirupalya,Villa,Under Construction,owner,True,False,Normal,Repeated Listing
17500000,16609807.208783785,890192.7912162151,5.359440841344946,5.359440841344946,2136.0,5.0,3.0,1.0,Bidaraguppe,Villa,Under Construction,owner,True,False,Normal,Repeated Listing
14000000,13993172.009470293,6827.990529706702,0.048795158989581894,0.048795158989581894,2136.0,4.0,3.0,1.0,Bidaraguppe,Villa,Under Construction,owner,True,False,Normal,Repeated Listing
37500000,40383283.03161897,-2883283.0316189677,-7.139793536254689,7.139793536254689,2900.0,4.0,3.0,1.0,Sarjapur Road,Villa,Ready to Move,agent,True,False,Normal,Repeated Listing
48000000,37025599.25003,10974400.749969997,29.640035468058233,29.640035468058233,2768.0,4.0,2.0,1.0,Hennur Gardens,Villa,Under Construction,agent,True,False,Normal,Repeated Listing
28000000,37431002.09585924,-9431002.095859237,-25.195697597694107,25.195697597694107,2900.0,4.0,3.0,1.0,Sarjapur Road,Villa,Ready to Move,builder,True,False,Normal,Repeated Listing
58400000,37431002.09585924,20968997.904140763,56.02040215338086,56.02040215338086,2900.0,4.0,3.0,1.0,Sarjapur Road,Villa,Ready to Move,builder,True,False,Normal,Repeated Listing
32500000,55000000.00000105,-22500000.00000105,-40.909090909092036,40.909090909092036,3000.0,4.0,1.0,1.0,Yelahanka,Villa,Under Construction,agent,True,False,Normal,Repeated Listing
55000000,29390377.078481313,25609622.921518687,87.13608149066324,87.13608149066324,3000.0,4.0,1.0,1.0,Yelahanka,Villa,Under Construction,contractor,True,False,Normal,Repeated Listing
32000000,31848821.784964718,151178.21503528208,0.47467443554427097,0.47467443554427097,2500.0,4.0,1.0,1.0,Devanahalli,Villa,Ready to Move,contractor,True,False,Normal,Repeated Listing
50000000,39015269.80292154,10984730.197078459,28.154951260277844,28.154951260277844,3900.0,4.0,1.0,1.0,Devanahalli,Villa,Ready to Move,builder,True,False,Normal,Repeated Listing
50000000,51643741.139716096,-1643741.1397160962,-3.1828467563361587,3.1828467563361587,3900.0,4.0,1.0,1.0,Devanahalli,Villa,Ready to Move,owner,True,False,Normal,Repeated Listing
28500000,31953592.868370604,-3453592.868370604,-10.808151942716767,10.808151942716767,2300.0,4.0,3.0,1.0,Thirupalya,Villa,Under Construction,agent,True,False,Normal,Repeated Listing
32000000,26204143.74423012,5795856.255769879,22.118090605597697,22.118090605597697,2300.0,4.0,3.0,1.0,Thirupalya,Villa,Under Construction,contractor,True,False,Normal,Repeated Listing
14800000,13621647.907160668,1178352.0928393323,8.650583988592839,8.650583988592839,2300.0,2.0,3.0,1.0,Thirupalya,Villa,Under Construction,contractor,True,False,Normal,Repeated Listing
48000000,37025599.25003,10974400.749969997,29.640035468058233,29.640035468058233,2768.0,4.0,2.0,1.0,Hennur Gardens,Villa,Under Construction,agent,True,False,Normal,Repeated Listing
32500000,55000000.00000105,-22500000.00000105,-40.909090909092036,40.909090909092036,3000.0,4.0,1.0,1.0,Yelahanka,Villa,Under Construction,agent,True,False,Normal,Repeated Listing
26500000,26713128.55074389,-213128.55074388906,-0.7978419687496843,0.7978419687496843,2300.0,5.0,3.0,1.0,Thirupalya,Villa,Under Construction,builder,True,False,Normal,Repeated Listing
72150000,71757171.8637932,392828.1362068057,0.5474409400532919,0.5474409400532919,2300.0,8.0,3.0,1.0,Thirupalya,Villa,Under Construction,agent,True,False,Normal,Repeated Listing
55000000,29390377.078481313,25609622.921518687,87.13608149066324,87.13608149066324,3000.0,4.0,1.0,1.0,Yelahanka,Villa,Under Construction,contractor,True,False,Normal,Repeated Listing
32000000,31848821.784964718,151178.21503528208,0.47467443554427097,0.47467443554427097,2500.0,4.0,1.0,1.0,Devanahalli,Villa,Ready to Move,contractor,True,False,Normal,Repeated Listing
48000000,37025599.25003,10974400.749969997,29.640035468058233,29.640035468058233,2768.0,4.0,2.0,1.0,Hennur Gardens,Villa,Under Construction,agent,True,False,Normal,Repeated Listing
32500000,55000000.00000105,-22500000.00000105,-40.909090909092036,40.909090909092036,3000.0,4.0,1.0,1.0,Yelahanka,Villa,Under Construction,agent,True,False,Normal,Repeated Listing
17500000,18145538.13563871,-645538.1356387101,-3.5575585072941,3.5575585072941,2136.0,5.0,3.0,1.0,Bidaraguppe,Villa,Under Construction,agent,True,False,Normal,Repeated Listing
14000000,14725707.77437715,-725707.7743771505,-4.928169059825347,4.928169059825347,2136.0,4.0,3.0,1.0,Bidaraguppe,Villa,Under Construction,builder,True,False,Normal,Repeated Listing
50000000,51643741.139716096,-1643741.1397160962,-3.1828467563361587,3.1828467563361587,3900.0,4.0,1.0,1.0,Devanahalli,Villa,Ready to Move,owner,True,False,Normal,Repeated Listing
50000000,39508261.718489856,10491738.281510144,26.555808393361975,26.555808393361975,3900.0,4.0,1.0,1.0,Devanahalli,Villa,Ready to Move,contractor,True,False,Normal,Repeated Listing
55000000,29390377.078481313,25609622.921518687,87.13608149066324,87.13608149066324,3000.0,4.0,1.0,1.0,Yelahanka,Villa,Under Construction,contractor,True,False,Normal,Repeated Listing
37500000,27975875.723221403,9524124.276778597,34.04406128696479,34.04406128696479,2900.0,4.0,3.0,1.0,Sarjapur Road,Villa,Ready to Move,owner,True,False,Normal,Repeated Listing
28000000,37606391.66004806,-9606391.66004806,-25.544571643265662,25.544571643265662,2900.0,4.0,3.0,1.0,Sarjapur Road,Villa,Ready to Move,contractor,True,False,Normal,Repeated Listing
28500000,31953592.868370604,-3453592.868370604,-10.808151942716767,10.808151942716767,2300.0,4.0,3.0,1.0,Thirupalya,Villa,Under Construction,agent,True,False,Normal,Repeated Listing
32000000,28503241.98318361,3496758.016816389,12.267930851091997,12.267930851091997,2300.0,4.0,3.0,1.0,Thirupalya,Villa,Under Construction,agent,True,False,Normal,Repeated Listing
32000000,32038291.658905108,-38291.65890510753,-0.11951841662713712,0.11951841662713712,2500.0,4.0,1.0,1.0,Devanahalli,Villa,Ready to Move,builder,True,False,Normal,Repeated Listing
50000000,39508261.718489856,10491738.281510144,26.555808393361975,26.555808393361975,3900.0,4.0,1.0,1.0,Devanahalli,Villa,Ready to Move,contractor,True,False,Normal,Repeated Listing
58400000,27975875.723221403,30424124.276778597,108.7512847775665,108.7512847775665,2900.0,4.0,3.0,1.0,Sarjapur Road,Villa,Ready to Move,owner,True,False,Potentially Overpriced,Repeated Listing
14800000,14887052.400365748,-87052.40036574751,-0.5847524279796906,0.5847524279796906,2300.0,2.0,3.0,1.0,Thirupalya,Villa,Under Construction,builder,True,False,Normal,Repeated Listing
26500000,27388616.699900262,-888616.699900262,-3.24447455538526,3.24447455538526,2300.0,5.0,3.0,1.0,Thirupalya,Villa,Under Construction,owner,True,False,Normal,Repeated Listing
50000000,39015269.80292154,10984730.197078459,28.154951260277844,28.154951260277844,3900.0,4.0,1.0,1.0,Devanahalli,Villa,Ready to Move,builder,True,False,Normal,Repeated Listing
28500000,31953592.868370604,-3453592.868370604,-10.808151942716767,10.808151942716767,2300.0,4.0,3.0,1.0,Thirupalya,Villa,Under Construction,agent,True,False,Normal,Repeated Listing
72150000,71757171.8637932,392828.1362068057,0.5474409400532919,0.5474409400532919,2300.0,8.0,3.0,1.0,Thirupalya,Villa,Under Construction,agent,True,False,Normal,Repeated Listing
17500000,16609807.208783785,890192.7912162151,5.359440841344946,5.359440841344946,2136.0,5.0,3.0,1.0,Bidaraguppe,Villa,Under Construction,owner,True,False,Normal,Repeated Listing
32000000,27308742.32741032,4691257.672589678,17.17859290752094,17.17859290752094,2300.0,4.0,3.0,1.0,Thirupalya,Villa,Under Construction,builder,True,False,Normal,Repeated Listing
14800000,12925585.31544728,1874414.6845527198,14.501584561223849,14.501584561223849,2300.0,2.0,3.0,1.0,Thirupalya,Villa,Under Construction,owner,True,False,Normal,Repeated Listing
14000000,14725707.77437715,-725707.7743771505,-4.928169059825347,4.928169059825347,2136.0,4.0,3.0,1.0,Bidaraguppe,Villa,Under Construction,builder,True,False,Normal,Repeated Listing
37500000,40383283.03161897,-2883283.0316189677,-7.139793536254689,7.139793536254689,2900.0,4.0,3.0,1.0,Sarjapur Road,Villa,Ready to Move,agent,True,False,Normal,Repeated Listing
26500000,26417217.791547924,82782.20845207572,0.3133645984421627,0.3133645984421627,2300.0,5.0,3.0,1.0,Thirupalya,Villa,Under Construction,contractor,True,False,Normal,Repeated Listing
72150000,70039953.84836496,2110046.151635036,3.0126321273758143,3.0126321273758143,2300.0,8.0,3.0,1.0,Thirupalya,Villa,Under Construction,owner,True,False,Normal,Repeated Listing
28000000,37431002.09585924,-9431002.095859237,-25.195697597694107,25.195697597694107,2900.0,4.0,3.0,1.0,Sarjapur Road,Villa,Ready to Move,builder,True,False,Normal,Repeated Listing
58400000,37606391.66004806,20793608.33995194,55.29275057261734,55.29275057261734,2900.0,4.0,3.0,1.0,Sarjapur Road,Villa,Ready to Move,contractor,True,False,Normal,Repeated Listing
17500000,17173145.52905424,326854.4709457606,1.9032883078570242,1.9032883078570242,2136.0,5.0,3.0,1.0,Bidaraguppe,Villa,Under Construction,contractor,True,False,Normal,Repeated Listing
14000000,14725707.77437715,-725707.7743771505,-4.928169059825347,4.928169059825347,2136.0,4.0,3.0,1.0,Bidaraguppe,Villa,Under Construction,builder,True,False,Normal,Repeated Listing
37500000,27975875.723221403,9524124.276778597,34.04406128696479,34.04406128696479,2900.0,4.0,3.0,1.0,Sarjapur Road,Villa,Ready to Move,owner,True,False,Normal,Repeated Listing
28000000,37606391.66004806,-9606391.66004806,-25.544571643265662,25.544571643265662,2900.0,4.0,3.0,1.0,Sarjapur Road,Villa,Ready to Move,contractor,True,False,Normal,Repeated Listing
58400000,27975875.723221403,30424124.276778597,108.7512847775665,108.7512847775665,2900.0,4.0,3.0,1.0,Sarjapur Road,Villa,Ready to Move,owner,True,False,Potentially Overpriced,Repeated Listing
48000000,37025599.25003,10974400.749969997,29.640035468058233,29.640035468058233,2768.0,4.0,2.0,1.0,Hennur Gardens,Villa,Under Construction,agent,True,False,Normal,Repeated Listing
32500000,55000000.00000105,-22500000.00000105,-40.909090909092036,40.909090909092036,3000.0,4.0,1.0,1.0,Yelahanka,Villa,Under Construction,agent,True,False,Normal,Repeated Listing
55000000,55695508.54837928,-695508.5483792797,-1.2487695444510287,1.2487695444510287,3000.0,4.0,1.0,1.0,Yelahanka,Villa,Under Construction,owner,True,False,Normal,Repeated Listing
32000000,31907191.702662885,92808.29733711481,0.29086952622461376,0.29086952622461376,2500.0,4.0,1.0,1.0,Devanahalli,Villa,Ready to Move,agent,True,False,Normal,Repeated Listing
50000000,54695997.069464624,-4695997.069464624,-8.58563207742725,8.58563207742725,3900.0,4.0,1.0,1.0,Devanahalli,Villa,Ready to Move,agent,True,False,Normal,Repeated Listing
50000000,39015269.80292154,10984730.197078459,28.154951260277844,28.154951260277844,3900.0,4.0,1.0,1.0,Devanahalli,Villa,Ready to Move,builder,True,False,Normal,Repeated Listing
28500000,31953592.868370604,-3453592.868370604,-10.808151942716767,10.808151942716767,2300.0,4.0,3.0,1.0,Thirupalya,Villa,Under Construction,agent,True,False,Normal,Repeated Listing
32000000,32920870.310378253,-920870.3103782535,-2.7972234685665356,2.7972234685665356,2300.0,4.0,3.0,1.0,Thirupalya,Villa,Under Construction,owner,True,False,Normal,Repeated Listing
14800000,13540530.005592821,1259469.9944071788,9.301482245428824,9.301482245428824,2300.0,2.0,3.0,1.0,Thirupalya,Villa,Under Construction,agent,True,False,Normal,Repeated Listing
26500000,27388616.699900262,-888616.699900262,-3.24447455538526,3.24447455538526,2300.0,5.0,3.0,1.0,Thirupalya,Villa,Under Construction,owner,True,False,Normal,Repeated Listing
72150000,71757171.8637932,392828.1362068057,0.5474409400532919,0.5474409400532919,2300.0,8.0,3.0,1.0,Thirupalya,Villa,Under Construction,agent,True,False,Normal,Repeated Listing
17500000,16609807.208783785,890192.7912162151,5.359440841344946,5.359440841344946,2136.0,5.0,3.0,1.0,Bidaraguppe,Villa,Under Construction,owner,True,False,Normal,Repeated Listing
14000000,14725707.77437715,-725707.7743771505,-4.928169059825347,4.928169059825347,2136.0,4.0,3.0,1.0,Bidaraguppe,Villa,Under Construction,builder,True,False,Normal,Repeated Listing
37500000,27975875.723221403,9524124.276778597,34.04406128696479,34.04406128696479,2900.0,4.0,3.0,1.0,Sarjapur Road,Villa,Ready to Move,owner,True,False,Normal,Repeated Listing
28000000,37431002.09585924,-9431002.095859237,-25.195697597694107,25.195697597694107,2900.0,4.0,3.0,1.0,Sarjapur Road,Villa,Ready to Move,builder,True,False,Normal,Repeated Listing
58400000,37606391.66004806,20793608.33995194,55.29275057261734,55.29275057261734,2900.0,4.0,3.0,1.0,Sarjapur Road,Villa,Ready to Move,contractor,True,False,Normal,Repeated Listing
48000000,37025599.25003,10974400.749969997,29.640035468058233,29.640035468058233,2768.0,4.0,2.0,1.0,Hennur Gardens,Villa,Under Construction,agent,True,False,Normal,Repeated Listing
32500000,55000000.00000105,-22500000.00000105,-40.909090909092036,40.909090909092036,3000.0,4.0,1.0,1.0,Yelahanka,Villa,Under Construction,agent,True,False,Normal,Repeated Listing
55000000,55695508.54837928,-695508.5483792797,-1.2487695444510287,1.2487695444510287,3000.0,4.0,1.0,1.0,Yelahanka,Villa,Under Construction,owner,True,False,Normal,Repeated Listing
32000000,32038291.658905108,-38291.65890510753,-0.11951841662713712,0.11951841662713712,2500.0,4.0,1.0,1.0,Devanahalli,Villa,Ready to Move,builder,True,False,Normal,Repeated Listing
50000000,54695997.069464624,-4695997.069464624,-8.58563207742725,8.58563207742725,3900.0,4.0,1.0,1.0,Devanahalli,Villa,Ready to Move,agent,True,False,Normal,Repeated Listing
50000000,54695997.069464624,-4695997.069464624,-8.58563207742725,8.58563207742725,3900.0,4.0,1.0,1.0,Devanahalli,Villa,Ready to Move,agent,True,False,Normal,Repeated Listing
28500000,31953592.868370604,-3453592.868370604,-10.808151942716767,10.808151942716767,2300.0,4.0,3.0,1.0,Thirupalya,Villa,Under Construction,agent,True,False,Normal,Repeated Listing
32000000,32920870.310378253,-920870.3103782535,-2.7972234685665356,2.7972234685665356,2300.0,4.0,3.0,1.0,Thirupalya,Villa,Under Construction,owner,True,False,Normal,Repeated Listing
14800000,13621647.907160668,1178352.0928393323,8.650583988592839,8.650583988592839,2300.0,2.0,3.0,1.0,Thirupalya,Villa,Under Construction,contractor,True,False,Normal,Repeated Listing
26500000,26417217.791547924,82782.20845207572,0.3133645984421627,0.3133645984421627,2300.0,5.0,3.0,1.0,Thirupalya,Villa,Under Construction,contractor,True,False,Normal,Repeated Listing
72150000,72298627.36492518,-148627.3649251759,-0.20557425547650263,0.20557425547650263,2300.0,8.0,3.0,1.0,Thirupalya,Villa,Under Construction,contractor,True,False,Normal,Repeated Listing
17500000,18145538.13563871,-645538.1356387101,-3.5575585072941,3.5575585072941,2136.0,5.0,3.0,1.0,Bidaraguppe,Villa,Under Construction,agent,True,False,Normal,Repeated Listing
14000000,14725707.77437715,-725707.7743771505,-4.928169059825347,4.928169059825347,2136.0,4.0,3.0,1.0,Bidaraguppe,Villa,Under Construction,builder,True,False,Normal,Repeated Listing
37500000,40984055.42728329,-3484055.427283287,-8.501002135976847,8.501002135976847,2900.0,4.0,3.0,1.0,Sarjapur Road,Villa,Ready to Move,builder,True,False,Normal,Repeated Listing
28000000,37606391.66004806,-9606391.66004806,-25.544571643265662,25.544571643265662,2900.0,4.0,3.0,1.0,Sarjapur Road,Villa,Ready to Move,contractor,True,False,Normal,Repeated Listing
58400000,37606391.66004806,20793608.33995194,55.29275057261734,55.29275057261734,2900.0,4.0,3.0,1.0,Sarjapur Road,Villa,Ready to Move,contractor,True,False,Normal,Repeated Listing
48000000,37025599.25003,10974400.749969997,29.640035468058233,29.640035468058233,2768.0,4.0,2.0,1.0,Hennur Gardens,Villa,Under Construction,agent,True,False,Normal,Repeated Listing
32500000,55000000.00000105,-22500000.00000105,-40.909090909092036,40.909090909092036,3000.0,4.0,1.0,1.0,Yelahanka,Villa,Under Construction,agent,True,False,Normal,Repeated Listing
55000000,32501572.606834713,22498427.393165287,69.22258090500557,69.22258090500557,3000.0,4.0,1.0,1.0,Yelahanka,Villa,Under Construction,agent,True,False,Normal,Repeated Listing
32000000,32038291.658905108,-38291.65890510753,-0.11951841662713712,0.11951841662713712,2500.0,4.0,1.0,1.0,Devanahalli,Villa,Ready to Move,builder,True,False,Normal,Repeated Listing
50000000,39015269.80292154,10984730.197078459,28.154951260277844,28.154951260277844,3900.0,4.0,1.0,1.0,Devanahalli,Villa,Ready to Move,builder,True,False,Normal,Repeated Listing
50000000,54695997.069464624,-4695997.069464624,-8.58563207742725,8.58563207742725,3900.0,4.0,1.0,1.0,Devanahalli,Villa,Ready to Move,agent,True,False,Normal,Repeated Listing
28500000,31953592.868370604,-3453592.868370604,-10.808151942716767,10.808151942716767,2300.0,4.0,3.0,1.0,Thirupalya,Villa,Under Construction,agent,True,False,Normal,Repeated Listing
32000000,28503241.98318361,3496758.016816389,12.267930851091997,12.267930851091997,2300.0,4.0,3.0,1.0,Thirupalya,Villa,Under Construction,agent,True,False,Normal,Repeated Listing
14800000,14887052.400365748,-87052.40036574751,-0.5847524279796906,0.5847524279796906,2300.0,2.0,3.0,1.0,Thirupalya,Villa,Under Construction,builder,True,False,Normal,Repeated Listing
26500000,27388616.699900262,-888616.699900262,-3.24447455538526,3.24447455538526,2300.0,5.0,3.0,1.0,Thirupalya,Villa,Under Construction,owner,True,False,Normal,Repeated Listing
72150000,66285680.92557792,5864319.074422076,8.84703753893126,8.84703753893126,2300.0,8.0,3.0,1.0,Thirupalya,Villa,Under Construction,builder,True,False,Normal,Repeated Listing
17500000,17173145.52905424,326854.4709457606,1.9032883078570242,1.9032883078570242,2136.0,5.0,3.0,1.0,Bidaraguppe,Villa,Under Construction,contractor,True,False,Normal,Repeated Listing
14000000,15128654.757274574,-1128654.7572745737,-7.460377511304256,7.460377511304256,2136.0,4.0,3.0,1.0,Bidaraguppe,Villa,Under Construction,contractor,True,False,Normal,Repeated Listing
37500000,40383283.03161897,-2883283.0316189677,-7.139793536254689,7.139793536254689,2900.0,4.0,3.0,1.0,Sarjapur Road,Villa,Ready to Move,agent,True,False,Normal,Repeated Listing
28000000,37606391.66004806,-9606391.66004806,-25.544571643265662,25.544571643265662,2900.0,4.0,3.0,1.0,Sarjapur Road,Villa,Ready to Move,contractor,True,False,Normal,Repeated Listing
58400000,37431002.09585924,20968997.904140763,56.02040215338086,56.02040215338086,2900.0,4.0,3.0,1.0,Sarjapur Road,Villa,Ready to Move,builder,True,False,Normal,Repeated Listing
48000000,37025599.25003,10974400.749969997,29.640035468058233,29.640035468058233,2768.0,4.0,2.0,1.0,Hennur Gardens,Villa,Under Construction,agent,True,False,Normal,Repeated Listing
32500000,55000000.00000105,-22500000.00000105,-40.909090909092036,40.909090909092036,3000.0,4.0,1.0,1.0,Yelahanka,Villa,Under Construction,agent,True,False,Normal,Repeated Listing
55000000,32501572.606834713,22498427.393165287,69.22258090500557,69.22258090500557,3000.0,4.0,1.0,1.0,Yelahanka,Villa,Under Construction,agent,True,False,Normal,Repeated Listing
32000000,32038291.658905108,-38291.65890510753,-0.11951841662713712,0.11951841662713712,2500.0,4.0,1.0,1.0,Devanahalli,Villa,Ready to Move,builder,True,False,Normal,Repeated Listing
50000000,54695997.069464624,-4695997.069464624,-8.58563207742725,8.58563207742725,3900.0,4.0,1.0,1.0,Devanahalli,Villa,Ready to Move,agent,True,False,Normal,Repeated Listing
50000000,54695997.069464624,-4695997.069464624,-8.58563207742725,8.58563207742725,3900.0,4.0,1.0,1.0,Devanahalli,Villa,Ready to Move,agent,True,False,Normal,Repeated Listing
28500000,31953592.868370604,-3453592.868370604,-10.808151942716767,10.808151942716767,2300.0,4.0,3.0,1.0,Thirupalya,Villa,Under Construction,agent,True,False,Normal,Repeated Listing
32000000,27308742.32741032,4691257.672589678,17.17859290752094,17.17859290752094,2300.0,4.0,3.0,1.0,Thirupalya,Villa,Under Construction,builder,True,False,Normal,Repeated Listing
14800000,12925585.31544728,1874414.6845527198,14.501584561223849,14.501584561223849,2300.0,2.0,3.0,1.0,Thirupalya,Villa,Under Construction,owner,True,False,Normal,Repeated Listing
26500000,26417217.791547924,82782.20845207572,0.3133645984421627,0.3133645984421627,2300.0,5.0,3.0,1.0,Thirupalya,Villa,Under Construction,contractor,True,False,Normal,Repeated Listing
72150000,72298627.36492518,-148627.3649251759,-0.20557425547650263,0.20557425547650263,2300.0,8.0,3.0,1.0,Thirupalya,Villa,Under Construction,contractor,True,False,Normal,Repeated Listing
17500000,17173145.52905424,326854.4709457606,1.9032883078570242,1.9032883078570242,2136.0,5.0,3.0,1.0,Bidaraguppe,Villa,Under Construction,contractor,True,False,Normal,Repeated Listing
14000000,14910817.447835509,-910817.4478355087,-6.108434034699588,6.108434034699588,2136.0,4.0,3.0,1.0,Bidaraguppe,Villa,Under Construction,agent,True,False,Normal,Repeated Listing
37500000,38265442.75060015,-765442.7506001517,-2.000349912554315,2.000349912554315,2900.0,4.0,3.0,1.0,Sarjapur Road,Villa,Ready to Move,contractor,True,False,Normal,Repeated Listing
28000000,49030179.90966302,-21030179.90966302,-42.892316423090115,42.892316423090115,2900.0,4.0,3.0,1.0,Sarjapur Road,Villa,Ready to Move,owner,True,False,Normal,Repeated Listing
58400000,32712811.31373335,25687188.68626665,78.52332971297629,78.52332971297629,2900.0,4.0,3.0,1.0,Sarjapur Road,Villa,Ready to Move,agent,True,False,Normal,Repeated Listing
48000000,37025599.25003,10974400.749969997,29.640035468058233,29.640035468058233,2768.0,4.0,2.0,1.0,Hennur Gardens,Villa,Under Construction,agent,True,False,Normal,Repeated Listing
32500000,55000000.00000105,-22500000.00000105,-40.909090909092036,40.909090909092036,3000.0,4.0,1.0,1.0,Yelahanka,Villa,Under Construction,agent,True,False,Normal,Repeated Listing
55000000,32501572.606834713,22498427.393165287,69.22258090500557,69.22258090500557,3000.0,4.0,1.0,1.0,Yelahanka,Villa,Under Construction,agent,True,False,Normal,Repeated Listing
32000000,32038291.658905108,-38291.65890510753,-0.11951841662713712,0.11951841662713712,2500.0,4.0,1.0,1.0,Devanahalli,Villa,Ready to Move,builder,True,False,Normal,Repeated Listing
50000000,39015269.80292154,10984730.197078459,28.154951260277844,28.154951260277844,3900.0,4.0,1.0,1.0,Devanahalli,Villa,Ready to Move,builder,True,False,Normal,Repeated Listing
50000000,51643741.139716096,-1643741.1397160962,-3.1828467563361587,3.1828467563361587,3900.0,4.0,1.0,1.0,Devanahalli,Villa,Ready to Move,owner,True,False,Normal,Repeated Listing
28500000,31953592.868370604,-3453592.868370604,-10.808151942716767,10.808151942716767,2300.0,4.0,3.0,1.0,Thirupalya,Villa,Under Construction,agent,True,False,Normal,Repeated Listing
32000000,26204143.74423012,5795856.255769879,22.118090605597697,22.118090605597697,2300.0,4.0,3.0,1.0,Thirupalya,Villa,Under Construction,contractor,True,False,Normal,Repeated Listing
14800000,14887052.400365748,-87052.40036574751,-0.5847524279796906,0.5847524279796906,2300.0,2.0,3.0,1.0,Thirupalya,Villa,Under Construction,builder,True,False,Normal,Repeated Listing
26500000,26713128.55074389,-213128.55074388906,-0.7978419687496843,0.7978419687496843,2300.0,5.0,3.0,1.0,Thirupalya,Villa,Under Construction,builder,True,False,Normal,Repeated Listing
72150000,70039953.84836496,2110046.151635036,3.0126321273758143,3.0126321273758143,2300.0,8.0,3.0,1.0,Thirupalya,Villa,Under Construction,owner,True,False,Normal,Repeated Listing
17500000,16609807.208783785,890192.7912162151,5.359440841344946,5.359440841344946,2136.0,5.0,3.0,1.0,Bidaraguppe,Villa,Under Construction,owner,True,False,Normal,Repeated Listing
14000000,13993172.009470293,6827.990529706702,0.048795158989581894,0.048795158989581894,2136.0,4.0,3.0,1.0,Bidaraguppe,Villa,Under Construction,owner,True,False,Normal,Repeated Listing
37500000,38265442.75060015,-765442.7506001517,-2.000349912554315,2.000349912554315,2900.0,4.0,3.0,1.0,Sarjapur Road,Villa,Ready to Move,contractor,True,False,Normal,Repeated Listing
28000000,37606391.66004806,-9606391.66004806,-25.544571643265662,25.544571643265662,2900.0,4.0,3.0,1.0,Sarjapur Road,Villa,Ready to Move,contractor,True,False,Normal,Repeated Listing
58400000,32712811.31373335,25687188.68626665,78.52332971297629,78.52332971297629,2900.0,4.0,3.0,1.0,Sarjapur Road,Villa,Ready to Move,agent,True,False,Normal,Repeated Listing
48000000,37025599.25003,10974400.749969997,29.640035468058233,29.640035468058233,2768.0,4.0,2.0,1.0,Hennur Gardens,Villa,Under Construction,agent,True,False,Normal,Repeated Listing
32500000,55000000.00000105,-22500000.00000105,-40.909090909092036,40.909090909092036,3000.0,4.0,1.0,1.0,Yelahanka,Villa,Under Construction,agent,True,False,Normal,Repeated Listing
55000000,29390377.078481313,25609622.921518687,87.13608149066324,87.13608149066324,3000.0,4.0,1.0,1.0,Yelahanka,Villa,Under Construction,contractor,True,False,Normal,Repeated Listing
32000000,32038291.658905108,-38291.65890510753,-0.11951841662713712,0.11951841662713712,2500.0,4.0,1.0,1.0,Devanahalli,Villa,Ready to Move,builder,True,False,Normal,Repeated Listing
50000000,54695997.069464624,-4695997.069464624,-8.58563207742725,8.58563207742725,3900.0,4.0,1.0,1.0,Devanahalli,Villa,Ready to Move,agent,True,False,Normal,Repeated Listing
50000000,54695997.069464624,-4695997.069464624,-8.58563207742725,8.58563207742725,3900.0,4.0,1.0,1.0,Devanahalli,Villa,Ready to Move,agent,True,False,Normal,Repeated Listing
28500000,31953592.868370604,-3453592.868370604,-10.808151942716767,10.808151942716767,2300.0,4.0,3.0,1.0,Thirupalya,Villa,Under Construction,agent,True,False,Normal,Repeated Listing
32000000,28503241.98318361,3496758.016816389,12.267930851091997,12.267930851091997,2300.0,4.0,3.0,1.0,Thirupalya,Villa,Under Construction,agent,True,False,Normal,Repeated Listing
14800000,14887052.400365748,-87052.40036574751,-0.5847524279796906,0.5847524279796906,2300.0,2.0,3.0,1.0,Thirupalya,Villa,Under Construction,builder,True,False,Normal,Repeated Listing
26500000,26713128.55074389,-213128.55074388906,-0.7978419687496843,0.7978419687496843,2300.0,5.0,3.0,1.0,Thirupalya,Villa,Under Construction,builder,True,False,Normal,Repeated Listing
72150000,70039953.84836496,2110046.151635036,3.0126321273758143,3.0126321273758143,2300.0,8.0,3.0,1.0,Thirupalya,Villa,Under Construction,owner,True,False,Normal,Repeated Listing
17500000,18172562.31527548,-672562.3152754791,-3.7009768001188097,3.7009768001188097,2136.0,5.0,3.0,1.0,Bidaraguppe,Villa,Under Construction,builder,True,False,Normal,Repeated Listing
14000000,13993172.009470293,6827.990529706702,0.048795158989581894,0.048795158989581894,2136.0,4.0,3.0,1.0,Bidaraguppe,Villa,Under Construction,owner,True,False,Normal,Repeated Listing
37500000,40984055.42728329,-3484055.427283287,-8.501002135976847,8.501002135976847,2900.0,4.0,3.0,1.0,Sarjapur Road,Villa,Ready to Move,builder,True,False,Normal,Repeated Listing
28000000,46068493.063934326,-18068493.063934326,-39.22093357570582,39.22093357570582,2900.0,4.0,3.0,1.0,Sarjapur Road,Villa,Ready to Move,agent,True,False,Normal,Repeated Listing
58400000,37431002.09585924,20968997.904140763,56.02040215338086,56.02040215338086,2900.0,4.0,3.0,1.0,Sarjapur Road,Villa,Ready to Move,builder,True,False,Normal,Repeated Listing
48000000,37025599.25003,10974400.749969997,29.640035468058233,29.640035468058233,2768.0,4.0,2.0,1.0,Hennur Gardens,Villa,Under Construction,agent,True,False,Normal,Repeated Listing
32500000,55000000.00000105,-22500000.00000105,-40.909090909092036,40.909090909092036,3000.0,4.0,1.0,1.0,Yelahanka,Villa,Under Construction,agent,True,False,Normal,Repeated Listing
55000000,55695508.54837928,-695508.5483792797,-1.2487695444510287,1.2487695444510287,3000.0,4.0,1.0,1.0,Yelahanka,Villa,Under Construction,owner,True,False,Normal,Repeated Listing
32000000,32245783.615796532,-245783.61579653248,-0.7622193919211449,0.7622193919211449,2500.0,4.0,1.0,1.0,Devanahalli,Villa,Ready to Move,owner,True,False,Normal,Repeated Listing
50000000,54695997.069464624,-4695997.069464624,-8.58563207742725,8.58563207742725,3900.0,4.0,1.0,1.0,Devanahalli,Villa,Ready to Move,agent,True,False,Normal,Repeated Listing
50000000,39015269.80292154,10984730.197078459,28.154951260277844,28.154951260277844,3900.0,4.0,1.0,1.0,Devanahalli,Villa,Ready to Move,builder,True,False,Normal,Repeated Listing
28500000,31953592.868370604,-3453592.868370604,-10.808151942716767,10.808151942716767,2300.0,4.0,3.0,1.0,Thirupalya,Villa,Under Construction,agent,True,False,Normal,Repeated Listing
32000000,26204143.74423012,5795856.255769879,22.118090605597697,22.118090605597697,2300.0,4.0,3.0,1.0,Thirupalya,Villa,Under Construction,contractor,True,False,Normal,Repeated Listing
14800000,12925585.31544728,1874414.6845527198,14.501584561223849,14.501584561223849,2300.0,2.0,3.0,1.0,Thirupalya,Villa,Under Construction,owner,True,False,Normal,Repeated Listing
26500000,26417217.791547924,82782.20845207572,0.3133645984421627,0.3133645984421627,2300.0,5.0,3.0,1.0,Thirupalya,Villa,Under Construction,contractor,True,False,Normal,Repeated Listing
72150000,72298627.36492518,-148627.3649251759,-0.20557425547650263,0.20557425547650263,2300.0,8.0,3.0,1.0,Thirupalya,Villa,Under Construction,contractor,True,False,Normal,Repeated Listing
17500000,18172562.31527548,-672562.3152754791,-3.7009768001188097,3.7009768001188097,2136.0,5.0,3.0,1.0,Bidaraguppe,Villa,Under Construction,builder,True,False,Normal,Repeated Listing
14000000,15128654.757274574,-1128654.7572745737,-7.460377511304256,7.460377511304256,2136.0,4.0,3.0,1.0,Bidaraguppe,Villa,Under Construction,contractor,True,False,Normal,Repeated Listing
37500000,40984055.42728329,-3484055.427283287,-8.501002135976847,8.501002135976847,2900.0,4.0,3.0,1.0,Sarjapur Road,Villa,Ready to Move,builder,True,False,Normal,Repeated Listing
28000000,37606391.66004806,-9606391.66004806,-25.544571643265662,25.544571643265662,2900.0,4.0,3.0,1.0,Sarjapur Road,Villa,Ready to Move,contractor,True,False,Normal,Repeated Listing
58400000,37431002.09585924,20968997.904140763,56.02040215338086,56.02040215338086,2900.0,4.0,3.0,1.0,Sarjapur Road,Villa,Ready to Move,builder,True,False,Normal,Repeated Listing
48000000,37025599.25003,10974400.749969997,29.640035468058233,29.640035468058233,2768.0,4.0,2.0,1.0,Hennur Gardens,Villa,Under Construction,agent,True,False,Normal,Repeated Listing
32500000,55000000.00000105,-22500000.00000105,-40.909090909092036,40.909090909092036,3000.0,4.0,1.0,1.0,Yelahanka,Villa,Under Construction,agent,True,False,Normal,Repeated Listing
55000000,29390377.078481313,25609622.921518687,87.13608149066324,87.13608149066324,3000.0,4.0,1.0,1.0,Yelahanka,Villa,Under Construction,contractor,True,False,Normal,Repeated Listing
32000000,31848821.784964718,151178.21503528208,0.47467443554427097,0.47467443554427097,2500.0,4.0,1.0,1.0,Devanahalli,Villa,Ready to Move,contractor,True,False,Normal,Repeated Listing
50000000,39508261.718489856,10491738.281510144,26.555808393361975,26.555808393361975,3900.0,4.0,1.0,1.0,Devanahalli,Villa,Ready to Move,contractor,True,False,Normal,Repeated Listing
50000000,51643741.139716096,-1643741.1397160962,-3.1828467563361587,3.1828467563361587,3900.0,4.0,1.0,1.0,Devanahalli,Villa,Ready to Move,owner,True,False,Normal,Repeated Listing
28500000,31953592.868370604,-3453592.868370604,-10.808151942716767,10.808151942716767,2300.0,4.0,3.0,1.0,Thirupalya,Villa,Under Construction,agent,True,False,Normal,Repeated Listing
32000000,32920870.310378253,-920870.3103782535,-2.7972234685665356,2.7972234685665356,2300.0,4.0,3.0,1.0,Thirupalya,Villa,Under Construction,owner,True,False,Normal,Repeated Listing
14800000,12925585.31544728,1874414.6845527198,14.501584561223849,14.501584561223849,2300.0,2.0,3.0,1.0,Thirupalya,Villa,Under Construction,owner,True,False,Normal,Repeated Listing
26500000,26713128.55074389,-213128.55074388906,-0.7978419687496843,0.7978419687496843,2300.0,5.0,3.0,1.0,Thirupalya,Villa,Under Construction,builder,True,False,Normal,Repeated Listing
72150000,66285680.92557792,5864319.074422076,8.84703753893126,8.84703753893126,2300.0,8.0,3.0,1.0,Thirupalya,Villa,Under Construction,builder,True,False,Normal,Repeated Listing
48000000,37025599.25003,10974400.749969997,29.640035468058233,29.640035468058233,2768.0,4.0,2.0,1.0,Hennur Gardens,Villa,Under Construction,agent,True,False,Normal,Repeated Listing
17500000,18172562.31527548,-672562.3152754791,-3.7009768001188097,3.7009768001188097,2136.0,5.0,3.0,1.0,Bidaraguppe,Villa,Under Construction,builder,True,False,Normal,Repeated Listing
32500000,55000000.00000105,-22500000.00000105,-40.909090909092036,40.909090909092036,3000.0,4.0,1.0,1.0,Yelahanka,Villa,Under Construction,agent,True,False,Normal,Repeated Listing
14000000,14725707.77437715,-725707.7743771505,-4.928169059825347,4.928169059825347,2136.0,4.0,3.0,1.0,Bidaraguppe,Villa,Under Construction,builder,True,False,Normal,Repeated Listing
37500000,40984055.42728329,-3484055.427283287,-8.501002135976847,8.501002135976847,2900.0,4.0,3.0,1.0,Sarjapur Road,Villa,Ready to Move,builder,True,False,Normal,Repeated Listing
55000000,32501572.606834713,22498427.393165287,69.22258090500557,69.22258090500557,3000.0,4.0,1.0,1.0,Yelahanka,Villa,Under Construction,agent,True,False,Normal,Repeated Listing
32000000,31848821.784964718,151178.21503528208,0.47467443554427097,0.47467443554427097,2500.0,4.0,1.0,1.0,Devanahalli,Villa,Ready to Move,contractor,True,False,Normal,Repeated Listing
28000000,49030179.90966302,-21030179.90966302,-42.892316423090115,42.892316423090115,2900.0,4.0,3.0,1.0,Sarjapur Road,Villa,Ready to Move,owner,True,False,Normal,Repeated Listing
58400000,37606391.66004806,20793608.33995194,55.29275057261734,55.29275057261734,2900.0,4.0,3.0,1.0,Sarjapur Road,Villa,Ready to Move,contractor,True,False,Normal,Repeated Listing
50000000,39508261.718489856,10491738.281510144,26.555808393361975,26.555808393361975,3900.0,4.0,1.0,1.0,Devanahalli,Villa,Ready to Move,contractor,True,False,Normal,Repeated Listing
50000000,54695997.069464624,-4695997.069464624,-8.58563207742725,8.58563207742725,3900.0,4.0,1.0,1.0,Devanahalli,Villa,Ready to Move,agent,True,False,Normal,Repeated Listing
28500000,31953592.868370604,-3453592.868370604,-10.808151942716767,10.808151942716767,2300.0,4.0,3.0,1.0,Thirupalya,Villa,Under Construction,agent,True,False,Normal,Repeated Listing
32000000,26204143.74423012,5795856.255769879,22.118090605597697,22.118090605597697,2300.0,4.0,3.0,1.0,Thirupalya,Villa,Under Construction,contractor,True,False,Normal,Repeated Listing
14800000,12925585.31544728,1874414.6845527198,14.501584561223849,14.501584561223849,2300.0,2.0,3.0,1.0,Thirupalya,Villa,Under Construction,owner,True,False,Normal,Repeated Listing
26500000,26713128.55074389,-213128.55074388906,-0.7978419687496843,0.7978419687496843,2300.0,5.0,3.0,1.0,Thirupalya,Villa,Under Construction,builder,True,False,Normal,Repeated Listing
72150000,66285680.92557792,5864319.074422076,8.84703753893126,8.84703753893126,2300.0,8.0,3.0,1.0,Thirupalya,Villa,Under Construction,builder,True,False,Normal,Repeated Listing
17500000,18172562.31527548,-672562.3152754791,-3.7009768001188097,3.7009768001188097,2136.0,5.0,3.0,1.0,Bidaraguppe,Villa,Under Construction,builder,True,False,Normal,Repeated Listing
14000000,13993172.009470293,6827.990529706702,0.048795158989581894,0.048795158989581894,2136.0,4.0,3.0,1.0,Bidaraguppe,Villa,Under Construction,owner,True,False,Normal,Repeated Listing
37500000,40984055.42728329,-3484055.427283287,-8.501002135976847,8.501002135976847,2900.0,4.0,3.0,1.0,Sarjapur Road,Villa,Ready to Move,builder,True,False,Normal,Repeated Listing
48000000,37025599.25003,10974400.749969997,29.640035468058233,29.640035468058233,2768.0,4.0,2.0,1.0,Hennur Gardens,Villa,Under Construction,agent,True,False,Normal,Repeated Listing
28000000,46068493.063934326,-18068493.063934326,-39.22093357570582,39.22093357570582,2900.0,4.0,3.0,1.0,Sarjapur Road,Villa,Ready to Move,agent,True,False,Normal,Repeated Listing
58400000,32712811.31373335,25687188.68626665,78.52332971297629,78.52332971297629,2900.0,4.0,3.0,1.0,Sarjapur Road,Villa,Ready to Move,agent,True,False,Normal,Repeated Listing
32500000,55000000.00000105,-22500000.00000105,-40.909090909092036,40.909090909092036,3000.0,4.0,1.0,1.0,Yelahanka,Villa,Under Construction,agent,True,False,Normal,Repeated Listing
55000000,30390365.025824584,24609634.974175416,80.97841191859024,80.97841191859024,3000.0,4.0,1.0,1.0,Yelahanka,Villa,Under Construction,builder,True,False,Normal,Repeated Listing
32000000,31848821.784964718,151178.21503528208,0.47467443554427097,0.47467443554427097,2500.0,4.0,1.0,1.0,Devanahalli,Villa,Ready to Move,contractor,True,False,Normal,Repeated Listing
50000000,39015269.80292154,10984730.197078459,28.154951260277844,28.154951260277844,3900.0,4.0,1.0,1.0,Devanahalli,Villa,Ready to Move,builder,True,False,Normal,Repeated Listing
50000000,39508261.718489856,10491738.281510144,26.555808393361975,26.555808393361975,3900.0,4.0,1.0,1.0,Devanahalli,Villa,Ready to Move,contractor,True,False,Normal,Repeated Listing
28500000,31953592.868370604,-3453592.868370604,-10.808151942716767,10.808151942716767,2300.0,4.0,3.0,1.0,Thirupalya,Villa,Under Construction,agent,True,False,Normal,Repeated Listing
32000000,28503241.98318361,3496758.016816389,12.267930851091997,12.267930851091997,2300.0,4.0,3.0,1.0,Thirupalya,Villa,Under Construction,agent,True,False,Normal,Repeated Listing
14800000,12925585.31544728,1874414.6845527198,14.501584561223849,14.501584561223849,2300.0,2.0,3.0,1.0,Thirupalya,Villa,Under Construction,owner,True,False,Normal,Repeated Listing
26500000,26738502.473351225,-238502.47335122526,-0.8919814173921197,0.8919814173921197,2300.0,5.0,3.0,1.0,Thirupalya,Villa,Under Construction,agent,True,False,Normal,Repeated Listing
72150000,71757171.8637932,392828.1362068057,0.5474409400532919,0.5474409400532919,2300.0,8.0,3.0,1.0,Thirupalya,Villa,Under Construction,agent,True,False,Normal,Repeated Listing
17500000,16609807.208783785,890192.7912162151,5.359440841344946,5.359440841344946,2136.0,5.0,3.0,1.0,Bidaraguppe,Villa,Under Construction,owner,True,False,Normal,Repeated Listing
14000000,15128654.757274574,-1128654.7572745737,-7.460377511304256,7.460377511304256,2136.0,4.0,3.0,1.0,Bidaraguppe,Villa,Under Construction,contractor,True,False,Normal,Repeated Listing
37500000,40984055.42728329,-3484055.427283287,-8.501002135976847,8.501002135976847,2900.0,4.0,3.0,1.0,Sarjapur Road,Villa,Ready to Move,builder,True,False,Normal,Repeated Listing
28000000,37431002.09585924,-9431002.095859237,-25.195697597694107,25.195697597694107,2900.0,4.0,3.0,1.0,Sarjapur Road,Villa,Ready to Move,builder,True,False,Normal,Repeated Listing
58400000,32712811.31373335,25687188.68626665,78.52332971297629,78.52332971297629,2900.0,4.0,3.0,1.0,Sarjapur Road,Villa,Ready to Move,agent,True,False,Normal,Repeated Listing
48000000,37025599.25003,10974400.749969997,29.640035468058233,29.640035468058233,2768.0,4.0,2.0,1.0,Hennur Gardens,Villa,Under Construction,agent,True,False,Normal,Repeated Listing
32500000,55000000.00000105,-22500000.00000105,-40.909090909092036,40.909090909092036,3000.0,4.0,1.0,1.0,Yelahanka,Villa,Under Construction,agent,True,False,Normal,Repeated Listing
55000000,30390365.025824584,24609634.974175416,80.97841191859024,80.97841191859024,3000.0,4.0,1.0,1.0,Yelahanka,Villa,Under Construction,builder,True,False,Normal,Repeated Listing
32000000,32038291.658905108,-38291.65890510753,-0.11951841662713712,0.11951841662713712,2500.0,4.0,1.0,1.0,Devanahalli,Villa,Ready to Move,builder,True,False,Normal,Repeated Listing
50000000,39508261.718489856,10491738.281510144,26.555808393361975,26.555808393361975,3900.0,4.0,1.0,1.0,Devanahalli,Villa,Ready to Move,contractor,True,False,Normal,Repeated Listing
50000000,39015269.80292154,10984730.197078459,28.154951260277844,28.154951260277844,3900.0,4.0,1.0,1.0,Devanahalli,Villa,Ready to Move,builder,True,False,Normal,Repeated Listing
28500000,31953592.868370604,-3453592.868370604,-10.808151942716767,10.808151942716767,2300.0,4.0,3.0,1.0,Thirupalya,Villa,Under Construction,agent,True,False,Normal,Repeated Listing
32000000,26204143.74423012,5795856.255769879,22.118090605597697,22.118090605597697,2300.0,4.0,3.0,1.0,Thirupalya,Villa,Under Construction,contractor,True,False,Normal,Repeated Listing
14800000,12925585.31544728,1874414.6845527198,14.501584561223849,14.501584561223849,2300.0,2.0,3.0,1.0,Thirupalya,Villa,Under Construction,owner,True,False,Normal,Repeated Listing
26500000,26738502.473351225,-238502.47335122526,-0.8919814173921197,0.8919814173921197,2300.0,5.0,3.0,1.0,Thirupalya,Villa,Under Construction,agent,True,False,Normal,Repeated Listing
72150000,72298627.36492518,-148627.3649251759,-0.20557425547650263,0.20557425547650263,2300.0,8.0,3.0,1.0,Thirupalya,Villa,Under Construction,contractor,True,False,Normal,Repeated Listing
17500000,18172562.31527548,-672562.3152754791,-3.7009768001188097,3.7009768001188097,2136.0,5.0,3.0,1.0,Bidaraguppe,Villa,Under Construction,builder,True,False,Normal,Repeated Listing
14000000,14725707.77437715,-725707.7743771505,-4.928169059825347,4.928169059825347,2136.0,4.0,3.0,1.0,Bidaraguppe,Villa,Under Construction,builder,True,False,Normal,Repeated Listing
37500000,27975875.723221403,9524124.276778597,34.04406128696479,34.04406128696479,2900.0,4.0,3.0,1.0,Sarjapur Road,Villa,Ready to Move,owner,True,False,Normal,Repeated Listing
48000000,37025599.25003,10974400.749969997,29.640035468058233,29.640035468058233,2768.0,4.0,2.0,1.0,Hennur Gardens,Villa,Under Construction,agent,True,False,Normal,Repeated Listing
28000000,37431002.09585924,-9431002.095859237,-25.195697597694107,25.195697597694107,2900.0,4.0,3.0,1.0,Sarjapur Road,Villa,Ready to Move,builder,True,False,Normal,Repeated Listing
58400000,27975875.723221403,30424124.276778597,108.7512847775665,108.7512847775665,2900.0,4.0,3.0,1.0,Sarjapur Road,Villa,Ready to Move,owner,True,False,Potentially Overpriced,Repeated Listing
32500000,55000000.00000105,-22500000.00000105,-40.909090909092036,40.909090909092036,3000.0,4.0,1.0,1.0,Yelahanka,Villa,Under Construction,agent,True,False,Normal,Repeated Listing
55000000,55695508.54837928,-695508.5483792797,-1.2487695444510287,1.2487695444510287,3000.0,4.0,1.0,1.0,Yelahanka,Villa,Under Construction,owner,True,False,Normal,Repeated Listing
32000000,31907191.702662885,92808.29733711481,0.29086952622461376,0.29086952622461376,2500.0,4.0,1.0,1.0,Devanahalli,Villa,Ready to Move,agent,True,False,Normal,Repeated Listing
50000000,54695997.069464624,-4695997.069464624,-8.58563207742725,8.58563207742725,3900.0,4.0,1.0,1.0,Devanahalli,Villa,Ready to Move,agent,True,False,Normal,Repeated Listing
50000000,39015269.80292154,10984730.197078459,28.154951260277844,28.154951260277844,3900.0,4.0,1.0,1.0,Devanahalli,Villa,Ready to Move,builder,True,False,Normal,Repeated Listing
28500000,31953592.868370604,-3453592.868370604,-10.808151942716767,10.808151942716767,2300.0,4.0,3.0,1.0,Thirupalya,Villa,Under Construction,agent,True,False,Normal,Repeated Listing
32000000,28503241.98318361,3496758.016816389,12.267930851091997,12.267930851091997,2300.0,4.0,3.0,1.0,Thirupalya,Villa,Under Construction,agent,True,False,Normal,Repeated Listing
14800000,13540530.005592821,1259469.9944071788,9.301482245428824,9.301482245428824,2300.0,2.0,3.0,1.0,Thirupalya,Villa,Under Construction,agent,True,False,Normal,Repeated Listing
26500000,26713128.55074389,-213128.55074388906,-0.7978419687496843,0.7978419687496843,2300.0,5.0,3.0,1.0,Thirupalya,Villa,Under Construction,builder,True,False,Normal,Repeated Listing
72150000,72298627.36492518,-148627.3649251759,-0.20557425547650263,0.20557425547650263,2300.0,8.0,3.0,1.0,Thirupalya,Villa,Under Construction,contractor,True,False,Normal,Repeated Listing
17500000,17173145.52905424,326854.4709457606,1.9032883078570242,1.9032883078570242,2136.0,5.0,3.0,1.0,Bidaraguppe,Villa,Under Construction,contractor,True,False,Normal,Repeated Listing
14000000,14725707.77437715,-725707.7743771505,-4.928169059825347,4.928169059825347,2136.0,4.0,3.0,1.0,Bidaraguppe,Villa,Under Construction,builder,True,False,Normal,Repeated Listing
48000000,37025599.25003,10974400.749969997,29.640035468058233,29.640035468058233,2768.0,4.0,2.0,1.0,Hennur Gardens,Villa,Under Construction,agent,True,False,Normal,Repeated Listing
37500000,40383283.03161897,-2883283.0316189677,-7.139793536254689,7.139793536254689,2900.0,4.0,3.0,1.0,Sarjapur Road,Villa,Ready to Move,agent,True,False,Normal,Repeated Listing
28000000,37431002.09585924,-9431002.095859237,-25.195697597694107,25.195697597694107,2900.0,4.0,3.0,1.0,Sarjapur Road,Villa,Ready to Move,builder,True,False,Normal,Repeated Listing
32500000,55000000.00000105,-22500000.00000105,-40.909090909092036,40.909090909092036,3000.0,4.0,1.0,1.0,Yelahanka,Villa,Under Construction,agent,True,False,Normal,Repeated Listing
55000000,30390365.025824584,24609634.974175416,80.97841191859024,80.97841191859024,3000.0,4.0,1.0,1.0,Yelahanka,Villa,Under Construction,builder,True,False,Normal,Repeated Listing
48000000,37025599.25003,10974400.749969997,29.640035468058233,29.640035468058233,2768.0,4.0,2.0,1.0,Hennur Gardens,Villa,Under Construction,agent,True,False,Normal,Repeated Listing
32500000,55000000.00000105,-22500000.00000105,-40.909090909092036,40.909090909092036,3000.0,4.0,1.0,1.0,Yelahanka,Villa,Under Construction,agent,True,False,Normal,Repeated Listing
58400000,32712811.31373335,25687188.68626665,78.52332971297629,78.52332971297629,2900.0,4.0,3.0,1.0,Sarjapur Road,Villa,Ready to Move,agent,True,False,Normal,Repeated Listing
32000000,31848821.784964718,151178.21503528208,0.47467443554427097,0.47467443554427097,2500.0,4.0,1.0,1.0,Devanahalli,Villa,Ready to Move,contractor,True,False,Normal,Repeated Listing
50000000,39508261.718489856,10491738.281510144,26.555808393361975,26.555808393361975,3900.0,4.0,1.0,1.0,Devanahalli,Villa,Ready to Move,contractor,True,False,Normal,Repeated Listing
55000000,29390377.078481313,25609622.921518687,87.13608149066324,87.13608149066324,3000.0,4.0,1.0,1.0,Yelahanka,Villa,Under Construction,contractor,True,False,Normal,Repeated Listing
50000000,54695997.069464624,-4695997.069464624,-8.58563207742725,8.58563207742725,3900.0,4.0,1.0,1.0,Devanahalli,Villa,Ready to Move,agent,True,False,Normal,Repeated Listing
28500000,31953592.868370604,-3453592.868370604,-10.808151942716767,10.808151942716767,2300.0,4.0,3.0,1.0,Thirupalya,Villa,Under Construction,agent,True,False,Normal,Repeated Listing
32000000,31907191.702662885,92808.29733711481,0.29086952622461376,0.29086952622461376,2500.0,4.0,1.0,1.0,Devanahalli,Villa,Ready to Move,agent,True,False,Normal,Repeated Listing
50000000,39015269.80292154,10984730.197078459,28.154951260277844,28.154951260277844,3900.0,4.0,1.0,1.0,Devanahalli,Villa,Ready to Move,builder,True,False,Normal,Repeated Listing
48000000,37025599.25003,10974400.749969997,29.640035468058233,29.640035468058233,2768.0,4.0,2.0,1.0,Hennur Gardens,Villa,Under Construction,agent,True,False,Normal,Repeated Listing
32000000,32920870.310378253,-920870.3103782535,-2.7972234685665356,2.7972234685665356,2300.0,4.0,3.0,1.0,Thirupalya,Villa,Under Construction,owner,True,False,Normal,Repeated Listing
14800000,13540530.005592821,1259469.9944071788,9.301482245428824,9.301482245428824,2300.0,2.0,3.0,1.0,Thirupalya,Villa,Under Construction,agent,True,False,Normal,Repeated Listing
50000000,39015269.80292154,10984730.197078459,28.154951260277844,28.154951260277844,3900.0,4.0,1.0,1.0,Devanahalli,Villa,Ready to Move,builder,True,False,Normal,Repeated Listing
28500000,31953592.868370604,-3453592.868370604,-10.808151942716767,10.808151942716767,2300.0,4.0,3.0,1.0,Thirupalya,Villa,Under Construction,agent,True,False,Normal,Repeated Listing
32500000,55000000.00000105,-22500000.00000105,-40.909090909092036,40.909090909092036,3000.0,4.0,1.0,1.0,Yelahanka,Villa,Under Construction,agent,True,False,Normal,Repeated Listing
55000000,29390377.078481313,25609622.921518687,87.13608149066324,87.13608149066324,3000.0,4.0,1.0,1.0,Yelahanka,Villa,Under Construction,contractor,True,False,Normal,Repeated Listing
26500000,26713128.55074389,-213128.55074388906,-0.7978419687496843,0.7978419687496843,2300.0,5.0,3.0,1.0,Thirupalya,Villa,Under Construction,builder,True,False,Normal,Repeated Listing
72150000,66285680.92557792,5864319.074422076,8.84703753893126,8.84703753893126,2300.0,8.0,3.0,1.0,Thirupalya,Villa,Under Construction,builder,True,False,Normal,Repeated Listing
32000000,27308742.32741032,4691257.672589678,17.17859290752094,17.17859290752094,2300.0,4.0,3.0,1.0,Thirupalya,Villa,Under Construction,builder,True,False,Normal,Repeated Listing
14800000,13540530.005592821,1259469.9944071788,9.301482245428824,9.301482245428824,2300.0,2.0,3.0,1.0,Thirupalya,Villa,Under Construction,agent,True,False,Normal,Repeated Listing
32000000,31848821.784964718,151178.21503528208,0.47467443554427097,0.47467443554427097,2500.0,4.0,1.0,1.0,Devanahalli,Villa,Ready to Move,contractor,True,False,Normal,Repeated Listing
50000000,39015269.80292154,10984730.197078459,28.154951260277844,28.154951260277844,3900.0,4.0,1.0,1.0,Devanahalli,Villa,Ready to Move,builder,True,False,Normal,Repeated Listing
17500000,16609807.208783785,890192.7912162151,5.359440841344946,5.359440841344946,2136.0,5.0,3.0,1.0,Bidaraguppe,Villa,Under Construction,owner,True,False,Normal,Repeated Listing
14000000,15128654.757274574,-1128654.7572745737,-7.460377511304256,7.460377511304256,2136.0,4.0,3.0,1.0,Bidaraguppe,Villa,Under Construction,contractor,True,False,Normal,Repeated Listing
26500000,26713128.55074389,-213128.55074388906,-0.7978419687496843,0.7978419687496843,2300.0,5.0,3.0,1.0,Thirupalya,Villa,Under Construction,builder,True,False,Normal,Repeated Listing
72150000,72298627.36492518,-148627.3649251759,-0.20557425547650263,0.20557425547650263,2300.0,8.0,3.0,1.0,Thirupalya,Villa,Under Construction,contractor,True,False,Normal,Repeated Listing
50000000,39508261.718489856,10491738.281510144,26.555808393361975,26.555808393361975,3900.0,4.0,1.0,1.0,Devanahalli,Villa,Ready to Move,contractor,True,False,Normal,Repeated Listing
28500000,31953592.868370604,-3453592.868370604,-10.808151942716767,10.808151942716767,2300.0,4.0,3.0,1.0,Thirupalya,Villa,Under Construction,agent,True,False,Normal,Repeated Listing
37500000,38265442.75060015,-765442.7506001517,-2.000349912554315,2.000349912554315,2900.0,4.0,3.0,1.0,Sarjapur Road,Villa,Ready to Move,contractor,True,False,Normal,Repeated Listing
17500000,16609807.208783785,890192.7912162151,5.359440841344946,5.359440841344946,2136.0,5.0,3.0,1.0,Bidaraguppe,Villa,Under Construction,owner,True,False,Normal,Repeated Listing
14000000,14725707.77437715,-725707.7743771505,-4.928169059825347,4.928169059825347,2136.0,4.0,3.0,1.0,Bidaraguppe,Villa,Under Construction,builder,True,False,Normal,Repeated Listing
32000000,32920870.310378253,-920870.3103782535,-2.7972234685665356,2.7972234685665356,2300.0,4.0,3.0,1.0,Thirupalya,Villa,Under Construction,owner,True,False,Normal,Repeated Listing
14800000,12925585.31544728,1874414.6845527198,14.501584561223849,14.501584561223849,2300.0,2.0,3.0,1.0,Thirupalya,Villa,Under Construction,owner,True,False,Normal,Repeated Listing
28000000,49030179.90966302,-21030179.90966302,-42.892316423090115,42.892316423090115,2900.0,4.0,3.0,1.0,Sarjapur Road,Villa,Ready to Move,owner,True,False,Normal,Repeated Listing
58400000,27975875.723221403,30424124.276778597,108.7512847775665,108.7512847775665,2900.0,4.0,3.0,1.0,Sarjapur Road,Villa,Ready to Move,owner,True,False,Potentially Overpriced,Repeated Listing
37500000,27975875.723221403,9524124.276778597,34.04406128696479,34.04406128696479,2900.0,4.0,3.0,1.0,Sarjapur Road,Villa,Ready to Move,owner,True,False,Normal,Repeated Listing
28000000,37431002.09585924,-9431002.095859237,-25.195697597694107,25.195697597694107,2900.0,4.0,3.0,1.0,Sarjapur Road,Villa,Ready to Move,builder,True,False,Normal,Repeated Listing
26500000,27388616.699900262,-888616.699900262,-3.24447455538526,3.24447455538526,2300.0,5.0,3.0,1.0,Thirupalya,Villa,Under Construction,owner,True,False,Normal,Repeated Listing
72150000,70039953.84836496,2110046.151635036,3.0126321273758143,3.0126321273758143,2300.0,8.0,3.0,1.0,Thirupalya,Villa,Under Construction,owner,True,False,Normal,Repeated Listing
48000000,37025599.25003,10974400.749969997,29.640035468058233,29.640035468058233,2768.0,4.0,2.0,1.0,Hennur Gardens,Villa,Under Construction,agent,True,False,Normal,Repeated Listing
58400000,27975875.723221403,30424124.276778597,108.7512847775665,108.7512847775665,2900.0,4.0,3.0,1.0,Sarjapur Road,Villa,Ready to Move,owner,True,False,Potentially Overpriced,Repeated Listing
17500000,16609807.208783785,890192.7912162151,5.359440841344946,5.359440841344946,2136.0,5.0,3.0,1.0,Bidaraguppe,Villa,Under Construction,owner,True,False,Normal,Repeated Listing
14000000,14725707.77437715,-725707.7743771505,-4.928169059825347,4.928169059825347,2136.0,4.0,3.0,1.0,Bidaraguppe,Villa,Under Construction,builder,True,False,Normal,Repeated Listing
32500000,55000000.00000105,-22500000.00000105,-40.909090909092036,40.909090909092036,3000.0,4.0,1.0,1.0,Yelahanka,Villa,Under Construction,agent,True,False,Normal,Repeated Listing
55000000,29390377.078481313,25609622.921518687,87.13608149066324,87.13608149066324,3000.0,4.0,1.0,1.0,Yelahanka,Villa,Under Construction,contractor,True,False,Normal,Repeated Listing
37500000,40984055.42728329,-3484055.427283287,-8.501002135976847,8.501002135976847,2900.0,4.0,3.0,1.0,Sarjapur Road,Villa,Ready to Move,builder,True,False,Normal,Repeated Listing
32000000,31907191.702662885,92808.29733711481,0.29086952622461376,0.29086952622461376,2500.0,4.0,1.0,1.0,Devanahalli,Villa,Ready to Move,agent,True,False,Normal,Repeated Listing
28000000,49030179.90966302,-21030179.90966302,-42.892316423090115,42.892316423090115,2900.0,4.0,3.0,1.0,Sarjapur Road,Villa,Ready to Move,owner,True,False,Normal,Repeated Listing
50000000,39508261.718489856,10491738.281510144,26.555808393361975,26.555808393361975,3900.0,4.0,1.0,1.0,Devanahalli,Villa,Ready to Move,contractor,True,False,Normal,Repeated Listing
58400000,37606391.66004806,20793608.33995194,55.29275057261734,55.29275057261734,2900.0,4.0,3.0,1.0,Sarjapur Road,Villa,Ready to Move,contractor,True,False,Normal,Repeated Listing
50000000,54695997.069464624,-4695997.069464624,-8.58563207742725,8.58563207742725,3900.0,4.0,1.0,1.0,Devanahalli,Villa,Ready to Move,agent,True,False,Normal,Repeated Listing
28500000,31953592.868370604,-3453592.868370604,-10.808151942716767,10.808151942716767,2300.0,4.0,3.0,1.0,Thirupalya,Villa,Under Construction,agent,True,False,Normal,Repeated Listing
32000000,26204143.74423012,5795856.255769879,22.118090605597697,22.118090605597697,2300.0,4.0,3.0,1.0,Thirupalya,Villa,Under Construction,contractor,True,False,Normal,Repeated Listing
14800000,13621647.907160668,1178352.0928393323,8.650583988592839,8.650583988592839,2300.0,2.0,3.0,1.0,Thirupalya,Villa,Under Construction,contractor,True,False,Normal,Repeated Listing
26500000,26738502.473351225,-238502.47335122526,-0.8919814173921197,0.8919814173921197,2300.0,5.0,3.0,1.0,Thirupalya,Villa,Under Construction,agent,True,False,Normal,Repeated Listing
72150000,66285680.92557792,5864319.074422076,8.84703753893126,8.84703753893126,2300.0,8.0,3.0,1.0,Thirupalya,Villa,Under Construction,builder,True,False,Normal,Repeated Listing
17500000,16609807.208783785,890192.7912162151,5.359440841344946,5.359440841344946,2136.0,5.0,3.0,1.0,Bidaraguppe,Villa,Under Construction,owner,True,False,Normal,Repeated Listing
14000000,14725707.77437715,-725707.7743771505,-4.928169059825347,4.928169059825347,2136.0,4.0,3.0,1.0,Bidaraguppe,Villa,Under Construction,builder,True,False,Normal,Repeated Listing
37500000,40984055.42728329,-3484055.427283287,-8.501002135976847,8.501002135976847,2900.0,4.0,3.0,1.0,Sarjapur Road,Villa,Ready to Move,builder,True,False,Normal,Repeated Listing
28000000,37431002.09585924,-9431002.095859237,-25.195697597694107,25.195697597694107,2900.0,4.0,3.0,1.0,Sarjapur Road,Villa,Ready to Move,builder,True,False,Normal,Repeated Listing
58400000,27975875.723221403,30424124.276778597,108.7512847775665,108.7512847775665,2900.0,4.0,3.0,1.0,Sarjapur Road,Villa,Ready to Move,owner,True,False,Potentially Overpriced,Repeated Listing
48000000,37025599.25003,10974400.749969997,29.640035468058233,29.640035468058233,2768.0,4.0,2.0,1.0,Hennur Gardens,Villa,Under Construction,agent,True,False,Normal,Repeated Listing
32500000,55000000.00000105,-22500000.00000105,-40.909090909092036,40.909090909092036,3000.0,4.0,1.0,1.0,Yelahanka,Villa,Under Construction,agent,True,False,Normal,Repeated Listing
55000000,55695508.54837928,-695508.5483792797,-1.2487695444510287,1.2487695444510287,3000.0,4.0,1.0,1.0,Yelahanka,Villa,Under Construction,owner,True,False,Normal,Repeated Listing
32000000,31848821.784964718,151178.21503528208,0.47467443554427097,0.47467443554427097,2500.0,4.0,1.0,1.0,Devanahalli,Villa,Ready to Move,contractor,True,False,Normal,Repeated Listing
50000000,51643741.139716096,-1643741.1397160962,-3.1828467563361587,3.1828467563361587,3900.0,4.0,1.0,1.0,Devanahalli,Villa,Ready to Move,owner,True,False,Normal,Repeated Listing
50000000,39015269.80292154,10984730.197078459,28.154951260277844,28.154951260277844,3900.0,4.0,1.0,1.0,Devanahalli,Villa,Ready to Move,builder,True,False,Normal,Repeated Listing
28500000,31953592.868370604,-3453592.868370604,-10.808151942716767,10.808151942716767,2300.0,4.0,3.0,1.0,Thirupalya,Villa,Under Construction,agent,True,False,Normal,Repeated Listing
32000000,28503241.98318361,3496758.016816389,12.267930851091997,12.267930851091997,2300.0,4.0,3.0,1.0,Thirupalya,Villa,Under Construction,agent,True,False,Normal,Repeated Listing
14800000,13621647.907160668,1178352.0928393323,8.650583988592839,8.650583988592839,2300.0,2.0,3.0,1.0,Thirupalya,Villa,Under Construction,contractor,True,False,Normal,Repeated Listing
48000000,37025599.25003,10974400.749969997,29.640035468058233,29.640035468058233,2768.0,4.0,2.0,1.0,Hennur Gardens,Villa,Under Construction,agent,True,False,Normal,Repeated Listing
26500000,26713128.55074389,-213128.55074388906,-0.7978419687496843,0.7978419687496843,2300.0,5.0,3.0,1.0,Thirupalya,Villa,Under Construction,builder,True,False,Normal,Repeated Listing
32500000,55000000.00000105,-22500000.00000105,-40.909090909092036,40.909090909092036,3000.0,4.0,1.0,1.0,Yelahanka,Villa,Under Construction,agent,True,False,Normal,Repeated Listing
72150000,72298627.36492518,-148627.3649251759,-0.20557425547650263,0.20557425547650263,2300.0,8.0,3.0,1.0,Thirupalya,Villa,Under Construction,contractor,True,False,Normal,Repeated Listing
55000000,30390365.025824584,24609634.974175416,80.97841191859024,80.97841191859024,3000.0,4.0,1.0,1.0,Yelahanka,Villa,Under Construction,builder,True,False,Normal,Repeated Listing
17500000,18172562.31527548,-672562.3152754791,-3.7009768001188097,3.7009768001188097,2136.0,5.0,3.0,1.0,Bidaraguppe,Villa,Under Construction,builder,True,False,Normal,Repeated Listing
14000000,14910817.447835509,-910817.4478355087,-6.108434034699588,6.108434034699588,2136.0,4.0,3.0,1.0,Bidaraguppe,Villa,Under Construction,agent,True,False,Normal,Repeated Listing
32000000,32038291.658905108,-38291.65890510753,-0.11951841662713712,0.11951841662713712,2500.0,4.0,1.0,1.0,Devanahalli,Villa,Ready to Move,builder,True,False,Normal,Repeated Listing
50000000,39508261.718489856,10491738.281510144,26.555808393361975,26.555808393361975,3900.0,4.0,1.0,1.0,Devanahalli,Villa,Ready to Move,contractor,True,False,Normal,Repeated Listing
37500000,40383283.03161897,-2883283.0316189677,-7.139793536254689,7.139793536254689,2900.0,4.0,3.0,1.0,Sarjapur Road,Villa,Ready to Move,agent,True,False,Normal,Repeated Listing
28000000,49030179.90966302,-21030179.90966302,-42.892316423090115,42.892316423090115,2900.0,4.0,3.0,1.0,Sarjapur Road,Villa,Ready to Move,owner,True,False,Normal,Repeated Listing
50000000,51643741.139716096,-1643741.1397160962,-3.1828467563361587,3.1828467563361587,3900.0,4.0,1.0,1.0,Devanahalli,Villa,Ready to Move,owner,True,False,Normal,Repeated Listing
28500000,31953592.868370604,-3453592.868370604,-10.808151942716767,10.808151942716767,2300.0,4.0,3.0,1.0,Thirupalya,Villa,Under Construction,agent,True,False,Normal,Repeated Listing
58400000,32712811.31373335,25687188.68626665,78.52332971297629,78.52332971297629,2900.0,4.0,3.0,1.0,Sarjapur Road,Villa,Ready to Move,agent,True,False,Normal,Repeated Listing
32000000,26204143.74423012,5795856.255769879,22.118090605597697,22.118090605597697,2300.0,4.0,3.0,1.0,Thirupalya,Villa,Under Construction,contractor,True,False,Normal,Repeated Listing
14800000,13621647.907160668,1178352.0928393323,8.650583988592839,8.650583988592839,2300.0,2.0,3.0,1.0,Thirupalya,Villa,Under Construction,contractor,True,False,Normal,Repeated Listing
26500000,26713128.55074389,-213128.55074388906,-0.7978419687496843,0.7978419687496843,2300.0,5.0,3.0,1.0,Thirupalya,Villa,Under Construction,builder,True,False,Normal,Repeated Listing
72150000,71757171.8637932,392828.1362068057,0.5474409400532919,0.5474409400532919,2300.0,8.0,3.0,1.0,Thirupalya,Villa,Under Construction,agent,True,False,Normal,Repeated Listing
48000000,37025599.25003,10974400.749969997,29.640035468058233,29.640035468058233,2768.0,4.0,2.0,1.0,Hennur Gardens,Villa,Under Construction,agent,True,False,Normal,Repeated Listing
32500000,55000000.00000105,-22500000.00000105,-40.909090909092036,40.909090909092036,3000.0,4.0,1.0,1.0,Yelahanka,Villa,Under Construction,agent,True,False,Normal,Repeated Listing
17500000,17173145.52905424,326854.4709457606,1.9032883078570242,1.9032883078570242,2136.0,5.0,3.0,1.0,Bidaraguppe,Villa,Under Construction,contractor,True,False,Normal,Repeated Listing
14000000,15128654.757274574,-1128654.7572745737,-7.460377511304256,7.460377511304256,2136.0,4.0,3.0,1.0,Bidaraguppe,Villa,Under Construction,contractor,True,False,Normal,Repeated Listing
55000000,30390365.025824584,24609634.974175416,80.97841191859024,80.97841191859024,3000.0,4.0,1.0,1.0,Yelahanka,Villa,Under Construction,builder,True,False,Normal,Repeated Listing
32000000,31907191.702662885,92808.29733711481,0.29086952622461376,0.29086952622461376,2500.0,4.0,1.0,1.0,Devanahalli,Villa,Ready to Move,agent,True,False,Normal,Repeated Listing
37500000,40984055.42728329,-3484055.427283287,-8.501002135976847,8.501002135976847,2900.0,4.0,3.0,1.0,Sarjapur Road,Villa,Ready to Move,builder,True,False,Normal,Repeated Listing
28000000,46068493.063934326,-18068493.063934326,-39.22093357570582,39.22093357570582,2900.0,4.0,3.0,1.0,Sarjapur Road,Villa,Ready to Move,agent,True,False,Normal,Repeated Listing
50000000,39508261.718489856,10491738.281510144,26.555808393361975,26.555808393361975,3900.0,4.0,1.0,1.0,Devanahalli,Villa,Ready to Move,contractor,True,False,Normal,Repeated Listing
50000000,54695997.069464624,-4695997.069464624,-8.58563207742725,8.58563207742725,3900.0,4.0,1.0,1.0,Devanahalli,Villa,Ready to Move,agent,True,False,Normal,Repeated Listing
58400000,27975875.723221403,30424124.276778597,108.7512847775665,108.7512847775665,2900.0,4.0,3.0,1.0,Sarjapur Road,Villa,Ready to Move,owner,True,False,Potentially Overpriced,Repeated Listing
28500000,31953592.868370604,-3453592.868370604,-10.808151942716767,10.808151942716767,2300.0,4.0,3.0,1.0,Thirupalya,Villa,Under Construction,agent,True,False,Normal,Repeated Listing
32000000,26204143.74423012,5795856.255769879,22.118090605597697,22.118090605597697,2300.0,4.0,3.0,1.0,Thirupalya,Villa,Under Construction,contractor,True,False,Normal,Repeated Listing
14800000,13540530.005592821,1259469.9944071788,9.301482245428824,9.301482245428824,2300.0,2.0,3.0,1.0,Thirupalya,Villa,Under Construction,agent,True,False,Normal,Repeated Listing
26500000,26738502.473351225,-238502.47335122526,-0.8919814173921197,0.8919814173921197,2300.0,5.0,3.0,1.0,Thirupalya,Villa,Under Construction,agent,True,False,Normal,Repeated Listing
72150000,71757171.8637932,392828.1362068057,0.5474409400532919,0.5474409400532919,2300.0,8.0,3.0,1.0,Thirupalya,Villa,Under Construction,agent,True,False,Normal,Repeated Listing
48000000,37025599.25003,10974400.749969997,29.640035468058233,29.640035468058233,2768.0,4.0,2.0,1.0,Hennur Gardens,Villa,Under Construction,agent,True,False,Normal,Repeated Listing
32500000,55000000.00000105,-22500000.00000105,-40.909090909092036,40.909090909092036,3000.0,4.0,1.0,1.0,Yelahanka,Villa,Under Construction,agent,True,False,Normal,Repeated Listing
17500000,18172562.31527548,-672562.3152754791,-3.7009768001188097,3.7009768001188097,2136.0,5.0,3.0,1.0,Bidaraguppe,Villa,Under Construction,builder,True,False,Normal,Repeated Listing
14000000,14725707.77437715,-725707.7743771505,-4.928169059825347,4.928169059825347,2136.0,4.0,3.0,1.0,Bidaraguppe,Villa,Under Construction,builder,True,False,Normal,Repeated Listing
55000000,55695508.54837928,-695508.5483792797,-1.2487695444510287,1.2487695444510287,3000.0,4.0,1.0,1.0,Yelahanka,Villa,Under Construction,owner,True,False,Normal,Repeated Listing
32000000,31848821.784964718,151178.21503528208,0.47467443554427097,0.47467443554427097,2500.0,4.0,1.0,1.0,Devanahalli,Villa,Ready to Move,contractor,True,False,Normal,Repeated Listing
37500000,40383283.03161897,-2883283.0316189677,-7.139793536254689,7.139793536254689,2900.0,4.0,3.0,1.0,Sarjapur Road,Villa,Ready to Move,agent,True,False,Normal,Repeated Listing
28000000,37431002.09585924,-9431002.095859237,-25.195697597694107,25.195697597694107,2900.0,4.0,3.0,1.0,Sarjapur Road,Villa,Ready to Move,builder,True,False,Normal,Repeated Listing
50000000,39015269.80292154,10984730.197078459,28.154951260277844,28.154951260277844,3900.0,4.0,1.0,1.0,Devanahalli,Villa,Ready to Move,builder,True,False,Normal,Repeated Listing
50000000,51643741.139716096,-1643741.1397160962,-3.1828467563361587,3.1828467563361587,3900.0,4.0,1.0,1.0,Devanahalli,Villa,Ready to Move,owner,True,False,Normal,Repeated Listing
58400000,37431002.09585924,20968997.904140763,56.02040215338086,56.02040215338086,2900.0,4.0,3.0,1.0,Sarjapur Road,Villa,Ready to Move,builder,True,False,Normal,Repeated Listing
28500000,31953592.868370604,-3453592.868370604,-10.808151942716767,10.808151942716767,2300.0,4.0,3.0,1.0,Thirupalya,Villa,Under Construction,agent,True,False,Normal,Repeated Listing
32000000,28503241.98318361,3496758.016816389,12.267930851091997,12.267930851091997,2300.0,4.0,3.0,1.0,Thirupalya,Villa,Under Construction,agent,True,False,Normal,Repeated Listing
14800000,13621647.907160668,1178352.0928393323,8.650583988592839,8.650583988592839,2300.0,2.0,3.0,1.0,Thirupalya,Villa,Under Construction,contractor,True,False,Normal,Repeated Listing
26500000,27388616.699900262,-888616.699900262,-3.24447455538526,3.24447455538526,2300.0,5.0,3.0,1.0,Thirupalya,Villa,Under Construction,owner,True,False,Normal,Repeated Listing
72150000,71757171.8637932,392828.1362068057,0.5474409400532919,0.5474409400532919,2300.0,8.0,3.0,1.0,Thirupalya,Villa,Under Construction,agent,True,False,Normal,Repeated Listing
17500000,18172562.31527548,-672562.3152754791,-3.7009768001188097,3.7009768001188097,2136.0,5.0,3.0,1.0,Bidaraguppe,Villa,Under Construction,builder,True,False,Normal,Repeated Listing
14000000,15128654.757274574,-1128654.7572745737,-7.460377511304256,7.460377511304256,2136.0,4.0,3.0,1.0,Bidaraguppe,Villa,Under Construction,contractor,True,False,Normal,Repeated Listing
37500000,27975875.723221403,9524124.276778597,34.04406128696479,34.04406128696479,2900.0,4.0,3.0,1.0,Sarjapur Road,Villa,Ready to Move,owner,True,False,Normal,Repeated Listing
48000000,37025599.25003,10974400.749969997,29.640035468058233,29.640035468058233,2768.0,4.0,2.0,1.0,Hennur Gardens,Villa,Under Construction,agent,True,False,Normal,Repeated Listing
32500000,55000000.00000105,-22500000.00000105,-40.909090909092036,40.909090909092036,3000.0,4.0,1.0,1.0,Yelahanka,Villa,Under Construction,agent,True,False,Normal,Repeated Listing
28000000,46068493.063934326,-18068493.063934326,-39.22093357570582,39.22093357570582,2900.0,4.0,3.0,1.0,Sarjapur Road,Villa,Ready to Move,agent,True,False,Normal,Repeated Listing
58400000,27975875.723221403,30424124.276778597,108.7512847775665,108.7512847775665,2900.0,4.0,3.0,1.0,Sarjapur Road,Villa,Ready to Move,owner,True,False,Potentially Overpriced,Repeated Listing
55000000,32501572.606834713,22498427.393165287,69.22258090500557,69.22258090500557,3000.0,4.0,1.0,1.0,Yelahanka,Villa,Under Construction,agent,True,False,Normal,Repeated Listing
32000000,31907191.702662885,92808.29733711481,0.29086952622461376,0.29086952622461376,2500.0,4.0,1.0,1.0,Devanahalli,Villa,Ready to Move,agent,True,False,Normal,Repeated Listing
50000000,51643741.139716096,-1643741.1397160962,-3.1828467563361587,3.1828467563361587,3900.0,4.0,1.0,1.0,Devanahalli,Villa,Ready to Move,owner,True,False,Normal,Repeated Listing
50000000,54695997.069464624,-4695997.069464624,-8.58563207742725,8.58563207742725,3900.0,4.0,1.0,1.0,Devanahalli,Villa,Ready to Move,agent,True,False,Normal,Repeated Listing
28500000,31953592.868370604,-3453592.868370604,-10.808151942716767,10.808151942716767,2300.0,4.0,3.0,1.0,Thirupalya,Villa,Under Construction,agent,True,False,Normal,Repeated Listing
32000000,28503241.98318361,3496758.016816389,12.267930851091997,12.267930851091997,2300.0,4.0,3.0,1.0,Thirupalya,Villa,Under Construction,agent,True,False,Normal,Repeated Listing
14800000,14887052.400365748,-87052.40036574751,-0.5847524279796906,0.5847524279796906,2300.0,2.0,3.0,1.0,Thirupalya,Villa,Under Construction,builder,True,False,Normal,Repeated Listing
26500000,26738502.473351225,-238502.47335122526,-0.8919814173921197,0.8919814173921197,2300.0,5.0,3.0,1.0,Thirupalya,Villa,Under Construction,agent,True,False,Normal,Repeated Listing
72150000,72298627.36492518,-148627.3649251759,-0.20557425547650263,0.20557425547650263,2300.0,8.0,3.0,1.0,Thirupalya,Villa,Under Construction,contractor,True,False,Normal,Repeated Listing
48000000,37025599.25003,10974400.749969997,29.640035468058233,29.640035468058233,2768.0,4.0,2.0,1.0,Hennur Gardens,Villa,Under Construction,agent,True,False,Normal,Repeated Listing
17500000,18172562.31527548,-672562.3152754791,-3.7009768001188097,3.7009768001188097,2136.0,5.0,3.0,1.0,Bidaraguppe,Villa,Under Construction,builder,True,False,Normal,Repeated Listing
48000000,37025599.25003,10974400.749969997,29.640035468058233,29.640035468058233,2768.0,4.0,2.0,1.0,Hennur Gardens,Villa,Under Construction,agent,True,False,Normal,Repeated Listing
32500000,55000000.00000105,-22500000.00000105,-40.909090909092036,40.909090909092036,3000.0,4.0,1.0,1.0,Yelahanka,Villa,Under Construction,agent,True,False,Normal,Repeated Listing
32500000,55000000.00000105,-22500000.00000105,-40.909090909092036,40.909090909092036,3000.0,4.0,1.0,1.0,Yelahanka,Villa,Under Construction,agent,True,False,Normal,Repeated Listing
55000000,29390377.078481313,25609622.921518687,87.13608149066324,87.13608149066324,3000.0,4.0,1.0,1.0,Yelahanka,Villa,Under Construction,contractor,True,False,Normal,Repeated Listing
14000000,14910817.447835509,-910817.4478355087,-6.108434034699588,6.108434034699588,2136.0,4.0,3.0,1.0,Bidaraguppe,Villa,Under Construction,agent,True,False,Normal,Repeated Listing
55000000,32501572.606834713,22498427.393165287,69.22258090500557,69.22258090500557,3000.0,4.0,1.0,1.0,Yelahanka,Villa,Under Construction,agent,True,False,Normal,Repeated Listing
32000000,31907191.702662885,92808.29733711481,0.29086952622461376,0.29086952622461376,2500.0,4.0,1.0,1.0,Devanahalli,Villa,Ready to Move,agent,True,False,Normal,Repeated Listing
32000000,32245783.615796532,-245783.61579653248,-0.7622193919211449,0.7622193919211449,2500.0,4.0,1.0,1.0,Devanahalli,Villa,Ready to Move,owner,True,False,Normal,Repeated Listing
50000000,39508261.718489856,10491738.281510144,26.555808393361975,26.555808393361975,3900.0,4.0,1.0,1.0,Devanahalli,Villa,Ready to Move,contractor,True,False,Normal,Repeated Listing
37500000,27975875.723221403,9524124.276778597,34.04406128696479,34.04406128696479,2900.0,4.0,3.0,1.0,Sarjapur Road,Villa,Ready to Move,owner,True,False,Normal,Repeated Listing
28000000,37606391.66004806,-9606391.66004806,-25.544571643265662,25.544571643265662,2900.0,4.0,3.0,1.0,Sarjapur Road,Villa,Ready to Move,contractor,True,False,Normal,Repeated Listing
50000000,39015269.80292154,10984730.197078459,28.154951260277844,28.154951260277844,3900.0,4.0,1.0,1.0,Devanahalli,Villa,Ready to Move,builder,True,False,Normal,Repeated Listing
50000000,51643741.139716096,-1643741.1397160962,-3.1828467563361587,3.1828467563361587,3900.0,4.0,1.0,1.0,Devanahalli,Villa,Ready to Move,owner,True,False,Normal,Repeated Listing
28500000,31953592.868370604,-3453592.868370604,-10.808151942716767,10.808151942716767,2300.0,4.0,3.0,1.0,Thirupalya,Villa,Under Construction,agent,True,False,Normal,Repeated Listing
58400000,37431002.09585924,20968997.904140763,56.02040215338086,56.02040215338086,2900.0,4.0,3.0,1.0,Sarjapur Road,Villa,Ready to Move,builder,True,False,Normal,Repeated Listing
50000000,51643741.139716096,-1643741.1397160962,-3.1828467563361587,3.1828467563361587,3900.0,4.0,1.0,1.0,Devanahalli,Villa,Ready to Move,owner,True,False,Normal,Repeated Listing
32000000,32920870.310378253,-920870.3103782535,-2.7972234685665356,2.7972234685665356,2300.0,4.0,3.0,1.0,Thirupalya,Villa,Under Construction,owner,True,False,Normal,Repeated Listing
14800000,14887052.400365748,-87052.40036574751,-0.5847524279796906,0.5847524279796906,2300.0,2.0,3.0,1.0,Thirupalya,Villa,Under Construction,builder,True,False,Normal,Repeated Listing
28500000,31953592.868370604,-3453592.868370604,-10.808151942716767,10.808151942716767,2300.0,4.0,3.0,1.0,Thirupalya,Villa,Under Construction,agent,True,False,Normal,Repeated Listing
26500000,27388616.699900262,-888616.699900262,-3.24447455538526,3.24447455538526,2300.0,5.0,3.0,1.0,Thirupalya,Villa,Under Construction,owner,True,False,Normal,Repeated Listing
32000000,32920870.310378253,-920870.3103782535,-2.7972234685665356,2.7972234685665356,2300.0,4.0,3.0,1.0,Thirupalya,Villa,Under Construction,owner,True,False,Normal,Repeated Listing
72150000,71757171.8637932,392828.1362068057,0.5474409400532919,0.5474409400532919,2300.0,8.0,3.0,1.0,Thirupalya,Villa,Under Construction,agent,True,False,Normal,Repeated Listing
14800000,12925585.31544728,1874414.6845527198,14.501584561223849,14.501584561223849,2300.0,2.0,3.0,1.0,Thirupalya,Villa,Under Construction,owner,True,False,Normal,Repeated Listing
17500000,18172562.31527548,-672562.3152754791,-3.7009768001188097,3.7009768001188097,2136.0,5.0,3.0,1.0,Bidaraguppe,Villa,Under Construction,builder,True,False,Normal,Repeated Listing
26500000,26713128.55074389,-213128.55074388906,-0.7978419687496843,0.7978419687496843,2300.0,5.0,3.0,1.0,Thirupalya,Villa,Under Construction,builder,True,False,Normal,Repeated Listing
14000000,14725707.77437715,-725707.7743771505,-4.928169059825347,4.928169059825347,2136.0,4.0,3.0,1.0,Bidaraguppe,Villa,Under Construction,builder,True,False,Normal,Repeated Listing
48000000,37025599.25003,10974400.749969997,29.640035468058233,29.640035468058233,2768.0,4.0,2.0,1.0,Hennur Gardens,Villa,Under Construction,agent,True,False,Normal,Repeated Listing
48000000,37025599.25003,10974400.749969997,29.640035468058233,29.640035468058233,2768.0,4.0,2.0,1.0,Hennur Gardens,Villa,Under Construction,agent,True,False,Normal,Repeated Listing
72150000,66285680.92557792,5864319.074422076,8.84703753893126,8.84703753893126,2300.0,8.0,3.0,1.0,Thirupalya,Villa,Under Construction,builder,True,False,Normal,Repeated Listing
37500000,40984055.42728329,-3484055.427283287,-8.501002135976847,8.501002135976847,2900.0,4.0,3.0,1.0,Sarjapur Road,Villa,Ready to Move,builder,True,False,Normal,Repeated Listing
32500000,55000000.00000105,-22500000.00000105,-40.909090909092036,40.909090909092036,3000.0,4.0,1.0,1.0,Yelahanka,Villa,Under Construction,agent,True,False,Normal,Repeated Listing
32500000,55000000.00000105,-22500000.00000105,-40.909090909092036,40.909090909092036,3000.0,4.0,1.0,1.0,Yelahanka,Villa,Under Construction,agent,True,False,Normal,Repeated Listing
17500000,18172562.31527548,-672562.3152754791,-3.7009768001188097,3.7009768001188097,2136.0,5.0,3.0,1.0,Bidaraguppe,Villa,Under Construction,builder,True,False,Normal,Repeated Listing
28000000,49030179.90966302,-21030179.90966302,-42.892316423090115,42.892316423090115,2900.0,4.0,3.0,1.0,Sarjapur Road,Villa,Ready to Move,owner,True,False,Normal,Repeated Listing
55000000,29390377.078481313,25609622.921518687,87.13608149066324,87.13608149066324,3000.0,4.0,1.0,1.0,Yelahanka,Villa,Under Construction,contractor,True,False,Normal,Repeated Listing
55000000,55695508.54837928,-695508.5483792797,-1.2487695444510287,1.2487695444510287,3000.0,4.0,1.0,1.0,Yelahanka,Villa,Under Construction,owner,True,False,Normal,Repeated Listing
32000000,32245783.615796532,-245783.61579653248,-0.7622193919211449,0.7622193919211449,2500.0,4.0,1.0,1.0,Devanahalli,Villa,Ready to Move,owner,True,False,Normal,Repeated Listing
14000000,13993172.009470293,6827.990529706702,0.048795158989581894,0.048795158989581894,2136.0,4.0,3.0,1.0,Bidaraguppe,Villa,Under Construction,owner,True,False,Normal,Repeated Listing
37500000,27975875.723221403,9524124.276778597,34.04406128696479,34.04406128696479,2900.0,4.0,3.0,1.0,Sarjapur Road,Villa,Ready to Move,owner,True,False,Normal,Repeated Listing
58400000,27975875.723221403,30424124.276778597,108.7512847775665,108.7512847775665,2900.0,4.0,3.0,1.0,Sarjapur Road,Villa,Ready to Move,owner,True,False,Potentially Overpriced,Repeated Listing
32000000,32245783.615796532,-245783.61579653248,-0.7622193919211449,0.7622193919211449,2500.0,4.0,1.0,1.0,Devanahalli,Villa,Ready to Move,owner,True,False,Normal,Repeated Listing
50000000,39508261.718489856,10491738.281510144,26.555808393361975,26.555808393361975,3900.0,4.0,1.0,1.0,Devanahalli,Villa,Ready to Move,contractor,True,False,Normal,Repeated Listing
50000000,51643741.139716096,-1643741.1397160962,-3.1828467563361587,3.1828467563361587,3900.0,4.0,1.0,1.0,Devanahalli,Villa,Ready to Move,owner,True,False,Normal,Repeated Listing
50000000,39508261.718489856,10491738.281510144,26.555808393361975,26.555808393361975,3900.0,4.0,1.0,1.0,Devanahalli,Villa,Ready to Move,contractor,True,False,Normal,Repeated Listing
28000000,49030179.90966302,-21030179.90966302,-42.892316423090115,42.892316423090115,2900.0,4.0,3.0,1.0,Sarjapur Road,Villa,Ready to Move,owner,True,False,Normal,Repeated Listing
58400000,32712811.31373335,25687188.68626665,78.52332971297629,78.52332971297629,2900.0,4.0,3.0,1.0,Sarjapur Road,Villa,Ready to Move,agent,True,False,Normal,Repeated Listing
50000000,54695997.069464624,-4695997.069464624,-8.58563207742725,8.58563207742725,3900.0,4.0,1.0,1.0,Devanahalli,Villa,Ready to Move,agent,True,False,Normal,Repeated Listing
28500000,31953592.868370604,-3453592.868370604,-10.808151942716767,10.808151942716767,2300.0,4.0,3.0,1.0,Thirupalya,Villa,Under Construction,agent,True,False,Normal,Repeated Listing
28500000,31953592.868370604,-3453592.868370604,-10.808151942716767,10.808151942716767,2300.0,4.0,3.0,1.0,Thirupalya,Villa,Under Construction,agent,True,False,Normal,Repeated Listing
32000000,26204143.74423012,5795856.255769879,22.118090605597697,22.118090605597697,2300.0,4.0,3.0,1.0,Thirupalya,Villa,Under Construction,contractor,True,False,Normal,Repeated Listing
32000000,27308742.32741032,4691257.672589678,17.17859290752094,17.17859290752094,2300.0,4.0,3.0,1.0,Thirupalya,Villa,Under Construction,builder,True,False,Normal,Repeated Listing
14800000,13621647.907160668,1178352.0928393323,8.650583988592839,8.650583988592839,2300.0,2.0,3.0,1.0,Thirupalya,Villa,Under Construction,contractor,True,False,Normal,Repeated Listing
14800000,14887052.400365748,-87052.40036574751,-0.5847524279796906,0.5847524279796906,2300.0,2.0,3.0,1.0,Thirupalya,Villa,Under Construction,builder,True,False,Normal,Repeated Listing
26500000,26417217.791547924,82782.20845207572,0.3133645984421627,0.3133645984421627,2300.0,5.0,3.0,1.0,Thirupalya,Villa,Under Construction,contractor,True,False,Normal,Repeated Listing
72150000,66285680.92557792,5864319.074422076,8.84703753893126,8.84703753893126,2300.0,8.0,3.0,1.0,Thirupalya,Villa,Under Construction,builder,True,False,Normal,Repeated Listing
26500000,26738502.473351225,-238502.47335122526,-0.8919814173921197,0.8919814173921197,2300.0,5.0,3.0,1.0,Thirupalya,Villa,Under Construction,agent,True,False,Normal,Repeated Listing
72150000,70039953.84836496,2110046.151635036,3.0126321273758143,3.0126321273758143,2300.0,8.0,3.0,1.0,Thirupalya,Villa,Under Construction,owner,True,False,Normal,Repeated Listing
17500000,16609807.208783785,890192.7912162151,5.359440841344946,5.359440841344946,2136.0,5.0,3.0,1.0,Bidaraguppe,Villa,Under Construction,owner,True,False,Normal,Repeated Listing
14000000,14725707.77437715,-725707.7743771505,-4.928169059825347,4.928169059825347,2136.0,4.0,3.0,1.0,Bidaraguppe,Villa,Under Construction,builder,True,False,Normal,Repeated Listing
17500000,18172562.31527548,-672562.3152754791,-3.7009768001188097,3.7009768001188097,2136.0,5.0,3.0,1.0,Bidaraguppe,Villa,Under Construction,builder,True,False,Normal,Repeated Listing
14000000,14910817.447835509,-910817.4478355087,-6.108434034699588,6.108434034699588,2136.0,4.0,3.0,1.0,Bidaraguppe,Villa,Under Construction,agent,True,False,Normal,Repeated Listing
37500000,27975875.723221403,9524124.276778597,34.04406128696479,34.04406128696479,2900.0,4.0,3.0,1.0,Sarjapur Road,Villa,Ready to Move,owner,True,False,Normal,Repeated Listing
28000000,37606391.66004806,-9606391.66004806,-25.544571643265662,25.544571643265662,2900.0,4.0,3.0,1.0,Sarjapur Road,Villa,Ready to Move,contractor,True,False,Normal,Repeated Listing
37500000,38265442.75060015,-765442.7506001517,-2.000349912554315,2.000349912554315,2900.0,4.0,3.0,1.0,Sarjapur Road,Villa,Ready to Move,contractor,True,False,Normal,Repeated Listing
28000000,37606391.66004806,-9606391.66004806,-25.544571643265662,25.544571643265662,2900.0,4.0,3.0,1.0,Sarjapur Road,Villa,Ready to Move,contractor,True,False,Normal,Repeated Listing
58400000,37431002.09585924,20968997.904140763,56.02040215338086,56.02040215338086,2900.0,4.0,3.0,1.0,Sarjapur Road,Villa,Ready to Move,builder,True,False,Normal,Repeated Listing
58400000,37431002.09585924,20968997.904140763,56.02040215338086,56.02040215338086,2900.0,4.0,3.0,1.0,Sarjapur Road,Villa,Ready to Move,builder,True,False,Normal,Repeated Listing
48000000,37025599.25003,10974400.749969997,29.640035468058233,29.640035468058233,2768.0,4.0,2.0,1.0,Hennur Gardens,Villa,Under Construction,agent,True,False,Normal,Repeated Listing
48000000,37025599.25003,10974400.749969997,29.640035468058233,29.640035468058233,2768.0,4.0,2.0,1.0,Hennur Gardens,Villa,Under Construction,agent,True,False,Normal,Repeated Listing
32500000,55000000.00000105,-22500000.00000105,-40.909090909092036,40.909090909092036,3000.0,4.0,1.0,1.0,Yelahanka,Villa,Under Construction,agent,True,False,Normal,Repeated Listing
32500000,55000000.00000105,-22500000.00000105,-40.909090909092036,40.909090909092036,3000.0,4.0,1.0,1.0,Yelahanka,Villa,Under Construction,agent,True,False,Normal,Repeated Listing
55000000,30390365.025824584,24609634.974175416,80.97841191859024,80.97841191859024,3000.0,4.0,1.0,1.0,Yelahanka,Villa,Under Construction,builder,True,False,Normal,Repeated Listing
55000000,32501572.606834713,22498427.393165287,69.22258090500557,69.22258090500557,3000.0,4.0,1.0,1.0,Yelahanka,Villa,Under Construction,agent,True,False,Normal,Repeated Listing
32000000,31907191.702662885,92808.29733711481,0.29086952622461376,0.29086952622461376,2500.0,4.0,1.0,1.0,Devanahalli,Villa,Ready to Move,agent,True,False,Normal,Repeated Listing
32000000,31848821.784964718,151178.21503528208,0.47467443554427097,0.47467443554427097,2500.0,4.0,1.0,1.0,Devanahalli,Villa,Ready to Move,contractor,True,False,Normal,Repeated Listing
50000000,54695997.069464624,-4695997.069464624,-8.58563207742725,8.58563207742725,3900.0,4.0,1.0,1.0,Devanahalli,Villa,Ready to Move,agent,True,False,Normal,Repeated Listing
50000000,51643741.139716096,-1643741.1397160962,-3.1828467563361587,3.1828467563361587,3900.0,4.0,1.0,1.0,Devanahalli,Villa,Ready to Move,owner,True,False,Normal,Repeated Listing
50000000,54695997.069464624,-4695997.069464624,-8.58563207742725,8.58563207742725,3900.0,4.0,1.0,1.0,Devanahalli,Villa,Ready to Move,agent,True,False,Normal,Repeated Listing
50000000,51643741.139716096,-1643741.1397160962,-3.1828467563361587,3.1828467563361587,3900.0,4.0,1.0,1.0,Devanahalli,Villa,Ready to Move,owner,True,False,Normal,Repeated Listing
28500000,31953592.868370604,-3453592.868370604,-10.808151942716767,10.808151942716767,2300.0,4.0,3.0,1.0,Thirupalya,Villa,Under Construction,agent,True,False,Normal,Repeated Listing
32000000,26204143.74423012,5795856.255769879,22.118090605597697,22.118090605597697,2300.0,4.0,3.0,1.0,Thirupalya,Villa,Under Construction,contractor,True,False,Normal,Repeated Listing
28500000,31953592.868370604,-3453592.868370604,-10.808151942716767,10.808151942716767,2300.0,4.0,3.0,1.0,Thirupalya,Villa,Under Construction,agent,True,False,Normal,Repeated Listing
32000000,27308742.32741032,4691257.672589678,17.17859290752094,17.17859290752094,2300.0,4.0,3.0,1.0,Thirupalya,Villa,Under Construction,builder,True,False,Normal,Repeated Listing
14800000,13621647.907160668,1178352.0928393323,8.650583988592839,8.650583988592839,2300.0,2.0,3.0,1.0,Thirupalya,Villa,Under Construction,contractor,True,False,Normal,Repeated Listing
26500000,26417217.791547924,82782.20845207572,0.3133645984421627,0.3133645984421627,2300.0,5.0,3.0,1.0,Thirupalya,Villa,Under Construction,contractor,True,False,Normal,Repeated Listing
14800000,13621647.907160668,1178352.0928393323,8.650583988592839,8.650583988592839,2300.0,2.0,3.0,1.0,Thirupalya,Villa,Under Construction,contractor,True,False,Normal,Repeated Listing
26500000,26713128.55074389,-213128.55074388906,-0.7978419687496843,0.7978419687496843,2300.0,5.0,3.0,1.0,Thirupalya,Villa,Under Construction,builder,True,False,Normal,Repeated Listing
72150000,66285680.92557792,5864319.074422076,8.84703753893126,8.84703753893126,2300.0,8.0,3.0,1.0,Thirupalya,Villa,Under Construction,builder,True,False,Normal,Repeated Listing
17500000,18145538.13563871,-645538.1356387101,-3.5575585072941,3.5575585072941,2136.0,5.0,3.0,1.0,Bidaraguppe,Villa,Under Construction,agent,True,False,Normal,Repeated Listing
72150000,66285680.92557792,5864319.074422076,8.84703753893126,8.84703753893126,2300.0,8.0,3.0,1.0,Thirupalya,Villa,Under Construction,builder,True,False,Normal,Repeated Listing
17500000,17173145.52905424,326854.4709457606,1.9032883078570242,1.9032883078570242,2136.0,5.0,3.0,1.0,Bidaraguppe,Villa,Under Construction,contractor,True,False,Normal,Repeated Listing
14000000,15128654.757274574,-1128654.7572745737,-7.460377511304256,7.460377511304256,2136.0,4.0,3.0,1.0,Bidaraguppe,Villa,Under Construction,contractor,True,False,Normal,Repeated Listing
37500000,40383283.03161897,-2883283.0316189677,-7.139793536254689,7.139793536254689,2900.0,4.0,3.0,1.0,Sarjapur Road,Villa,Ready to Move,agent,True,False,Normal,Repeated Listing
14000000,14725707.77437715,-725707.7743771505,-4.928169059825347,4.928169059825347,2136.0,4.0,3.0,1.0,Bidaraguppe,Villa,Under Construction,builder,True,False,Normal,Repeated Listing
37500000,38265442.75060015,-765442.7506001517,-2.000349912554315,2.000349912554315,2900.0,4.0,3.0,1.0,Sarjapur Road,Villa,Ready to Move,contractor,True,False,Normal,Repeated Listing
28000000,49030179.90966302,-21030179.90966302,-42.892316423090115,42.892316423090115,2900.0,4.0,3.0,1.0,Sarjapur Road,Villa,Ready to Move,owner,True,False,Normal,Repeated Listing
28000000,49030179.90966302,-21030179.90966302,-42.892316423090115,42.892316423090115,2900.0,4.0,3.0,1.0,Sarjapur Road,Villa,Ready to Move,owner,True,False,Normal,Repeated Listing
58400000,37606391.66004806,20793608.33995194,55.29275057261734,55.29275057261734,2900.0,4.0,3.0,1.0,Sarjapur Road,Villa,Ready to Move,contractor,True,False,Normal,Repeated Listing
58400000,32712811.31373335,25687188.68626665,78.52332971297629,78.52332971297629,2900.0,4.0,3.0,1.0,Sarjapur Road,Villa,Ready to Move,agent,True,False,Normal,Repeated Listing
48000000,37025599.25003,10974400.749969997,29.640035468058233,29.640035468058233,2768.0,4.0,2.0,1.0,Hennur Gardens,Villa,Under Construction,agent,True,False,Normal,Repeated Listing
32500000,55000000.00000105,-22500000.00000105,-40.909090909092036,40.909090909092036,3000.0,4.0,1.0,1.0,Yelahanka,Villa,Under Construction,agent,True,False,Normal,Repeated Listing
55000000,29390377.078481313,25609622.921518687,87.13608149066324,87.13608149066324,3000.0,4.0,1.0,1.0,Yelahanka,Villa,Under Construction,contractor,True,False,Normal,Repeated Listing
32000000,31907191.702662885,92808.29733711481,0.29086952622461376,0.29086952622461376,2500.0,4.0,1.0,1.0,Devanahalli,Villa,Ready to Move,agent,True,False,Normal,Repeated Listing
50000000,54695997.069464624,-4695997.069464624,-8.58563207742725,8.58563207742725,3900.0,4.0,1.0,1.0,Devanahalli,Villa,Ready to Move,agent,True,False,Normal,Repeated Listing
50000000,54695997.069464624,-4695997.069464624,-8.58563207742725,8.58563207742725,3900.0,4.0,1.0,1.0,Devanahalli,Villa,Ready to Move,agent,True,False,Normal,Repeated Listing
28500000,31953592.868370604,-3453592.868370604,-10.808151942716767,10.808151942716767,2300.0,4.0,3.0,1.0,Thirupalya,Villa,Under Construction,agent,True,False,Normal,Repeated Listing
32000000,28503241.98318361,3496758.016816389,12.267930851091997,12.267930851091997,2300.0,4.0,3.0,1.0,Thirupalya,Villa,Under Construction,agent,True,False,Normal,Repeated Listing
14800000,13621647.907160668,1178352.0928393323,8.650583988592839,8.650583988592839,2300.0,2.0,3.0,1.0,Thirupalya,Villa,Under Construction,contractor,True,False,Normal,Repeated Listing
26500000,26713128.55074389,-213128.55074388906,-0.7978419687496843,0.7978419687496843,2300.0,5.0,3.0,1.0,Thirupalya,Villa,Under Construction,builder,True,False,Normal,Repeated Listing
72150000,72298627.36492518,-148627.3649251759,-0.20557425547650263,0.20557425547650263,2300.0,8.0,3.0,1.0,Thirupalya,Villa,Under Construction,contractor,True,False,Normal,Repeated Listing
17500000,18145538.13563871,-645538.1356387101,-3.5575585072941,3.5575585072941,2136.0,5.0,3.0,1.0,Bidaraguppe,Villa,Under Construction,agent,True,False,Normal,Repeated Listing
14000000,14725707.77437715,-725707.7743771505,-4.928169059825347,4.928169059825347,2136.0,4.0,3.0,1.0,Bidaraguppe,Villa,Under Construction,builder,True,False,Normal,Repeated Listing
37500000,40383283.03161897,-2883283.0316189677,-7.139793536254689,7.139793536254689,2900.0,4.0,3.0,1.0,Sarjapur Road,Villa,Ready to Move,agent,True,False,Normal,Repeated Listing
28000000,49030179.90966302,-21030179.90966302,-42.892316423090115,42.892316423090115,2900.0,4.0,3.0,1.0,Sarjapur Road,Villa,Ready to Move,owner,True,False,Normal,Repeated Listing
58400000,37431002.09585924,20968997.904140763,56.02040215338086,56.02040215338086,2900.0,4.0,3.0,1.0,Sarjapur Road,Villa,Ready to Move,builder,True,False,Normal,Repeated Listing
48000000,37025599.25003,10974400.749969997,29.640035468058233,29.640035468058233,2768.0,4.0,2.0,1.0,Hennur Gardens,Villa,Under Construction,agent,True,False,Normal,Repeated Listing
32500000,55000000.00000105,-22500000.00000105,-40.909090909092036,40.909090909092036,3000.0,4.0,1.0,1.0,Yelahanka,Villa,Under Construction,agent,True,False,Normal,Repeated Listing
55000000,32501572.606834713,22498427.393165287,69.22258090500557,69.22258090500557,3000.0,4.0,1.0,1.0,Yelahanka,Villa,Under Construction,agent,True,False,Normal,Repeated Listing
32000000,31848821.784964718,151178.21503528208,0.47467443554427097,0.47467443554427097,2500.0,4.0,1.0,1.0,Devanahalli,Villa,Ready to Move,contractor,True,False,Normal,Repeated Listing
50000000,54695997.069464624,-4695997.069464624,-8.58563207742725,8.58563207742725,3900.0,4.0,1.0,1.0,Devanahalli,Villa,Ready to Move,agent,True,False,Normal,Repeated Listing
50000000,54695997.069464624,-4695997.069464624,-8.58563207742725,8.58563207742725,3900.0,4.0,1.0,1.0,Devanahalli,Villa,Ready to Move,agent,True,False,Normal,Repeated Listing
28500000,31953592.868370604,-3453592.868370604,-10.808151942716767,10.808151942716767,2300.0,4.0,3.0,1.0,Thirupalya,Villa,Under Construction,agent,True,False,Normal,Repeated Listing
32000000,27308742.32741032,4691257.672589678,17.17859290752094,17.17859290752094,2300.0,4.0,3.0,1.0,Thirupalya,Villa,Under Construction,builder,True,False,Normal,Repeated Listing
14800000,13540530.005592821,1259469.9944071788,9.301482245428824,9.301482245428824,2300.0,2.0,3.0,1.0,Thirupalya,Villa,Under Construction,agent,True,False,Normal,Repeated Listing
26500000,26738502.473351225,-238502.47335122526,-0.8919814173921197,0.8919814173921197,2300.0,5.0,3.0,1.0,Thirupalya,Villa,Under Construction,agent,True,False,Normal,Repeated Listing
72150000,71757171.8637932,392828.1362068057,0.5474409400532919,0.5474409400532919,2300.0,8.0,3.0,1.0,Thirupalya,Villa,Under Construction,agent,True,False,Normal,Repeated Listing
17500000,17173145.52905424,326854.4709457606,1.9032883078570242,1.9032883078570242,2136.0,5.0,3.0,1.0,Bidaraguppe,Villa,Under Construction,contractor,True,False,Normal,Repeated Listing
14000000,13993172.009470293,6827.990529706702,0.048795158989581894,0.048795158989581894,2136.0,4.0,3.0,1.0,Bidaraguppe,Villa,Under Construction,owner,True,False,Normal,Repeated Listing
37500000,40984055.42728329,-3484055.427283287,-8.501002135976847,8.501002135976847,2900.0,4.0,3.0,1.0,Sarjapur Road,Villa,Ready to Move,builder,True,False,Normal,Repeated Listing
28000000,37431002.09585924,-9431002.095859237,-25.195697597694107,25.195697597694107,2900.0,4.0,3.0,1.0,Sarjapur Road,Villa,Ready to Move,builder,True,False,Normal,Repeated Listing
58400000,32712811.31373335,25687188.68626665,78.52332971297629,78.52332971297629,2900.0,4.0,3.0,1.0,Sarjapur Road,Villa,Ready to Move,agent,True,False,Normal,Repeated Listing
48000000,37025599.25003,10974400.749969997,29.640035468058233,29.640035468058233,2768.0,4.0,2.0,1.0,Hennur Gardens,Villa,Under Construction,agent,True,False,Normal,Repeated Listing
32500000,55000000.00000105,-22500000.00000105,-40.909090909092036,40.909090909092036,3000.0,4.0,1.0,1.0,Yelahanka,Villa,Under Construction,agent,True,False,Normal,Repeated Listing
55000000,29390377.078481313,25609622.921518687,87.13608149066324,87.13608149066324,3000.0,4.0,1.0,1.0,Yelahanka,Villa,Under Construction,contractor,True,False,Normal,Repeated Listing
32000000,32245783.615796532,-245783.61579653248,-0.7622193919211449,0.7622193919211449,2500.0,4.0,1.0,1.0,Devanahalli,Villa,Ready to Move,owner,True,False,Normal,Repeated Listing
50000000,51643741.139716096,-1643741.1397160962,-3.1828467563361587,3.1828467563361587,3900.0,4.0,1.0,1.0,Devanahalli,Villa,Ready to Move,owner,True,False,Normal,Repeated Listing
50000000,51643741.139716096,-1643741.1397160962,-3.1828467563361587,3.1828467563361587,3900.0,4.0,1.0,1.0,Devanahalli,Villa,Ready to Move,owner,True,False,Normal,Repeated Listing
28500000,31953592.868370604,-3453592.868370604,-10.808151942716767,10.808151942716767,2300.0,4.0,3.0,1.0,Thirupalya,Villa,Under Construction,agent,True,False,Normal,Repeated Listing
32000000,32920870.310378253,-920870.3103782535,-2.7972234685665356,2.7972234685665356,2300.0,4.0,3.0,1.0,Thirupalya,Villa,Under Construction,owner,True,False,Normal,Repeated Listing
14800000,13540530.005592821,1259469.9944071788,9.301482245428824,9.301482245428824,2300.0,2.0,3.0,1.0,Thirupalya,Villa,Under Construction,agent,True,False,Normal,Repeated Listing
26500000,26738502.473351225,-238502.47335122526,-0.8919814173921197,0.8919814173921197,2300.0,5.0,3.0,1.0,Thirupalya,Villa,Under Construction,agent,True,False,Normal,Repeated Listing
72150000,72298627.36492518,-148627.3649251759,-0.20557425547650263,0.20557425547650263,2300.0,8.0,3.0,1.0,Thirupalya,Villa,Under Construction,contractor,True,False,Normal,Repeated Listing
17500000,18145538.13563871,-645538.1356387101,-3.5575585072941,3.5575585072941,2136.0,5.0,3.0,1.0,Bidaraguppe,Villa,Under Construction,agent,True,False,Normal,Repeated Listing
14000000,14910817.447835509,-910817.4478355087,-6.108434034699588,6.108434034699588,2136.0,4.0,3.0,1.0,Bidaraguppe,Villa,Under Construction,agent,True,False,Normal,Repeated Listing
37500000,38265442.75060015,-765442.7506001517,-2.000349912554315,2.000349912554315,2900.0,4.0,3.0,1.0,Sarjapur Road,Villa,Ready to Move,contractor,True,False,Normal,Repeated Listing
28000000,37431002.09585924,-9431002.095859237,-25.195697597694107,25.195697597694107,2900.0,4.0,3.0,1.0,Sarjapur Road,Villa,Ready to Move,builder,True,False,Normal,Repeated Listing
58400000,27975875.723221403,30424124.276778597,108.7512847775665,108.7512847775665,2900.0,4.0,3.0,1.0,Sarjapur Road,Villa,Ready to Move,owner,True,False,Potentially Overpriced,Repeated Listing
48000000,37025599.25003,10974400.749969997,29.640035468058233,29.640035468058233,2768.0,4.0,2.0,1.0,Hennur Gardens,Villa,Under Construction,agent,True,False,Normal,Repeated Listing
32500000,55000000.00000105,-22500000.00000105,-40.909090909092036,40.909090909092036,3000.0,4.0,1.0,1.0,Yelahanka,Villa,Under Construction,agent,True,False,Normal,Repeated Listing
55000000,29390377.078481313,25609622.921518687,87.13608149066324,87.13608149066324,3000.0,4.0,1.0,1.0,Yelahanka,Villa,Under Construction,contractor,True,False,Normal,Repeated Listing
32000000,31848821.784964718,151178.21503528208,0.47467443554427097,0.47467443554427097,2500.0,4.0,1.0,1.0,Devanahalli,Villa,Ready to Move,contractor,True,False,Normal,Repeated Listing
50000000,39508261.718489856,10491738.281510144,26.555808393361975,26.555808393361975,3900.0,4.0,1.0,1.0,Devanahalli,Villa,Ready to Move,contractor,True,False,Normal,Repeated Listing
50000000,51643741.139716096,-1643741.1397160962,-3.1828467563361587,3.1828467563361587,3900.0,4.0,1.0,1.0,Devanahalli,Villa,Ready to Move,owner,True,False,Normal,Repeated Listing
28500000,31953592.868370604,-3453592.868370604,-10.808151942716767,10.808151942716767,2300.0,4.0,3.0,1.0,Thirupalya,Villa,Under Construction,agent,True,False,Normal,Repeated Listing
32000000,32920870.310378253,-920870.3103782535,-2.7972234685665356,2.7972234685665356,2300.0,4.0,3.0,1.0,Thirupalya,Villa,Under Construction,owner,True,False,Normal,Repeated Listing
14800000,13540530.005592821,1259469.9944071788,9.301482245428824,9.301482245428824,2300.0,2.0,3.0,1.0,Thirupalya,Villa,Under Construction,agent,True,False,Normal,Repeated Listing
26500000,26738502.473351225,-238502.47335122526,-0.8919814173921197,0.8919814173921197,2300.0,5.0,3.0,1.0,Thirupalya,Villa,Under Construction,agent,True,False,Normal,Repeated Listing
72150000,70039953.84836496,2110046.151635036,3.0126321273758143,3.0126321273758143,2300.0,8.0,3.0,1.0,Thirupalya,Villa,Under Construction,owner,True,False,Normal,Repeated Listing
17500000,18172562.31527548,-672562.3152754791,-3.7009768001188097,3.7009768001188097,2136.0,5.0,3.0,1.0,Bidaraguppe,Villa,Under Construction,builder,True,False,Normal,Repeated Listing
14000000,15128654.757274574,-1128654.7572745737,-7.460377511304256,7.460377511304256,2136.0,4.0,3.0,1.0,Bidaraguppe,Villa,Under Construction,contractor,True,False,Normal,Repeated Listing
37500000,40383283.03161897,-2883283.0316189677,-7.139793536254689,7.139793536254689,2900.0,4.0,3.0,1.0,Sarjapur Road,Villa,Ready to Move,agent,True,False,Normal,Repeated Listing
28000000,37431002.09585924,-9431002.095859237,-25.195697597694107,25.195697597694107,2900.0,4.0,3.0,1.0,Sarjapur Road,Villa,Ready to Move,builder,True,False,Normal,Repeated Listing
58400000,27975875.723221403,30424124.276778597,108.7512847775665,108.7512847775665,2900.0,4.0,3.0,1.0,Sarjapur Road,Villa,Ready to Move,owner,True,False,Potentially Overpriced,Repeated Listing
48000000,37025599.25003,10974400.749969997,29.640035468058233,29.640035468058233,2768.0,4.0,2.0,1.0,Hennur Gardens,Villa,Under Construction,agent,True,False,Normal,Repeated Listing
32500000,55000000.00000105,-22500000.00000105,-40.909090909092036,40.909090909092036,3000.0,4.0,1.0,1.0,Yelahanka,Villa,Under Construction,agent,True,False,Normal,Repeated Listing
55000000,32501572.606834713,22498427.393165287,69.22258090500557,69.22258090500557,3000.0,4.0,1.0,1.0,Yelahanka,Villa,Under Construction,agent,True,False,Normal,Repeated Listing
32000000,31848821.784964718,151178.21503528208,0.47467443554427097,0.47467443554427097,2500.0,4.0,1.0,1.0,Devanahalli,Villa,Ready to Move,contractor,True,False,Normal,Repeated Listing
50000000,51643741.139716096,-1643741.1397160962,-3.1828467563361587,3.1828467563361587,3900.0,4.0,1.0,1.0,Devanahalli,Villa,Ready to Move,owner,True,False,Normal,Repeated Listing
50000000,39015269.80292154,10984730.197078459,28.154951260277844,28.154951260277844,3900.0,4.0,1.0,1.0,Devanahalli,Villa,Ready to Move,builder,True,False,Normal,Repeated Listing
28500000,31953592.868370604,-3453592.868370604,-10.808151942716767,10.808151942716767,2300.0,4.0,3.0,1.0,Thirupalya,Villa,Under Construction,agent,True,False,Normal,Repeated Listing
32000000,26204143.74423012,5795856.255769879,22.118090605597697,22.118090605597697,2300.0,4.0,3.0,1.0,Thirupalya,Villa,Under Construction,contractor,True,False,Normal,Repeated Listing
14800000,13621647.907160668,1178352.0928393323,8.650583988592839,8.650583988592839,2300.0,2.0,3.0,1.0,Thirupalya,Villa,Under Construction,contractor,True,False,Normal,Repeated Listing
26500000,26738502.473351225,-238502.47335122526,-0.8919814173921197,0.8919814173921197,2300.0,5.0,3.0,1.0,Thirupalya,Villa,Under Construction,agent,True,False,Normal,Repeated Listing
72150000,72298627.36492518,-148627.3649251759,-0.20557425547650263,0.20557425547650263,2300.0,8.0,3.0,1.0,Thirupalya,Villa,Under Construction,contractor,True,False,Normal,Repeated Listing
17500000,17173145.52905424,326854.4709457606,1.9032883078570242,1.9032883078570242,2136.0,5.0,3.0,1.0,Bidaraguppe,Villa,Under Construction,contractor,True,False,Normal,Repeated Listing
14000000,13993172.009470293,6827.990529706702,0.048795158989581894,0.048795158989581894,2136.0,4.0,3.0,1.0,Bidaraguppe,Villa,Under Construction,owner,True,False,Normal,Repeated Listing
37500000,40984055.42728329,-3484055.427283287,-8.501002135976847,8.501002135976847,2900.0,4.0,3.0,1.0,Sarjapur Road,Villa,Ready to Move,builder,True,False,Normal,Repeated Listing
28000000,49030179.90966302,-21030179.90966302,-42.892316423090115,42.892316423090115,2900.0,4.0,3.0,1.0,Sarjapur Road,Villa,Ready to Move,owner,True,False,Normal,Repeated Listing
58400000,37606391.66004806,20793608.33995194,55.29275057261734,55.29275057261734,2900.0,4.0,3.0,1.0,Sarjapur Road,Villa,Ready to Move,contractor,True,False,Normal,Repeated Listing
48000000,37025599.25003,10974400.749969997,29.640035468058233,29.640035468058233,2768.0,4.0,2.0,1.0,Hennur Gardens,Villa,Under Construction,agent,True,False,Normal,Repeated Listing
32500000,55000000.00000105,-22500000.00000105,-40.909090909092036,40.909090909092036,3000.0,4.0,1.0,1.0,Yelahanka,Villa,Under Construction,agent,True,False,Normal,Repeated Listing
55000000,29390377.078481313,25609622.921518687,87.13608149066324,87.13608149066324,3000.0,4.0,1.0,1.0,Yelahanka,Villa,Under Construction,contractor,True,False,Normal,Repeated Listing
32000000,32245783.615796532,-245783.61579653248,-0.7622193919211449,0.7622193919211449,2500.0,4.0,1.0,1.0,Devanahalli,Villa,Ready to Move,owner,True,False,Normal,Repeated Listing
50000000,39015269.80292154,10984730.197078459,28.154951260277844,28.154951260277844,3900.0,4.0,1.0,1.0,Devanahalli,Villa,Ready to Move,builder,True,False,Normal,Repeated Listing
50000000,51643741.139716096,-1643741.1397160962,-3.1828467563361587,3.1828467563361587,3900.0,4.0,1.0,1.0,Devanahalli,Villa,Ready to Move,owner,True,False,Normal,Repeated Listing
28500000,31953592.868370604,-3453592.868370604,-10.808151942716767,10.808151942716767,2300.0,4.0,3.0,1.0,Thirupalya,Villa,Under Construction,agent,True,False,Normal,Repeated Listing
32000000,27308742.32741032,4691257.672589678,17.17859290752094,17.17859290752094,2300.0,4.0,3.0,1.0,Thirupalya,Villa,Under Construction,builder,True,False,Normal,Repeated Listing
14800000,12925585.31544728,1874414.6845527198,14.501584561223849,14.501584561223849,2300.0,2.0,3.0,1.0,Thirupalya,Villa,Under Construction,owner,True,False,Normal,Repeated Listing
26500000,26417217.791547924,82782.20845207572,0.3133645984421627,0.3133645984421627,2300.0,5.0,3.0,1.0,Thirupalya,Villa,Under Construction,contractor,True,False,Normal,Repeated Listing
48000000,37025599.25003,10974400.749969997,29.640035468058233,29.640035468058233,2768.0,4.0,2.0,1.0,Hennur Gardens,Villa,Under Construction,agent,True,False,Normal,Repeated Listing
72150000,70039953.84836496,2110046.151635036,3.0126321273758143,3.0126321273758143,2300.0,8.0,3.0,1.0,Thirupalya,Villa,Under Construction,owner,True,False,Normal,Repeated Listing
32500000,55000000.00000105,-22500000.00000105,-40.909090909092036,40.909090909092036,3000.0,4.0,1.0,1.0,Yelahanka,Villa,Under Construction,agent,True,False,Normal,Repeated Listing
17500000,17173145.52905424,326854.4709457606,1.9032883078570242,1.9032883078570242,2136.0,5.0,3.0,1.0,Bidaraguppe,Villa,Under Construction,contractor,True,False,Normal,Repeated Listing
55000000,29390377.078481313,25609622.921518687,87.13608149066324,87.13608149066324,3000.0,4.0,1.0,1.0,Yelahanka,Villa,Under Construction,contractor,True,False,Normal,Repeated Listing
14000000,13993172.009470293,6827.990529706702,0.048795158989581894,0.048795158989581894,2136.0,4.0,3.0,1.0,Bidaraguppe,Villa,Under Construction,owner,True,False,Normal,Repeated Listing
32000000,32038291.658905108,-38291.65890510753,-0.11951841662713712,0.11951841662713712,2500.0,4.0,1.0,1.0,Devanahalli,Villa,Ready to Move,builder,True,False,Normal,Repeated Listing
37500000,40383283.03161897,-2883283.0316189677,-7.139793536254689,7.139793536254689,2900.0,4.0,3.0,1.0,Sarjapur Road,Villa,Ready to Move,agent,True,False,Normal,Repeated Listing
50000000,39015269.80292154,10984730.197078459,28.154951260277844,28.154951260277844,3900.0,4.0,1.0,1.0,Devanahalli,Villa,Ready to Move,builder,True,False,Normal,Repeated Listing
28000000,49030179.90966302,-21030179.90966302,-42.892316423090115,42.892316423090115,2900.0,4.0,3.0,1.0,Sarjapur Road,Villa,Ready to Move,owner,True,False,Normal,Repeated Listing
58400000,37431002.09585924,20968997.904140763,56.02040215338086,56.02040215338086,2900.0,4.0,3.0,1.0,Sarjapur Road,Villa,Ready to Move,builder,True,False,Normal,Repeated Listing
50000000,39015269.80292154,10984730.197078459,28.154951260277844,28.154951260277844,3900.0,4.0,1.0,1.0,Devanahalli,Villa,Ready to Move,builder,True,False,Normal,Repeated Listing
28500000,31953592.868370604,-3453592.868370604,-10.808151942716767,10.808151942716767,2300.0,4.0,3.0,1.0,Thirupalya,Villa,Under Construction,agent,True,False,Normal,Repeated Listing
32000000,26204143.74423012,5795856.255769879,22.118090605597697,22.118090605597697,2300.0,4.0,3.0,1.0,Thirupalya,Villa,Under Construction,contractor,True,False,Normal,Repeated Listing
14800000,14887052.400365748,-87052.40036574751,-0.5847524279796906,0.5847524279796906,2300.0,2.0,3.0,1.0,Thirupalya,Villa,Under Construction,builder,True,False,Normal,Repeated Listing
26500000,26713128.55074389,-213128.55074388906,-0.7978419687496843,0.7978419687496843,2300.0,5.0,3.0,1.0,Thirupalya,Villa,Under Construction,builder,True,False,Normal,Repeated Listing
48000000,37025599.25003,10974400.749969997,29.640035468058233,29.640035468058233,2768.0,4.0,2.0,1.0,Hennur Gardens,Villa,Under Construction,agent,True,False,Normal,Repeated Listing
72150000,71757171.8637932,392828.1362068057,0.5474409400532919,0.5474409400532919,2300.0,8.0,3.0,1.0,Thirupalya,Villa,Under Construction,agent,True,False,Normal,Repeated Listing
32500000,55000000.00000105,-22500000.00000105,-40.909090909092036,40.909090909092036,3000.0,4.0,1.0,1.0,Yelahanka,Villa,Under Construction,agent,True,False,Normal,Repeated Listing
17500000,17173145.52905424,326854.4709457606,1.9032883078570242,1.9032883078570242,2136.0,5.0,3.0,1.0,Bidaraguppe,Villa,Under Construction,contractor,True,False,Normal,Repeated Listing
55000000,30390365.025824584,24609634.974175416,80.97841191859024,80.97841191859024,3000.0,4.0,1.0,1.0,Yelahanka,Villa,Under Construction,builder,True,False,Normal,Repeated Listing
14000000,13993172.009470293,6827.990529706702,0.048795158989581894,0.048795158989581894,2136.0,4.0,3.0,1.0,Bidaraguppe,Villa,Under Construction,owner,True,False,Normal,Repeated Listing
32000000,31848821.784964718,151178.21503528208,0.47467443554427097,0.47467443554427097,2500.0,4.0,1.0,1.0,Devanahalli,Villa,Ready to Move,contractor,True,False,Normal,Repeated Listing
37500000,27975875.723221403,9524124.276778597,34.04406128696479,34.04406128696479,2900.0,4.0,3.0,1.0,Sarjapur Road,Villa,Ready to Move,owner,True,False,Normal,Repeated Listing
50000000,39508261.718489856,10491738.281510144,26.555808393361975,26.555808393361975,3900.0,4.0,1.0,1.0,Devanahalli,Villa,Ready to Move,contractor,True,False,Normal,Repeated Listing
28000000,37606391.66004806,-9606391.66004806,-25.544571643265662,25.544571643265662,2900.0,4.0,3.0,1.0,Sarjapur Road,Villa,Ready to Move,contractor,True,False,Normal,Repeated Listing
50000000,51643741.139716096,-1643741.1397160962,-3.1828467563361587,3.1828467563361587,3900.0,4.0,1.0,1.0,Devanahalli,Villa,Ready to Move,owner,True,False,Normal,Repeated Listing
58400000,37606391.66004806,20793608.33995194,55.29275057261734,55.29275057261734,2900.0,4.0,3.0,1.0,Sarjapur Road,Villa,Ready to Move,contractor,True,False,Normal,Repeated Listing
28500000,31953592.868370604,-3453592.868370604,-10.808151942716767,10.808151942716767,2300.0,4.0,3.0,1.0,Thirupalya,Villa,Under Construction,agent,True,False,Normal,Repeated Listing
32000000,27308742.32741032,4691257.672589678,17.17859290752094,17.17859290752094,2300.0,4.0,3.0,1.0,Thirupalya,Villa,Under Construction,builder,True,False,Normal,Repeated Listing
14800000,13540530.005592821,1259469.9944071788,9.301482245428824,9.301482245428824,2300.0,2.0,3.0,1.0,Thirupalya,Villa,Under Construction,agent,True,False,Normal,Repeated Listing
48000000,37025599.25003,10974400.749969997,29.640035468058233,29.640035468058233,2768.0,4.0,2.0,1.0,Hennur Gardens,Villa,Under Construction,agent,True,False,Normal,Repeated Listing
26500000,26738502.473351225,-238502.47335122526,-0.8919814173921197,0.8919814173921197,2300.0,5.0,3.0,1.0,Thirupalya,Villa,Under Construction,agent,True,False,Normal,Repeated Listing
32500000,55000000.00000105,-22500000.00000105,-40.909090909092036,40.909090909092036,3000.0,4.0,1.0,1.0,Yelahanka,Villa,Under Construction,agent,True,False,Normal,Repeated Listing
72150000,70039953.84836496,2110046.151635036,3.0126321273758143,3.0126321273758143,2300.0,8.0,3.0,1.0,Thirupalya,Villa,Under Construction,owner,True,False,Normal,Repeated Listing
55000000,32501572.606834713,22498427.393165287,69.22258090500557,69.22258090500557,3000.0,4.0,1.0,1.0,Yelahanka,Villa,Under Construction,agent,True,False,Normal,Repeated Listing
17500000,16609807.208783785,890192.7912162151,5.359440841344946,5.359440841344946,2136.0,5.0,3.0,1.0,Bidaraguppe,Villa,Under Construction,owner,True,False,Normal,Repeated Listing
32000000,31848821.784964718,151178.21503528208,0.47467443554427097,0.47467443554427097,2500.0,4.0,1.0,1.0,Devanahalli,Villa,Ready to Move,contractor,True,False,Normal,Repeated Listing
50000000,51643741.139716096,-1643741.1397160962,-3.1828467563361587,3.1828467563361587,3900.0,4.0,1.0,1.0,Devanahalli,Villa,Ready to Move,owner,True,False,Normal,Repeated Listing
14000000,13993172.009470293,6827.990529706702,0.048795158989581894,0.048795158989581894,2136.0,4.0,3.0,1.0,Bidaraguppe,Villa,Under Construction,owner,True,False,Normal,Repeated Listing
37500000,27975875.723221403,9524124.276778597,34.04406128696479,34.04406128696479,2900.0,4.0,3.0,1.0,Sarjapur Road,Villa,Ready to Move,owner,True,False,Normal,Repeated Listing
50000000,39015269.80292154,10984730.197078459,28.154951260277844,28.154951260277844,3900.0,4.0,1.0,1.0,Devanahalli,Villa,Ready to Move,builder,True,False,Normal,Repeated Listing
28500000,31953592.868370604,-3453592.868370604,-10.808151942716767,10.808151942716767,2300.0,4.0,3.0,1.0,Thirupalya,Villa,Under Construction,agent,True,False,Normal,Repeated Listing
48000000,37025599.25003,10974400.749969997,29.640035468058233,29.640035468058233,2768.0,4.0,2.0,1.0,Hennur Gardens,Villa,Under Construction,agent,True,False,Normal,Repeated Listing
28000000,46068493.063934326,-18068493.063934326,-39.22093357570582,39.22093357570582,2900.0,4.0,3.0,1.0,Sarjapur Road,Villa,Ready to Move,agent,True,False,Normal,Repeated Listing
58400000,32712811.31373335,25687188.68626665,78.52332971297629,78.52332971297629,2900.0,4.0,3.0,1.0,Sarjapur Road,Villa,Ready to Move,agent,True,False,Normal,Repeated Listing
32000000,32920870.310378253,-920870.3103782535,-2.7972234685665356,2.7972234685665356,2300.0,4.0,3.0,1.0,Thirupalya,Villa,Under Construction,owner,True,False,Normal,Repeated Listing
14800000,13621647.907160668,1178352.0928393323,8.650583988592839,8.650583988592839,2300.0,2.0,3.0,1.0,Thirupalya,Villa,Under Construction,contractor,True,False,Normal,Repeated Listing
32500000,55000000.00000105,-22500000.00000105,-40.909090909092036,40.909090909092036,3000.0,4.0,1.0,1.0,Yelahanka,Villa,Under Construction,agent,True,False,Normal,Repeated Listing
55000000,32501572.606834713,22498427.393165287,69.22258090500557,69.22258090500557,3000.0,4.0,1.0,1.0,Yelahanka,Villa,Under Construction,agent,True,False,Normal,Repeated Listing
48000000,37025599.25003,10974400.749969997,29.640035468058233,29.640035468058233,2768.0,4.0,2.0,1.0,Hennur Gardens,Villa,Under Construction,agent,True,False,Normal,Repeated Listing
32500000,55000000.00000105,-22500000.00000105,-40.909090909092036,40.909090909092036,3000.0,4.0,1.0,1.0,Yelahanka,Villa,Under Construction,agent,True,False,Normal,Repeated Listing
26500000,26417217.791547924,82782.20845207572,0.3133645984421627,0.3133645984421627,2300.0,5.0,3.0,1.0,Thirupalya,Villa,Under Construction,contractor,True,False,Normal,Repeated Listing
72150000,66285680.92557792,5864319.074422076,8.84703753893126,8.84703753893126,2300.0,8.0,3.0,1.0,Thirupalya,Villa,Under Construction,builder,True,False,Normal,Repeated Listing
32000000,32038291.658905108,-38291.65890510753,-0.11951841662713712,0.11951841662713712,2500.0,4.0,1.0,1.0,Devanahalli,Villa,Ready to Move,builder,True,False,Normal,Repeated Listing
50000000,51643741.139716096,-1643741.1397160962,-3.1828467563361587,3.1828467563361587,3900.0,4.0,1.0,1.0,Devanahalli,Villa,Ready to Move,owner,True,False,Normal,Repeated Listing
55000000,29390377.078481313,25609622.921518687,87.13608149066324,87.13608149066324,3000.0,4.0,1.0,1.0,Yelahanka,Villa,Under Construction,contractor,True,False,Normal,Repeated Listing
32000000,31907191.702662885,92808.29733711481,0.29086952622461376,0.29086952622461376,2500.0,4.0,1.0,1.0,Devanahalli,Villa,Ready to Move,agent,True,False,Normal,Repeated Listing
17500000,17173145.52905424,326854.4709457606,1.9032883078570242,1.9032883078570242,2136.0,5.0,3.0,1.0,Bidaraguppe,Villa,Under Construction,contractor,True,False,Normal,Repeated Listing
14000000,14910817.447835509,-910817.4478355087,-6.108434034699588,6.108434034699588,2136.0,4.0,3.0,1.0,Bidaraguppe,Villa,Under Construction,agent,True,False,Normal,Repeated Listing
50000000,51643741.139716096,-1643741.1397160962,-3.1828467563361587,3.1828467563361587,3900.0,4.0,1.0,1.0,Devanahalli,Villa,Ready to Move,owner,True,False,Normal,Repeated Listing
28500000,31953592.868370604,-3453592.868370604,-10.808151942716767,10.808151942716767,2300.0,4.0,3.0,1.0,Thirupalya,Villa,Under Construction,agent,True,False,Normal,Repeated Listing
50000000,39015269.80292154,10984730.197078459,28.154951260277844,28.154951260277844,3900.0,4.0,1.0,1.0,Devanahalli,Villa,Ready to Move,builder,True,False,Normal,Repeated Listing
48000000,37025599.25003,10974400.749969997,29.640035468058233,29.640035468058233,2768.0,4.0,2.0,1.0,Hennur Gardens,Villa,Under Construction,agent,True,False,Normal,Repeated Listing
37500000,40984055.42728329,-3484055.427283287,-8.501002135976847,8.501002135976847,2900.0,4.0,3.0,1.0,Sarjapur Road,Villa,Ready to Move,builder,True,False,Normal,Repeated Listing
28000000,49030179.90966302,-21030179.90966302,-42.892316423090115,42.892316423090115,2900.0,4.0,3.0,1.0,Sarjapur Road,Villa,Ready to Move,owner,True,False,Normal,Repeated Listing
32000000,28503241.98318361,3496758.016816389,12.267930851091997,12.267930851091997,2300.0,4.0,3.0,1.0,Thirupalya,Villa,Under Construction,agent,True,False,Normal,Repeated Listing
14800000,14887052.400365748,-87052.40036574751,-0.5847524279796906,0.5847524279796906,2300.0,2.0,3.0,1.0,Thirupalya,Villa,Under Construction,builder,True,False,Normal,Repeated Listing
50000000,39508261.718489856,10491738.281510144,26.555808393361975,26.555808393361975,3900.0,4.0,1.0,1.0,Devanahalli,Villa,Ready to Move,contractor,True,False,Normal,Repeated Listing
28500000,31953592.868370604,-3453592.868370604,-10.808151942716767,10.808151942716767,2300.0,4.0,3.0,1.0,Thirupalya,Villa,Under Construction,agent,True,False,Normal,Repeated Listing
32500000,55000000.00000105,-22500000.00000105,-40.909090909092036,40.909090909092036,3000.0,4.0,1.0,1.0,Yelahanka,Villa,Under Construction,agent,True,False,Normal,Repeated Listing
55000000,55695508.54837928,-695508.5483792797,-1.2487695444510287,1.2487695444510287,3000.0,4.0,1.0,1.0,Yelahanka,Villa,Under Construction,owner,True,False,Normal,Repeated Listing
58400000,37431002.09585924,20968997.904140763,56.02040215338086,56.02040215338086,2900.0,4.0,3.0,1.0,Sarjapur Road,Villa,Ready to Move,builder,True,False,Normal,Repeated Listing
26500000,26713128.55074389,-213128.55074388906,-0.7978419687496843,0.7978419687496843,2300.0,5.0,3.0,1.0,Thirupalya,Villa,Under Construction,builder,True,False,Normal,Repeated Listing
32000000,27308742.32741032,4691257.672589678,17.17859290752094,17.17859290752094,2300.0,4.0,3.0,1.0,Thirupalya,Villa,Under Construction,builder,True,False,Normal,Repeated Listing
32000000,31848821.784964718,151178.21503528208,0.47467443554427097,0.47467443554427097,2500.0,4.0,1.0,1.0,Devanahalli,Villa,Ready to Move,contractor,True,False,Normal,Repeated Listing
72150000,71757171.8637932,392828.1362068057,0.5474409400532919,0.5474409400532919,2300.0,8.0,3.0,1.0,Thirupalya,Villa,Under Construction,agent,True,False,Normal,Repeated Listing
14800000,13540530.005592821,1259469.9944071788,9.301482245428824,9.301482245428824,2300.0,2.0,3.0,1.0,Thirupalya,Villa,Under Construction,agent,True,False,Normal,Repeated Listing
50000000,39015269.80292154,10984730.197078459,28.154951260277844,28.154951260277844,3900.0,4.0,1.0,1.0,Devanahalli,Villa,Ready to Move,builder,True,False,Normal,Repeated Listing
17500000,17173145.52905424,326854.4709457606,1.9032883078570242,1.9032883078570242,2136.0,5.0,3.0,1.0,Bidaraguppe,Villa,Under Construction,contractor,True,False,Normal,Repeated Listing
26500000,26417217.791547924,82782.20845207572,0.3133645984421627,0.3133645984421627,2300.0,5.0,3.0,1.0,Thirupalya,Villa,Under Construction,contractor,True,False,Normal,Repeated Listing
50000000,54695997.069464624,-4695997.069464624,-8.58563207742725,8.58563207742725,3900.0,4.0,1.0,1.0,Devanahalli,Villa,Ready to Move,agent,True,False,Normal,Repeated Listing
14000000,14910817.447835509,-910817.4478355087,-6.108434034699588,6.108434034699588,2136.0,4.0,3.0,1.0,Bidaraguppe,Villa,Under Construction,agent,True,False,Normal,Repeated Listing
72150000,71757171.8637932,392828.1362068057,0.5474409400532919,0.5474409400532919,2300.0,8.0,3.0,1.0,Thirupalya,Villa,Under Construction,agent,True,False,Normal,Repeated Listing
17500000,16609807.208783785,890192.7912162151,5.359440841344946,5.359440841344946,2136.0,5.0,3.0,1.0,Bidaraguppe,Villa,Under Construction,owner,True,False,Normal,Repeated Listing
28500000,31953592.868370604,-3453592.868370604,-10.808151942716767,10.808151942716767,2300.0,4.0,3.0,1.0,Thirupalya,Villa,Under Construction,agent,True,False,Normal,Repeated Listing
48000000,37025599.25003,10974400.749969997,29.640035468058233,29.640035468058233,2768.0,4.0,2.0,1.0,Hennur Gardens,Villa,Under Construction,agent,True,False,Normal,Repeated Listing
37500000,38265442.75060015,-765442.7506001517,-2.000349912554315,2.000349912554315,2900.0,4.0,3.0,1.0,Sarjapur Road,Villa,Ready to Move,contractor,True,False,Normal,Repeated Listing
14000000,15128654.757274574,-1128654.7572745737,-7.460377511304256,7.460377511304256,2136.0,4.0,3.0,1.0,Bidaraguppe,Villa,Under Construction,contractor,True,False,Normal,Repeated Listing
32000000,26204143.74423012,5795856.255769879,22.118090605597697,22.118090605597697,2300.0,4.0,3.0,1.0,Thirupalya,Villa,Under Construction,contractor,True,False,Normal,Repeated Listing
32500000,55000000.00000105,-22500000.00000105,-40.909090909092036,40.909090909092036,3000.0,4.0,1.0,1.0,Yelahanka,Villa,Under Construction,agent,True,False,Normal,Repeated Listing
28000000,37431002.09585924,-9431002.095859237,-25.195697597694107,25.195697597694107,2900.0,4.0,3.0,1.0,Sarjapur Road,Villa,Ready to Move,builder,True,False,Normal,Repeated Listing
37500000,38265442.75060015,-765442.7506001517,-2.000349912554315,2.000349912554315,2900.0,4.0,3.0,1.0,Sarjapur Road,Villa,Ready to Move,contractor,True,False,Normal,Repeated Listing
14800000,13621647.907160668,1178352.0928393323,8.650583988592839,8.650583988592839,2300.0,2.0,3.0,1.0,Thirupalya,Villa,Under Construction,contractor,True,False,Normal,Repeated Listing
26500000,26713128.55074389,-213128.55074388906,-0.7978419687496843,0.7978419687496843,2300.0,5.0,3.0,1.0,Thirupalya,Villa,Under Construction,builder,True,False,Normal,Repeated Listing
55000000,29390377.078481313,25609622.921518687,87.13608149066324,87.13608149066324,3000.0,4.0,1.0,1.0,Yelahanka,Villa,Under Construction,contractor,True,False,Normal,Repeated Listing
32000000,32038291.658905108,-38291.65890510753,-0.11951841662713712,0.11951841662713712,2500.0,4.0,1.0,1.0,Devanahalli,Villa,Ready to Move,builder,True,False,Normal,Repeated Listing
58400000,37431002.09585924,20968997.904140763,56.02040215338086,56.02040215338086,2900.0,4.0,3.0,1.0,Sarjapur Road,Villa,Ready to Move,builder,True,False,Normal,Repeated Listing
28000000,46068493.063934326,-18068493.063934326,-39.22093357570582,39.22093357570582,2900.0,4.0,3.0,1.0,Sarjapur Road,Villa,Ready to Move,agent,True,False,Normal,Repeated Listing
58400000,37606391.66004806,20793608.33995194,55.29275057261734,55.29275057261734,2900.0,4.0,3.0,1.0,Sarjapur Road,Villa,Ready to Move,contractor,True,False,Normal,Repeated Listing
72150000,71757171.8637932,392828.1362068057,0.5474409400532919,0.5474409400532919,2300.0,8.0,3.0,1.0,Thirupalya,Villa,Under Construction,agent,True,False,Normal,Repeated Listing
17500000,18172562.31527548,-672562.3152754791,-3.7009768001188097,3.7009768001188097,2136.0,5.0,3.0,1.0,Bidaraguppe,Villa,Under Construction,builder,True,False,Normal,Repeated Listing
50000000,39508261.718489856,10491738.281510144,26.555808393361975,26.555808393361975,3900.0,4.0,1.0,1.0,Devanahalli,Villa,Ready to Move,contractor,True,False,Normal,Repeated Listing
50000000,54695997.069464624,-4695997.069464624,-8.58563207742725,8.58563207742725,3900.0,4.0,1.0,1.0,Devanahalli,Villa,Ready to Move,agent,True,False,Normal,Repeated Listing
14000000,15128654.757274574,-1128654.7572745737,-7.460377511304256,7.460377511304256,2136.0,4.0,3.0,1.0,Bidaraguppe,Villa,Under Construction,contractor,True,False,Normal,Repeated Listing
37500000,40383283.03161897,-2883283.0316189677,-7.139793536254689,7.139793536254689,2900.0,4.0,3.0,1.0,Sarjapur Road,Villa,Ready to Move,agent,True,False,Normal,Repeated Listing
28500000,31953592.868370604,-3453592.868370604,-10.808151942716767,10.808151942716767,2300.0,4.0,3.0,1.0,Thirupalya,Villa,Under Construction,agent,True,False,Normal,Repeated Listing
32000000,27308742.32741032,4691257.672589678,17.17859290752094,17.17859290752094,2300.0,4.0,3.0,1.0,Thirupalya,Villa,Under Construction,builder,True,False,Normal,Repeated Listing
28000000,37606391.66004806,-9606391.66004806,-25.544571643265662,25.544571643265662,2900.0,4.0,3.0,1.0,Sarjapur Road,Villa,Ready to Move,contractor,True,False,Normal,Repeated Listing
14800000,13621647.907160668,1178352.0928393323,8.650583988592839,8.650583988592839,2300.0,2.0,3.0,1.0,Thirupalya,Villa,Under Construction,contractor,True,False,Normal,Repeated Listing
58400000,27975875.723221403,30424124.276778597,108.7512847775665,108.7512847775665,2900.0,4.0,3.0,1.0,Sarjapur Road,Villa,Ready to Move,owner,True,False,Potentially Overpriced,Repeated Listing
26500000,26738502.473351225,-238502.47335122526,-0.8919814173921197,0.8919814173921197,2300.0,5.0,3.0,1.0,Thirupalya,Villa,Under Construction,agent,True,False,Normal,Repeated Listing
72150000,70039953.84836496,2110046.151635036,3.0126321273758143,3.0126321273758143,2300.0,8.0,3.0,1.0,Thirupalya,Villa,Under Construction,owner,True,False,Normal,Repeated Listing
17500000,18172562.31527548,-672562.3152754791,-3.7009768001188097,3.7009768001188097,2136.0,5.0,3.0,1.0,Bidaraguppe,Villa,Under Construction,builder,True,False,Normal,Repeated Listing
14000000,13993172.009470293,6827.990529706702,0.048795158989581894,0.048795158989581894,2136.0,4.0,3.0,1.0,Bidaraguppe,Villa,Under Construction,owner,True,False,Normal,Repeated Listing
37500000,40383283.03161897,-2883283.0316189677,-7.139793536254689,7.139793536254689,2900.0,4.0,3.0,1.0,Sarjapur Road,Villa,Ready to Move,agent,True,False,Normal,Repeated Listing
48000000,37025599.25003,10974400.749969997,29.640035468058233,29.640035468058233,2768.0,4.0,2.0,1.0,Hennur Gardens,Villa,Under Construction,agent,True,False,Normal,Repeated Listing
28000000,49030179.90966302,-21030179.90966302,-42.892316423090115,42.892316423090115,2900.0,4.0,3.0,1.0,Sarjapur Road,Villa,Ready to Move,owner,True,False,Normal,Repeated Listing
32500000,55000000.00000105,-22500000.00000105,-40.909090909092036,40.909090909092036,3000.0,4.0,1.0,1.0,Yelahanka,Villa,Under Construction,agent,True,False,Normal,Repeated Listing
58400000,37606391.66004806,20793608.33995194,55.29275057261734,55.29275057261734,2900.0,4.0,3.0,1.0,Sarjapur Road,Villa,Ready to Move,contractor,True,False,Normal,Repeated Listing
55000000,29390377.078481313,25609622.921518687,87.13608149066324,87.13608149066324,3000.0,4.0,1.0,1.0,Yelahanka,Villa,Under Construction,contractor,True,False,Normal,Repeated Listing
32000000,32245783.615796532,-245783.61579653248,-0.7622193919211449,0.7622193919211449,2500.0,4.0,1.0,1.0,Devanahalli,Villa,Ready to Move,owner,True,False,Normal,Repeated Listing
50000000,54695997.069464624,-4695997.069464624,-8.58563207742725,8.58563207742725,3900.0,4.0,1.0,1.0,Devanahalli,Villa,Ready to Move,agent,True,False,Normal,Repeated Listing
50000000,51643741.139716096,-1643741.1397160962,-3.1828467563361587,3.1828467563361587,3900.0,4.0,1.0,1.0,Devanahalli,Villa,Ready to Move,owner,True,False,Normal,Repeated Listing
28500000,31953592.868370604,-3453592.868370604,-10.808151942716767,10.808151942716767,2300.0,4.0,3.0,1.0,Thirupalya,Villa,Under Construction,agent,True,False,Normal,Repeated Listing
32000000,28503241.98318361,3496758.016816389,12.267930851091997,12.267930851091997,2300.0,4.0,3.0,1.0,Thirupalya,Villa,Under Construction,agent,True,False,Normal,Repeated Listing
14800000,12925585.31544728,1874414.6845527198,14.501584561223849,14.501584561223849,2300.0,2.0,3.0,1.0,Thirupalya,Villa,Under Construction,owner,True,False,Normal,Repeated Listing
26500000,26417217.791547924,82782.20845207572,0.3133645984421627,0.3133645984421627,2300.0,5.0,3.0,1.0,Thirupalya,Villa,Under Construction,contractor,True,False,Normal,Repeated Listing
72150000,70039953.84836496,2110046.151635036,3.0126321273758143,3.0126321273758143,2300.0,8.0,3.0,1.0,Thirupalya,Villa,Under Construction,owner,True,False,Normal,Repeated Listing
17500000,18145538.13563871,-645538.1356387101,-3.5575585072941,3.5575585072941,2136.0,5.0,3.0,1.0,Bidaraguppe,Villa,Under Construction,agent,True,False,Normal,Repeated Listing
48000000,37025599.25003,10974400.749969997,29.640035468058233,29.640035468058233,2768.0,4.0,2.0,1.0,Hennur Gardens,Villa,Under Construction,agent,True,False,Normal,Repeated Listing
14000000,14725707.77437715,-725707.7743771505,-4.928169059825347,4.928169059825347,2136.0,4.0,3.0,1.0,Bidaraguppe,Villa,Under Construction,builder,True,False,Normal,Repeated Listing
32500000,55000000.00000105,-22500000.00000105,-40.909090909092036,40.909090909092036,3000.0,4.0,1.0,1.0,Yelahanka,Villa,Under Construction,agent,True,False,Normal,Repeated Listing
37500000,27975875.723221403,9524124.276778597,34.04406128696479,34.04406128696479,2900.0,4.0,3.0,1.0,Sarjapur Road,Villa,Ready to Move,owner,True,False,Normal,Repeated Listing
55000000,32501572.606834713,22498427.393165287,69.22258090500557,69.22258090500557,3000.0,4.0,1.0,1.0,Yelahanka,Villa,Under Construction,agent,True,False,Normal,Repeated Listing
28000000,49030179.90966302,-21030179.90966302,-42.892316423090115,42.892316423090115,2900.0,4.0,3.0,1.0,Sarjapur Road,Villa,Ready to Move,owner,True,False,Normal,Repeated Listing
32000000,32245783.615796532,-245783.61579653248,-0.7622193919211449,0.7622193919211449,2500.0,4.0,1.0,1.0,Devanahalli,Villa,Ready to Move,owner,True,False,Normal,Repeated Listing
58400000,37431002.09585924,20968997.904140763,56.02040215338086,56.02040215338086,2900.0,4.0,3.0,1.0,Sarjapur Road,Villa,Ready to Move,builder,True,False,Normal,Repeated Listing
50000000,54695997.069464624,-4695997.069464624,-8.58563207742725,8.58563207742725,3900.0,4.0,1.0,1.0,Devanahalli,Villa,Ready to Move,agent,True,False,Normal,Repeated Listing
50000000,39508261.718489856,10491738.281510144,26.555808393361975,26.555808393361975,3900.0,4.0,1.0,1.0,Devanahalli,Villa,Ready to Move,contractor,True,False,Normal,Repeated Listing
28500000,31953592.868370604,-3453592.868370604,-10.808151942716767,10.808151942716767,2300.0,4.0,3.0,1.0,Thirupalya,Villa,Under Construction,agent,True,False,Normal,Repeated Listing
32000000,27308742.32741032,4691257.672589678,17.17859290752094,17.17859290752094,2300.0,4.0,3.0,1.0,Thirupalya,Villa,Under Construction,builder,True,False,Normal,Repeated Listing
14800000,14887052.400365748,-87052.40036574751,-0.5847524279796906,0.5847524279796906,2300.0,2.0,3.0,1.0,Thirupalya,Villa,Under Construction,builder,True,False,Normal,Repeated Listing
26500000,26738502.473351225,-238502.47335122526,-0.8919814173921197,0.8919814173921197,2300.0,5.0,3.0,1.0,Thirupalya,Villa,Under Construction,agent,True,False,Normal,Repeated Listing
72150000,72298627.36492518,-148627.3649251759,-0.20557425547650263,0.20557425547650263,2300.0,8.0,3.0,1.0,Thirupalya,Villa,Under Construction,contractor,True,False,Normal,Repeated Listing
17500000,18145538.13563871,-645538.1356387101,-3.5575585072941,3.5575585072941,2136.0,5.0,3.0,1.0,Bidaraguppe,Villa,Under Construction,agent,True,False,Normal,Repeated Listing
14000000,14910817.447835509,-910817.4478355087,-6.108434034699588,6.108434034699588,2136.0,4.0,3.0,1.0,Bidaraguppe,Villa,Under Construction,agent,True,False,Normal,Repeated Listing
37500000,40383283.03161897,-2883283.0316189677,-7.139793536254689,7.139793536254689,2900.0,4.0,3.0,1.0,Sarjapur Road,Villa,Ready to Move,agent,True,False,Normal,Repeated Listing
28000000,46068493.063934326,-18068493.063934326,-39.22093357570582,39.22093357570582,2900.0,4.0,3.0,1.0,Sarjapur Road,Villa,Ready to Move,agent,True,False,Normal,Repeated Listing
58400000,32712811.31373335,25687188.68626665,78.52332971297629,78.52332971297629,2900.0,4.0,3.0,1.0,Sarjapur Road,Villa,Ready to Move,agent,True,False,Normal,Repeated Listing
48000000,37025599.25003,10974400.749969997,29.640035468058233,29.640035468058233,2768.0,4.0,2.0,1.0,Hennur Gardens,Villa,Under Construction,agent,True,False,Normal,Repeated Listing
32500000,55000000.00000105,-22500000.00000105,-40.909090909092036,40.909090909092036,3000.0,4.0,1.0,1.0,Yelahanka,Villa,Under Construction,agent,True,False,Normal,Repeated Listing
55000000,55695508.54837928,-695508.5483792797,-1.2487695444510287,1.2487695444510287,3000.0,4.0,1.0,1.0,Yelahanka,Villa,Under Construction,owner,True,False,Normal,Repeated Listing
32000000,31907191.702662885,92808.29733711481,0.29086952622461376,0.29086952622461376,2500.0,4.0,1.0,1.0,Devanahalli,Villa,Ready to Move,agent,True,False,Normal,Repeated Listing
50000000,39508261.718489856,10491738.281510144,26.555808393361975,26.555808393361975,3900.0,4.0,1.0,1.0,Devanahalli,Villa,Ready to Move,contractor,True,False,Normal,Repeated Listing
50000000,51643741.139716096,-1643741.1397160962,-3.1828467563361587,3.1828467563361587,3900.0,4.0,1.0,1.0,Devanahalli,Villa,Ready to Move,owner,True,False,Normal,Repeated Listing
28500000,31953592.868370604,-3453592.868370604,-10.808151942716767,10.808151942716767,2300.0,4.0,3.0,1.0,Thirupalya,Villa,Under Construction,agent,True,False,Normal,Repeated Listing
32000000,26204143.74423012,5795856.255769879,22.118090605597697,22.118090605597697,2300.0,4.0,3.0,1.0,Thirupalya,Villa,Under Construction,contractor,True,False,Normal,Repeated Listing
14800000,13540530.005592821,1259469.9944071788,9.301482245428824,9.301482245428824,2300.0,2.0,3.0,1.0,Thirupalya,Villa,Under Construction,agent,True,False,Normal,Repeated Listing
26500000,26417217.791547924,82782.20845207572,0.3133645984421627,0.3133645984421627,2300.0,5.0,3.0,1.0,Thirupalya,Villa,Under Construction,contractor,True,False,Normal,Repeated Listing
48000000,37025599.25003,10974400.749969997,29.640035468058233,29.640035468058233,2768.0,4.0,2.0,1.0,Hennur Gardens,Villa,Under Construction,agent,True,False,Normal,Repeated Listing
72150000,66285680.92557792,5864319.074422076,8.84703753893126,8.84703753893126,2300.0,8.0,3.0,1.0,Thirupalya,Villa,Under Construction,builder,True,False,Normal,Repeated Listing
32500000,55000000.00000105,-22500000.00000105,-40.909090909092036,40.909090909092036,3000.0,4.0,1.0,1.0,Yelahanka,Villa,Under Construction,agent,True,False,Normal,Repeated Listing
17500000,17173145.52905424,326854.4709457606,1.9032883078570242,1.9032883078570242,2136.0,5.0,3.0,1.0,Bidaraguppe,Villa,Under Construction,contractor,True,False,Normal,Repeated Listing
55000000,29390377.078481313,25609622.921518687,87.13608149066324,87.13608149066324,3000.0,4.0,1.0,1.0,Yelahanka,Villa,Under Construction,contractor,True,False,Normal,Repeated Listing
14000000,15128654.757274574,-1128654.7572745737,-7.460377511304256,7.460377511304256,2136.0,4.0,3.0,1.0,Bidaraguppe,Villa,Under Construction,contractor,True,False,Normal,Repeated Listing
32000000,31848821.784964718,151178.21503528208,0.47467443554427097,0.47467443554427097,2500.0,4.0,1.0,1.0,Devanahalli,Villa,Ready to Move,contractor,True,False,Normal,Repeated Listing
37500000,27975875.723221403,9524124.276778597,34.04406128696479,34.04406128696479,2900.0,4.0,3.0,1.0,Sarjapur Road,Villa,Ready to Move,owner,True,False,Normal,Repeated Listing
50000000,51643741.139716096,-1643741.1397160962,-3.1828467563361587,3.1828467563361587,3900.0,4.0,1.0,1.0,Devanahalli,Villa,Ready to Move,owner,True,False,Normal,Repeated Listing
28000000,46068493.063934326,-18068493.063934326,-39.22093357570582,39.22093357570582,2900.0,4.0,3.0,1.0,Sarjapur Road,Villa,Ready to Move,agent,True,False,Normal,Repeated Listing
50000000,51643741.139716096,-1643741.1397160962,-3.1828467563361587,3.1828467563361587,3900.0,4.0,1.0,1.0,Devanahalli,Villa,Ready to Move,owner,True,False,Normal,Repeated Listing
58400000,37606391.66004806,20793608.33995194,55.29275057261734,55.29275057261734,2900.0,4.0,3.0,1.0,Sarjapur Road,Villa,Ready to Move,contractor,True,False,Normal,Repeated Listing
28500000,31953592.868370604,-3453592.868370604,-10.808151942716767,10.808151942716767,2300.0,4.0,3.0,1.0,Thirupalya,Villa,Under Construction,agent,True,False,Normal,Repeated Listing
32000000,28503241.98318361,3496758.016816389,12.267930851091997,12.267930851091997,2300.0,4.0,3.0,1.0,Thirupalya,Villa,Under Construction,agent,True,False,Normal,Repeated Listing
14800000,13540530.005592821,1259469.9944071788,9.301482245428824,9.301482245428824,2300.0,2.0,3.0,1.0,Thirupalya,Villa,Under Construction,agent,True,False,Normal,Repeated Listing
26500000,26738502.473351225,-238502.47335122526,-0.8919814173921197,0.8919814173921197,2300.0,5.0,3.0,1.0,Thirupalya,Villa,Under Construction,agent,True,False,Normal,Repeated Listing
72150000,66285680.92557792,5864319.074422076,8.84703753893126,8.84703753893126,2300.0,8.0,3.0,1.0,Thirupalya,Villa,Under Construction,builder,True,False,Normal,Repeated Listing
17500000,18145538.13563871,-645538.1356387101,-3.5575585072941,3.5575585072941,2136.0,5.0,3.0,1.0,Bidaraguppe,Villa,Under Construction,agent,True,False,Normal,Repeated Listing
14000000,15128654.757274574,-1128654.7572745737,-7.460377511304256,7.460377511304256,2136.0,4.0,3.0,1.0,Bidaraguppe,Villa,Under Construction,contractor,True,False,Normal,Repeated Listing
37500000,40383283.03161897,-2883283.0316189677,-7.139793536254689,7.139793536254689,2900.0,4.0,3.0,1.0,Sarjapur Road,Villa,Ready to Move,agent,True,False,Normal,Repeated Listing
28000000,46068493.063934326,-18068493.063934326,-39.22093357570582,39.22093357570582,2900.0,4.0,3.0,1.0,Sarjapur Road,Villa,Ready to Move,agent,True,False,Normal,Repeated Listing
58400000,37606391.66004806,20793608.33995194,55.29275057261734,55.29275057261734,2900.0,4.0,3.0,1.0,Sarjapur Road,Villa,Ready to Move,contractor,True,False,Normal,Repeated Listing
48000000,37025599.25003,10974400.749969997,29.640035468058233,29.640035468058233,2768.0,4.0,2.0,1.0,Hennur Gardens,Villa,Under Construction,agent,True,False,Normal,Repeated Listing
32500000,55000000.00000105,-22500000.00000105,-40.909090909092036,40.909090909092036,3000.0,4.0,1.0,1.0,Yelahanka,Villa,Under Construction,agent,True,False,Normal,Repeated Listing
55000000,29390377.078481313,25609622.921518687,87.13608149066324,87.13608149066324,3000.0,4.0,1.0,1.0,Yelahanka,Villa,Under Construction,contractor,True,False,Normal,Repeated Listing
32000000,32245783.615796532,-245783.61579653248,-0.7622193919211449,0.7622193919211449,2500.0,4.0,1.0,1.0,Devanahalli,Villa,Ready to Move,owner,True,False,Normal,Repeated Listing
50000000,51643741.139716096,-1643741.1397160962,-3.1828467563361587,3.1828467563361587,3900.0,4.0,1.0,1.0,Devanahalli,Villa,Ready to Move,owner,True,False,Normal,Repeated Listing
50000000,51643741.139716096,-1643741.1397160962,-3.1828467563361587,3.1828467563361587,3900.0,4.0,1.0,1.0,Devanahalli,Villa,Ready to Move,owner,True,False,Normal,Repeated Listing
28500000,31953592.868370604,-3453592.868370604,-10.808151942716767,10.808151942716767,2300.0,4.0,3.0,1.0,Thirupalya,Villa,Under Construction,agent,True,False,Normal,Repeated Listing
32000000,27308742.32741032,4691257.672589678,17.17859290752094,17.17859290752094,2300.0,4.0,3.0,1.0,Thirupalya,Villa,Under Construction,builder,True,False,Normal,Repeated Listing
14800000,14887052.400365748,-87052.40036574751,-0.5847524279796906,0.5847524279796906,2300.0,2.0,3.0,1.0,Thirupalya,Villa,Under Construction,builder,True,False,Normal,Repeated Listing
26500000,27388616.699900262,-888616.699900262,-3.24447455538526,3.24447455538526,2300.0,5.0,3.0,1.0,Thirupalya,Villa,Under Construction,owner,True,False,Normal,Repeated Listing
72150000,70039953.84836496,2110046.151635036,3.0126321273758143,3.0126321273758143,2300.0,8.0,3.0,1.0,Thirupalya,Villa,Under Construction,owner,True,False,Normal,Repeated Listing
17500000,16609807.208783785,890192.7912162151,5.359440841344946,5.359440841344946,2136.0,5.0,3.0,1.0,Bidaraguppe,Villa,Under Construction,owner,True,False,Normal,Repeated Listing
14000000,15128654.757274574,-1128654.7572745737,-7.460377511304256,7.460377511304256,2136.0,4.0,3.0,1.0,Bidaraguppe,Villa,Under Construction,contractor,True,False,Normal,Repeated Listing
37500000,40383283.03161897,-2883283.0316189677,-7.139793536254689,7.139793536254689,2900.0,4.0,3.0,1.0,Sarjapur Road,Villa,Ready to Move,agent,True,False,Normal,Repeated Listing
28000000,49030179.90966302,-21030179.90966302,-42.892316423090115,42.892316423090115,2900.0,4.0,3.0,1.0,Sarjapur Road,Villa,Ready to Move,owner,True,False,Normal,Repeated Listing
58400000,27975875.723221403,30424124.276778597,108.7512847775665,108.7512847775665,2900.0,4.0,3.0,1.0,Sarjapur Road,Villa,Ready to Move,owner,True,False,Potentially Overpriced,Repeated Listing
48000000,37025599.25003,10974400.749969997,29.640035468058233,29.640035468058233,2768.0,4.0,2.0,1.0,Hennur Gardens,Villa,Under Construction,agent,True,False,Normal,Repeated Listing
32500000,55000000.00000105,-22500000.00000105,-40.909090909092036,40.909090909092036,3000.0,4.0,1.0,1.0,Yelahanka,Villa,Under Construction,agent,True,False,Normal,Repeated Listing
55000000,30390365.025824584,24609634.974175416,80.97841191859024,80.97841191859024,3000.0,4.0,1.0,1.0,Yelahanka,Villa,Under Construction,builder,True,False,Normal,Repeated Listing
32000000,31848821.784964718,151178.21503528208,0.47467443554427097,0.47467443554427097,2500.0,4.0,1.0,1.0,Devanahalli,Villa,Ready to Move,contractor,True,False,Normal,Repeated Listing
50000000,54695997.069464624,-4695997.069464624,-8.58563207742725,8.58563207742725,3900.0,4.0,1.0,1.0,Devanahalli,Villa,Ready to Move,agent,True,False,Normal,Repeated Listing
50000000,39015269.80292154,10984730.197078459,28.154951260277844,28.154951260277844,3900.0,4.0,1.0,1.0,Devanahalli,Villa,Ready to Move,builder,True,False,Normal,Repeated Listing
28500000,31953592.868370604,-3453592.868370604,-10.808151942716767,10.808151942716767,2300.0,4.0,3.0,1.0,Thirupalya,Villa,Under Construction,agent,True,False,Normal,Repeated Listing
32000000,32920870.310378253,-920870.3103782535,-2.7972234685665356,2.7972234685665356,2300.0,4.0,3.0,1.0,Thirupalya,Villa,Under Construction,owner,True,False,Normal,Repeated Listing
14800000,13540530.005592821,1259469.9944071788,9.301482245428824,9.301482245428824,2300.0,2.0,3.0,1.0,Thirupalya,Villa,Under Construction,agent,True,False,Normal,Repeated Listing
26500000,26738502.473351225,-238502.47335122526,-0.8919814173921197,0.8919814173921197,2300.0,5.0,3.0,1.0,Thirupalya,Villa,Under Construction,agent,True,False,Normal,Repeated Listing
72150000,71757171.8637932,392828.1362068057,0.5474409400532919,0.5474409400532919,2300.0,8.0,3.0,1.0,Thirupalya,Villa,Under Construction,agent,True,False,Normal,Repeated Listing
48000000,37025599.25003,10974400.749969997,29.640035468058233,29.640035468058233,2768.0,4.0,2.0,1.0,Hennur Gardens,Villa,Under Construction,agent,True,False,Normal,Repeated Listing
17500000,17173145.52905424,326854.4709457606,1.9032883078570242,1.9032883078570242,2136.0,5.0,3.0,1.0,Bidaraguppe,Villa,Under Construction,contractor,True,False,Normal,Repeated Listing
32500000,55000000.00000105,-22500000.00000105,-40.909090909092036,40.909090909092036,3000.0,4.0,1.0,1.0,Yelahanka,Villa,Under Construction,agent,True,False,Normal,Repeated Listing
48000000,37025599.25003,10974400.749969997,29.640035468058233,29.640035468058233,2768.0,4.0,2.0,1.0,Hennur Gardens,Villa,Under Construction,agent,True,False,Normal,Repeated Listing
14000000,14910817.447835509,-910817.4478355087,-6.108434034699588,6.108434034699588,2136.0,4.0,3.0,1.0,Bidaraguppe,Villa,Under Construction,agent,True,False,Normal,Repeated Listing
55000000,29390377.078481313,25609622.921518687,87.13608149066324,87.13608149066324,3000.0,4.0,1.0,1.0,Yelahanka,Villa,Under Construction,contractor,True,False,Normal,Repeated Listing
32500000,55000000.00000105,-22500000.00000105,-40.909090909092036,40.909090909092036,3000.0,4.0,1.0,1.0,Yelahanka,Villa,Under Construction,agent,True,False,Normal,Repeated Listing
37500000,40984055.42728329,-3484055.427283287,-8.501002135976847,8.501002135976847,2900.0,4.0,3.0,1.0,Sarjapur Road,Villa,Ready to Move,builder,True,False,Normal,Repeated Listing
32000000,31907191.702662885,92808.29733711481,0.29086952622461376,0.29086952622461376,2500.0,4.0,1.0,1.0,Devanahalli,Villa,Ready to Move,agent,True,False,Normal,Repeated Listing
55000000,29390377.078481313,25609622.921518687,87.13608149066324,87.13608149066324,3000.0,4.0,1.0,1.0,Yelahanka,Villa,Under Construction,contractor,True,False,Normal,Repeated Listing
28000000,46068493.063934326,-18068493.063934326,-39.22093357570582,39.22093357570582,2900.0,4.0,3.0,1.0,Sarjapur Road,Villa,Ready to Move,agent,True,False,Normal,Repeated Listing
50000000,51643741.139716096,-1643741.1397160962,-3.1828467563361587,3.1828467563361587,3900.0,4.0,1.0,1.0,Devanahalli,Villa,Ready to Move,owner,True,False,Normal,Repeated Listing
32000000,31848821.784964718,151178.21503528208,0.47467443554427097,0.47467443554427097,2500.0,4.0,1.0,1.0,Devanahalli,Villa,Ready to Move,contractor,True,False,Normal,Repeated Listing
58400000,27975875.723221403,30424124.276778597,108.7512847775665,108.7512847775665,2900.0,4.0,3.0,1.0,Sarjapur Road,Villa,Ready to Move,owner,True,False,Potentially Overpriced,Repeated Listing
50000000,54695997.069464624,-4695997.069464624,-8.58563207742725,8.58563207742725,3900.0,4.0,1.0,1.0,Devanahalli,Villa,Ready to Move,agent,True,False,Normal,Repeated Listing
50000000,51643741.139716096,-1643741.1397160962,-3.1828467563361587,3.1828467563361587,3900.0,4.0,1.0,1.0,Devanahalli,Villa,Ready to Move,owner,True,False,Normal,Repeated Listing
28500000,31953592.868370604,-3453592.868370604,-10.808151942716767,10.808151942716767,2300.0,4.0,3.0,1.0,Thirupalya,Villa,Under Construction,agent,True,False,Normal,Repeated Listing
50000000,39508261.718489856,10491738.281510144,26.555808393361975,26.555808393361975,3900.0,4.0,1.0,1.0,Devanahalli,Villa,Ready to Move,contractor,True,False,Normal,Repeated Listing
32000000,26204143.74423012,5795856.255769879,22.118090605597697,22.118090605597697,2300.0,4.0,3.0,1.0,Thirupalya,Villa,Under Construction,contractor,True,False,Normal,Repeated Listing
28500000,31953592.868370604,-3453592.868370604,-10.808151942716767,10.808151942716767,2300.0,4.0,3.0,1.0,Thirupalya,Villa,Under Construction,agent,True,False,Normal,Repeated Listing
14800000,13621647.907160668,1178352.0928393323,8.650583988592839,8.650583988592839,2300.0,2.0,3.0,1.0,Thirupalya,Villa,Under Construction,contractor,True,False,Normal,Repeated Listing
32000000,26204143.74423012,5795856.255769879,22.118090605597697,22.118090605597697,2300.0,4.0,3.0,1.0,Thirupalya,Villa,Under Construction,contractor,True,False,Normal,Repeated Listing
26500000,26738502.473351225,-238502.47335122526,-0.8919814173921197,0.8919814173921197,2300.0,5.0,3.0,1.0,Thirupalya,Villa,Under Construction,agent,True,False,Normal,Repeated Listing
14800000,12925585.31544728,1874414.6845527198,14.501584561223849,14.501584561223849,2300.0,2.0,3.0,1.0,Thirupalya,Villa,Under Construction,owner,True,False,Normal,Repeated Listing
72150000,72298627.36492518,-148627.3649251759,-0.20557425547650263,0.20557425547650263,2300.0,8.0,3.0,1.0,Thirupalya,Villa,Under Construction,contractor,True,False,Normal,Repeated Listing
26500000,26417217.791547924,82782.20845207572,0.3133645984421627,0.3133645984421627,2300.0,5.0,3.0,1.0,Thirupalya,Villa,Under Construction,contractor,True,False,Normal,Repeated Listing
17500000,18172562.31527548,-672562.3152754791,-3.7009768001188097,3.7009768001188097,2136.0,5.0,3.0,1.0,Bidaraguppe,Villa,Under Construction,builder,True,False,Normal,Repeated Listing
72150000,71757171.8637932,392828.1362068057,0.5474409400532919,0.5474409400532919,2300.0,8.0,3.0,1.0,Thirupalya,Villa,Under Construction,agent,True,False,Normal,Repeated Listing
14000000,14725707.77437715,-725707.7743771505,-4.928169059825347,4.928169059825347,2136.0,4.0,3.0,1.0,Bidaraguppe,Villa,Under Construction,builder,True,False,Normal,Repeated Listing
17500000,16609807.208783785,890192.7912162151,5.359440841344946,5.359440841344946,2136.0,5.0,3.0,1.0,Bidaraguppe,Villa,Under Construction,owner,True,False,Normal,Repeated Listing
37500000,40383283.03161897,-2883283.0316189677,-7.139793536254689,7.139793536254689,2900.0,4.0,3.0,1.0,Sarjapur Road,Villa,Ready to Move,agent,True,False,Normal,Repeated Listing
14000000,13993172.009470293,6827.990529706702,0.048795158989581894,0.048795158989581894,2136.0,4.0,3.0,1.0,Bidaraguppe,Villa,Under Construction,owner,True,False,Normal,Repeated Listing
28000000,46068493.063934326,-18068493.063934326,-39.22093357570582,39.22093357570582,2900.0,4.0,3.0,1.0,Sarjapur Road,Villa,Ready to Move,agent,True,False,Normal,Repeated Listing
37500000,40383283.03161897,-2883283.0316189677,-7.139793536254689,7.139793536254689,2900.0,4.0,3.0,1.0,Sarjapur Road,Villa,Ready to Move,agent,True,False,Normal,Repeated Listing
58400000,27975875.723221403,30424124.276778597,108.7512847775665,108.7512847775665,2900.0,4.0,3.0,1.0,Sarjapur Road,Villa,Ready to Move,owner,True,False,Potentially Overpriced,Repeated Listing
28000000,49030179.90966302,-21030179.90966302,-42.892316423090115,42.892316423090115,2900.0,4.0,3.0,1.0,Sarjapur Road,Villa,Ready to Move,owner,True,False,Normal,Repeated Listing
58400000,32712811.31373335,25687188.68626665,78.52332971297629,78.52332971297629,2900.0,4.0,3.0,1.0,Sarjapur Road,Villa,Ready to Move,agent,True,False,Normal,Repeated Listing
48000000,37025599.25003,10974400.749969997,29.640035468058233,29.640035468058233,2768.0,4.0,2.0,1.0,Hennur Gardens,Villa,Under Construction,agent,True,False,Normal,Repeated Listing
32500000,55000000.00000105,-22500000.00000105,-40.909090909092036,40.909090909092036,3000.0,4.0,1.0,1.0,Yelahanka,Villa,Under Construction,agent,True,False,Normal,Repeated Listing
55000000,30390365.025824584,24609634.974175416,80.97841191859024,80.97841191859024,3000.0,4.0,1.0,1.0,Yelahanka,Villa,Under Construction,builder,True,False,Normal,Repeated Listing
32000000,31848821.784964718,151178.21503528208,0.47467443554427097,0.47467443554427097,2500.0,4.0,1.0,1.0,Devanahalli,Villa,Ready to Move,contractor,True,False,Normal,Repeated Listing
50000000,51643741.139716096,-1643741.1397160962,-3.1828467563361587,3.1828467563361587,3900.0,4.0,1.0,1.0,Devanahalli,Villa,Ready to Move,owner,True,False,Normal,Repeated Listing
50000000,54695997.069464624,-4695997.069464624,-8.58563207742725,8.58563207742725,3900.0,4.0,1.0,1.0,Devanahalli,Villa,Ready to Move,agent,True,False,Normal,Repeated Listing
28500000,31953592.868370604,-3453592.868370604,-10.808151942716767,10.808151942716767,2300.0,4.0,3.0,1.0,Thirupalya,Villa,Under Construction,agent,True,False,Normal,Repeated Listing
32000000,28503241.98318361,3496758.016816389,12.267930851091997,12.267930851091997,2300.0,4.0,3.0,1.0,Thirupalya,Villa,Under Construction,agent,True,False,Normal,Repeated Listing
14800000,13621647.907160668,1178352.0928393323,8.650583988592839,8.650583988592839,2300.0,2.0,3.0,1.0,Thirupalya,Villa,Under Construction,contractor,True,False,Normal,Repeated Listing
26500000,26417217.791547924,82782.20845207572,0.3133645984421627,0.3133645984421627,2300.0,5.0,3.0,1.0,Thirupalya,Villa,Under Construction,contractor,True,False,Normal,Repeated Listing
72150000,72298627.36492518,-148627.3649251759,-0.20557425547650263,0.20557425547650263,2300.0,8.0,3.0,1.0,Thirupalya,Villa,Under Construction,contractor,True,False,Normal,Repeated Listing
17500000,17173145.52905424,326854.4709457606,1.9032883078570242,1.9032883078570242,2136.0,5.0,3.0,1.0,Bidaraguppe,Villa,Under Construction,contractor,True,False,Normal,Repeated Listing
14000000,13993172.009470293,6827.990529706702,0.048795158989581894,0.048795158989581894,2136.0,4.0,3.0,1.0,Bidaraguppe,Villa,Under Construction,owner,True,False,Normal,Repeated Listing
37500000,40383283.03161897,-2883283.0316189677,-7.139793536254689,7.139793536254689,2900.0,4.0,3.0,1.0,Sarjapur Road,Villa,Ready to Move,agent,True,False,Normal,Repeated Listing
28000000,37606391.66004806,-9606391.66004806,-25.544571643265662,25.544571643265662,2900.0,4.0,3.0,1.0,Sarjapur Road,Villa,Ready to Move,contractor,True,False,Normal,Repeated Listing
58400000,27975875.723221403,30424124.276778597,108.7512847775665,108.7512847775665,2900.0,4.0,3.0,1.0,Sarjapur Road,Villa,Ready to Move,owner,True,False,Potentially Overpriced,Repeated Listing
48000000,37025599.25003,10974400.749969997,29.640035468058233,29.640035468058233,2768.0,4.0,2.0,1.0,Hennur Gardens,Villa,Under Construction,agent,True,False,Normal,Repeated Listing
32500000,55000000.00000105,-22500000.00000105,-40.909090909092036,40.909090909092036,3000.0,4.0,1.0,1.0,Yelahanka,Villa,Under Construction,agent,True,False,Normal,Repeated Listing
55000000,32501572.606834713,22498427.393165287,69.22258090500557,69.22258090500557,3000.0,4.0,1.0,1.0,Yelahanka,Villa,Under Construction,agent,True,False,Normal,Repeated Listing
32000000,31907191.702662885,92808.29733711481,0.29086952622461376,0.29086952622461376,2500.0,4.0,1.0,1.0,Devanahalli,Villa,Ready to Move,agent,True,False,Normal,Repeated Listing
50000000,54695997.069464624,-4695997.069464624,-8.58563207742725,8.58563207742725,3900.0,4.0,1.0,1.0,Devanahalli,Villa,Ready to Move,agent,True,False,Normal,Repeated Listing
50000000,51643741.139716096,-1643741.1397160962,-3.1828467563361587,3.1828467563361587,3900.0,4.0,1.0,1.0,Devanahalli,Villa,Ready to Move,owner,True,False,Normal,Repeated Listing
28500000,31953592.868370604,-3453592.868370604,-10.808151942716767,10.808151942716767,2300.0,4.0,3.0,1.0,Thirupalya,Villa,Under Construction,agent,True,False,Normal,Repeated Listing
32000000,26204143.74423012,5795856.255769879,22.118090605597697,22.118090605597697,2300.0,4.0,3.0,1.0,Thirupalya,Villa,Under Construction,contractor,True,False,Normal,Repeated Listing
14800000,14887052.400365748,-87052.40036574751,-0.5847524279796906,0.5847524279796906,2300.0,2.0,3.0,1.0,Thirupalya,Villa,Under Construction,builder,True,False,Normal,Repeated Listing
26500000,27388616.699900262,-888616.699900262,-3.24447455538526,3.24447455538526,2300.0,5.0,3.0,1.0,Thirupalya,Villa,Under Construction,owner,True,False,Normal,Repeated Listing
72150000,72298627.36492518,-148627.3649251759,-0.20557425547650263,0.20557425547650263,2300.0,8.0,3.0,1.0,Thirupalya,Villa,Under Construction,contractor,True,False,Normal,Repeated Listing
17500000,18145538.13563871,-645538.1356387101,-3.5575585072941,3.5575585072941,2136.0,5.0,3.0,1.0,Bidaraguppe,Villa,Under Construction,agent,True,False,Normal,Repeated Listing
14000000,14725707.77437715,-725707.7743771505,-4.928169059825347,4.928169059825347,2136.0,4.0,3.0,1.0,Bidaraguppe,Villa,Under Construction,builder,True,False,Normal,Repeated Listing
37500000,40383283.03161897,-2883283.0316189677,-7.139793536254689,7.139793536254689,2900.0,4.0,3.0,1.0,Sarjapur Road,Villa,Ready to Move,agent,True,False,Normal,Repeated Listing
48000000,37025599.25003,10974400.749969997,29.640035468058233,29.640035468058233,2768.0,4.0,2.0,1.0,Hennur Gardens,Villa,Under Construction,agent,True,False,Normal,Repeated Listing
28000000,37431002.09585924,-9431002.095859237,-25.195697597694107,25.195697597694107,2900.0,4.0,3.0,1.0,Sarjapur Road,Villa,Ready to Move,builder,True,False,Normal,Repeated Listing
58400000,27975875.723221403,30424124.276778597,108.7512847775665,108.7512847775665,2900.0,4.0,3.0,1.0,Sarjapur Road,Villa,Ready to Move,owner,True,False,Potentially Overpriced,Repeated Listing
32500000,55000000.00000105,-22500000.00000105,-40.909090909092036,40.909090909092036,3000.0,4.0,1.0,1.0,Yelahanka,Villa,Under Construction,agent,True,False,Normal,Repeated Listing
55000000,32501572.606834713,22498427.393165287,69.22258090500557,69.22258090500557,3000.0,4.0,1.0,1.0,Yelahanka,Villa,Under Construction,agent,True,False,Normal,Repeated Listing
32000000,31848821.784964718,151178.21503528208,0.47467443554427097,0.47467443554427097,2500.0,4.0,1.0,1.0,Devanahalli,Villa,Ready to Move,contractor,True,False,Normal,Repeated Listing
50000000,39015269.80292154,10984730.197078459,28.154951260277844,28.154951260277844,3900.0,4.0,1.0,1.0,Devanahalli,Villa,Ready to Move,builder,True,False,Normal,Repeated Listing
50000000,54695997.069464624,-4695997.069464624,-8.58563207742725,8.58563207742725,3900.0,4.0,1.0,1.0,Devanahalli,Villa,Ready to Move,agent,True,False,Normal,Repeated Listing
28500000,31953592.868370604,-3453592.868370604,-10.808151942716767,10.808151942716767,2300.0,4.0,3.0,1.0,Thirupalya,Villa,Under Construction,agent,True,False,Normal,Repeated Listing
32000000,32920870.310378253,-920870.3103782535,-2.7972234685665356,2.7972234685665356,2300.0,4.0,3.0,1.0,Thirupalya,Villa,Under Construction,owner,True,False,Normal,Repeated Listing
14800000,13540530.005592821,1259469.9944071788,9.301482245428824,9.301482245428824,2300.0,2.0,3.0,1.0,Thirupalya,Villa,Under Construction,agent,True,False,Normal,Repeated Listing
26500000,26738502.473351225,-238502.47335122526,-0.8919814173921197,0.8919814173921197,2300.0,5.0,3.0,1.0,Thirupalya,Villa,Under Construction,agent,True,False,Normal,Repeated Listing
72150000,71757171.8637932,392828.1362068057,0.5474409400532919,0.5474409400532919,2300.0,8.0,3.0,1.0,Thirupalya,Villa,Under Construction,agent,True,False,Normal,Repeated Listing
17500000,16609807.208783785,890192.7912162151,5.359440841344946,5.359440841344946,2136.0,5.0,3.0,1.0,Bidaraguppe,Villa,Under Construction,owner,True,False,Normal,Repeated Listing
14000000,14910817.447835509,-910817.4478355087,-6.108434034699588,6.108434034699588,2136.0,4.0,3.0,1.0,Bidaraguppe,Villa,Under Construction,agent,True,False,Normal,Repeated Listing
37500000,38265442.75060015,-765442.7506001517,-2.000349912554315,2.000349912554315,2900.0,4.0,3.0,1.0,Sarjapur Road,Villa,Ready to Move,contractor,True,False,Normal,Repeated Listing
28000000,37606391.66004806,-9606391.66004806,-25.544571643265662,25.544571643265662,2900.0,4.0,3.0,1.0,Sarjapur Road,Villa,Ready to Move,contractor,True,False,Normal,Repeated Listing
58400000,27975875.723221403,30424124.276778597,108.7512847775665,108.7512847775665,2900.0,4.0,3.0,1.0,Sarjapur Road,Villa,Ready to Move,owner,True,False,Potentially Overpriced,Repeated Listing
48000000,37025599.25003,10974400.749969997,29.640035468058233,29.640035468058233,2768.0,4.0,2.0,1.0,Hennur Gardens,Villa,Under Construction,agent,True,False,Normal,Repeated Listing
32500000,55000000.00000105,-22500000.00000105,-40.909090909092036,40.909090909092036,3000.0,4.0,1.0,1.0,Yelahanka,Villa,Under Construction,agent,True,False,Normal,Repeated Listing
55000000,55695508.54837928,-695508.5483792797,-1.2487695444510287,1.2487695444510287,3000.0,4.0,1.0,1.0,Yelahanka,Villa,Under Construction,owner,True,False,Normal,Repeated Listing
32000000,32245783.615796532,-245783.61579653248,-0.7622193919211449,0.7622193919211449,2500.0,4.0,1.0,1.0,Devanahalli,Villa,Ready to Move,owner,True,False,Normal,Repeated Listing
50000000,39015269.80292154,10984730.197078459,28.154951260277844,28.154951260277844,3900.0,4.0,1.0,1.0,Devanahalli,Villa,Ready to Move,builder,True,False,Normal,Repeated Listing
50000000,54695997.069464624,-4695997.069464624,-8.58563207742725,8.58563207742725,3900.0,4.0,1.0,1.0,Devanahalli,Villa,Ready to Move,agent,True,False,Normal,Repeated Listing
28500000,31953592.868370604,-3453592.868370604,-10.808151942716767,10.808151942716767,2300.0,4.0,3.0,1.0,Thirupalya,Villa,Under Construction,agent,True,False,Normal,Repeated Listing
32000000,28503241.98318361,3496758.016816389,12.267930851091997,12.267930851091997,2300.0,4.0,3.0,1.0,Thirupalya,Villa,Under Construction,agent,True,False,Normal,Repeated Listing
14800000,14887052.400365748,-87052.40036574751,-0.5847524279796906,0.5847524279796906,2300.0,2.0,3.0,1.0,Thirupalya,Villa,Under Construction,builder,True,False,Normal,Repeated Listing
26500000,26417217.791547924,82782.20845207572,0.3133645984421627,0.3133645984421627,2300.0,5.0,3.0,1.0,Thirupalya,Villa,Under Construction,contractor,True,False,Normal,Repeated Listing
72150000,72298627.36492518,-148627.3649251759,-0.20557425547650263,0.20557425547650263,2300.0,8.0,3.0,1.0,Thirupalya,Villa,Under Construction,contractor,True,False,Normal,Repeated Listing
17500000,17173145.52905424,326854.4709457606,1.9032883078570242,1.9032883078570242,2136.0,5.0,3.0,1.0,Bidaraguppe,Villa,Under Construction,contractor,True,False,Normal,Repeated Listing
14000000,13993172.009470293,6827.990529706702,0.048795158989581894,0.048795158989581894,2136.0,4.0,3.0,1.0,Bidaraguppe,Villa,Under Construction,owner,True,False,Normal,Repeated Listing
37500000,38265442.75060015,-765442.7506001517,-2.000349912554315,2.000349912554315,2900.0,4.0,3.0,1.0,Sarjapur Road,Villa,Ready to Move,contractor,True,False,Normal,Repeated Listing
28000000,37431002.09585924,-9431002.095859237,-25.195697597694107,25.195697597694107,2900.0,4.0,3.0,1.0,Sarjapur Road,Villa,Ready to Move,builder,True,False,Normal,Repeated Listing
58400000,37606391.66004806,20793608.33995194,55.29275057261734,55.29275057261734,2900.0,4.0,3.0,1.0,Sarjapur Road,Villa,Ready to Move,contractor,True,False,Normal,Repeated Listing
48000000,37025599.25003,10974400.749969997,29.640035468058233,29.640035468058233,2768.0,4.0,2.0,1.0,Hennur Gardens,Villa,Under Construction,agent,True,False,Normal,Repeated Listing
32500000,55000000.00000105,-22500000.00000105,-40.909090909092036,40.909090909092036,3000.0,4.0,1.0,1.0,Yelahanka,Villa,Under Construction,agent,True,False,Normal,Repeated Listing
55000000,29390377.078481313,25609622.921518687,87.13608149066324,87.13608149066324,3000.0,4.0,1.0,1.0,Yelahanka,Villa,Under Construction,contractor,True,False,Normal,Repeated Listing
32000000,31907191.702662885,92808.29733711481,0.29086952622461376,0.29086952622461376,2500.0,4.0,1.0,1.0,Devanahalli,Villa,Ready to Move,agent,True,False,Normal,Repeated Listing
50000000,54695997.069464624,-4695997.069464624,-8.58563207742725,8.58563207742725,3900.0,4.0,1.0,1.0,Devanahalli,Villa,Ready to Move,agent,True,False,Normal,Repeated Listing
50000000,54695997.069464624,-4695997.069464624,-8.58563207742725,8.58563207742725,3900.0,4.0,1.0,1.0,Devanahalli,Villa,Ready to Move,agent,True,False,Normal,Repeated Listing
28500000,31953592.868370604,-3453592.868370604,-10.808151942716767,10.808151942716767,2300.0,4.0,3.0,1.0,Thirupalya,Villa,Under Construction,agent,True,False,Normal,Repeated Listing
32000000,28503241.98318361,3496758.016816389,12.267930851091997,12.267930851091997,2300.0,4.0,3.0,1.0,Thirupalya,Villa,Under Construction,agent,True,False,Normal,Repeated Listing
14800000,14887052.400365748,-87052.40036574751,-0.5847524279796906,0.5847524279796906,2300.0,2.0,3.0,1.0,Thirupalya,Villa,Under Construction,builder,True,False,Normal,Repeated Listing
26500000,26738502.473351225,-238502.47335122526,-0.8919814173921197,0.8919814173921197,2300.0,5.0,3.0,1.0,Thirupalya,Villa,Under Construction,agent,True,False,Normal,Repeated Listing
72150000,72298627.36492518,-148627.3649251759,-0.20557425547650263,0.20557425547650263,2300.0,8.0,3.0,1.0,Thirupalya,Villa,Under Construction,contractor,True,False,Normal,Repeated Listing
17500000,18172562.31527548,-672562.3152754791,-3.7009768001188097,3.7009768001188097,2136.0,5.0,3.0,1.0,Bidaraguppe,Villa,Under Construction,builder,True,False,Normal,Repeated Listing
14000000,15128654.757274574,-1128654.7572745737,-7.460377511304256,7.460377511304256,2136.0,4.0,3.0,1.0,Bidaraguppe,Villa,Under Construction,contractor,True,False,Normal,Repeated Listing
37500000,38265442.75060015,-765442.7506001517,-2.000349912554315,2.000349912554315,2900.0,4.0,3.0,1.0,Sarjapur Road,Villa,Ready to Move,contractor,True,False,Normal,Repeated Listing
28000000,37606391.66004806,-9606391.66004806,-25.544571643265662,25.544571643265662,2900.0,4.0,3.0,1.0,Sarjapur Road,Villa,Ready to Move,contractor,True,False,Normal,Repeated Listing
58400000,27975875.723221403,30424124.276778597,108.7512847775665,108.7512847775665,2900.0,4.0,3.0,1.0,Sarjapur Road,Villa,Ready to Move,owner,True,False,Potentially Overpriced,Repeated Listing
48000000,37025599.25003,10974400.749969997,29.640035468058233,29.640035468058233,2768.0,4.0,2.0,1.0,Hennur Gardens,Villa,Under Construction,agent,True,False,Normal,Repeated Listing
32500000,55000000.00000105,-22500000.00000105,-40.909090909092036,40.909090909092036,3000.0,4.0,1.0,1.0,Yelahanka,Villa,Under Construction,agent,True,False,Normal,Repeated Listing
55000000,55695508.54837928,-695508.5483792797,-1.2487695444510287,1.2487695444510287,3000.0,4.0,1.0,1.0,Yelahanka,Villa,Under Construction,owner,True,False,Normal,Repeated Listing
32000000,31907191.702662885,92808.29733711481,0.29086952622461376,0.29086952622461376,2500.0,4.0,1.0,1.0,Devanahalli,Villa,Ready to Move,agent,True,False,Normal,Repeated Listing
50000000,54695997.069464624,-4695997.069464624,-8.58563207742725,8.58563207742725,3900.0,4.0,1.0,1.0,Devanahalli,Villa,Ready to Move,agent,True,False,Normal,Repeated Listing
50000000,39015269.80292154,10984730.197078459,28.154951260277844,28.154951260277844,3900.0,4.0,1.0,1.0,Devanahalli,Villa,Ready to Move,builder,True,False,Normal,Repeated Listing
28500000,31953592.868370604,-3453592.868370604,-10.808151942716767,10.808151942716767,2300.0,4.0,3.0,1.0,Thirupalya,Villa,Under Construction,agent,True,False,Normal,Repeated Listing
32000000,28503241.98318361,3496758.016816389,12.267930851091997,12.267930851091997,2300.0,4.0,3.0,1.0,Thirupalya,Villa,Under Construction,agent,True,False,Normal,Repeated Listing
14800000,14887052.400365748,-87052.40036574751,-0.5847524279796906,0.5847524279796906,2300.0,2.0,3.0,1.0,Thirupalya,Villa,Under Construction,builder,True,False,Normal,Repeated Listing
26500000,27388616.699900262,-888616.699900262,-3.24447455538526,3.24447455538526,2300.0,5.0,3.0,1.0,Thirupalya,Villa,Under Construction,owner,True,False,Normal,Repeated Listing
72150000,70039953.84836496,2110046.151635036,3.0126321273758143,3.0126321273758143,2300.0,8.0,3.0,1.0,Thirupalya,Villa,Under Construction,owner,True,False,Normal,Repeated Listing
17500000,18172562.31527548,-672562.3152754791,-3.7009768001188097,3.7009768001188097,2136.0,5.0,3.0,1.0,Bidaraguppe,Villa,Under Construction,builder,True,False,Normal,Repeated Listing
14000000,13993172.009470293,6827.990529706702,0.048795158989581894,0.048795158989581894,2136.0,4.0,3.0,1.0,Bidaraguppe,Villa,Under Construction,owner,True,False,Normal,Repeated Listing
37500000,40984055.42728329,-3484055.427283287,-8.501002135976847,8.501002135976847,2900.0,4.0,3.0,1.0,Sarjapur Road,Villa,Ready to Move,builder,True,False,Normal,Repeated Listing
28000000,49030179.90966302,-21030179.90966302,-42.892316423090115,42.892316423090115,2900.0,4.0,3.0,1.0,Sarjapur Road,Villa,Ready to Move,owner,True,False,Normal,Repeated Listing
58400000,37606391.66004806,20793608.33995194,55.29275057261734,55.29275057261734,2900.0,4.0,3.0,1.0,Sarjapur Road,Villa,Ready to Move,contractor,True,False,Normal,Repeated Listing
48000000,37025599.25003,10974400.749969997,29.640035468058233,29.640035468058233,2768.0,4.0,2.0,1.0,Hennur Gardens,Villa,Under Construction,agent,True,False,Normal,Repeated Listing
32500000,55000000.00000105,-22500000.00000105,-40.909090909092036,40.909090909092036,3000.0,4.0,1.0,1.0,Yelahanka,Villa,Under Construction,agent,True,False,Normal,Repeated Listing
55000000,29390377.078481313,25609622.921518687,87.13608149066324,87.13608149066324,3000.0,4.0,1.0,1.0,Yelahanka,Villa,Under Construction,contractor,True,False,Normal,Repeated Listing
32000000,31907191.702662885,92808.29733711481,0.29086952622461376,0.29086952622461376,2500.0,4.0,1.0,1.0,Devanahalli,Villa,Ready to Move,agent,True,False,Normal,Repeated Listing
50000000,39015269.80292154,10984730.197078459,28.154951260277844,28.154951260277844,3900.0,4.0,1.0,1.0,Devanahalli,Villa,Ready to Move,builder,True,False,Normal,Repeated Listing
50000000,51643741.139716096,-1643741.1397160962,-3.1828467563361587,3.1828467563361587,3900.0,4.0,1.0,1.0,Devanahalli,Villa,Ready to Move,owner,True,False,Normal,Repeated Listing
28500000,31953592.868370604,-3453592.868370604,-10.808151942716767,10.808151942716767,2300.0,4.0,3.0,1.0,Thirupalya,Villa,Under Construction,agent,True,False,Normal,Repeated Listing
32000000,27308742.32741032,4691257.672589678,17.17859290752094,17.17859290752094,2300.0,4.0,3.0,1.0,Thirupalya,Villa,Under Construction,builder,True,False,Normal,Repeated Listing
14800000,12925585.31544728,1874414.6845527198,14.501584561223849,14.501584561223849,2300.0,2.0,3.0,1.0,Thirupalya,Villa,Under Construction,owner,True,False,Normal,Repeated Listing
26500000,26713128.55074389,-213128.55074388906,-0.7978419687496843,0.7978419687496843,2300.0,5.0,3.0,1.0,Thirupalya,Villa,Under Construction,builder,True,False,Normal,Repeated Listing
48000000,37025599.25003,10974400.749969997,29.640035468058233,29.640035468058233,2768.0,4.0,2.0,1.0,Hennur Gardens,Villa,Under Construction,agent,True,False,Normal,Repeated Listing
72150000,70039953.84836496,2110046.151635036,3.0126321273758143,3.0126321273758143,2300.0,8.0,3.0,1.0,Thirupalya,Villa,Under Construction,owner,True,False,Normal,Repeated Listing
32500000,55000000.00000105,-22500000.00000105,-40.909090909092036,40.909090909092036,3000.0,4.0,1.0,1.0,Yelahanka,Villa,Under Construction,agent,True,False,Normal,Repeated Listing
17500000,17173145.52905424,326854.4709457606,1.9032883078570242,1.9032883078570242,2136.0,5.0,3.0,1.0,Bidaraguppe,Villa,Under Construction,contractor,True,False,Normal,Repeated Listing
55000000,55695508.54837928,-695508.5483792797,-1.2487695444510287,1.2487695444510287,3000.0,4.0,1.0,1.0,Yelahanka,Villa,Under Construction,owner,True,False,Normal,Repeated Listing
14000000,14910817.447835509,-910817.4478355087,-6.108434034699588,6.108434034699588,2136.0,4.0,3.0,1.0,Bidaraguppe,Villa,Under Construction,agent,True,False,Normal,Repeated Listing
32000000,31848821.784964718,151178.21503528208,0.47467443554427097,0.47467443554427097,2500.0,4.0,1.0,1.0,Devanahalli,Villa,Ready to Move,contractor,True,False,Normal,Repeated Listing
37500000,38265442.75060015,-765442.7506001517,-2.000349912554315,2.000349912554315,2900.0,4.0,3.0,1.0,Sarjapur Road,Villa,Ready to Move,contractor,True,False,Normal,Repeated Listing
50000000,54695997.069464624,-4695997.069464624,-8.58563207742725,8.58563207742725,3900.0,4.0,1.0,1.0,Devanahalli,Villa,Ready to Move,agent,True,False,Normal,Repeated Listing
28000000,49030179.90966302,-21030179.90966302,-42.892316423090115,42.892316423090115,2900.0,4.0,3.0,1.0,Sarjapur Road,Villa,Ready to Move,owner,True,False,Normal,Repeated Listing
50000000,54695997.069464624,-4695997.069464624,-8.58563207742725,8.58563207742725,3900.0,4.0,1.0,1.0,Devanahalli,Villa,Ready to Move,agent,True,False,Normal,Repeated Listing
58400000,27975875.723221403,30424124.276778597,108.7512847775665,108.7512847775665,2900.0,4.0,3.0,1.0,Sarjapur Road,Villa,Ready to Move,owner,True,False,Potentially Overpriced,Repeated Listing
28500000,31953592.868370604,-3453592.868370604,-10.808151942716767,10.808151942716767,2300.0,4.0,3.0,1.0,Thirupalya,Villa,Under Construction,agent,True,False,Normal,Repeated Listing
32000000,27308742.32741032,4691257.672589678,17.17859290752094,17.17859290752094,2300.0,4.0,3.0,1.0,Thirupalya,Villa,Under Construction,builder,True,False,Normal,Repeated Listing
48000000,37025599.25003,10974400.749969997,29.640035468058233,29.640035468058233,2768.0,4.0,2.0,1.0,Hennur Gardens,Villa,Under Construction,agent,True,False,Normal,Repeated Listing
14800000,13621647.907160668,1178352.0928393323,8.650583988592839,8.650583988592839,2300.0,2.0,3.0,1.0,Thirupalya,Villa,Under Construction,contractor,True,False,Normal,Repeated Listing
32500000,55000000.00000105,-22500000.00000105,-40.909090909092036,40.909090909092036,3000.0,4.0,1.0,1.0,Yelahanka,Villa,Under Construction,agent,True,False,Normal,Repeated Listing
26500000,26417217.791547924,82782.20845207572,0.3133645984421627,0.3133645984421627,2300.0,5.0,3.0,1.0,Thirupalya,Villa,Under Construction,contractor,True,False,Normal,Repeated Listing
72150000,66285680.92557792,5864319.074422076,8.84703753893126,8.84703753893126,2300.0,8.0,3.0,1.0,Thirupalya,Villa,Under Construction,builder,True,False,Normal,Repeated Listing
55000000,29390377.078481313,25609622.921518687,87.13608149066324,87.13608149066324,3000.0,4.0,1.0,1.0,Yelahanka,Villa,Under Construction,contractor,True,False,Normal,Repeated Listing
32000000,31907191.702662885,92808.29733711481,0.29086952622461376,0.29086952622461376,2500.0,4.0,1.0,1.0,Devanahalli,Villa,Ready to Move,agent,True,False,Normal,Repeated Listing
17500000,17173145.52905424,326854.4709457606,1.9032883078570242,1.9032883078570242,2136.0,5.0,3.0,1.0,Bidaraguppe,Villa,Under Construction,contractor,True,False,Normal,Repeated Listing
14000000,13993172.009470293,6827.990529706702,0.048795158989581894,0.048795158989581894,2136.0,4.0,3.0,1.0,Bidaraguppe,Villa,Under Construction,owner,True,False,Normal,Repeated Listing
50000000,51643741.139716096,-1643741.1397160962,-3.1828467563361587,3.1828467563361587,3900.0,4.0,1.0,1.0,Devanahalli,Villa,Ready to Move,owner,True,False,Normal,Repeated Listing
50000000,39508261.718489856,10491738.281510144,26.555808393361975,26.555808393361975,3900.0,4.0,1.0,1.0,Devanahalli,Villa,Ready to Move,contractor,True,False,Normal,Repeated Listing
37500000,38265442.75060015,-765442.7506001517,-2.000349912554315,2.000349912554315,2900.0,4.0,3.0,1.0,Sarjapur Road,Villa,Ready to Move,contractor,True,False,Normal,Repeated Listing
28000000,37606391.66004806,-9606391.66004806,-25.544571643265662,25.544571643265662,2900.0,4.0,3.0,1.0,Sarjapur Road,Villa,Ready to Move,contractor,True,False,Normal,Repeated Listing
28500000,31953592.868370604,-3453592.868370604,-10.808151942716767,10.808151942716767,2300.0,4.0,3.0,1.0,Thirupalya,Villa,Under Construction,agent,True,False,Normal,Repeated Listing
32000000,26204143.74423012,5795856.255769879,22.118090605597697,22.118090605597697,2300.0,4.0,3.0,1.0,Thirupalya,Villa,Under Construction,contractor,True,False,Normal,Repeated Listing
58400000,27975875.723221403,30424124.276778597,108.7512847775665,108.7512847775665,2900.0,4.0,3.0,1.0,Sarjapur Road,Villa,Ready to Move,owner,True,False,Potentially Overpriced,Repeated Listing
14800000,14887052.400365748,-87052.40036574751,-0.5847524279796906,0.5847524279796906,2300.0,2.0,3.0,1.0,Thirupalya,Villa,Under Construction,builder,True,False,Normal,Repeated Listing
26500000,27388616.699900262,-888616.699900262,-3.24447455538526,3.24447455538526,2300.0,5.0,3.0,1.0,Thirupalya,Villa,Under Construction,owner,True,False,Normal,Repeated Listing
48000000,37025599.25003,10974400.749969997,29.640035468058233,29.640035468058233,2768.0,4.0,2.0,1.0,Hennur Gardens,Villa,Under Construction,agent,True,False,Normal,Repeated Listing
32500000,55000000.00000105,-22500000.00000105,-40.909090909092036,40.909090909092036,3000.0,4.0,1.0,1.0,Yelahanka,Villa,Under Construction,agent,True,False,Normal,Repeated Listing
72150000,66285680.92557792,5864319.074422076,8.84703753893126,8.84703753893126,2300.0,8.0,3.0,1.0,Thirupalya,Villa,Under Construction,builder,True,False,Normal,Repeated Listing
55000000,30390365.025824584,24609634.974175416,80.97841191859024,80.97841191859024,3000.0,4.0,1.0,1.0,Yelahanka,Villa,Under Construction,builder,True,False,Normal,Repeated Listing
17500000,16609807.208783785,890192.7912162151,5.359440841344946,5.359440841344946,2136.0,5.0,3.0,1.0,Bidaraguppe,Villa,Under Construction,owner,True,False,Normal,Repeated Listing
32000000,32245783.615796532,-245783.61579653248,-0.7622193919211449,0.7622193919211449,2500.0,4.0,1.0,1.0,Devanahalli,Villa,Ready to Move,owner,True,False,Normal,Repeated Listing
14000000,13993172.009470293,6827.990529706702,0.048795158989581894,0.048795158989581894,2136.0,4.0,3.0,1.0,Bidaraguppe,Villa,Under Construction,owner,True,False,Normal,Repeated Listing
50000000,39508261.718489856,10491738.281510144,26.555808393361975,26.555808393361975,3900.0,4.0,1.0,1.0,Devanahalli,Villa,Ready to Move,contractor,True,False,Normal,Repeated Listing
37500000,38265442.75060015,-765442.7506001517,-2.000349912554315,2.000349912554315,2900.0,4.0,3.0,1.0,Sarjapur Road,Villa,Ready to Move,contractor,True,False,Normal,Repeated Listing
50000000,51643741.139716096,-1643741.1397160962,-3.1828467563361587,3.1828467563361587,3900.0,4.0,1.0,1.0,Devanahalli,Villa,Ready to Move,owner,True,False,Normal,Repeated Listing
48000000,37025599.25003,10974400.749969997,29.640035468058233,29.640035468058233,2768.0,4.0,2.0,1.0,Hennur Gardens,Villa,Under Construction,agent,True,False,Normal,Repeated Listing
28000000,37431002.09585924,-9431002.095859237,-25.195697597694107,25.195697597694107,2900.0,4.0,3.0,1.0,Sarjapur Road,Villa,Ready to Move,builder,True,False,Normal,Repeated Listing
28500000,31953592.868370604,-3453592.868370604,-10.808151942716767,10.808151942716767,2300.0,4.0,3.0,1.0,Thirupalya,Villa,Under Construction,agent,True,False,Normal,Repeated Listing
32500000,55000000.00000105,-22500000.00000105,-40.909090909092036,40.909090909092036,3000.0,4.0,1.0,1.0,Yelahanka,Villa,Under Construction,agent,True,False,Normal,Repeated Listing
58400000,27975875.723221403,30424124.276778597,108.7512847775665,108.7512847775665,2900.0,4.0,3.0,1.0,Sarjapur Road,Villa,Ready to Move,owner,True,False,Potentially Overpriced,Repeated Listing
32000000,27308742.32741032,4691257.672589678,17.17859290752094,17.17859290752094,2300.0,4.0,3.0,1.0,Thirupalya,Villa,Under Construction,builder,True,False,Normal,Repeated Listing
48000000,37025599.25003,10974400.749969997,29.640035468058233,29.640035468058233,2768.0,4.0,2.0,1.0,Hennur Gardens,Villa,Under Construction,agent,True,False,Normal,Repeated Listing
55000000,30390365.025824584,24609634.974175416,80.97841191859024,80.97841191859024,3000.0,4.0,1.0,1.0,Yelahanka,Villa,Under Construction,builder,True,False,Normal,Repeated Listing
14800000,14887052.400365748,-87052.40036574751,-0.5847524279796906,0.5847524279796906,2300.0,2.0,3.0,1.0,Thirupalya,Villa,Under Construction,builder,True,False,Normal,Repeated Listing
32500000,55000000.00000105,-22500000.00000105,-40.909090909092036,40.909090909092036,3000.0,4.0,1.0,1.0,Yelahanka,Villa,Under Construction,agent,True,False,Normal,Repeated Listing
32000000,32038291.658905108,-38291.65890510753,-0.11951841662713712,0.11951841662713712,2500.0,4.0,1.0,1.0,Devanahalli,Villa,Ready to Move,builder,True,False,Normal,Repeated Listing
26500000,26738502.473351225,-238502.47335122526,-0.8919814173921197,0.8919814173921197,2300.0,5.0,3.0,1.0,Thirupalya,Villa,Under Construction,agent,True,False,Normal,Repeated Listing
55000000,29390377.078481313,25609622.921518687,87.13608149066324,87.13608149066324,3000.0,4.0,1.0,1.0,Yelahanka,Villa,Under Construction,contractor,True,False,Normal,Repeated Listing
50000000,54695997.069464624,-4695997.069464624,-8.58563207742725,8.58563207742725,3900.0,4.0,1.0,1.0,Devanahalli,Villa,Ready to Move,agent,True,False,Normal,Repeated Listing
72150000,72298627.36492518,-148627.3649251759,-0.20557425547650263,0.20557425547650263,2300.0,8.0,3.0,1.0,Thirupalya,Villa,Under Construction,contractor,True,False,Normal,Repeated Listing
32000000,32038291.658905108,-38291.65890510753,-0.11951841662713712,0.11951841662713712,2500.0,4.0,1.0,1.0,Devanahalli,Villa,Ready to Move,builder,True,False,Normal,Repeated Listing
50000000,54695997.069464624,-4695997.069464624,-8.58563207742725,8.58563207742725,3900.0,4.0,1.0,1.0,Devanahalli,Villa,Ready to Move,agent,True,False,Normal,Repeated Listing
50000000,51643741.139716096,-1643741.1397160962,-3.1828467563361587,3.1828467563361587,3900.0,4.0,1.0,1.0,Devanahalli,Villa,Ready to Move,owner,True,False,Normal,Repeated Listing
28500000,31953592.868370604,-3453592.868370604,-10.808151942716767,10.808151942716767,2300.0,4.0,3.0,1.0,Thirupalya,Villa,Under Construction,agent,True,False,Normal,Repeated Listing
17500000,16609807.208783785,890192.7912162151,5.359440841344946,5.359440841344946,2136.0,5.0,3.0,1.0,Bidaraguppe,Villa,Under Construction,owner,True,False,Normal,Repeated Listing
14000000,15128654.757274574,-1128654.7572745737,-7.460377511304256,7.460377511304256,2136.0,4.0,3.0,1.0,Bidaraguppe,Villa,Under Construction,contractor,True,False,Normal,Repeated Listing
50000000,39015269.80292154,10984730.197078459,28.154951260277844,28.154951260277844,3900.0,4.0,1.0,1.0,Devanahalli,Villa,Ready to Move,builder,True,False,Normal,Repeated Listing
28500000,31953592.868370604,-3453592.868370604,-10.808151942716767,10.808151942716767,2300.0,4.0,3.0,1.0,Thirupalya,Villa,Under Construction,agent,True,False,Normal,Repeated Listing
32000000,28503241.98318361,3496758.016816389,12.267930851091997,12.267930851091997,2300.0,4.0,3.0,1.0,Thirupalya,Villa,Under Construction,agent,True,False,Normal,Repeated Listing
14800000,12925585.31544728,1874414.6845527198,14.501584561223849,14.501584561223849,2300.0,2.0,3.0,1.0,Thirupalya,Villa,Under Construction,owner,True,False,Normal,Repeated Listing
37500000,40984055.42728329,-3484055.427283287,-8.501002135976847,8.501002135976847,2900.0,4.0,3.0,1.0,Sarjapur Road,Villa,Ready to Move,builder,True,False,Normal,Repeated Listing
28000000,49030179.90966302,-21030179.90966302,-42.892316423090115,42.892316423090115,2900.0,4.0,3.0,1.0,Sarjapur Road,Villa,Ready to Move,owner,True,False,Normal,Repeated Listing
32000000,27308742.32741032,4691257.672589678,17.17859290752094,17.17859290752094,2300.0,4.0,3.0,1.0,Thirupalya,Villa,Under Construction,builder,True,False,Normal,Repeated Listing
14800000,13621647.907160668,1178352.0928393323,8.650583988592839,8.650583988592839,2300.0,2.0,3.0,1.0,Thirupalya,Villa,Under Construction,contractor,True,False,Normal,Repeated Listing
26500000,26713128.55074389,-213128.55074388906,-0.7978419687496843,0.7978419687496843,2300.0,5.0,3.0,1.0,Thirupalya,Villa,Under Construction,builder,True,False,Normal,Repeated Listing
72150000,70039953.84836496,2110046.151635036,3.0126321273758143,3.0126321273758143,2300.0,8.0,3.0,1.0,Thirupalya,Villa,Under Construction,owner,True,False,Normal,Repeated Listing
58400000,27975875.723221403,30424124.276778597,108.7512847775665,108.7512847775665,2900.0,4.0,3.0,1.0,Sarjapur Road,Villa,Ready to Move,owner,True,False,Potentially Overpriced,Repeated Listing
26500000,27388616.699900262,-888616.699900262,-3.24447455538526,3.24447455538526,2300.0,5.0,3.0,1.0,Thirupalya,Villa,Under Construction,owner,True,False,Normal,Repeated Listing
72150000,72298627.36492518,-148627.3649251759,-0.20557425547650263,0.20557425547650263,2300.0,8.0,3.0,1.0,Thirupalya,Villa,Under Construction,contractor,True,False,Normal,Repeated Listing
17500000,18172562.31527548,-672562.3152754791,-3.7009768001188097,3.7009768001188097,2136.0,5.0,3.0,1.0,Bidaraguppe,Villa,Under Construction,builder,True,False,Normal,Repeated Listing
14000000,13993172.009470293,6827.990529706702,0.048795158989581894,0.048795158989581894,2136.0,4.0,3.0,1.0,Bidaraguppe,Villa,Under Construction,owner,True,False,Normal,Repeated Listing
48000000,37025599.25003,10974400.749969997,29.640035468058233,29.640035468058233,2768.0,4.0,2.0,1.0,Hennur Gardens,Villa,Under Construction,agent,True,False,Normal,Repeated Listing
17500000,18145538.13563871,-645538.1356387101,-3.5575585072941,3.5575585072941,2136.0,5.0,3.0,1.0,Bidaraguppe,Villa,Under Construction,agent,True,False,Normal,Repeated Listing
14000000,13993172.009470293,6827.990529706702,0.048795158989581894,0.048795158989581894,2136.0,4.0,3.0,1.0,Bidaraguppe,Villa,Under Construction,owner,True,False,Normal,Repeated Listing
37500000,40984055.42728329,-3484055.427283287,-8.501002135976847,8.501002135976847,2900.0,4.0,3.0,1.0,Sarjapur Road,Villa,Ready to Move,builder,True,False,Normal,Repeated Listing
28000000,49030179.90966302,-21030179.90966302,-42.892316423090115,42.892316423090115,2900.0,4.0,3.0,1.0,Sarjapur Road,Villa,Ready to Move,owner,True,False,Normal,Repeated Listing
32500000,55000000.00000105,-22500000.00000105,-40.909090909092036,40.909090909092036,3000.0,4.0,1.0,1.0,Yelahanka,Villa,Under Construction,agent,True,False,Normal,Repeated Listing
55000000,30390365.025824584,24609634.974175416,80.97841191859024,80.97841191859024,3000.0,4.0,1.0,1.0,Yelahanka,Villa,Under Construction,builder,True,False,Normal,Repeated Listing
37500000,27975875.723221403,9524124.276778597,34.04406128696479,34.04406128696479,2900.0,4.0,3.0,1.0,Sarjapur Road,Villa,Ready to Move,owner,True,False,Normal,Repeated Listing
28000000,46068493.063934326,-18068493.063934326,-39.22093357570582,39.22093357570582,2900.0,4.0,3.0,1.0,Sarjapur Road,Villa,Ready to Move,agent,True,False,Normal,Repeated Listing
58400000,37431002.09585924,20968997.904140763,56.02040215338086,56.02040215338086,2900.0,4.0,3.0,1.0,Sarjapur Road,Villa,Ready to Move,builder,True,False,Normal,Repeated Listing
32000000,32245783.615796532,-245783.61579653248,-0.7622193919211449,0.7622193919211449,2500.0,4.0,1.0,1.0,Devanahalli,Villa,Ready to Move,owner,True,False,Normal,Repeated Listing
50000000,54695997.069464624,-4695997.069464624,-8.58563207742725,8.58563207742725,3900.0,4.0,1.0,1.0,Devanahalli,Villa,Ready to Move,agent,True,False,Normal,Repeated Listing
58400000,37606391.66004806,20793608.33995194,55.29275057261734,55.29275057261734,2900.0,4.0,3.0,1.0,Sarjapur Road,Villa,Ready to Move,contractor,True,False,Normal,Repeated Listing
50000000,39508261.718489856,10491738.281510144,26.555808393361975,26.555808393361975,3900.0,4.0,1.0,1.0,Devanahalli,Villa,Ready to Move,contractor,True,False,Normal,Repeated Listing
28500000,31953592.868370604,-3453592.868370604,-10.808151942716767,10.808151942716767,2300.0,4.0,3.0,1.0,Thirupalya,Villa,Under Construction,agent,True,False,Normal,Repeated Listing
32000000,26204143.74423012,5795856.255769879,22.118090605597697,22.118090605597697,2300.0,4.0,3.0,1.0,Thirupalya,Villa,Under Construction,contractor,True,False,Normal,Repeated Listing
14800000,13540530.005592821,1259469.9944071788,9.301482245428824,9.301482245428824,2300.0,2.0,3.0,1.0,Thirupalya,Villa,Under Construction,agent,True,False,Normal,Repeated Listing
48000000,37025599.25003,10974400.749969997,29.640035468058233,29.640035468058233,2768.0,4.0,2.0,1.0,Hennur Gardens,Villa,Under Construction,agent,True,False,Normal,Repeated Listing
26500000,26417217.791547924,82782.20845207572,0.3133645984421627,0.3133645984421627,2300.0,5.0,3.0,1.0,Thirupalya,Villa,Under Construction,contractor,True,False,Normal,Repeated Listing
72150000,72298627.36492518,-148627.3649251759,-0.20557425547650263,0.20557425547650263,2300.0,8.0,3.0,1.0,Thirupalya,Villa,Under Construction,contractor,True,False,Normal,Repeated Listing
32500000,55000000.00000105,-22500000.00000105,-40.909090909092036,40.909090909092036,3000.0,4.0,1.0,1.0,Yelahanka,Villa,Under Construction,agent,True,False,Normal,Repeated Listing
55000000,29390377.078481313,25609622.921518687,87.13608149066324,87.13608149066324,3000.0,4.0,1.0,1.0,Yelahanka,Villa,Under Construction,contractor,True,False,Normal,Repeated Listing
17500000,17173145.52905424,326854.4709457606,1.9032883078570242,1.9032883078570242,2136.0,5.0,3.0,1.0,Bidaraguppe,Villa,Under Construction,contractor,True,False,Normal,Repeated Listing
14000000,14910817.447835509,-910817.4478355087,-6.108434034699588,6.108434034699588,2136.0,4.0,3.0,1.0,Bidaraguppe,Villa,Under Construction,agent,True,False,Normal,Repeated Listing
32000000,32038291.658905108,-38291.65890510753,-0.11951841662713712,0.11951841662713712,2500.0,4.0,1.0,1.0,Devanahalli,Villa,Ready to Move,builder,True,False,Normal,Repeated Listing
50000000,54695997.069464624,-4695997.069464624,-8.58563207742725,8.58563207742725,3900.0,4.0,1.0,1.0,Devanahalli,Villa,Ready to Move,agent,True,False,Normal,Repeated Listing
37500000,40383283.03161897,-2883283.0316189677,-7.139793536254689,7.139793536254689,2900.0,4.0,3.0,1.0,Sarjapur Road,Villa,Ready to Move,agent,True,False,Normal,Repeated Listing
28000000,46068493.063934326,-18068493.063934326,-39.22093357570582,39.22093357570582,2900.0,4.0,3.0,1.0,Sarjapur Road,Villa,Ready to Move,agent,True,False,Normal,Repeated Listing
50000000,39508261.718489856,10491738.281510144,26.555808393361975,26.555808393361975,3900.0,4.0,1.0,1.0,Devanahalli,Villa,Ready to Move,contractor,True,False,Normal,Repeated Listing
28500000,31953592.868370604,-3453592.868370604,-10.808151942716767,10.808151942716767,2300.0,4.0,3.0,1.0,Thirupalya,Villa,Under Construction,agent,True,False,Normal,Repeated Listing
58400000,32712811.31373335,25687188.68626665,78.52332971297629,78.52332971297629,2900.0,4.0,3.0,1.0,Sarjapur Road,Villa,Ready to Move,agent,True,False,Normal,Repeated Listing
32000000,28503241.98318361,3496758.016816389,12.267930851091997,12.267930851091997,2300.0,4.0,3.0,1.0,Thirupalya,Villa,Under Construction,agent,True,False,Normal,Repeated Listing
14800000,13540530.005592821,1259469.9944071788,9.301482245428824,9.301482245428824,2300.0,2.0,3.0,1.0,Thirupalya,Villa,Under Construction,agent,True,False,Normal,Repeated Listing
26500000,26738502.473351225,-238502.47335122526,-0.8919814173921197,0.8919814173921197,2300.0,5.0,3.0,1.0,Thirupalya,Villa,Under Construction,agent,True,False,Normal,Repeated Listing
72150000,71757171.8637932,392828.1362068057,0.5474409400532919,0.5474409400532919,2300.0,8.0,3.0,1.0,Thirupalya,Villa,Under Construction,agent,True,False,Normal,Repeated Listing
17500000,17173145.52905424,326854.4709457606,1.9032883078570242,1.9032883078570242,2136.0,5.0,3.0,1.0,Bidaraguppe,Villa,Under Construction,contractor,True,False,Normal,Repeated Listing
48000000,37025599.25003,10974400.749969997,29.640035468058233,29.640035468058233,2768.0,4.0,2.0,1.0,Hennur Gardens,Villa,Under Construction,agent,True,False,Normal,Repeated Listing
32500000,55000000.00000105,-22500000.00000105,-40.909090909092036,40.909090909092036,3000.0,4.0,1.0,1.0,Yelahanka,Villa,Under Construction,agent,True,False,Normal,Repeated Listing
14000000,15128654.757274574,-1128654.7572745737,-7.460377511304256,7.460377511304256,2136.0,4.0,3.0,1.0,Bidaraguppe,Villa,Under Construction,contractor,True,False,Normal,Repeated Listing
37500000,38265442.75060015,-765442.7506001517,-2.000349912554315,2.000349912554315,2900.0,4.0,3.0,1.0,Sarjapur Road,Villa,Ready to Move,contractor,True,False,Normal,Repeated Listing
55000000,55695508.54837928,-695508.5483792797,-1.2487695444510287,1.2487695444510287,3000.0,4.0,1.0,1.0,Yelahanka,Villa,Under Construction,owner,True,False,Normal,Repeated Listing
28000000,46068493.063934326,-18068493.063934326,-39.22093357570582,39.22093357570582,2900.0,4.0,3.0,1.0,Sarjapur Road,Villa,Ready to Move,agent,True,False,Normal,Repeated Listing
32000000,31848821.784964718,151178.21503528208,0.47467443554427097,0.47467443554427097,2500.0,4.0,1.0,1.0,Devanahalli,Villa,Ready to Move,contractor,True,False,Normal,Repeated Listing
58400000,32712811.31373335,25687188.68626665,78.52332971297629,78.52332971297629,2900.0,4.0,3.0,1.0,Sarjapur Road,Villa,Ready to Move,agent,True,False,Normal,Repeated Listing
50000000,39508261.718489856,10491738.281510144,26.555808393361975,26.555808393361975,3900.0,4.0,1.0,1.0,Devanahalli,Villa,Ready to Move,contractor,True,False,Normal,Repeated Listing
50000000,39015269.80292154,10984730.197078459,28.154951260277844,28.154951260277844,3900.0,4.0,1.0,1.0,Devanahalli,Villa,Ready to Move,builder,True,False,Normal,Repeated Listing
28500000,31953592.868370604,-3453592.868370604,-10.808151942716767,10.808151942716767,2300.0,4.0,3.0,1.0,Thirupalya,Villa,Under Construction,agent,True,False,Normal,Repeated Listing
32000000,26204143.74423012,5795856.255769879,22.118090605597697,22.118090605597697,2300.0,4.0,3.0,1.0,Thirupalya,Villa,Under Construction,contractor,True,False,Normal,Repeated Listing
14800000,12925585.31544728,1874414.6845527198,14.501584561223849,14.501584561223849,2300.0,2.0,3.0,1.0,Thirupalya,Villa,Under Construction,owner,True,False,Normal,Repeated Listing
26500000,26417217.791547924,82782.20845207572,0.3133645984421627,0.3133645984421627,2300.0,5.0,3.0,1.0,Thirupalya,Villa,Under Construction,contractor,True,False,Normal,Repeated Listing
72150000,70039953.84836496,2110046.151635036,3.0126321273758143,3.0126321273758143,2300.0,8.0,3.0,1.0,Thirupalya,Villa,Under Construction,owner,True,False,Normal,Repeated Listing
17500000,17173145.52905424,326854.4709457606,1.9032883078570242,1.9032883078570242,2136.0,5.0,3.0,1.0,Bidaraguppe,Villa,Under Construction,contractor,True,False,Normal,Repeated Listing
14000000,14910817.447835509,-910817.4478355087,-6.108434034699588,6.108434034699588,2136.0,4.0,3.0,1.0,Bidaraguppe,Villa,Under Construction,agent,True,False,Normal,Repeated Listing
37500000,38265442.75060015,-765442.7506001517,-2.000349912554315,2.000349912554315,2900.0,4.0,3.0,1.0,Sarjapur Road,Villa,Ready to Move,contractor,True,False,Normal,Repeated Listing
28000000,49030179.90966302,-21030179.90966302,-42.892316423090115,42.892316423090115,2900.0,4.0,3.0,1.0,Sarjapur Road,Villa,Ready to Move,owner,True,False,Normal,Repeated Listing
58400000,27975875.723221403,30424124.276778597,108.7512847775665,108.7512847775665,2900.0,4.0,3.0,1.0,Sarjapur Road,Villa,Ready to Move,owner,True,False,Potentially Overpriced,Repeated Listing
48000000,37025599.25003,10974400.749969997,29.640035468058233,29.640035468058233,2768.0,4.0,2.0,1.0,Hennur Gardens,Villa,Under Construction,agent,True,False,Normal,Repeated Listing
32500000,55000000.00000105,-22500000.00000105,-40.909090909092036,40.909090909092036,3000.0,4.0,1.0,1.0,Yelahanka,Villa,Under Construction,agent,True,False,Normal,Repeated Listing
55000000,30390365.025824584,24609634.974175416,80.97841191859024,80.97841191859024,3000.0,4.0,1.0,1.0,Yelahanka,Villa,Under Construction,builder,True,False,Normal,Repeated Listing
32000000,31907191.702662885,92808.29733711481,0.29086952622461376,0.29086952622461376,2500.0,4.0,1.0,1.0,Devanahalli,Villa,Ready to Move,agent,True,False,Normal,Repeated Listing
50000000,54695997.069464624,-4695997.069464624,-8.58563207742725,8.58563207742725,3900.0,4.0,1.0,1.0,Devanahalli,Villa,Ready to Move,agent,True,False,Normal,Repeated Listing
50000000,54695997.069464624,-4695997.069464624,-8.58563207742725,8.58563207742725,3900.0,4.0,1.0,1.0,Devanahalli,Villa,Ready to Move,agent,True,False,Normal,Repeated Listing
28500000,31953592.868370604,-3453592.868370604,-10.808151942716767,10.808151942716767,2300.0,4.0,3.0,1.0,Thirupalya,Villa,Under Construction,agent,True,False,Normal,Repeated Listing
32000000,32920870.310378253,-920870.3103782535,-2.7972234685665356,2.7972234685665356,2300.0,4.0,3.0,1.0,Thirupalya,Villa,Under Construction,owner,True,False,Normal,Repeated Listing
14800000,13540530.005592821,1259469.9944071788,9.301482245428824,9.301482245428824,2300.0,2.0,3.0,1.0,Thirupalya,Villa,Under Construction,agent,True,False,Normal,Repeated Listing
26500000,26738502.473351225,-238502.47335122526,-0.8919814173921197,0.8919814173921197,2300.0,5.0,3.0,1.0,Thirupalya,Villa,Under Construction,agent,True,False,Normal,Repeated Listing
72150000,70039953.84836496,2110046.151635036,3.0126321273758143,3.0126321273758143,2300.0,8.0,3.0,1.0,Thirupalya,Villa,Under Construction,owner,True,False,Normal,Repeated Listing
17500000,18172562.31527548,-672562.3152754791,-3.7009768001188097,3.7009768001188097,2136.0,5.0,3.0,1.0,Bidaraguppe,Villa,Under Construction,builder,True,False,Normal,Repeated Listing
14000000,15128654.757274574,-1128654.7572745737,-7.460377511304256,7.460377511304256,2136.0,4.0,3.0,1.0,Bidaraguppe,Villa,Under Construction,contractor,True,False,Normal,Repeated Listing
37500000,40984055.42728329,-3484055.427283287,-8.501002135976847,8.501002135976847,2900.0,4.0,3.0,1.0,Sarjapur Road,Villa,Ready to Move,builder,True,False,Normal,Repeated Listing
28000000,46068493.063934326,-18068493.063934326,-39.22093357570582,39.22093357570582,2900.0,4.0,3.0,1.0,Sarjapur Road,Villa,Ready to Move,agent,True,False,Normal,Repeated Listing
48000000,37025599.25003,10974400.749969997,29.640035468058233,29.640035468058233,2768.0,4.0,2.0,1.0,Hennur Gardens,Villa,Under Construction,agent,True,False,Normal,Repeated Listing
32500000,55000000.00000105,-22500000.00000105,-40.909090909092036,40.909090909092036,3000.0,4.0,1.0,1.0,Yelahanka,Villa,Under Construction,agent,True,False,Normal,Repeated Listing
58400000,32712811.31373335,25687188.68626665,78.52332971297629,78.52332971297629,2900.0,4.0,3.0,1.0,Sarjapur Road,Villa,Ready to Move,agent,True,False,Normal,Repeated Listing
55000000,32501572.606834713,22498427.393165287,69.22258090500557,69.22258090500557,3000.0,4.0,1.0,1.0,Yelahanka,Villa,Under Construction,agent,True,False,Normal,Repeated Listing
32000000,31907191.702662885,92808.29733711481,0.29086952622461376,0.29086952622461376,2500.0,4.0,1.0,1.0,Devanahalli,Villa,Ready to Move,agent,True,False,Normal,Repeated Listing
50000000,54695997.069464624,-4695997.069464624,-8.58563207742725,8.58563207742725,3900.0,4.0,1.0,1.0,Devanahalli,Villa,Ready to Move,agent,True,False,Normal,Repeated Listing
50000000,39015269.80292154,10984730.197078459,28.154951260277844,28.154951260277844,3900.0,4.0,1.0,1.0,Devanahalli,Villa,Ready to Move,builder,True,False,Normal,Repeated Listing
28500000,31953592.868370604,-3453592.868370604,-10.808151942716767,10.808151942716767,2300.0,4.0,3.0,1.0,Thirupalya,Villa,Under Construction,agent,True,False,Normal,Repeated Listing
32000000,26204143.74423012,5795856.255769879,22.118090605597697,22.118090605597697,2300.0,4.0,3.0,1.0,Thirupalya,Villa,Under Construction,contractor,True,False,Normal,Repeated Listing
14800000,13540530.005592821,1259469.9944071788,9.301482245428824,9.301482245428824,2300.0,2.0,3.0,1.0,Thirupalya,Villa,Under Construction,agent,True,False,Normal,Repeated Listing
26500000,26738502.473351225,-238502.47335122526,-0.8919814173921197,0.8919814173921197,2300.0,5.0,3.0,1.0,Thirupalya,Villa,Under Construction,agent,True,False,Normal,Repeated Listing
72150000,72298627.36492518,-148627.3649251759,-0.20557425547650263,0.20557425547650263,2300.0,8.0,3.0,1.0,Thirupalya,Villa,Under Construction,contractor,True,False,Normal,Repeated Listing
17500000,18172562.31527548,-672562.3152754791,-3.7009768001188097,3.7009768001188097,2136.0,5.0,3.0,1.0,Bidaraguppe,Villa,Under Construction,builder,True,False,Normal,Repeated Listing
14000000,13993172.009470293,6827.990529706702,0.048795158989581894,0.048795158989581894,2136.0,4.0,3.0,1.0,Bidaraguppe,Villa,Under Construction,owner,True,False,Normal,Repeated Listing
37500000,40984055.42728329,-3484055.427283287,-8.501002135976847,8.501002135976847,2900.0,4.0,3.0,1.0,Sarjapur Road,Villa,Ready to Move,builder,True,False,Normal,Repeated Listing
28000000,46068493.063934326,-18068493.063934326,-39.22093357570582,39.22093357570582,2900.0,4.0,3.0,1.0,Sarjapur Road,Villa,Ready to Move,agent,True,False,Normal,Repeated Listing
58400000,27975875.723221403,30424124.276778597,108.7512847775665,108.7512847775665,2900.0,4.0,3.0,1.0,Sarjapur Road,Villa,Ready to Move,owner,True,False,Potentially Overpriced,Repeated Listing
48000000,37025599.25003,10974400.749969997,29.640035468058233,29.640035468058233,2768.0,4.0,2.0,1.0,Hennur Gardens,Villa,Under Construction,agent,True,False,Normal,Repeated Listing
32500000,55000000.00000105,-22500000.00000105,-40.909090909092036,40.909090909092036,3000.0,4.0,1.0,1.0,Yelahanka,Villa,Under Construction,agent,True,False,Normal,Repeated Listing
55000000,30390365.025824584,24609634.974175416,80.97841191859024,80.97841191859024,3000.0,4.0,1.0,1.0,Yelahanka,Villa,Under Construction,builder,True,False,Normal,Repeated Listing
32000000,31907191.702662885,92808.29733711481,0.29086952622461376,0.29086952622461376,2500.0,4.0,1.0,1.0,Devanahalli,Villa,Ready to Move,agent,True,False,Normal,Repeated Listing
50000000,51643741.139716096,-1643741.1397160962,-3.1828467563361587,3.1828467563361587,3900.0,4.0,1.0,1.0,Devanahalli,Villa,Ready to Move,owner,True,False,Normal,Repeated Listing
50000000,39015269.80292154,10984730.197078459,28.154951260277844,28.154951260277844,3900.0,4.0,1.0,1.0,Devanahalli,Villa,Ready to Move,builder,True,False,Normal,Repeated Listing
28500000,31953592.868370604,-3453592.868370604,-10.808151942716767,10.808151942716767,2300.0,4.0,3.0,1.0,Thirupalya,Villa,Under Construction,agent,True,False,Normal,Repeated Listing
32000000,26204143.74423012,5795856.255769879,22.118090605597697,22.118090605597697,2300.0,4.0,3.0,1.0,Thirupalya,Villa,Under Construction,contractor,True,False,Normal,Repeated Listing
14800000,13621647.907160668,1178352.0928393323,8.650583988592839,8.650583988592839,2300.0,2.0,3.0,1.0,Thirupalya,Villa,Under Construction,contractor,True,False,Normal,Repeated Listing
26500000,26417217.791547924,82782.20845207572,0.3133645984421627,0.3133645984421627,2300.0,5.0,3.0,1.0,Thirupalya,Villa,Under Construction,contractor,True,False,Normal,Repeated Listing
72150000,70039953.84836496,2110046.151635036,3.0126321273758143,3.0126321273758143,2300.0,8.0,3.0,1.0,Thirupalya,Villa,Under Construction,owner,True,False,Normal,Repeated Listing
17500000,17173145.52905424,326854.4709457606,1.9032883078570242,1.9032883078570242,2136.0,5.0,3.0,1.0,Bidaraguppe,Villa,Under Construction,contractor,True,False,Normal,Repeated Listing
14000000,14725707.77437715,-725707.7743771505,-4.928169059825347,4.928169059825347,2136.0,4.0,3.0,1.0,Bidaraguppe,Villa,Under Construction,builder,True,False,Normal,Repeated Listing
37500000,27975875.723221403,9524124.276778597,34.04406128696479,34.04406128696479,2900.0,4.0,3.0,1.0,Sarjapur Road,Villa,Ready to Move,owner,True,False,Normal,Repeated Listing
28000000,37431002.09585924,-9431002.095859237,-25.195697597694107,25.195697597694107,2900.0,4.0,3.0,1.0,Sarjapur Road,Villa,Ready to Move,builder,True,False,Normal,Repeated Listing
58400000,37606391.66004806,20793608.33995194,55.29275057261734,55.29275057261734,2900.0,4.0,3.0,1.0,Sarjapur Road,Villa,Ready to Move,contractor,True,False,Normal,Repeated Listing
48000000,37025599.25003,10974400.749969997,29.640035468058233,29.640035468058233,2768.0,4.0,2.0,1.0,Hennur Gardens,Villa,Under Construction,agent,True,False,Normal,Repeated Listing
32500000,55000000.00000105,-22500000.00000105,-40.909090909092036,40.909090909092036,3000.0,4.0,1.0,1.0,Yelahanka,Villa,Under Construction,agent,True,False,Normal,Repeated Listing
55000000,30390365.025824584,24609634.974175416,80.97841191859024,80.97841191859024,3000.0,4.0,1.0,1.0,Yelahanka,Villa,Under Construction,builder,True,False,Normal,Repeated Listing
32000000,31907191.702662885,92808.29733711481,0.29086952622461376,0.29086952622461376,2500.0,4.0,1.0,1.0,Devanahalli,Villa,Ready to Move,agent,True,False,Normal,Repeated Listing
50000000,39015269.80292154,10984730.197078459,28.154951260277844,28.154951260277844,3900.0,4.0,1.0,1.0,Devanahalli,Villa,Ready to Move,builder,True,False,Normal,Repeated Listing
50000000,51643741.139716096,-1643741.1397160962,-3.1828467563361587,3.1828467563361587,3900.0,4.0,1.0,1.0,Devanahalli,Villa,Ready to Move,owner,True,False,Normal,Repeated Listing
28500000,31953592.868370604,-3453592.868370604,-10.808151942716767,10.808151942716767,2300.0,4.0,3.0,1.0,Thirupalya,Villa,Under Construction,agent,True,False,Normal,Repeated Listing
32000000,26204143.74423012,5795856.255769879,22.118090605597697,22.118090605597697,2300.0,4.0,3.0,1.0,Thirupalya,Villa,Under Construction,contractor,True,False,Normal,Repeated Listing
14800000,12925585.31544728,1874414.6845527198,14.501584561223849,14.501584561223849,2300.0,2.0,3.0,1.0,Thirupalya,Villa,Under Construction,owner,True,False,Normal,Repeated Listing
26500000,26738502.473351225,-238502.47335122526,-0.8919814173921197,0.8919814173921197,2300.0,5.0,3.0,1.0,Thirupalya,Villa,Under Construction,agent,True,False,Normal,Repeated Listing
72150000,71757171.8637932,392828.1362068057,0.5474409400532919,0.5474409400532919,2300.0,8.0,3.0,1.0,Thirupalya,Villa,Under Construction,agent,True,False,Normal,Repeated Listing
17500000,18145538.13563871,-645538.1356387101,-3.5575585072941,3.5575585072941,2136.0,5.0,3.0,1.0,Bidaraguppe,Villa,Under Construction,agent,True,False,Normal,Repeated Listing
14000000,15128654.757274574,-1128654.7572745737,-7.460377511304256,7.460377511304256,2136.0,4.0,3.0,1.0,Bidaraguppe,Villa,Under Construction,contractor,True,False,Normal,Repeated Listing
37500000,40383283.03161897,-2883283.0316189677,-7.139793536254689,7.139793536254689,2900.0,4.0,3.0,1.0,Sarjapur Road,Villa,Ready to Move,agent,True,False,Normal,Repeated Listing
28000000,37431002.09585924,-9431002.095859237,-25.195697597694107,25.195697597694107,2900.0,4.0,3.0,1.0,Sarjapur Road,Villa,Ready to Move,builder,True,False,Normal,Repeated Listing
58400000,32712811.31373335,25687188.68626665,78.52332971297629,78.52332971297629,2900.0,4.0,3.0,1.0,Sarjapur Road,Villa,Ready to Move,agent,True,False,Normal,Repeated Listing
48000000,37025599.25003,10974400.749969997,29.640035468058233,29.640035468058233,2768.0,4.0,2.0,1.0,Hennur Gardens,Villa,Under Construction,agent,True,False,Normal,Repeated Listing
32500000,55000000.00000105,-22500000.00000105,-40.909090909092036,40.909090909092036,3000.0,4.0,1.0,1.0,Yelahanka,Villa,Under Construction,agent,True,False,Normal,Repeated Listing
55000000,29390377.078481313,25609622.921518687,87.13608149066324,87.13608149066324,3000.0,4.0,1.0,1.0,Yelahanka,Villa,Under Construction,contractor,True,False,Normal,Repeated Listing
32000000,32038291.658905108,-38291.65890510753,-0.11951841662713712,0.11951841662713712,2500.0,4.0,1.0,1.0,Devanahalli,Villa,Ready to Move,builder,True,False,Normal,Repeated Listing
50000000,54695997.069464624,-4695997.069464624,-8.58563207742725,8.58563207742725,3900.0,4.0,1.0,1.0,Devanahalli,Villa,Ready to Move,agent,True,False,Normal,Repeated Listing
50000000,39015269.80292154,10984730.197078459,28.154951260277844,28.154951260277844,3900.0,4.0,1.0,1.0,Devanahalli,Villa,Ready to Move,builder,True,False,Normal,Repeated Listing
28500000,31953592.868370604,-3453592.868370604,-10.808151942716767,10.808151942716767,2300.0,4.0,3.0,1.0,Thirupalya,Villa,Under Construction,agent,True,False,Normal,Repeated Listing
32000000,26204143.74423012,5795856.255769879,22.118090605597697,22.118090605597697,2300.0,4.0,3.0,1.0,Thirupalya,Villa,Under Construction,contractor,True,False,Normal,Repeated Listing
14800000,12925585.31544728,1874414.6845527198,14.501584561223849,14.501584561223849,2300.0,2.0,3.0,1.0,Thirupalya,Villa,Under Construction,owner,True,False,Normal,Repeated Listing
26500000,26738502.473351225,-238502.47335122526,-0.8919814173921197,0.8919814173921197,2300.0,5.0,3.0,1.0,Thirupalya,Villa,Under Construction,agent,True,False,Normal,Repeated Listing
72150000,66285680.92557792,5864319.074422076,8.84703753893126,8.84703753893126,2300.0,8.0,3.0,1.0,Thirupalya,Villa,Under Construction,builder,True,False,Normal,Repeated Listing
17500000,16609807.208783785,890192.7912162151,5.359440841344946,5.359440841344946,2136.0,5.0,3.0,1.0,Bidaraguppe,Villa,Under Construction,owner,True,False,Normal,Repeated Listing
14000000,14725707.77437715,-725707.7743771505,-4.928169059825347,4.928169059825347,2136.0,4.0,3.0,1.0,Bidaraguppe,Villa,Under Construction,builder,True,False,Normal,Repeated Listing
37500000,38265442.75060015,-765442.7506001517,-2.000349912554315,2.000349912554315,2900.0,4.0,3.0,1.0,Sarjapur Road,Villa,Ready to Move,contractor,True,False,Normal,Repeated Listing
28000000,37606391.66004806,-9606391.66004806,-25.544571643265662,25.544571643265662,2900.0,4.0,3.0,1.0,Sarjapur Road,Villa,Ready to Move,contractor,True,False,Normal,Repeated Listing
58400000,27975875.723221403,30424124.276778597,108.7512847775665,108.7512847775665,2900.0,4.0,3.0,1.0,Sarjapur Road,Villa,Ready to Move,owner,True,False,Potentially Overpriced,Repeated Listing
48000000,37025599.25003,10974400.749969997,29.640035468058233,29.640035468058233,2768.0,4.0,2.0,1.0,Hennur Gardens,Villa,Under Construction,agent,True,False,Normal,Repeated Listing
32500000,55000000.00000105,-22500000.00000105,-40.909090909092036,40.909090909092036,3000.0,4.0,1.0,1.0,Yelahanka,Villa,Under Construction,agent,True,False,Normal,Repeated Listing
55000000,55695508.54837928,-695508.5483792797,-1.2487695444510287,1.2487695444510287,3000.0,4.0,1.0,1.0,Yelahanka,Villa,Under Construction,owner,True,False,Normal,Repeated Listing
32000000,32245783.615796532,-245783.61579653248,-0.7622193919211449,0.7622193919211449,2500.0,4.0,1.0,1.0,Devanahalli,Villa,Ready to Move,owner,True,False,Normal,Repeated Listing
50000000,54695997.069464624,-4695997.069464624,-8.58563207742725,8.58563207742725,3900.0,4.0,1.0,1.0,Devanahalli,Villa,Ready to Move,agent,True,False,Normal,Repeated Listing
50000000,54695997.069464624,-4695997.069464624,-8.58563207742725,8.58563207742725,3900.0,4.0,1.0,1.0,Devanahalli,Villa,Ready to Move,agent,True,False,Normal,Repeated Listing
28500000,31953592.868370604,-3453592.868370604,-10.808151942716767,10.808151942716767,2300.0,4.0,3.0,1.0,Thirupalya,Villa,Under Construction,agent,True,False,Normal,Repeated Listing
32000000,28503241.98318361,3496758.016816389,12.267930851091997,12.267930851091997,2300.0,4.0,3.0,1.0,Thirupalya,Villa,Under Construction,agent,True,False,Normal,Repeated Listing
14800000,14887052.400365748,-87052.40036574751,-0.5847524279796906,0.5847524279796906,2300.0,2.0,3.0,1.0,Thirupalya,Villa,Under Construction,builder,True,False,Normal,Repeated Listing
26500000,26417217.791547924,82782.20845207572,0.3133645984421627,0.3133645984421627,2300.0,5.0,3.0,1.0,Thirupalya,Villa,Under Construction,contractor,True,False,Normal,Repeated Listing
72150000,66285680.92557792,5864319.074422076,8.84703753893126,8.84703753893126,2300.0,8.0,3.0,1.0,Thirupalya,Villa,Under Construction,builder,True,False,Normal,Repeated Listing
17500000,16609807.208783785,890192.7912162151,5.359440841344946,5.359440841344946,2136.0,5.0,3.0,1.0,Bidaraguppe,Villa,Under Construction,owner,True,False,Normal,Repeated Listing
14000000,14910817.447835509,-910817.4478355087,-6.108434034699588,6.108434034699588,2136.0,4.0,3.0,1.0,Bidaraguppe,Villa,Under Construction,agent,True,False,Normal,Repeated Listing
37500000,40984055.42728329,-3484055.427283287,-8.501002135976847,8.501002135976847,2900.0,4.0,3.0,1.0,Sarjapur Road,Villa,Ready to Move,builder,True,False,Normal,Repeated Listing
28000000,37606391.66004806,-9606391.66004806,-25.544571643265662,25.544571643265662,2900.0,4.0,3.0,1.0,Sarjapur Road,Villa,Ready to Move,contractor,True,False,Normal,Repeated Listing
58400000,27975875.723221403,30424124.276778597,108.7512847775665,108.7512847775665,2900.0,4.0,3.0,1.0,Sarjapur Road,Villa,Ready to Move,owner,True,False,Potentially Overpriced,Repeated Listing
48000000,37025599.25003,10974400.749969997,29.640035468058233,29.640035468058233,2768.0,4.0,2.0,1.0,Hennur Gardens,Villa,Under Construction,agent,True,False,Normal,Repeated Listing
32500000,55000000.00000105,-22500000.00000105,-40.909090909092036,40.909090909092036,3000.0,4.0,1.0,1.0,Yelahanka,Villa,Under Construction,agent,True,False,Normal,Repeated Listing
48000000,37025599.25003,10974400.749969997,29.640035468058233,29.640035468058233,2768.0,4.0,2.0,1.0,Hennur Gardens,Villa,Under Construction,agent,True,False,Normal,Repeated Listing
32500000,55000000.00000105,-22500000.00000105,-40.909090909092036,40.909090909092036,3000.0,4.0,1.0,1.0,Yelahanka,Villa,Under Construction,agent,True,False,Normal,Repeated Listing
55000000,30390365.025824584,24609634.974175416,80.97841191859024,80.97841191859024,3000.0,4.0,1.0,1.0,Yelahanka,Villa,Under Construction,builder,True,False,Normal,Repeated Listing
55000000,32501572.606834713,22498427.393165287,69.22258090500557,69.22258090500557,3000.0,4.0,1.0,1.0,Yelahanka,Villa,Under Construction,agent,True,False,Normal,Repeated Listing
32000000,32245783.615796532,-245783.61579653248,-0.7622193919211449,0.7622193919211449,2500.0,4.0,1.0,1.0,Devanahalli,Villa,Ready to Move,owner,True,False,Normal,Repeated Listing
32000000,32245783.615796532,-245783.61579653248,-0.7622193919211449,0.7622193919211449,2500.0,4.0,1.0,1.0,Devanahalli,Villa,Ready to Move,owner,True,False,Normal,Repeated Listing
50000000,54695997.069464624,-4695997.069464624,-8.58563207742725,8.58563207742725,3900.0,4.0,1.0,1.0,Devanahalli,Villa,Ready to Move,agent,True,False,Normal,Repeated Listing
50000000,39508261.718489856,10491738.281510144,26.555808393361975,26.555808393361975,3900.0,4.0,1.0,1.0,Devanahalli,Villa,Ready to Move,contractor,True,False,Normal,Repeated Listing
50000000,39015269.80292154,10984730.197078459,28.154951260277844,28.154951260277844,3900.0,4.0,1.0,1.0,Devanahalli,Villa,Ready to Move,builder,True,False,Normal,Repeated Listing
50000000,54695997.069464624,-4695997.069464624,-8.58563207742725,8.58563207742725,3900.0,4.0,1.0,1.0,Devanahalli,Villa,Ready to Move,agent,True,False,Normal,Repeated Listing
28500000,31953592.868370604,-3453592.868370604,-10.808151942716767,10.808151942716767,2300.0,4.0,3.0,1.0,Thirupalya,Villa,Under Construction,agent,True,False,Normal,Repeated Listing
32000000,26204143.74423012,5795856.255769879,22.118090605597697,22.118090605597697,2300.0,4.0,3.0,1.0,Thirupalya,Villa,Under Construction,contractor,True,False,Normal,Repeated Listing
28500000,31953592.868370604,-3453592.868370604,-10.808151942716767,10.808151942716767,2300.0,4.0,3.0,1.0,Thirupalya,Villa,Under Construction,agent,True,False,Normal,Repeated Listing
32000000,27308742.32741032,4691257.672589678,17.17859290752094,17.17859290752094,2300.0,4.0,3.0,1.0,Thirupalya,Villa,Under Construction,builder,True,False,Normal,Repeated Listing
14800000,13621647.907160668,1178352.0928393323,8.650583988592839,8.650583988592839,2300.0,2.0,3.0,1.0,Thirupalya,Villa,Under Construction,contractor,True,False,Normal,Repeated Listing
26500000,26417217.791547924,82782.20845207572,0.3133645984421627,0.3133645984421627,2300.0,5.0,3.0,1.0,Thirupalya,Villa,Under Construction,contractor,True,False,Normal,Repeated Listing
14800000,13621647.907160668,1178352.0928393323,8.650583988592839,8.650583988592839,2300.0,2.0,3.0,1.0,Thirupalya,Villa,Under Construction,contractor,True,False,Normal,Repeated Listing
26500000,26417217.791547924,82782.20845207572,0.3133645984421627,0.3133645984421627,2300.0,5.0,3.0,1.0,Thirupalya,Villa,Under Construction,contractor,True,False,Normal,Repeated Listing
72150000,70039953.84836496,2110046.151635036,3.0126321273758143,3.0126321273758143,2300.0,8.0,3.0,1.0,Thirupalya,Villa,Under Construction,owner,True,False,Normal,Repeated Listing
17500000,16609807.208783785,890192.7912162151,5.359440841344946,5.359440841344946,2136.0,5.0,3.0,1.0,Bidaraguppe,Villa,Under Construction,owner,True,False,Normal,Repeated Listing
72150000,72298627.36492518,-148627.3649251759,-0.20557425547650263,0.20557425547650263,2300.0,8.0,3.0,1.0,Thirupalya,Villa,Under Construction,contractor,True,False,Normal,Repeated Listing
17500000,18172562.31527548,-672562.3152754791,-3.7009768001188097,3.7009768001188097,2136.0,5.0,3.0,1.0,Bidaraguppe,Villa,Under Construction,builder,True,False,Normal,Repeated Listing
14000000,15128654.757274574,-1128654.7572745737,-7.460377511304256,7.460377511304256,2136.0,4.0,3.0,1.0,Bidaraguppe,Villa,Under Construction,contractor,True,False,Normal,Repeated Listing
37500000,40984055.42728329,-3484055.427283287,-8.501002135976847,8.501002135976847,2900.0,4.0,3.0,1.0,Sarjapur Road,Villa,Ready to Move,builder,True,False,Normal,Repeated Listing
14000000,15128654.757274574,-1128654.7572745737,-7.460377511304256,7.460377511304256,2136.0,4.0,3.0,1.0,Bidaraguppe,Villa,Under Construction,contractor,True,False,Normal,Repeated Listing
37500000,40383283.03161897,-2883283.0316189677,-7.139793536254689,7.139793536254689,2900.0,4.0,3.0,1.0,Sarjapur Road,Villa,Ready to Move,agent,True,False,Normal,Repeated Listing
28000000,37431002.09585924,-9431002.095859237,-25.195697597694107,25.195697597694107,2900.0,4.0,3.0,1.0,Sarjapur Road,Villa,Ready to Move,builder,True,False,Normal,Repeated Listing
58400000,37431002.09585924,20968997.904140763,56.02040215338086,56.02040215338086,2900.0,4.0,3.0,1.0,Sarjapur Road,Villa,Ready to Move,builder,True,False,Normal,Repeated Listing
28000000,37606391.66004806,-9606391.66004806,-25.544571643265662,25.544571643265662,2900.0,4.0,3.0,1.0,Sarjapur Road,Villa,Ready to Move,contractor,True,False,Normal,Repeated Listing
58400000,32712811.31373335,25687188.68626665,78.52332971297629,78.52332971297629,2900.0,4.0,3.0,1.0,Sarjapur Road,Villa,Ready to Move,agent,True,False,Normal,Repeated Listing
48000000,37025599.25003,10974400.749969997,29.640035468058233,29.640035468058233,2768.0,4.0,2.0,1.0,Hennur Gardens,Villa,Under Construction,agent,True,False,Normal,Repeated Listing
32500000,55000000.00000105,-22500000.00000105,-40.909090909092036,40.909090909092036,3000.0,4.0,1.0,1.0,Yelahanka,Villa,Under Construction,agent,True,False,Normal,Repeated Listing
55000000,32501572.606834713,22498427.393165287,69.22258090500557,69.22258090500557,3000.0,4.0,1.0,1.0,Yelahanka,Villa,Under Construction,agent,True,False,Normal,Repeated Listing
48000000,37025599.25003,10974400.749969997,29.640035468058233,29.640035468058233,2768.0,4.0,2.0,1.0,Hennur Gardens,Villa,Under Construction,agent,True,False,Normal,Repeated Listing
32000000,31848821.784964718,151178.21503528208,0.47467443554427097,0.47467443554427097,2500.0,4.0,1.0,1.0,Devanahalli,Villa,Ready to Move,contractor,True,False,Normal,Repeated Listing
32500000,55000000.00000105,-22500000.00000105,-40.909090909092036,40.909090909092036,3000.0,4.0,1.0,1.0,Yelahanka,Villa,Under Construction,agent,True,False,Normal,Repeated Listing
50000000,39508261.718489856,10491738.281510144,26.555808393361975,26.555808393361975,3900.0,4.0,1.0,1.0,Devanahalli,Villa,Ready to Move,contractor,True,False,Normal,Repeated Listing
55000000,55695508.54837928,-695508.5483792797,-1.2487695444510287,1.2487695444510287,3000.0,4.0,1.0,1.0,Yelahanka,Villa,Under Construction,owner,True,False,Normal,Repeated Listing
50000000,54695997.069464624,-4695997.069464624,-8.58563207742725,8.58563207742725,3900.0,4.0,1.0,1.0,Devanahalli,Villa,Ready to Move,agent,True,False,Normal,Repeated Listing
32000000,31907191.702662885,92808.29733711481,0.29086952622461376,0.29086952622461376,2500.0,4.0,1.0,1.0,Devanahalli,Villa,Ready to Move,agent,True,False,Normal,Repeated Listing
28500000,31953592.868370604,-3453592.868370604,-10.808151942716767,10.808151942716767,2300.0,4.0,3.0,1.0,Thirupalya,Villa,Under Construction,agent,True,False,Normal,Repeated Listing
32000000,28503241.98318361,3496758.016816389,12.267930851091997,12.267930851091997,2300.0,4.0,3.0,1.0,Thirupalya,Villa,Under Construction,agent,True,False,Normal,Repeated Listing
50000000,54695997.069464624,-4695997.069464624,-8.58563207742725,8.58563207742725,3900.0,4.0,1.0,1.0,Devanahalli,Villa,Ready to Move,agent,True,False,Normal,Repeated Listing
50000000,54695997.069464624,-4695997.069464624,-8.58563207742725,8.58563207742725,3900.0,4.0,1.0,1.0,Devanahalli,Villa,Ready to Move,agent,True,False,Normal,Repeated Listing
14800000,14887052.400365748,-87052.40036574751,-0.5847524279796906,0.5847524279796906,2300.0,2.0,3.0,1.0,Thirupalya,Villa,Under Construction,builder,True,False,Normal,Repeated Listing
26500000,26738502.473351225,-238502.47335122526,-0.8919814173921197,0.8919814173921197,2300.0,5.0,3.0,1.0,Thirupalya,Villa,Under Construction,agent,True,False,Normal,Repeated Listing
28500000,31953592.868370604,-3453592.868370604,-10.808151942716767,10.808151942716767,2300.0,4.0,3.0,1.0,Thirupalya,Villa,Under Construction,agent,True,False,Normal,Repeated Listing
32000000,32920870.310378253,-920870.3103782535,-2.7972234685665356,2.7972234685665356,2300.0,4.0,3.0,1.0,Thirupalya,Villa,Under Construction,owner,True,False,Normal,Repeated Listing
72150000,70039953.84836496,2110046.151635036,3.0126321273758143,3.0126321273758143,2300.0,8.0,3.0,1.0,Thirupalya,Villa,Under Construction,owner,True,False,Normal,Repeated Listing
14800000,13540530.005592821,1259469.9944071788,9.301482245428824,9.301482245428824,2300.0,2.0,3.0,1.0,Thirupalya,Villa,Under Construction,agent,True,False,Normal,Repeated Listing
17500000,16609807.208783785,890192.7912162151,5.359440841344946,5.359440841344946,2136.0,5.0,3.0,1.0,Bidaraguppe,Villa,Under Construction,owner,True,False,Normal,Repeated Listing
26500000,26713128.55074389,-213128.55074388906,-0.7978419687496843,0.7978419687496843,2300.0,5.0,3.0,1.0,Thirupalya,Villa,Under Construction,builder,True,False,Normal,Repeated Listing
14000000,14725707.77437715,-725707.7743771505,-4.928169059825347,4.928169059825347,2136.0,4.0,3.0,1.0,Bidaraguppe,Villa,Under Construction,builder,True,False,Normal,Repeated Listing
72150000,72298627.36492518,-148627.3649251759,-0.20557425547650263,0.20557425547650263,2300.0,8.0,3.0,1.0,Thirupalya,Villa,Under Construction,contractor,True,False,Normal,Repeated Listing
37500000,40984055.42728329,-3484055.427283287,-8.501002135976847,8.501002135976847,2900.0,4.0,3.0,1.0,Sarjapur Road,Villa,Ready to Move,builder,True,False,Normal,Repeated Listing
17500000,18172562.31527548,-672562.3152754791,-3.7009768001188097,3.7009768001188097,2136.0,5.0,3.0,1.0,Bidaraguppe,Villa,Under Construction,builder,True,False,Normal,Repeated Listing
28000000,49030179.90966302,-21030179.90966302,-42.892316423090115,42.892316423090115,2900.0,4.0,3.0,1.0,Sarjapur Road,Villa,Ready to Move,owner,True,False,Normal,Repeated Listing
14000000,13993172.009470293,6827.990529706702,0.048795158989581894,0.048795158989581894,2136.0,4.0,3.0,1.0,Bidaraguppe,Villa,Under Construction,owner,True,False,Normal,Repeated Listing
58400000,27975875.723221403,30424124.276778597,108.7512847775665,108.7512847775665,2900.0,4.0,3.0,1.0,Sarjapur Road,Villa,Ready to Move,owner,True,False,Potentially Overpriced,Repeated Listing
37500000,40383283.03161897,-2883283.0316189677,-7.139793536254689,7.139793536254689,2900.0,4.0,3.0,1.0,Sarjapur Road,Villa,Ready to Move,agent,True,False,Normal,Repeated Listing
28000000,37431002.09585924,-9431002.095859237,-25.195697597694107,25.195697597694107,2900.0,4.0,3.0,1.0,Sarjapur Road,Villa,Ready to Move,builder,True,False,Normal,Repeated Listing
58400000,32712811.31373335,25687188.68626665,78.52332971297629,78.52332971297629,2900.0,4.0,3.0,1.0,Sarjapur Road,Villa,Ready to Move,agent,True,False,Normal,Repeated Listing
48000000,37025599.25003,10974400.749969997,29.640035468058233,29.640035468058233,2768.0,4.0,2.0,1.0,Hennur Gardens,Villa,Under Construction,agent,True,False,Normal,Repeated Listing
32500000,55000000.00000105,-22500000.00000105,-40.909090909092036,40.909090909092036,3000.0,4.0,1.0,1.0,Yelahanka,Villa,Under Construction,agent,True,False,Normal,Repeated Listing
55000000,32501572.606834713,22498427.393165287,69.22258090500557,69.22258090500557,3000.0,4.0,1.0,1.0,Yelahanka,Villa,Under Construction,agent,True,False,Normal,Repeated Listing
32000000,32038291.658905108,-38291.65890510753,-0.11951841662713712,0.11951841662713712,2500.0,4.0,1.0,1.0,Devanahalli,Villa,Ready to Move,builder,True,False,Normal,Repeated Listing
50000000,54695997.069464624,-4695997.069464624,-8.58563207742725,8.58563207742725,3900.0,4.0,1.0,1.0,Devanahalli,Villa,Ready to Move,agent,True,False,Normal,Repeated Listing
50000000,39508261.718489856,10491738.281510144,26.555808393361975,26.555808393361975,3900.0,4.0,1.0,1.0,Devanahalli,Villa,Ready to Move,contractor,True,False,Normal,Repeated Listing
28500000,31953592.868370604,-3453592.868370604,-10.808151942716767,10.808151942716767,2300.0,4.0,3.0,1.0,Thirupalya,Villa,Under Construction,agent,True,False,Normal,Repeated Listing
32000000,28503241.98318361,3496758.016816389,12.267930851091997,12.267930851091997,2300.0,4.0,3.0,1.0,Thirupalya,Villa,Under Construction,agent,True,False,Normal,Repeated Listing
14800000,13540530.005592821,1259469.9944071788,9.301482245428824,9.301482245428824,2300.0,2.0,3.0,1.0,Thirupalya,Villa,Under Construction,agent,True,False,Normal,Repeated Listing
48000000,37025599.25003,10974400.749969997,29.640035468058233,29.640035468058233,2768.0,4.0,2.0,1.0,Hennur Gardens,Villa,Under Construction,agent,True,False,Normal,Repeated Listing
26500000,27388616.699900262,-888616.699900262,-3.24447455538526,3.24447455538526,2300.0,5.0,3.0,1.0,Thirupalya,Villa,Under Construction,owner,True,False,Normal,Repeated Listing
32500000,55000000.00000105,-22500000.00000105,-40.909090909092036,40.909090909092036,3000.0,4.0,1.0,1.0,Yelahanka,Villa,Under Construction,agent,True,False,Normal,Repeated Listing
72150000,71757171.8637932,392828.1362068057,0.5474409400532919,0.5474409400532919,2300.0,8.0,3.0,1.0,Thirupalya,Villa,Under Construction,agent,True,False,Normal,Repeated Listing
55000000,30390365.025824584,24609634.974175416,80.97841191859024,80.97841191859024,3000.0,4.0,1.0,1.0,Yelahanka,Villa,Under Construction,builder,True,False,Normal,Repeated Listing
32000000,31848821.784964718,151178.21503528208,0.47467443554427097,0.47467443554427097,2500.0,4.0,1.0,1.0,Devanahalli,Villa,Ready to Move,contractor,True,False,Normal,Repeated Listing
17500000,17173145.52905424,326854.4709457606,1.9032883078570242,1.9032883078570242,2136.0,5.0,3.0,1.0,Bidaraguppe,Villa,Under Construction,contractor,True,False,Normal,Repeated Listing
50000000,39015269.80292154,10984730.197078459,28.154951260277844,28.154951260277844,3900.0,4.0,1.0,1.0,Devanahalli,Villa,Ready to Move,builder,True,False,Normal,Repeated Listing
14000000,13993172.009470293,6827.990529706702,0.048795158989581894,0.048795158989581894,2136.0,4.0,3.0,1.0,Bidaraguppe,Villa,Under Construction,owner,True,False,Normal,Repeated Listing
50000000,39508261.718489856,10491738.281510144,26.555808393361975,26.555808393361975,3900.0,4.0,1.0,1.0,Devanahalli,Villa,Ready to Move,contractor,True,False,Normal,Repeated Listing
37500000,38265442.75060015,-765442.7506001517,-2.000349912554315,2.000349912554315,2900.0,4.0,3.0,1.0,Sarjapur Road,Villa,Ready to Move,contractor,True,False,Normal,Repeated Listing
28500000,31953592.868370604,-3453592.868370604,-10.808151942716767,10.808151942716767,2300.0,4.0,3.0,1.0,Thirupalya,Villa,Under Construction,agent,True,False,Normal,Repeated Listing
28000000,37606391.66004806,-9606391.66004806,-25.544571643265662,25.544571643265662,2900.0,4.0,3.0,1.0,Sarjapur Road,Villa,Ready to Move,contractor,True,False,Normal,Repeated Listing
32000000,26204143.74423012,5795856.255769879,22.118090605597697,22.118090605597697,2300.0,4.0,3.0,1.0,Thirupalya,Villa,Under Construction,contractor,True,False,Normal,Repeated Listing
58400000,32712811.31373335,25687188.68626665,78.52332971297629,78.52332971297629,2900.0,4.0,3.0,1.0,Sarjapur Road,Villa,Ready to Move,agent,True,False,Normal,Repeated Listing
14800000,13621647.907160668,1178352.0928393323,8.650583988592839,8.650583988592839,2300.0,2.0,3.0,1.0,Thirupalya,Villa,Under Construction,contractor,True,False,Normal,Repeated Listing
26500000,26713128.55074389,-213128.55074388906,-0.7978419687496843,0.7978419687496843,2300.0,5.0,3.0,1.0,Thirupalya,Villa,Under Construction,builder,True,False,Normal,Repeated Listing
72150000,70039953.84836496,2110046.151635036,3.0126321273758143,3.0126321273758143,2300.0,8.0,3.0,1.0,Thirupalya,Villa,Under Construction,owner,True,False,Normal,Repeated Listing
48000000,37025599.25003,10974400.749969997,29.640035468058233,29.640035468058233,2768.0,4.0,2.0,1.0,Hennur Gardens,Villa,Under Construction,agent,True,False,Normal,Repeated Listing
17500000,18145538.13563871,-645538.1356387101,-3.5575585072941,3.5575585072941,2136.0,5.0,3.0,1.0,Bidaraguppe,Villa,Under Construction,agent,True,False,Normal,Repeated Listing
32500000,55000000.00000105,-22500000.00000105,-40.909090909092036,40.909090909092036,3000.0,4.0,1.0,1.0,Yelahanka,Villa,Under Construction,agent,True,False,Normal,Repeated Listing
14000000,13993172.009470293,6827.990529706702,0.048795158989581894,0.048795158989581894,2136.0,4.0,3.0,1.0,Bidaraguppe,Villa,Under Construction,owner,True,False,Normal,Repeated Listing
55000000,29390377.078481313,25609622.921518687,87.13608149066324,87.13608149066324,3000.0,4.0,1.0,1.0,Yelahanka,Villa,Under Construction,contractor,True,False,Normal,Repeated Listing
37500000,40383283.03161897,-2883283.0316189677,-7.139793536254689,7.139793536254689,2900.0,4.0,3.0,1.0,Sarjapur Road,Villa,Ready to Move,agent,True,False,Normal,Repeated Listing
32000000,32245783.615796532,-245783.61579653248,-0.7622193919211449,0.7622193919211449,2500.0,4.0,1.0,1.0,Devanahalli,Villa,Ready to Move,owner,True,False,Normal,Repeated Listing
28000000,37431002.09585924,-9431002.095859237,-25.195697597694107,25.195697597694107,2900.0,4.0,3.0,1.0,Sarjapur Road,Villa,Ready to Move,builder,True,False,Normal,Repeated Listing
58400000,32712811.31373335,25687188.68626665,78.52332971297629,78.52332971297629,2900.0,4.0,3.0,1.0,Sarjapur Road,Villa,Ready to Move,agent,True,False,Normal,Repeated Listing
50000000,39015269.80292154,10984730.197078459,28.154951260277844,28.154951260277844,3900.0,4.0,1.0,1.0,Devanahalli,Villa,Ready to Move,builder,True,False,Normal,Repeated Listing
50000000,39015269.80292154,10984730.197078459,28.154951260277844,28.154951260277844,3900.0,4.0,1.0,1.0,Devanahalli,Villa,Ready to Move,builder,True,False,Normal,Repeated Listing
28500000,31953592.868370604,-3453592.868370604,-10.808151942716767,10.808151942716767,2300.0,4.0,3.0,1.0,Thirupalya,Villa,Under Construction,agent,True,False,Normal,Repeated Listing
32000000,28503241.98318361,3496758.016816389,12.267930851091997,12.267930851091997,2300.0,4.0,3.0,1.0,Thirupalya,Villa,Under Construction,agent,True,False,Normal,Repeated Listing
14800000,14887052.400365748,-87052.40036574751,-0.5847524279796906,0.5847524279796906,2300.0,2.0,3.0,1.0,Thirupalya,Villa,Under Construction,builder,True,False,Normal,Repeated Listing
26500000,26738502.473351225,-238502.47335122526,-0.8919814173921197,0.8919814173921197,2300.0,5.0,3.0,1.0,Thirupalya,Villa,Under Construction,agent,True,False,Normal,Repeated Listing
72150000,70039953.84836496,2110046.151635036,3.0126321273758143,3.0126321273758143,2300.0,8.0,3.0,1.0,Thirupalya,Villa,Under Construction,owner,True,False,Normal,Repeated Listing
48000000,37025599.25003,10974400.749969997,29.640035468058233,29.640035468058233,2768.0,4.0,2.0,1.0,Hennur Gardens,Villa,Under Construction,agent,True,False,Normal,Repeated Listing
32500000,55000000.00000105,-22500000.00000105,-40.909090909092036,40.909090909092036,3000.0,4.0,1.0,1.0,Yelahanka,Villa,Under Construction,agent,True,False,Normal,Repeated Listing
17500000,18172562.31527548,-672562.3152754791,-3.7009768001188097,3.7009768001188097,2136.0,5.0,3.0,1.0,Bidaraguppe,Villa,Under Construction,builder,True,False,Normal,Repeated Listing
14000000,14725707.77437715,-725707.7743771505,-4.928169059825347,4.928169059825347,2136.0,4.0,3.0,1.0,Bidaraguppe,Villa,Under Construction,builder,True,False,Normal,Repeated Listing
55000000,55695508.54837928,-695508.5483792797,-1.2487695444510287,1.2487695444510287,3000.0,4.0,1.0,1.0,Yelahanka,Villa,Under Construction,owner,True,False,Normal,Repeated Listing
32000000,32245783.615796532,-245783.61579653248,-0.7622193919211449,0.7622193919211449,2500.0,4.0,1.0,1.0,Devanahalli,Villa,Ready to Move,owner,True,False,Normal,Repeated Listing
37500000,27975875.723221403,9524124.276778597,34.04406128696479,34.04406128696479,2900.0,4.0,3.0,1.0,Sarjapur Road,Villa,Ready to Move,owner,True,False,Normal,Repeated Listing
28000000,49030179.90966302,-21030179.90966302,-42.892316423090115,42.892316423090115,2900.0,4.0,3.0,1.0,Sarjapur Road,Villa,Ready to Move,owner,True,False,Normal,Repeated Listing
50000000,39015269.80292154,10984730.197078459,28.154951260277844,28.154951260277844,3900.0,4.0,1.0,1.0,Devanahalli,Villa,Ready to Move,builder,True,False,Normal,Repeated Listing
50000000,54695997.069464624,-4695997.069464624,-8.58563207742725,8.58563207742725,3900.0,4.0,1.0,1.0,Devanahalli,Villa,Ready to Move,agent,True,False,Normal,Repeated Listing
58400000,32712811.31373335,25687188.68626665,78.52332971297629,78.52332971297629,2900.0,4.0,3.0,1.0,Sarjapur Road,Villa,Ready to Move,agent,True,False,Normal,Repeated Listing
28500000,31953592.868370604,-3453592.868370604,-10.808151942716767,10.808151942716767,2300.0,4.0,3.0,1.0,Thirupalya,Villa,Under Construction,agent,True,False,Normal,Repeated Listing
32000000,28503241.98318361,3496758.016816389,12.267930851091997,12.267930851091997,2300.0,4.0,3.0,1.0,Thirupalya,Villa,Under Construction,agent,True,False,Normal,Repeated Listing
14800000,12925585.31544728,1874414.6845527198,14.501584561223849,14.501584561223849,2300.0,2.0,3.0,1.0,Thirupalya,Villa,Under Construction,owner,True,False,Normal,Repeated Listing
26500000,26738502.473351225,-238502.47335122526,-0.8919814173921197,0.8919814173921197,2300.0,5.0,3.0,1.0,Thirupalya,Villa,Under Construction,agent,True,False,Normal,Repeated Listing
48000000,37025599.25003,10974400.749969997,29.640035468058233,29.640035468058233,2768.0,4.0,2.0,1.0,Hennur Gardens,Villa,Under Construction,agent,True,False,Normal,Repeated Listing
32500000,55000000.00000105,-22500000.00000105,-40.909090909092036,40.909090909092036,3000.0,4.0,1.0,1.0,Yelahanka,Villa,Under Construction,agent,True,False,Normal,Repeated Listing
72150000,72298627.36492518,-148627.3649251759,-0.20557425547650263,0.20557425547650263,2300.0,8.0,3.0,1.0,Thirupalya,Villa,Under Construction,contractor,True,False,Normal,Repeated Listing
17500000,17173145.52905424,326854.4709457606,1.9032883078570242,1.9032883078570242,2136.0,5.0,3.0,1.0,Bidaraguppe,Villa,Under Construction,contractor,True,False,Normal,Repeated Listing
55000000,30390365.025824584,24609634.974175416,80.97841191859024,80.97841191859024,3000.0,4.0,1.0,1.0,Yelahanka,Villa,Under Construction,builder,True,False,Normal,Repeated Listing
32000000,32245783.615796532,-245783.61579653248,-0.7622193919211449,0.7622193919211449,2500.0,4.0,1.0,1.0,Devanahalli,Villa,Ready to Move,owner,True,False,Normal,Repeated Listing
14000000,13993172.009470293,6827.990529706702,0.048795158989581894,0.048795158989581894,2136.0,4.0,3.0,1.0,Bidaraguppe,Villa,Under Construction,owner,True,False,Normal,Repeated Listing
37500000,27975875.723221403,9524124.276778597,34.04406128696479,34.04406128696479,2900.0,4.0,3.0,1.0,Sarjapur Road,Villa,Ready to Move,owner,True,False,Normal,Repeated Listing
50000000,39015269.80292154,10984730.197078459,28.154951260277844,28.154951260277844,3900.0,4.0,1.0,1.0,Devanahalli,Villa,Ready to Move,builder,True,False,Normal,Repeated Listing
50000000,39508261.718489856,10491738.281510144,26.555808393361975,26.555808393361975,3900.0,4.0,1.0,1.0,Devanahalli,Villa,Ready to Move,contractor,True,False,Normal,Repeated Listing
28000000,37606391.66004806,-9606391.66004806,-25.544571643265662,25.544571643265662,2900.0,4.0,3.0,1.0,Sarjapur Road,Villa,Ready to Move,contractor,True,False,Normal,Repeated Listing
58400000,27975875.723221403,30424124.276778597,108.7512847775665,108.7512847775665,2900.0,4.0,3.0,1.0,Sarjapur Road,Villa,Ready to Move,owner,True,False,Potentially Overpriced,Repeated Listing
28500000,31953592.868370604,-3453592.868370604,-10.808151942716767,10.808151942716767,2300.0,4.0,3.0,1.0,Thirupalya,Villa,Under Construction,agent,True,False,Normal,Repeated Listing
32000000,28503241.98318361,3496758.016816389,12.267930851091997,12.267930851091997,2300.0,4.0,3.0,1.0,Thirupalya,Villa,Under Construction,agent,True,False,Normal,Repeated Listing
14800000,13621647.907160668,1178352.0928393323,8.650583988592839,8.650583988592839,2300.0,2.0,3.0,1.0,Thirupalya,Villa,Under Construction,contractor,True,False,Normal,Repeated Listing
26500000,27388616.699900262,-888616.699900262,-3.24447455538526,3.24447455538526,2300.0,5.0,3.0,1.0,Thirupalya,Villa,Under Construction,owner,True,False,Normal,Repeated Listing
72150000,66285680.92557792,5864319.074422076,8.84703753893126,8.84703753893126,2300.0,8.0,3.0,1.0,Thirupalya,Villa,Under Construction,builder,True,False,Normal,Repeated Listing
17500000,17173145.52905424,326854.4709457606,1.9032883078570242,1.9032883078570242,2136.0,5.0,3.0,1.0,Bidaraguppe,Villa,Under Construction,contractor,True,False,Normal,Repeated Listing
14000000,13993172.009470293,6827.990529706702,0.048795158989581894,0.048795158989581894,2136.0,4.0,3.0,1.0,Bidaraguppe,Villa,Under Construction,owner,True,False,Normal,Repeated Listing
37500000,27975875.723221403,9524124.276778597,34.04406128696479,34.04406128696479,2900.0,4.0,3.0,1.0,Sarjapur Road,Villa,Ready to Move,owner,True,False,Normal,Repeated Listing
28000000,37606391.66004806,-9606391.66004806,-25.544571643265662,25.544571643265662,2900.0,4.0,3.0,1.0,Sarjapur Road,Villa,Ready to Move,contractor,True,False,Normal,Repeated Listing
58400000,37431002.09585924,20968997.904140763,56.02040215338086,56.02040215338086,2900.0,4.0,3.0,1.0,Sarjapur Road,Villa,Ready to Move,builder,True,False,Normal,Repeated Listing
48000000,37025599.25003,10974400.749969997,29.640035468058233,29.640035468058233,2768.0,4.0,2.0,1.0,Hennur Gardens,Villa,Under Construction,agent,True,False,Normal,Repeated Listing
32500000,55000000.00000105,-22500000.00000105,-40.909090909092036,40.909090909092036,3000.0,4.0,1.0,1.0,Yelahanka,Villa,Under Construction,agent,True,False,Normal,Repeated Listing
55000000,30390365.025824584,24609634.974175416,80.97841191859024,80.97841191859024,3000.0,4.0,1.0,1.0,Yelahanka,Villa,Under Construction,builder,True,False,Normal,Repeated Listing
32000000,32038291.658905108,-38291.65890510753,-0.11951841662713712,0.11951841662713712,2500.0,4.0,1.0,1.0,Devanahalli,Villa,Ready to Move,builder,True,False,Normal,Repeated Listing
50000000,54695997.069464624,-4695997.069464624,-8.58563207742725,8.58563207742725,3900.0,4.0,1.0,1.0,Devanahalli,Villa,Ready to Move,agent,True,False,Normal,Repeated Listing
50000000,39015269.80292154,10984730.197078459,28.154951260277844,28.154951260277844,3900.0,4.0,1.0,1.0,Devanahalli,Villa,Ready to Move,builder,True,False,Normal,Repeated Listing
28500000,31953592.868370604,-3453592.868370604,-10.808151942716767,10.808151942716767,2300.0,4.0,3.0,1.0,Thirupalya,Villa,Under Construction,agent,True,False,Normal,Repeated Listing
32000000,32920870.310378253,-920870.3103782535,-2.7972234685665356,2.7972234685665356,2300.0,4.0,3.0,1.0,Thirupalya,Villa,Under Construction,owner,True,False,Normal,Repeated Listing
14800000,13540530.005592821,1259469.9944071788,9.301482245428824,9.301482245428824,2300.0,2.0,3.0,1.0,Thirupalya,Villa,Under Construction,agent,True,False,Normal,Repeated Listing
26500000,27388616.699900262,-888616.699900262,-3.24447455538526,3.24447455538526,2300.0,5.0,3.0,1.0,Thirupalya,Villa,Under Construction,owner,True,False,Normal,Repeated Listing
72150000,66285680.92557792,5864319.074422076,8.84703753893126,8.84703753893126,2300.0,8.0,3.0,1.0,Thirupalya,Villa,Under Construction,builder,True,False,Normal,Repeated Listing
17500000,18172562.31527548,-672562.3152754791,-3.7009768001188097,3.7009768001188097,2136.0,5.0,3.0,1.0,Bidaraguppe,Villa,Under Construction,builder,True,False,Normal,Repeated Listing
14000000,14725707.77437715,-725707.7743771505,-4.928169059825347,4.928169059825347,2136.0,4.0,3.0,1.0,Bidaraguppe,Villa,Under Construction,builder,True,False,Normal,Repeated Listing
37500000,38265442.75060015,-765442.7506001517,-2.000349912554315,2.000349912554315,2900.0,4.0,3.0,1.0,Sarjapur Road,Villa,Ready to Move,contractor,True,False,Normal,Repeated Listing
28000000,37606391.66004806,-9606391.66004806,-25.544571643265662,25.544571643265662,2900.0,4.0,3.0,1.0,Sarjapur Road,Villa,Ready to Move,contractor,True,False,Normal,Repeated Listing
58400000,37606391.66004806,20793608.33995194,55.29275057261734,55.29275057261734,2900.0,4.0,3.0,1.0,Sarjapur Road,Villa,Ready to Move,contractor,True,False,Normal,Repeated Listing
48000000,37025599.25003,10974400.749969997,29.640035468058233,29.640035468058233,2768.0,4.0,2.0,1.0,Hennur Gardens,Villa,Under Construction,agent,True,False,Normal,Repeated Listing
32500000,55000000.00000105,-22500000.00000105,-40.909090909092036,40.909090909092036,3000.0,4.0,1.0,1.0,Yelahanka,Villa,Under Construction,agent,True,False,Normal,Repeated Listing
55000000,55695508.54837928,-695508.5483792797,-1.2487695444510287,1.2487695444510287,3000.0,4.0,1.0,1.0,Yelahanka,Villa,Under Construction,owner,True,False,Normal,Repeated Listing
32000000,32245783.615796532,-245783.61579653248,-0.7622193919211449,0.7622193919211449,2500.0,4.0,1.0,1.0,Devanahalli,Villa,Ready to Move,owner,True,False,Normal,Repeated Listing
50000000,51643741.139716096,-1643741.1397160962,-3.1828467563361587,3.1828467563361587,3900.0,4.0,1.0,1.0,Devanahalli,Villa,Ready to Move,owner,True,False,Normal,Repeated Listing
50000000,54695997.069464624,-4695997.069464624,-8.58563207742725,8.58563207742725,3900.0,4.0,1.0,1.0,Devanahalli,Villa,Ready to Move,agent,True,False,Normal,Repeated Listing
28500000,31953592.868370604,-3453592.868370604,-10.808151942716767,10.808151942716767,2300.0,4.0,3.0,1.0,Thirupalya,Villa,Under Construction,agent,True,False,Normal,Repeated Listing
32000000,28503241.98318361,3496758.016816389,12.267930851091997,12.267930851091997,2300.0,4.0,3.0,1.0,Thirupalya,Villa,Under Construction,agent,True,False,Normal,Repeated Listing
14800000,12925585.31544728,1874414.6845527198,14.501584561223849,14.501584561223849,2300.0,2.0,3.0,1.0,Thirupalya,Villa,Under Construction,owner,True,False,Normal,Repeated Listing
26500000,26417217.791547924,82782.20845207572,0.3133645984421627,0.3133645984421627,2300.0,5.0,3.0,1.0,Thirupalya,Villa,Under Construction,contractor,True,False,Normal,Repeated Listing
72150000,71757171.8637932,392828.1362068057,0.5474409400532919,0.5474409400532919,2300.0,8.0,3.0,1.0,Thirupalya,Villa,Under Construction,agent,True,False,Normal,Repeated Listing
17500000,17173145.52905424,326854.4709457606,1.9032883078570242,1.9032883078570242,2136.0,5.0,3.0,1.0,Bidaraguppe,Villa,Under Construction,contractor,True,False,Normal,Repeated Listing
14000000,15128654.757274574,-1128654.7572745737,-7.460377511304256,7.460377511304256,2136.0,4.0,3.0,1.0,Bidaraguppe,Villa,Under Construction,contractor,True,False,Normal,Repeated Listing
37500000,38265442.75060015,-765442.7506001517,-2.000349912554315,2.000349912554315,2900.0,4.0,3.0,1.0,Sarjapur Road,Villa,Ready to Move,contractor,True,False,Normal,Repeated Listing
28000000,37431002.09585924,-9431002.095859237,-25.195697597694107,25.195697597694107,2900.0,4.0,3.0,1.0,Sarjapur Road,Villa,Ready to Move,builder,True,False,Normal,Repeated Listing
48000000,37025599.25003,10974400.749969997,29.640035468058233,29.640035468058233,2768.0,4.0,2.0,1.0,Hennur Gardens,Villa,Under Construction,agent,True,False,Normal,Repeated Listing
32500000,55000000.00000105,-22500000.00000105,-40.909090909092036,40.909090909092036,3000.0,4.0,1.0,1.0,Yelahanka,Villa,Under Construction,agent,True,False,Normal,Repeated Listing
58400000,37431002.09585924,20968997.904140763,56.02040215338086,56.02040215338086,2900.0,4.0,3.0,1.0,Sarjapur Road,Villa,Ready to Move,builder,True,False,Normal,Repeated Listing
55000000,32501572.606834713,22498427.393165287,69.22258090500557,69.22258090500557,3000.0,4.0,1.0,1.0,Yelahanka,Villa,Under Construction,agent,True,False,Normal,Repeated Listing
32000000,31907191.702662885,92808.29733711481,0.29086952622461376,0.29086952622461376,2500.0,4.0,1.0,1.0,Devanahalli,Villa,Ready to Move,agent,True,False,Normal,Repeated Listing
50000000,51643741.139716096,-1643741.1397160962,-3.1828467563361587,3.1828467563361587,3900.0,4.0,1.0,1.0,Devanahalli,Villa,Ready to Move,owner,True,False,Normal,Repeated Listing
50000000,54695997.069464624,-4695997.069464624,-8.58563207742725,8.58563207742725,3900.0,4.0,1.0,1.0,Devanahalli,Villa,Ready to Move,agent,True,False,Normal,Repeated Listing
28500000,31953592.868370604,-3453592.868370604,-10.808151942716767,10.808151942716767,2300.0,4.0,3.0,1.0,Thirupalya,Villa,Under Construction,agent,True,False,Normal,Repeated Listing
32000000,26204143.74423012,5795856.255769879,22.118090605597697,22.118090605597697,2300.0,4.0,3.0,1.0,Thirupalya,Villa,Under Construction,contractor,True,False,Normal,Repeated Listing
14800000,13540530.005592821,1259469.9944071788,9.301482245428824,9.301482245428824,2300.0,2.0,3.0,1.0,Thirupalya,Villa,Under Construction,agent,True,False,Normal,Repeated Listing
26500000,26738502.473351225,-238502.47335122526,-0.8919814173921197,0.8919814173921197,2300.0,5.0,3.0,1.0,Thirupalya,Villa,Under Construction,agent,True,False,Normal,Repeated Listing
72150000,66285680.92557792,5864319.074422076,8.84703753893126,8.84703753893126,2300.0,8.0,3.0,1.0,Thirupalya,Villa,Under Construction,builder,True,False,Normal,Repeated Listing
17500000,18172562.31527548,-672562.3152754791,-3.7009768001188097,3.7009768001188097,2136.0,5.0,3.0,1.0,Bidaraguppe,Villa,Under Construction,builder,True,False,Normal,Repeated Listing
14000000,14910817.447835509,-910817.4478355087,-6.108434034699588,6.108434034699588,2136.0,4.0,3.0,1.0,Bidaraguppe,Villa,Under Construction,agent,True,False,Normal,Repeated Listing
37500000,40383283.03161897,-2883283.0316189677,-7.139793536254689,7.139793536254689,2900.0,4.0,3.0,1.0,Sarjapur Road,Villa,Ready to Move,agent,True,False,Normal,Repeated Listing
28000000,37431002.09585924,-9431002.095859237,-25.195697597694107,25.195697597694107,2900.0,4.0,3.0,1.0,Sarjapur Road,Villa,Ready to Move,builder,True,False,Normal,Repeated Listing
58400000,27975875.723221403,30424124.276778597,108.7512847775665,108.7512847775665,2900.0,4.0,3.0,1.0,Sarjapur Road,Villa,Ready to Move,owner,True,False,Potentially Overpriced,Repeated Listing
48000000,37025599.25003,10974400.749969997,29.640035468058233,29.640035468058233,2768.0,4.0,2.0,1.0,Hennur Gardens,Villa,Under Construction,agent,True,False,Normal,Repeated Listing
32500000,55000000.00000105,-22500000.00000105,-40.909090909092036,40.909090909092036,3000.0,4.0,1.0,1.0,Yelahanka,Villa,Under Construction,agent,True,False,Normal,Repeated Listing
55000000,55695508.54837928,-695508.5483792797,-1.2487695444510287,1.2487695444510287,3000.0,4.0,1.0,1.0,Yelahanka,Villa,Under Construction,owner,True,False,Normal,Repeated Listing
32000000,31848821.784964718,151178.21503528208,0.47467443554427097,0.47467443554427097,2500.0,4.0,1.0,1.0,Devanahalli,Villa,Ready to Move,contractor,True,False,Normal,Repeated Listing
50000000,39015269.80292154,10984730.197078459,28.154951260277844,28.154951260277844,3900.0,4.0,1.0,1.0,Devanahalli,Villa,Ready to Move,builder,True,False,Normal,Repeated Listing
50000000,54695997.069464624,-4695997.069464624,-8.58563207742725,8.58563207742725,3900.0,4.0,1.0,1.0,Devanahalli,Villa,Ready to Move,agent,True,False,Normal,Repeated Listing
28500000,31953592.868370604,-3453592.868370604,-10.808151942716767,10.808151942716767,2300.0,4.0,3.0,1.0,Thirupalya,Villa,Under Construction,agent,True,False,Normal,Repeated Listing
32000000,26204143.74423012,5795856.255769879,22.118090605597697,22.118090605597697,2300.0,4.0,3.0,1.0,Thirupalya,Villa,Under Construction,contractor,True,False,Normal,Repeated Listing
14800000,14887052.400365748,-87052.40036574751,-0.5847524279796906,0.5847524279796906,2300.0,2.0,3.0,1.0,Thirupalya,Villa,Under Construction,builder,True,False,Normal,Repeated Listing
26500000,26417217.791547924,82782.20845207572,0.3133645984421627,0.3133645984421627,2300.0,5.0,3.0,1.0,Thirupalya,Villa,Under Construction,contractor,True,False,Normal,Repeated Listing
72150000,66285680.92557792,5864319.074422076,8.84703753893126,8.84703753893126,2300.0,8.0,3.0,1.0,Thirupalya,Villa,Under Construction,builder,True,False,Normal,Repeated Listing
17500000,16609807.208783785,890192.7912162151,5.359440841344946,5.359440841344946,2136.0,5.0,3.0,1.0,Bidaraguppe,Villa,Under Construction,owner,True,False,Normal,Repeated Listing
14000000,14910817.447835509,-910817.4478355087,-6.108434034699588,6.108434034699588,2136.0,4.0,3.0,1.0,Bidaraguppe,Villa,Under Construction,agent,True,False,Normal,Repeated Listing
37500000,40383283.03161897,-2883283.0316189677,-7.139793536254689,7.139793536254689,2900.0,4.0,3.0,1.0,Sarjapur Road,Villa,Ready to Move,agent,True,False,Normal,Repeated Listing
28000000,46068493.063934326,-18068493.063934326,-39.22093357570582,39.22093357570582,2900.0,4.0,3.0,1.0,Sarjapur Road,Villa,Ready to Move,agent,True,False,Normal,Repeated Listing
58400000,27975875.723221403,30424124.276778597,108.7512847775665,108.7512847775665,2900.0,4.0,3.0,1.0,Sarjapur Road,Villa,Ready to Move,owner,True,False,Potentially Overpriced,Repeated Listing
48000000,37025599.25003,10974400.749969997,29.640035468058233,29.640035468058233,2768.0,4.0,2.0,1.0,Hennur Gardens,Villa,Under Construction,agent,True,False,Normal,Repeated Listing
32500000,55000000.00000105,-22500000.00000105,-40.909090909092036,40.909090909092036,3000.0,4.0,1.0,1.0,Yelahanka,Villa,Under Construction,agent,True,False,Normal,Repeated Listing
48000000,37025599.25003,10974400.749969997,29.640035468058233,29.640035468058233,2768.0,4.0,2.0,1.0,Hennur Gardens,Villa,Under Construction,agent,True,False,Normal,Repeated Listing
55000000,30390365.025824584,24609634.974175416,80.97841191859024,80.97841191859024,3000.0,4.0,1.0,1.0,Yelahanka,Villa,Under Construction,builder,True,False,Normal,Repeated Listing
32500000,55000000.00000105,-22500000.00000105,-40.909090909092036,40.909090909092036,3000.0,4.0,1.0,1.0,Yelahanka,Villa,Under Construction,agent,True,False,Normal,Repeated Listing
32000000,31907191.702662885,92808.29733711481,0.29086952622461376,0.29086952622461376,2500.0,4.0,1.0,1.0,Devanahalli,Villa,Ready to Move,agent,True,False,Normal,Repeated Listing
55000000,29390377.078481313,25609622.921518687,87.13608149066324,87.13608149066324,3000.0,4.0,1.0,1.0,Yelahanka,Villa,Under Construction,contractor,True,False,Normal,Repeated Listing
50000000,51643741.139716096,-1643741.1397160962,-3.1828467563361587,3.1828467563361587,3900.0,4.0,1.0,1.0,Devanahalli,Villa,Ready to Move,owner,True,False,Normal,Repeated Listing
32000000,32038291.658905108,-38291.65890510753,-0.11951841662713712,0.11951841662713712,2500.0,4.0,1.0,1.0,Devanahalli,Villa,Ready to Move,builder,True,False,Normal,Repeated Listing
50000000,39508261.718489856,10491738.281510144,26.555808393361975,26.555808393361975,3900.0,4.0,1.0,1.0,Devanahalli,Villa,Ready to Move,contractor,True,False,Normal,Repeated Listing
50000000,54695997.069464624,-4695997.069464624,-8.58563207742725,8.58563207742725,3900.0,4.0,1.0,1.0,Devanahalli,Villa,Ready to Move,agent,True,False,Normal,Repeated Listing
28500000,31953592.868370604,-3453592.868370604,-10.808151942716767,10.808151942716767,2300.0,4.0,3.0,1.0,Thirupalya,Villa,Under Construction,agent,True,False,Normal,Repeated Listing
50000000,51643741.139716096,-1643741.1397160962,-3.1828467563361587,3.1828467563361587,3900.0,4.0,1.0,1.0,Devanahalli,Villa,Ready to Move,owner,True,False,Normal,Repeated Listing
32000000,28503241.98318361,3496758.016816389,12.267930851091997,12.267930851091997,2300.0,4.0,3.0,1.0,Thirupalya,Villa,Under Construction,agent,True,False,Normal,Repeated Listing
28500000,31953592.868370604,-3453592.868370604,-10.808151942716767,10.808151942716767,2300.0,4.0,3.0,1.0,Thirupalya,Villa,Under Construction,agent,True,False,Normal,Repeated Listing
14800000,13621647.907160668,1178352.0928393323,8.650583988592839,8.650583988592839,2300.0,2.0,3.0,1.0,Thirupalya,Villa,Under Construction,contractor,True,False,Normal,Repeated Listing
32000000,26204143.74423012,5795856.255769879,22.118090605597697,22.118090605597697,2300.0,4.0,3.0,1.0,Thirupalya,Villa,Under Construction,contractor,True,False,Normal,Repeated Listing
14800000,13540530.005592821,1259469.9944071788,9.301482245428824,9.301482245428824,2300.0,2.0,3.0,1.0,Thirupalya,Villa,Under Construction,agent,True,False,Normal,Repeated Listing
26500000,27388616.699900262,-888616.699900262,-3.24447455538526,3.24447455538526,2300.0,5.0,3.0,1.0,Thirupalya,Villa,Under Construction,owner,True,False,Normal,Repeated Listing
72150000,72298627.36492518,-148627.3649251759,-0.20557425547650263,0.20557425547650263,2300.0,8.0,3.0,1.0,Thirupalya,Villa,Under Construction,contractor,True,False,Normal,Repeated Listing
26500000,26713128.55074389,-213128.55074388906,-0.7978419687496843,0.7978419687496843,2300.0,5.0,3.0,1.0,Thirupalya,Villa,Under Construction,builder,True,False,Normal,Repeated Listing
17500000,18172562.31527548,-672562.3152754791,-3.7009768001188097,3.7009768001188097,2136.0,5.0,3.0,1.0,Bidaraguppe,Villa,Under Construction,builder,True,False,Normal,Repeated Listing
72150000,70039953.84836496,2110046.151635036,3.0126321273758143,3.0126321273758143,2300.0,8.0,3.0,1.0,Thirupalya,Villa,Under Construction,owner,True,False,Normal,Repeated Listing
14000000,13993172.009470293,6827.990529706702,0.048795158989581894,0.048795158989581894,2136.0,4.0,3.0,1.0,Bidaraguppe,Villa,Under Construction,owner,True,False,Normal,Repeated Listing
17500000,16609807.208783785,890192.7912162151,5.359440841344946,5.359440841344946,2136.0,5.0,3.0,1.0,Bidaraguppe,Villa,Under Construction,owner,True,False,Normal,Repeated Listing
37500000,38265442.75060015,-765442.7506001517,-2.000349912554315,2.000349912554315,2900.0,4.0,3.0,1.0,Sarjapur Road,Villa,Ready to Move,contractor,True,False,Normal,Repeated Listing
14000000,15128654.757274574,-1128654.7572745737,-7.460377511304256,7.460377511304256,2136.0,4.0,3.0,1.0,Bidaraguppe,Villa,Under Construction,contractor,True,False,Normal,Repeated Listing
28000000,49030179.90966302,-21030179.90966302,-42.892316423090115,42.892316423090115,2900.0,4.0,3.0,1.0,Sarjapur Road,Villa,Ready to Move,owner,True,False,Normal,Repeated Listing
37500000,38265442.75060015,-765442.7506001517,-2.000349912554315,2.000349912554315,2900.0,4.0,3.0,1.0,Sarjapur Road,Villa,Ready to Move,contractor,True,False,Normal,Repeated Listing
58400000,32712811.31373335,25687188.68626665,78.52332971297629,78.52332971297629,2900.0,4.0,3.0,1.0,Sarjapur Road,Villa,Ready to Move,agent,True,False,Normal,Repeated Listing
48000000,37025599.25003,10974400.749969997,29.640035468058233,29.640035468058233,2768.0,4.0,2.0,1.0,Hennur Gardens,Villa,Under Construction,agent,True,False,Normal,Repeated Listing
28000000,37606391.66004806,-9606391.66004806,-25.544571643265662,25.544571643265662,2900.0,4.0,3.0,1.0,Sarjapur Road,Villa,Ready to Move,contractor,True,False,Normal,Repeated Listing
32500000,55000000.00000105,-22500000.00000105,-40.909090909092036,40.909090909092036,3000.0,4.0,1.0,1.0,Yelahanka,Villa,Under Construction,agent,True,False,Normal,Repeated Listing
58400000,37431002.09585924,20968997.904140763,56.02040215338086,56.02040215338086,2900.0,4.0,3.0,1.0,Sarjapur Road,Villa,Ready to Move,builder,True,False,Normal,Repeated Listing
55000000,30390365.025824584,24609634.974175416,80.97841191859024,80.97841191859024,3000.0,4.0,1.0,1.0,Yelahanka,Villa,Under Construction,builder,True,False,Normal,Repeated Listing
32000000,31907191.702662885,92808.29733711481,0.29086952622461376,0.29086952622461376,2500.0,4.0,1.0,1.0,Devanahalli,Villa,Ready to Move,agent,True,False,Normal,Repeated Listing
50000000,39015269.80292154,10984730.197078459,28.154951260277844,28.154951260277844,3900.0,4.0,1.0,1.0,Devanahalli,Villa,Ready to Move,builder,True,False,Normal,Repeated Listing
50000000,39508261.718489856,10491738.281510144,26.555808393361975,26.555808393361975,3900.0,4.0,1.0,1.0,Devanahalli,Villa,Ready to Move,contractor,True,False,Normal,Repeated Listing
28500000,31953592.868370604,-3453592.868370604,-10.808151942716767,10.808151942716767,2300.0,4.0,3.0,1.0,Thirupalya,Villa,Under Construction,agent,True,False,Normal,Repeated Listing
32000000,32920870.310378253,-920870.3103782535,-2.7972234685665356,2.7972234685665356,2300.0,4.0,3.0,1.0,Thirupalya,Villa,Under Construction,owner,True,False,Normal,Repeated Listing
14800000,14887052.400365748,-87052.40036574751,-0.5847524279796906,0.5847524279796906,2300.0,2.0,3.0,1.0,Thirupalya,Villa,Under Construction,builder,True,False,Normal,Repeated Listing
26500000,26417217.791547924,82782.20845207572,0.3133645984421627,0.3133645984421627,2300.0,5.0,3.0,1.0,Thirupalya,Villa,Under Construction,contractor,True,False,Normal,Repeated Listing
72150000,70039953.84836496,2110046.151635036,3.0126321273758143,3.0126321273758143,2300.0,8.0,3.0,1.0,Thirupalya,Villa,Under Construction,owner,True,False,Normal,Repeated Listing
17500000,18145538.13563871,-645538.1356387101,-3.5575585072941,3.5575585072941,2136.0,5.0,3.0,1.0,Bidaraguppe,Villa,Under Construction,agent,True,False,Normal,Repeated Listing
14000000,14910817.447835509,-910817.4478355087,-6.108434034699588,6.108434034699588,2136.0,4.0,3.0,1.0,Bidaraguppe,Villa,Under Construction,agent,True,False,Normal,Repeated Listing
48000000,37025599.25003,10974400.749969997,29.640035468058233,29.640035468058233,2768.0,4.0,2.0,1.0,Hennur Gardens,Villa,Under Construction,agent,True,False,Normal,Repeated Listing
32500000,55000000.00000105,-22500000.00000105,-40.909090909092036,40.909090909092036,3000.0,4.0,1.0,1.0,Yelahanka,Villa,Under Construction,agent,True,False,Normal,Repeated Listing
37500000,40984055.42728329,-3484055.427283287,-8.501002135976847,8.501002135976847,2900.0,4.0,3.0,1.0,Sarjapur Road,Villa,Ready to Move,builder,True,False,Normal,Repeated Listing
55000000,32501572.606834713,22498427.393165287,69.22258090500557,69.22258090500557,3000.0,4.0,1.0,1.0,Yelahanka,Villa,Under Construction,agent,True,False,Normal,Repeated Listing
28000000,46068493.063934326,-18068493.063934326,-39.22093357570582,39.22093357570582,2900.0,4.0,3.0,1.0,Sarjapur Road,Villa,Ready to Move,agent,True,False,Normal,Repeated Listing
32000000,32245783.615796532,-245783.61579653248,-0.7622193919211449,0.7622193919211449,2500.0,4.0,1.0,1.0,Devanahalli,Villa,Ready to Move,owner,True,False,Normal,Repeated Listing
58400000,27975875.723221403,30424124.276778597,108.7512847775665,108.7512847775665,2900.0,4.0,3.0,1.0,Sarjapur Road,Villa,Ready to Move,owner,True,False,Potentially Overpriced,Repeated Listing
50000000,39015269.80292154,10984730.197078459,28.154951260277844,28.154951260277844,3900.0,4.0,1.0,1.0,Devanahalli,Villa,Ready to Move,builder,True,False,Normal,Repeated Listing
50000000,39015269.80292154,10984730.197078459,28.154951260277844,28.154951260277844,3900.0,4.0,1.0,1.0,Devanahalli,Villa,Ready to Move,builder,True,False,Normal,Repeated Listing
28500000,31953592.868370604,-3453592.868370604,-10.808151942716767,10.808151942716767,2300.0,4.0,3.0,1.0,Thirupalya,Villa,Under Construction,agent,True,False,Normal,Repeated Listing
32000000,27308742.32741032,4691257.672589678,17.17859290752094,17.17859290752094,2300.0,4.0,3.0,1.0,Thirupalya,Villa,Under Construction,builder,True,False,Normal,Repeated Listing
14800000,12925585.31544728,1874414.6845527198,14.501584561223849,14.501584561223849,2300.0,2.0,3.0,1.0,Thirupalya,Villa,Under Construction,owner,True,False,Normal,Repeated Listing
48000000,37025599.25003,10974400.749969997,29.640035468058233,29.640035468058233,2768.0,4.0,2.0,1.0,Hennur Gardens,Villa,Under Construction,agent,True,False,Normal,Repeated Listing
26500000,26417217.791547924,82782.20845207572,0.3133645984421627,0.3133645984421627,2300.0,5.0,3.0,1.0,Thirupalya,Villa,Under Construction,contractor,True,False,Normal,Repeated Listing
32500000,55000000.00000105,-22500000.00000105,-40.909090909092036,40.909090909092036,3000.0,4.0,1.0,1.0,Yelahanka,Villa,Under Construction,agent,True,False,Normal,Repeated Listing
72150000,72298627.36492518,-148627.3649251759,-0.20557425547650263,0.20557425547650263,2300.0,8.0,3.0,1.0,Thirupalya,Villa,Under Construction,contractor,True,False,Normal,Repeated Listing
55000000,30390365.025824584,24609634.974175416,80.97841191859024,80.97841191859024,3000.0,4.0,1.0,1.0,Yelahanka,Villa,Under Construction,builder,True,False,Normal,Repeated Listing
17500000,18145538.13563871,-645538.1356387101,-3.5575585072941,3.5575585072941,2136.0,5.0,3.0,1.0,Bidaraguppe,Villa,Under Construction,agent,True,False,Normal,Repeated Listing
32000000,31907191.702662885,92808.29733711481,0.29086952622461376,0.29086952622461376,2500.0,4.0,1.0,1.0,Devanahalli,Villa,Ready to Move,agent,True,False,Normal,Repeated Listing
14000000,14725707.77437715,-725707.7743771505,-4.928169059825347,4.928169059825347,2136.0,4.0,3.0,1.0,Bidaraguppe,Villa,Under Construction,builder,True,False,Normal,Repeated Listing
50000000,39015269.80292154,10984730.197078459,28.154951260277844,28.154951260277844,3900.0,4.0,1.0,1.0,Devanahalli,Villa,Ready to Move,builder,True,False,Normal,Repeated Listing
37500000,38265442.75060015,-765442.7506001517,-2.000349912554315,2.000349912554315,2900.0,4.0,3.0,1.0,Sarjapur Road,Villa,Ready to Move,contractor,True,False,Normal,Repeated Listing
50000000,39015269.80292154,10984730.197078459,28.154951260277844,28.154951260277844,3900.0,4.0,1.0,1.0,Devanahalli,Villa,Ready to Move,builder,True,False,Normal,Repeated Listing
28000000,49030179.90966302,-21030179.90966302,-42.892316423090115,42.892316423090115,2900.0,4.0,3.0,1.0,Sarjapur Road,Villa,Ready to Move,owner,True,False,Normal,Repeated Listing
28500000,31953592.868370604,-3453592.868370604,-10.808151942716767,10.808151942716767,2300.0,4.0,3.0,1.0,Thirupalya,Villa,Under Construction,agent,True,False,Normal,Repeated Listing
58400000,27975875.723221403,30424124.276778597,108.7512847775665,108.7512847775665,2900.0,4.0,3.0,1.0,Sarjapur Road,Villa,Ready to Move,owner,True,False,Potentially Overpriced,Repeated Listing
32000000,27308742.32741032,4691257.672589678,17.17859290752094,17.17859290752094,2300.0,4.0,3.0,1.0,Thirupalya,Villa,Under Construction,builder,True,False,Normal,Repeated Listing
14800000,14887052.400365748,-87052.40036574751,-0.5847524279796906,0.5847524279796906,2300.0,2.0,3.0,1.0,Thirupalya,Villa,Under Construction,builder,True,False,Normal,Repeated Listing
48000000,37025599.25003,10974400.749969997,29.640035468058233,29.640035468058233,2768.0,4.0,2.0,1.0,Hennur Gardens,Villa,Under Construction,agent,True,False,Normal,Repeated Listing
26500000,27388616.699900262,-888616.699900262,-3.24447455538526,3.24447455538526,2300.0,5.0,3.0,1.0,Thirupalya,Villa,Under Construction,owner,True,False,Normal,Repeated Listing
32500000,55000000.00000105,-22500000.00000105,-40.909090909092036,40.909090909092036,3000.0,4.0,1.0,1.0,Yelahanka,Villa,Under Construction,agent,True,False,Normal,Repeated Listing
55000000,29390377.078481313,25609622.921518687,87.13608149066324,87.13608149066324,3000.0,4.0,1.0,1.0,Yelahanka,Villa,Under Construction,contractor,True,False,Normal,Repeated Listing
72150000,70039953.84836496,2110046.151635036,3.0126321273758143,3.0126321273758143,2300.0,8.0,3.0,1.0,Thirupalya,Villa,Under Construction,owner,True,False,Normal,Repeated Listing
17500000,17173145.52905424,326854.4709457606,1.9032883078570242,1.9032883078570242,2136.0,5.0,3.0,1.0,Bidaraguppe,Villa,Under Construction,contractor,True,False,Normal,Repeated Listing
32000000,32245783.615796532,-245783.61579653248,-0.7622193919211449,0.7622193919211449,2500.0,4.0,1.0,1.0,Devanahalli,Villa,Ready to Move,owner,True,False,Normal,Repeated Listing
50000000,51643741.139716096,-1643741.1397160962,-3.1828467563361587,3.1828467563361587,3900.0,4.0,1.0,1.0,Devanahalli,Villa,Ready to Move,owner,True,False,Normal,Repeated Listing
14000000,15128654.757274574,-1128654.7572745737,-7.460377511304256,7.460377511304256,2136.0,4.0,3.0,1.0,Bidaraguppe,Villa,Under Construction,contractor,True,False,Normal,Repeated Listing
50000000,39508261.718489856,10491738.281510144,26.555808393361975,26.555808393361975,3900.0,4.0,1.0,1.0,Devanahalli,Villa,Ready to Move,contractor,True,False,Normal,Repeated Listing
37500000,40383283.03161897,-2883283.0316189677,-7.139793536254689,7.139793536254689,2900.0,4.0,3.0,1.0,Sarjapur Road,Villa,Ready to Move,agent,True,False,Normal,Repeated Listing
28500000,31953592.868370604,-3453592.868370604,-10.808151942716767,10.808151942716767,2300.0,4.0,3.0,1.0,Thirupalya,Villa,Under Construction,agent,True,False,Normal,Repeated Listing
28000000,37606391.66004806,-9606391.66004806,-25.544571643265662,25.544571643265662,2900.0,4.0,3.0,1.0,Sarjapur Road,Villa,Ready to Move,contractor,True,False,Normal,Repeated Listing
32000000,32920870.310378253,-920870.3103782535,-2.7972234685665356,2.7972234685665356,2300.0,4.0,3.0,1.0,Thirupalya,Villa,Under Construction,owner,True,False,Normal,Repeated Listing
58400000,32712811.31373335,25687188.68626665,78.52332971297629,78.52332971297629,2900.0,4.0,3.0,1.0,Sarjapur Road,Villa,Ready to Move,agent,True,False,Normal,Repeated Listing
14800000,13621647.907160668,1178352.0928393323,8.650583988592839,8.650583988592839,2300.0,2.0,3.0,1.0,Thirupalya,Villa,Under Construction,contractor,True,False,Normal,Repeated Listing
26500000,26417217.791547924,82782.20845207572,0.3133645984421627,0.3133645984421627,2300.0,5.0,3.0,1.0,Thirupalya,Villa,Under Construction,contractor,True,False,Normal,Repeated Listing
72150000,66285680.92557792,5864319.074422076,8.84703753893126,8.84703753893126,2300.0,8.0,3.0,1.0,Thirupalya,Villa,Under Construction,builder,True,False,Normal,Repeated Listing
48000000,37025599.25003,10974400.749969997,29.640035468058233,29.640035468058233,2768.0,4.0,2.0,1.0,Hennur Gardens,Villa,Under Construction,agent,True,False,Normal,Repeated Listing
48000000,37025599.25003,10974400.749969997,29.640035468058233,29.640035468058233,2768.0,4.0,2.0,1.0,Hennur Gardens,Villa,Under Construction,agent,True,False,Normal,Repeated Listing
17500000,18145538.13563871,-645538.1356387101,-3.5575585072941,3.5575585072941,2136.0,5.0,3.0,1.0,Bidaraguppe,Villa,Under Construction,agent,True,False,Normal,Repeated Listing
32500000,55000000.00000105,-22500000.00000105,-40.909090909092036,40.909090909092036,3000.0,4.0,1.0,1.0,Yelahanka,Villa,Under Construction,agent,True,False,Normal,Repeated Listing
32500000,55000000.00000105,-22500000.00000105,-40.909090909092036,40.909090909092036,3000.0,4.0,1.0,1.0,Yelahanka,Villa,Under Construction,agent,True,False,Normal,Repeated Listing
14000000,14910817.447835509,-910817.4478355087,-6.108434034699588,6.108434034699588,2136.0,4.0,3.0,1.0,Bidaraguppe,Villa,Under Construction,agent,True,False,Normal,Repeated Listing
55000000,29390377.078481313,25609622.921518687,87.13608149066324,87.13608149066324,3000.0,4.0,1.0,1.0,Yelahanka,Villa,Under Construction,contractor,True,False,Normal,Repeated Listing
55000000,32501572.606834713,22498427.393165287,69.22258090500557,69.22258090500557,3000.0,4.0,1.0,1.0,Yelahanka,Villa,Under Construction,agent,True,False,Normal,Repeated Listing
37500000,38265442.75060015,-765442.7506001517,-2.000349912554315,2.000349912554315,2900.0,4.0,3.0,1.0,Sarjapur Road,Villa,Ready to Move,contractor,True,False,Normal,Repeated Listing
32000000,31907191.702662885,92808.29733711481,0.29086952622461376,0.29086952622461376,2500.0,4.0,1.0,1.0,Devanahalli,Villa,Ready to Move,agent,True,False,Normal,Repeated Listing
32000000,32038291.658905108,-38291.65890510753,-0.11951841662713712,0.11951841662713712,2500.0,4.0,1.0,1.0,Devanahalli,Villa,Ready to Move,builder,True,False,Normal,Repeated Listing
28000000,49030179.90966302,-21030179.90966302,-42.892316423090115,42.892316423090115,2900.0,4.0,3.0,1.0,Sarjapur Road,Villa,Ready to Move,owner,True,False,Normal,Repeated Listing
50000000,39015269.80292154,10984730.197078459,28.154951260277844,28.154951260277844,3900.0,4.0,1.0,1.0,Devanahalli,Villa,Ready to Move,builder,True,False,Normal,Repeated Listing
50000000,39015269.80292154,10984730.197078459,28.154951260277844,28.154951260277844,3900.0,4.0,1.0,1.0,Devanahalli,Villa,Ready to Move,builder,True,False,Normal,Repeated Listing
50000000,39508261.718489856,10491738.281510144,26.555808393361975,26.555808393361975,3900.0,4.0,1.0,1.0,Devanahalli,Villa,Ready to Move,contractor,True,False,Normal,Repeated Listing
58400000,32712811.31373335,25687188.68626665,78.52332971297629,78.52332971297629,2900.0,4.0,3.0,1.0,Sarjapur Road,Villa,Ready to Move,agent,True,False,Normal,Repeated Listing
50000000,39015269.80292154,10984730.197078459,28.154951260277844,28.154951260277844,3900.0,4.0,1.0,1.0,Devanahalli,Villa,Ready to Move,builder,True,False,Normal,Repeated Listing
28500000,31953592.868370604,-3453592.868370604,-10.808151942716767,10.808151942716767,2300.0,4.0,3.0,1.0,Thirupalya,Villa,Under Construction,agent,True,False,Normal,Repeated Listing
28500000,31953592.868370604,-3453592.868370604,-10.808151942716767,10.808151942716767,2300.0,4.0,3.0,1.0,Thirupalya,Villa,Under Construction,agent,True,False,Normal,Repeated Listing
32000000,28503241.98318361,3496758.016816389,12.267930851091997,12.267930851091997,2300.0,4.0,3.0,1.0,Thirupalya,Villa,Under Construction,agent,True,False,Normal,Repeated Listing
32000000,27308742.32741032,4691257.672589678,17.17859290752094,17.17859290752094,2300.0,4.0,3.0,1.0,Thirupalya,Villa,Under Construction,builder,True,False,Normal,Repeated Listing
14800000,14887052.400365748,-87052.40036574751,-0.5847524279796906,0.5847524279796906,2300.0,2.0,3.0,1.0,Thirupalya,Villa,Under Construction,builder,True,False,Normal,Repeated Listing
14800000,12925585.31544728,1874414.6845527198,14.501584561223849,14.501584561223849,2300.0,2.0,3.0,1.0,Thirupalya,Villa,Under Construction,owner,True,False,Normal,Repeated Listing
26500000,26738502.473351225,-238502.47335122526,-0.8919814173921197,0.8919814173921197,2300.0,5.0,3.0,1.0,Thirupalya,Villa,Under Construction,agent,True,False,Normal,Repeated Listing
26500000,27388616.699900262,-888616.699900262,-3.24447455538526,3.24447455538526,2300.0,5.0,3.0,1.0,Thirupalya,Villa,Under Construction,owner,True,False,Normal,Repeated Listing
72150000,66285680.92557792,5864319.074422076,8.84703753893126,8.84703753893126,2300.0,8.0,3.0,1.0,Thirupalya,Villa,Under Construction,builder,True,False,Normal,Repeated Listing
48000000,37025599.25003,10974400.749969997,29.640035468058233,29.640035468058233,2768.0,4.0,2.0,1.0,Hennur Gardens,Villa,Under Construction,agent,True,False,Normal,Repeated Listing
72150000,72298627.36492518,-148627.3649251759,-0.20557425547650263,0.20557425547650263,2300.0,8.0,3.0,1.0,Thirupalya,Villa,Under Construction,contractor,True,False,Normal,Repeated Listing
17500000,17173145.52905424,326854.4709457606,1.9032883078570242,1.9032883078570242,2136.0,5.0,3.0,1.0,Bidaraguppe,Villa,Under Construction,contractor,True,False,Normal,Repeated Listing
32500000,55000000.00000105,-22500000.00000105,-40.909090909092036,40.909090909092036,3000.0,4.0,1.0,1.0,Yelahanka,Villa,Under Construction,agent,True,False,Normal,Repeated Listing
55000000,55695508.54837928,-695508.5483792797,-1.2487695444510287,1.2487695444510287,3000.0,4.0,1.0,1.0,Yelahanka,Villa,Under Construction,owner,True,False,Normal,Repeated Listing
17500000,17173145.52905424,326854.4709457606,1.9032883078570242,1.9032883078570242,2136.0,5.0,3.0,1.0,Bidaraguppe,Villa,Under Construction,contractor,True,False,Normal,Repeated Listing
14000000,15128654.757274574,-1128654.7572745737,-7.460377511304256,7.460377511304256,2136.0,4.0,3.0,1.0,Bidaraguppe,Villa,Under Construction,contractor,True,False,Normal,Repeated Listing
14000000,15128654.757274574,-1128654.7572745737,-7.460377511304256,7.460377511304256,2136.0,4.0,3.0,1.0,Bidaraguppe,Villa,Under Construction,contractor,True,False,Normal,Repeated Listing
37500000,27975875.723221403,9524124.276778597,34.04406128696479,34.04406128696479,2900.0,4.0,3.0,1.0,Sarjapur Road,Villa,Ready to Move,owner,True,False,Normal,Repeated Listing
32000000,31907191.702662885,92808.29733711481,0.29086952622461376,0.29086952622461376,2500.0,4.0,1.0,1.0,Devanahalli,Villa,Ready to Move,agent,True,False,Normal,Repeated Listing
37500000,38265442.75060015,-765442.7506001517,-2.000349912554315,2.000349912554315,2900.0,4.0,3.0,1.0,Sarjapur Road,Villa,Ready to Move,contractor,True,False,Normal,Repeated Listing
28000000,37431002.09585924,-9431002.095859237,-25.195697597694107,25.195697597694107,2900.0,4.0,3.0,1.0,Sarjapur Road,Villa,Ready to Move,builder,True,False,Normal,Repeated Listing
28000000,37431002.09585924,-9431002.095859237,-25.195697597694107,25.195697597694107,2900.0,4.0,3.0,1.0,Sarjapur Road,Villa,Ready to Move,builder,True,False,Normal,Repeated Listing
58400000,37606391.66004806,20793608.33995194,55.29275057261734,55.29275057261734,2900.0,4.0,3.0,1.0,Sarjapur Road,Villa,Ready to Move,contractor,True,False,Normal,Repeated Listing
50000000,39508261.718489856,10491738.281510144,26.555808393361975,26.555808393361975,3900.0,4.0,1.0,1.0,Devanahalli,Villa,Ready to Move,contractor,True,False,Normal,Repeated Listing
50000000,39015269.80292154,10984730.197078459,28.154951260277844,28.154951260277844,3900.0,4.0,1.0,1.0,Devanahalli,Villa,Ready to Move,builder,True,False,Normal,Repeated Listing
58400000,27975875.723221403,30424124.276778597,108.7512847775665,108.7512847775665,2900.0,4.0,3.0,1.0,Sarjapur Road,Villa,Ready to Move,owner,True,False,Potentially Overpriced,Repeated Listing
28500000,31953592.868370604,-3453592.868370604,-10.808151942716767,10.808151942716767,2300.0,4.0,3.0,1.0,Thirupalya,Villa,Under Construction,agent,True,False,Normal,Repeated Listing
32000000,27308742.32741032,4691257.672589678,17.17859290752094,17.17859290752094,2300.0,4.0,3.0,1.0,Thirupalya,Villa,Under Construction,builder,True,False,Normal,Repeated Listing
14800000,13540530.005592821,1259469.9944071788,9.301482245428824,9.301482245428824,2300.0,2.0,3.0,1.0,Thirupalya,Villa,Under Construction,agent,True,False,Normal,Repeated Listing
26500000,26738502.473351225,-238502.47335122526,-0.8919814173921197,0.8919814173921197,2300.0,5.0,3.0,1.0,Thirupalya,Villa,Under Construction,agent,True,False,Normal,Repeated Listing
72150000,70039953.84836496,2110046.151635036,3.0126321273758143,3.0126321273758143,2300.0,8.0,3.0,1.0,Thirupalya,Villa,Under Construction,owner,True,False,Normal,Repeated Listing
17500000,17173145.52905424,326854.4709457606,1.9032883078570242,1.9032883078570242,2136.0,5.0,3.0,1.0,Bidaraguppe,Villa,Under Construction,contractor,True,False,Normal,Repeated Listing
48000000,37025599.25003,10974400.749969997,29.640035468058233,29.640035468058233,2768.0,4.0,2.0,1.0,Hennur Gardens,Villa,Under Construction,agent,True,False,Normal,Repeated Listing
14000000,15128654.757274574,-1128654.7572745737,-7.460377511304256,7.460377511304256,2136.0,4.0,3.0,1.0,Bidaraguppe,Villa,Under Construction,contractor,True,False,Normal,Repeated Listing
32500000,55000000.00000105,-22500000.00000105,-40.909090909092036,40.909090909092036,3000.0,4.0,1.0,1.0,Yelahanka,Villa,Under Construction,agent,True,False,Normal,Repeated Listing
37500000,40984055.42728329,-3484055.427283287,-8.501002135976847,8.501002135976847,2900.0,4.0,3.0,1.0,Sarjapur Road,Villa,Ready to Move,builder,True,False,Normal,Repeated Listing
55000000,55695508.54837928,-695508.5483792797,-1.2487695444510287,1.2487695444510287,3000.0,4.0,1.0,1.0,Yelahanka,Villa,Under Construction,owner,True,False,Normal,Repeated Listing
28000000,46068493.063934326,-18068493.063934326,-39.22093357570582,39.22093357570582,2900.0,4.0,3.0,1.0,Sarjapur Road,Villa,Ready to Move,agent,True,False,Normal,Repeated Listing
32000000,32245783.615796532,-245783.61579653248,-0.7622193919211449,0.7622193919211449,2500.0,4.0,1.0,1.0,Devanahalli,Villa,Ready to Move,owner,True,False,Normal,Repeated Listing
58400000,32712811.31373335,25687188.68626665,78.52332971297629,78.52332971297629,2900.0,4.0,3.0,1.0,Sarjapur Road,Villa,Ready to Move,agent,True,False,Normal,Repeated Listing
50000000,54695997.069464624,-4695997.069464624,-8.58563207742725,8.58563207742725,3900.0,4.0,1.0,1.0,Devanahalli,Villa,Ready to Move,agent,True,False,Normal,Repeated Listing
50000000,39015269.80292154,10984730.197078459,28.154951260277844,28.154951260277844,3900.0,4.0,1.0,1.0,Devanahalli,Villa,Ready to Move,builder,True,False,Normal,Repeated Listing
28500000,31953592.868370604,-3453592.868370604,-10.808151942716767,10.808151942716767,2300.0,4.0,3.0,1.0,Thirupalya,Villa,Under Construction,agent,True,False,Normal,Repeated Listing
32000000,27308742.32741032,4691257.672589678,17.17859290752094,17.17859290752094,2300.0,4.0,3.0,1.0,Thirupalya,Villa,Under Construction,builder,True,False,Normal,Repeated Listing
14800000,13621647.907160668,1178352.0928393323,8.650583988592839,8.650583988592839,2300.0,2.0,3.0,1.0,Thirupalya,Villa,Under Construction,contractor,True,False,Normal,Repeated Listing
26500000,26417217.791547924,82782.20845207572,0.3133645984421627,0.3133645984421627,2300.0,5.0,3.0,1.0,Thirupalya,Villa,Under Construction,contractor,True,False,Normal,Repeated Listing
72150000,71757171.8637932,392828.1362068057,0.5474409400532919,0.5474409400532919,2300.0,8.0,3.0,1.0,Thirupalya,Villa,Under Construction,agent,True,False,Normal,Repeated Listing
17500000,16609807.208783785,890192.7912162151,5.359440841344946,5.359440841344946,2136.0,5.0,3.0,1.0,Bidaraguppe,Villa,Under Construction,owner,True,False,Normal,Repeated Listing
14000000,14725707.77437715,-725707.7743771505,-4.928169059825347,4.928169059825347,2136.0,4.0,3.0,1.0,Bidaraguppe,Villa,Under Construction,builder,True,False,Normal,Repeated Listing
37500000,38265442.75060015,-765442.7506001517,-2.000349912554315,2.000349912554315,2900.0,4.0,3.0,1.0,Sarjapur Road,Villa,Ready to Move,contractor,True,False,Normal,Repeated Listing
28000000,49030179.90966302,-21030179.90966302,-42.892316423090115,42.892316423090115,2900.0,4.0,3.0,1.0,Sarjapur Road,Villa,Ready to Move,owner,True,False,Normal,Repeated Listing
48000000,37025599.25003,10974400.749969997,29.640035468058233,29.640035468058233,2768.0,4.0,2.0,1.0,Hennur Gardens,Villa,Under Construction,agent,True,False,Normal,Repeated Listing
32500000,55000000.00000105,-22500000.00000105,-40.909090909092036,40.909090909092036,3000.0,4.0,1.0,1.0,Yelahanka,Villa,Under Construction,agent,True,False,Normal,Repeated Listing
58400000,37431002.09585924,20968997.904140763,56.02040215338086,56.02040215338086,2900.0,4.0,3.0,1.0,Sarjapur Road,Villa,Ready to Move,builder,True,False,Normal,Repeated Listing
55000000,29390377.078481313,25609622.921518687,87.13608149066324,87.13608149066324,3000.0,4.0,1.0,1.0,Yelahanka,Villa,Under Construction,contractor,True,False,Normal,Repeated Listing
32000000,32038291.658905108,-38291.65890510753,-0.11951841662713712,0.11951841662713712,2500.0,4.0,1.0,1.0,Devanahalli,Villa,Ready to Move,builder,True,False,Normal,Repeated Listing
50000000,51643741.139716096,-1643741.1397160962,-3.1828467563361587,3.1828467563361587,3900.0,4.0,1.0,1.0,Devanahalli,Villa,Ready to Move,owner,True,False,Normal,Repeated Listing
48000000,37025599.25003,10974400.749969997,29.640035468058233,29.640035468058233,2768.0,4.0,2.0,1.0,Hennur Gardens,Villa,Under Construction,agent,True,False,Normal,Repeated Listing
50000000,39015269.80292154,10984730.197078459,28.154951260277844,28.154951260277844,3900.0,4.0,1.0,1.0,Devanahalli,Villa,Ready to Move,builder,True,False,Normal,Repeated Listing
32500000,55000000.00000105,-22500000.00000105,-40.909090909092036,40.909090909092036,3000.0,4.0,1.0,1.0,Yelahanka,Villa,Under Construction,agent,True,False,Normal,Repeated Listing
28500000,31953592.868370604,-3453592.868370604,-10.808151942716767,10.808151942716767,2300.0,4.0,3.0,1.0,Thirupalya,Villa,Under Construction,agent,True,False,Normal,Repeated Listing
55000000,29390377.078481313,25609622.921518687,87.13608149066324,87.13608149066324,3000.0,4.0,1.0,1.0,Yelahanka,Villa,Under Construction,contractor,True,False,Normal,Repeated Listing
32000000,26204143.74423012,5795856.255769879,22.118090605597697,22.118090605597697,2300.0,4.0,3.0,1.0,Thirupalya,Villa,Under Construction,contractor,True,False,Normal,Repeated Listing
32000000,32245783.615796532,-245783.61579653248,-0.7622193919211449,0.7622193919211449,2500.0,4.0,1.0,1.0,Devanahalli,Villa,Ready to Move,owner,True,False,Normal,Repeated Listing
14800000,12925585.31544728,1874414.6845527198,14.501584561223849,14.501584561223849,2300.0,2.0,3.0,1.0,Thirupalya,Villa,Under Construction,owner,True,False,Normal,Repeated Listing
50000000,39015269.80292154,10984730.197078459,28.154951260277844,28.154951260277844,3900.0,4.0,1.0,1.0,Devanahalli,Villa,Ready to Move,builder,True,False,Normal,Repeated Listing
26500000,26713128.55074389,-213128.55074388906,-0.7978419687496843,0.7978419687496843,2300.0,5.0,3.0,1.0,Thirupalya,Villa,Under Construction,builder,True,False,Normal,Repeated Listing
50000000,39015269.80292154,10984730.197078459,28.154951260277844,28.154951260277844,3900.0,4.0,1.0,1.0,Devanahalli,Villa,Ready to Move,builder,True,False,Normal,Repeated Listing
72150000,71757171.8637932,392828.1362068057,0.5474409400532919,0.5474409400532919,2300.0,8.0,3.0,1.0,Thirupalya,Villa,Under Construction,agent,True,False,Normal,Repeated Listing
28500000,31953592.868370604,-3453592.868370604,-10.808151942716767,10.808151942716767,2300.0,4.0,3.0,1.0,Thirupalya,Villa,Under Construction,agent,True,False,Normal,Repeated Listing
17500000,18172562.31527548,-672562.3152754791,-3.7009768001188097,3.7009768001188097,2136.0,5.0,3.0,1.0,Bidaraguppe,Villa,Under Construction,builder,True,False,Normal,Repeated Listing
32000000,27308742.32741032,4691257.672589678,17.17859290752094,17.17859290752094,2300.0,4.0,3.0,1.0,Thirupalya,Villa,Under Construction,builder,True,False,Normal,Repeated Listing
14000000,14725707.77437715,-725707.7743771505,-4.928169059825347,4.928169059825347,2136.0,4.0,3.0,1.0,Bidaraguppe,Villa,Under Construction,builder,True,False,Normal,Repeated Listing
14800000,12925585.31544728,1874414.6845527198,14.501584561223849,14.501584561223849,2300.0,2.0,3.0,1.0,Thirupalya,Villa,Under Construction,owner,True,False,Normal,Repeated Listing
37500000,38265442.75060015,-765442.7506001517,-2.000349912554315,2.000349912554315,2900.0,4.0,3.0,1.0,Sarjapur Road,Villa,Ready to Move,contractor,True,False,Normal,Repeated Listing
26500000,26417217.791547924,82782.20845207572,0.3133645984421627,0.3133645984421627,2300.0,5.0,3.0,1.0,Thirupalya,Villa,Under Construction,contractor,True,False,Normal,Repeated Listing
28000000,37606391.66004806,-9606391.66004806,-25.544571643265662,25.544571643265662,2900.0,4.0,3.0,1.0,Sarjapur Road,Villa,Ready to Move,contractor,True,False,Normal,Repeated Listing
72150000,71757171.8637932,392828.1362068057,0.5474409400532919,0.5474409400532919,2300.0,8.0,3.0,1.0,Thirupalya,Villa,Under Construction,agent,True,False,Normal,Repeated Listing
58400000,37431002.09585924,20968997.904140763,56.02040215338086,56.02040215338086,2900.0,4.0,3.0,1.0,Sarjapur Road,Villa,Ready to Move,builder,True,False,Normal,Repeated Listing
17500000,16609807.208783785,890192.7912162151,5.359440841344946,5.359440841344946,2136.0,5.0,3.0,1.0,Bidaraguppe,Villa,Under Construction,owner,True,False,Normal,Repeated Listing
14000000,15128654.757274574,-1128654.7572745737,-7.460377511304256,7.460377511304256,2136.0,4.0,3.0,1.0,Bidaraguppe,Villa,Under Construction,contractor,True,False,Normal,Repeated Listing
37500000,38265442.75060015,-765442.7506001517,-2.000349912554315,2.000349912554315,2900.0,4.0,3.0,1.0,Sarjapur Road,Villa,Ready to Move,contractor,True,False,Normal,Repeated Listing
28000000,46068493.063934326,-18068493.063934326,-39.22093357570582,39.22093357570582,2900.0,4.0,3.0,1.0,Sarjapur Road,Villa,Ready to Move,agent,True,False,Normal,Repeated Listing
58400000,27975875.723221403,30424124.276778597,108.7512847775665,108.7512847775665,2900.0,4.0,3.0,1.0,Sarjapur Road,Villa,Ready to Move,owner,True,False,Potentially Overpriced,Repeated Listing
48000000,37025599.25003,10974400.749969997,29.640035468058233,29.640035468058233,2768.0,4.0,2.0,1.0,Hennur Gardens,Villa,Under Construction,agent,True,False,Normal,Repeated Listing
32500000,55000000.00000105,-22500000.00000105,-40.909090909092036,40.909090909092036,3000.0,4.0,1.0,1.0,Yelahanka,Villa,Under Construction,agent,True,False,Normal,Repeated Listing
55000000,55695508.54837928,-695508.5483792797,-1.2487695444510287,1.2487695444510287,3000.0,4.0,1.0,1.0,Yelahanka,Villa,Under Construction,owner,True,False,Normal,Repeated Listing
32000000,32245783.615796532,-245783.61579653248,-0.7622193919211449,0.7622193919211449,2500.0,4.0,1.0,1.0,Devanahalli,Villa,Ready to Move,owner,True,False,Normal,Repeated Listing
50000000,39508261.718489856,10491738.281510144,26.555808393361975,26.555808393361975,3900.0,4.0,1.0,1.0,Devanahalli,Villa,Ready to Move,contractor,True,False,Normal,Repeated Listing
50000000,51643741.139716096,-1643741.1397160962,-3.1828467563361587,3.1828467563361587,3900.0,4.0,1.0,1.0,Devanahalli,Villa,Ready to Move,owner,True,False,Normal,Repeated Listing
28500000,31953592.868370604,-3453592.868370604,-10.808151942716767,10.808151942716767,2300.0,4.0,3.0,1.0,Thirupalya,Villa,Under Construction,agent,True,False,Normal,Repeated Listing
48000000,37025599.25003,10974400.749969997,29.640035468058233,29.640035468058233,2768.0,4.0,2.0,1.0,Hennur Gardens,Villa,Under Construction,agent,True,False,Normal,Repeated Listing
32000000,27308742.32741032,4691257.672589678,17.17859290752094,17.17859290752094,2300.0,4.0,3.0,1.0,Thirupalya,Villa,Under Construction,builder,True,False,Normal,Repeated Listing
32500000,55000000.00000105,-22500000.00000105,-40.909090909092036,40.909090909092036,3000.0,4.0,1.0,1.0,Yelahanka,Villa,Under Construction,agent,True,False,Normal,Repeated Listing
14800000,14887052.400365748,-87052.40036574751,-0.5847524279796906,0.5847524279796906,2300.0,2.0,3.0,1.0,Thirupalya,Villa,Under Construction,builder,True,False,Normal,Repeated Listing
55000000,29390377.078481313,25609622.921518687,87.13608149066324,87.13608149066324,3000.0,4.0,1.0,1.0,Yelahanka,Villa,Under Construction,contractor,True,False,Normal,Repeated Listing
48000000,37025599.25003,10974400.749969997,29.640035468058233,29.640035468058233,2768.0,4.0,2.0,1.0,Hennur Gardens,Villa,Under Construction,agent,True,False,Normal,Repeated Listing
26500000,26738502.473351225,-238502.47335122526,-0.8919814173921197,0.8919814173921197,2300.0,5.0,3.0,1.0,Thirupalya,Villa,Under Construction,agent,True,False,Normal,Repeated Listing
32000000,32038291.658905108,-38291.65890510753,-0.11951841662713712,0.11951841662713712,2500.0,4.0,1.0,1.0,Devanahalli,Villa,Ready to Move,builder,True,False,Normal,Repeated Listing
32500000,55000000.00000105,-22500000.00000105,-40.909090909092036,40.909090909092036,3000.0,4.0,1.0,1.0,Yelahanka,Villa,Under Construction,agent,True,False,Normal,Repeated Listing
72150000,66285680.92557792,5864319.074422076,8.84703753893126,8.84703753893126,2300.0,8.0,3.0,1.0,Thirupalya,Villa,Under Construction,builder,True,False,Normal,Repeated Listing
50000000,54695997.069464624,-4695997.069464624,-8.58563207742725,8.58563207742725,3900.0,4.0,1.0,1.0,Devanahalli,Villa,Ready to Move,agent,True,False,Normal,Repeated Listing
55000000,30390365.025824584,24609634.974175416,80.97841191859024,80.97841191859024,3000.0,4.0,1.0,1.0,Yelahanka,Villa,Under Construction,builder,True,False,Normal,Repeated Listing
17500000,17173145.52905424,326854.4709457606,1.9032883078570242,1.9032883078570242,2136.0,5.0,3.0,1.0,Bidaraguppe,Villa,Under Construction,contractor,True,False,Normal,Repeated Listing
50000000,54695997.069464624,-4695997.069464624,-8.58563207742725,8.58563207742725,3900.0,4.0,1.0,1.0,Devanahalli,Villa,Ready to Move,agent,True,False,Normal,Repeated Listing
32000000,31848821.784964718,151178.21503528208,0.47467443554427097,0.47467443554427097,2500.0,4.0,1.0,1.0,Devanahalli,Villa,Ready to Move,contractor,True,False,Normal,Repeated Listing
14000000,14910817.447835509,-910817.4478355087,-6.108434034699588,6.108434034699588,2136.0,4.0,3.0,1.0,Bidaraguppe,Villa,Under Construction,agent,True,False,Normal,Repeated Listing
28500000,31953592.868370604,-3453592.868370604,-10.808151942716767,10.808151942716767,2300.0,4.0,3.0,1.0,Thirupalya,Villa,Under Construction,agent,True,False,Normal,Repeated Listing
50000000,54695997.069464624,-4695997.069464624,-8.58563207742725,8.58563207742725,3900.0,4.0,1.0,1.0,Devanahalli,Villa,Ready to Move,agent,True,False,Normal,Repeated Listing
48000000,37025599.25003,10974400.749969997,29.640035468058233,29.640035468058233,2768.0,4.0,2.0,1.0,Hennur Gardens,Villa,Under Construction,agent,True,False,Normal,Repeated Listing
37500000,27975875.723221403,9524124.276778597,34.04406128696479,34.04406128696479,2900.0,4.0,3.0,1.0,Sarjapur Road,Villa,Ready to Move,owner,True,False,Normal,Repeated Listing
32000000,26204143.74423012,5795856.255769879,22.118090605597697,22.118090605597697,2300.0,4.0,3.0,1.0,Thirupalya,Villa,Under Construction,contractor,True,False,Normal,Repeated Listing
50000000,39015269.80292154,10984730.197078459,28.154951260277844,28.154951260277844,3900.0,4.0,1.0,1.0,Devanahalli,Villa,Ready to Move,builder,True,False,Normal,Repeated Listing
32500000,55000000.00000105,-22500000.00000105,-40.909090909092036,40.909090909092036,3000.0,4.0,1.0,1.0,Yelahanka,Villa,Under Construction,agent,True,False,Normal,Repeated Listing
48000000,37025599.25003,10974400.749969997,29.640035468058233,29.640035468058233,2768.0,4.0,2.0,1.0,Hennur Gardens,Villa,Under Construction,agent,True,False,Normal,Repeated Listing
28000000,37606391.66004806,-9606391.66004806,-25.544571643265662,25.544571643265662,2900.0,4.0,3.0,1.0,Sarjapur Road,Villa,Ready to Move,contractor,True,False,Normal,Repeated Listing
14800000,13621647.907160668,1178352.0928393323,8.650583988592839,8.650583988592839,2300.0,2.0,3.0,1.0,Thirupalya,Villa,Under Construction,contractor,True,False,Normal,Repeated Listing
28500000,31953592.868370604,-3453592.868370604,-10.808151942716767,10.808151942716767,2300.0,4.0,3.0,1.0,Thirupalya,Villa,Under Construction,agent,True,False,Normal,Repeated Listing
55000000,55695508.54837928,-695508.5483792797,-1.2487695444510287,1.2487695444510287,3000.0,4.0,1.0,1.0,Yelahanka,Villa,Under Construction,owner,True,False,Normal,Repeated Listing
32000000,32038291.658905108,-38291.65890510753,-0.11951841662713712,0.11951841662713712,2500.0,4.0,1.0,1.0,Devanahalli,Villa,Ready to Move,builder,True,False,Normal,Repeated Listing
32500000,55000000.00000105,-22500000.00000105,-40.909090909092036,40.909090909092036,3000.0,4.0,1.0,1.0,Yelahanka,Villa,Under Construction,agent,True,False,Normal,Repeated Listing
55000000,29390377.078481313,25609622.921518687,87.13608149066324,87.13608149066324,3000.0,4.0,1.0,1.0,Yelahanka,Villa,Under Construction,contractor,True,False,Normal,Repeated Listing
58400000,37431002.09585924,20968997.904140763,56.02040215338086,56.02040215338086,2900.0,4.0,3.0,1.0,Sarjapur Road,Villa,Ready to Move,builder,True,False,Normal,Repeated Listing
26500000,26417217.791547924,82782.20845207572,0.3133645984421627,0.3133645984421627,2300.0,5.0,3.0,1.0,Thirupalya,Villa,Under Construction,contractor,True,False,Normal,Repeated Listing
72150000,72298627.36492518,-148627.3649251759,-0.20557425547650263,0.20557425547650263,2300.0,8.0,3.0,1.0,Thirupalya,Villa,Under Construction,contractor,True,False,Normal,Repeated Listing
32000000,28503241.98318361,3496758.016816389,12.267930851091997,12.267930851091997,2300.0,4.0,3.0,1.0,Thirupalya,Villa,Under Construction,agent,True,False,Normal,Repeated Listing
14800000,13621647.907160668,1178352.0928393323,8.650583988592839,8.650583988592839,2300.0,2.0,3.0,1.0,Thirupalya,Villa,Under Construction,contractor,True,False,Normal,Repeated Listing
50000000,39015269.80292154,10984730.197078459,28.154951260277844,28.154951260277844,3900.0,4.0,1.0,1.0,Devanahalli,Villa,Ready to Move,builder,True,False,Normal,Repeated Listing
50000000,54695997.069464624,-4695997.069464624,-8.58563207742725,8.58563207742725,3900.0,4.0,1.0,1.0,Devanahalli,Villa,Ready to Move,agent,True,False,Normal,Repeated Listing
32000000,32038291.658905108,-38291.65890510753,-0.11951841662713712,0.11951841662713712,2500.0,4.0,1.0,1.0,Devanahalli,Villa,Ready to Move,builder,True,False,Normal,Repeated Listing
50000000,39508261.718489856,10491738.281510144,26.555808393361975,26.555808393361975,3900.0,4.0,1.0,1.0,Devanahalli,Villa,Ready to Move,contractor,True,False,Normal,Repeated Listing
48000000,37025599.25003,10974400.749969997,29.640035468058233,29.640035468058233,2768.0,4.0,2.0,1.0,Hennur Gardens,Villa,Under Construction,agent,True,False,Normal,Repeated Listing
17500000,18172562.31527548,-672562.3152754791,-3.7009768001188097,3.7009768001188097,2136.0,5.0,3.0,1.0,Bidaraguppe,Villa,Under Construction,builder,True,False,Normal,Repeated Listing
14000000,13993172.009470293,6827.990529706702,0.048795158989581894,0.048795158989581894,2136.0,4.0,3.0,1.0,Bidaraguppe,Villa,Under Construction,owner,True,False,Normal,Repeated Listing
26500000,26713128.55074389,-213128.55074388906,-0.7978419687496843,0.7978419687496843,2300.0,5.0,3.0,1.0,Thirupalya,Villa,Under Construction,builder,True,False,Normal,Repeated Listing
72150000,66285680.92557792,5864319.074422076,8.84703753893126,8.84703753893126,2300.0,8.0,3.0,1.0,Thirupalya,Villa,Under Construction,builder,True,False,Normal,Repeated Listing
28500000,31953592.868370604,-3453592.868370604,-10.808151942716767,10.808151942716767,2300.0,4.0,3.0,1.0,Thirupalya,Villa,Under Construction,agent,True,False,Normal,Repeated Listing
32000000,27308742.32741032,4691257.672589678,17.17859290752094,17.17859290752094,2300.0,4.0,3.0,1.0,Thirupalya,Villa,Under Construction,builder,True,False,Normal,Repeated Listing
50000000,51643741.139716096,-1643741.1397160962,-3.1828467563361587,3.1828467563361587,3900.0,4.0,1.0,1.0,Devanahalli,Villa,Ready to Move,owner,True,False,Normal,Repeated Listing
28500000,31953592.868370604,-3453592.868370604,-10.808151942716767,10.808151942716767,2300.0,4.0,3.0,1.0,Thirupalya,Villa,Under Construction,agent,True,False,Normal,Repeated Listing
48000000,37025599.25003,10974400.749969997,29.640035468058233,29.640035468058233,2768.0,4.0,2.0,1.0,Hennur Gardens,Villa,Under Construction,agent,True,False,Normal,Repeated Listing
32500000,55000000.00000105,-22500000.00000105,-40.909090909092036,40.909090909092036,3000.0,4.0,1.0,1.0,Yelahanka,Villa,Under Construction,agent,True,False,Normal,Repeated Listing
32500000,55000000.00000105,-22500000.00000105,-40.909090909092036,40.909090909092036,3000.0,4.0,1.0,1.0,Yelahanka,Villa,Under Construction,agent,True,False,Normal,Repeated Listing
55000000,29390377.078481313,25609622.921518687,87.13608149066324,87.13608149066324,3000.0,4.0,1.0,1.0,Yelahanka,Villa,Under Construction,contractor,True,False,Normal,Repeated Listing
37500000,40984055.42728329,-3484055.427283287,-8.501002135976847,8.501002135976847,2900.0,4.0,3.0,1.0,Sarjapur Road,Villa,Ready to Move,builder,True,False,Normal,Repeated Listing
28000000,37431002.09585924,-9431002.095859237,-25.195697597694107,25.195697597694107,2900.0,4.0,3.0,1.0,Sarjapur Road,Villa,Ready to Move,builder,True,False,Normal,Repeated Listing
17500000,18145538.13563871,-645538.1356387101,-3.5575585072941,3.5575585072941,2136.0,5.0,3.0,1.0,Bidaraguppe,Villa,Under Construction,agent,True,False,Normal,Repeated Listing
14000000,13993172.009470293,6827.990529706702,0.048795158989581894,0.048795158989581894,2136.0,4.0,3.0,1.0,Bidaraguppe,Villa,Under Construction,owner,True,False,Normal,Repeated Listing
14800000,12925585.31544728,1874414.6845527198,14.501584561223849,14.501584561223849,2300.0,2.0,3.0,1.0,Thirupalya,Villa,Under Construction,owner,True,False,Normal,Repeated Listing
26500000,26417217.791547924,82782.20845207572,0.3133645984421627,0.3133645984421627,2300.0,5.0,3.0,1.0,Thirupalya,Villa,Under Construction,contractor,True,False,Normal,Repeated Listing
32000000,32920870.310378253,-920870.3103782535,-2.7972234685665356,2.7972234685665356,2300.0,4.0,3.0,1.0,Thirupalya,Villa,Under Construction,owner,True,False,Normal,Repeated Listing
14800000,13621647.907160668,1178352.0928393323,8.650583988592839,8.650583988592839,2300.0,2.0,3.0,1.0,Thirupalya,Villa,Under Construction,contractor,True,False,Normal,Repeated Listing
55000000,30390365.025824584,24609634.974175416,80.97841191859024,80.97841191859024,3000.0,4.0,1.0,1.0,Yelahanka,Villa,Under Construction,builder,True,False,Normal,Repeated Listing
32000000,31907191.702662885,92808.29733711481,0.29086952622461376,0.29086952622461376,2500.0,4.0,1.0,1.0,Devanahalli,Villa,Ready to Move,agent,True,False,Normal,Repeated Listing
32000000,31848821.784964718,151178.21503528208,0.47467443554427097,0.47467443554427097,2500.0,4.0,1.0,1.0,Devanahalli,Villa,Ready to Move,contractor,True,False,Normal,Repeated Listing
50000000,39508261.718489856,10491738.281510144,26.555808393361975,26.555808393361975,3900.0,4.0,1.0,1.0,Devanahalli,Villa,Ready to Move,contractor,True,False,Normal,Repeated Listing
58400000,37606391.66004806,20793608.33995194,55.29275057261734,55.29275057261734,2900.0,4.0,3.0,1.0,Sarjapur Road,Villa,Ready to Move,contractor,True,False,Normal,Repeated Listing
37500000,38265442.75060015,-765442.7506001517,-2.000349912554315,2.000349912554315,2900.0,4.0,3.0,1.0,Sarjapur Road,Villa,Ready to Move,contractor,True,False,Normal,Repeated Listing
28000000,46068493.063934326,-18068493.063934326,-39.22093357570582,39.22093357570582,2900.0,4.0,3.0,1.0,Sarjapur Road,Villa,Ready to Move,agent,True,False,Normal,Repeated Listing
72150000,66285680.92557792,5864319.074422076,8.84703753893126,8.84703753893126,2300.0,8.0,3.0,1.0,Thirupalya,Villa,Under Construction,builder,True,False,Normal,Repeated Listing
17500000,18145538.13563871,-645538.1356387101,-3.5575585072941,3.5575585072941,2136.0,5.0,3.0,1.0,Bidaraguppe,Villa,Under Construction,agent,True,False,Normal,Repeated Listing
26500000,26417217.791547924,82782.20845207572,0.3133645984421627,0.3133645984421627,2300.0,5.0,3.0,1.0,Thirupalya,Villa,Under Construction,contractor,True,False,Normal,Repeated Listing
50000000,51643741.139716096,-1643741.1397160962,-3.1828467563361587,3.1828467563361587,3900.0,4.0,1.0,1.0,Devanahalli,Villa,Ready to Move,owner,True,False,Normal,Repeated Listing
50000000,54695997.069464624,-4695997.069464624,-8.58563207742725,8.58563207742725,3900.0,4.0,1.0,1.0,Devanahalli,Villa,Ready to Move,agent,True,False,Normal,Repeated Listing
50000000,39508261.718489856,10491738.281510144,26.555808393361975,26.555808393361975,3900.0,4.0,1.0,1.0,Devanahalli,Villa,Ready to Move,contractor,True,False,Normal,Repeated Listing
48000000,37025599.25003,10974400.749969997,29.640035468058233,29.640035468058233,2768.0,4.0,2.0,1.0,Hennur Gardens,Villa,Under Construction,agent,True,False,Normal,Repeated Listing
32500000,55000000.00000105,-22500000.00000105,-40.909090909092036,40.909090909092036,3000.0,4.0,1.0,1.0,Yelahanka,Villa,Under Construction,agent,True,False,Normal,Repeated Listing
48000000,37025599.25003,10974400.749969997,29.640035468058233,29.640035468058233,2768.0,4.0,2.0,1.0,Hennur Gardens,Villa,Under Construction,agent,True,False,Normal,Repeated Listing
58400000,37431002.09585924,20968997.904140763,56.02040215338086,56.02040215338086,2900.0,4.0,3.0,1.0,Sarjapur Road,Villa,Ready to Move,builder,True,False,Normal,Repeated Listing
14000000,14910817.447835509,-910817.4478355087,-6.108434034699588,6.108434034699588,2136.0,4.0,3.0,1.0,Bidaraguppe,Villa,Under Construction,agent,True,False,Normal,Repeated Listing
72150000,70039953.84836496,2110046.151635036,3.0126321273758143,3.0126321273758143,2300.0,8.0,3.0,1.0,Thirupalya,Villa,Under Construction,owner,True,False,Normal,Repeated Listing
28500000,31953592.868370604,-3453592.868370604,-10.808151942716767,10.808151942716767,2300.0,4.0,3.0,1.0,Thirupalya,Villa,Under Construction,agent,True,False,Normal,Repeated Listing
28500000,31953592.868370604,-3453592.868370604,-10.808151942716767,10.808151942716767,2300.0,4.0,3.0,1.0,Thirupalya,Villa,Under Construction,agent,True,False,Normal,Repeated Listing
55000000,32501572.606834713,22498427.393165287,69.22258090500557,69.22258090500557,3000.0,4.0,1.0,1.0,Yelahanka,Villa,Under Construction,agent,True,False,Normal,Repeated Listing
32500000,55000000.00000105,-22500000.00000105,-40.909090909092036,40.909090909092036,3000.0,4.0,1.0,1.0,Yelahanka,Villa,Under Construction,agent,True,False,Normal,Repeated Listing
37500000,38265442.75060015,-765442.7506001517,-2.000349912554315,2.000349912554315,2900.0,4.0,3.0,1.0,Sarjapur Road,Villa,Ready to Move,contractor,True,False,Normal,Repeated Listing
17500000,18172562.31527548,-672562.3152754791,-3.7009768001188097,3.7009768001188097,2136.0,5.0,3.0,1.0,Bidaraguppe,Villa,Under Construction,builder,True,False,Normal,Repeated Listing
32000000,32920870.310378253,-920870.3103782535,-2.7972234685665356,2.7972234685665356,2300.0,4.0,3.0,1.0,Thirupalya,Villa,Under Construction,owner,True,False,Normal,Repeated Listing
32000000,26204143.74423012,5795856.255769879,22.118090605597697,22.118090605597697,2300.0,4.0,3.0,1.0,Thirupalya,Villa,Under Construction,contractor,True,False,Normal,Repeated Listing
32000000,31848821.784964718,151178.21503528208,0.47467443554427097,0.47467443554427097,2500.0,4.0,1.0,1.0,Devanahalli,Villa,Ready to Move,contractor,True,False,Normal,Repeated Listing
55000000,55695508.54837928,-695508.5483792797,-1.2487695444510287,1.2487695444510287,3000.0,4.0,1.0,1.0,Yelahanka,Villa,Under Construction,owner,True,False,Normal,Repeated Listing
28000000,37431002.09585924,-9431002.095859237,-25.195697597694107,25.195697597694107,2900.0,4.0,3.0,1.0,Sarjapur Road,Villa,Ready to Move,builder,True,False,Normal,Repeated Listing
14000000,15128654.757274574,-1128654.7572745737,-7.460377511304256,7.460377511304256,2136.0,4.0,3.0,1.0,Bidaraguppe,Villa,Under Construction,contractor,True,False,Normal,Repeated Listing
14800000,13540530.005592821,1259469.9944071788,9.301482245428824,9.301482245428824,2300.0,2.0,3.0,1.0,Thirupalya,Villa,Under Construction,agent,True,False,Normal,Repeated Listing
14800000,13621647.907160668,1178352.0928393323,8.650583988592839,8.650583988592839,2300.0,2.0,3.0,1.0,Thirupalya,Villa,Under Construction,contractor,True,False,Normal,Repeated Listing
50000000,51643741.139716096,-1643741.1397160962,-3.1828467563361587,3.1828467563361587,3900.0,4.0,1.0,1.0,Devanahalli,Villa,Ready to Move,owner,True,False,Normal,Repeated Listing
32000000,31907191.702662885,92808.29733711481,0.29086952622461376,0.29086952622461376,2500.0,4.0,1.0,1.0,Devanahalli,Villa,Ready to Move,agent,True,False,Normal,Repeated Listing
58400000,37431002.09585924,20968997.904140763,56.02040215338086,56.02040215338086,2900.0,4.0,3.0,1.0,Sarjapur Road,Villa,Ready to Move,builder,True,False,Normal,Repeated Listing
37500000,40383283.03161897,-2883283.0316189677,-7.139793536254689,7.139793536254689,2900.0,4.0,3.0,1.0,Sarjapur Road,Villa,Ready to Move,agent,True,False,Normal,Repeated Listing
26500000,26738502.473351225,-238502.47335122526,-0.8919814173921197,0.8919814173921197,2300.0,5.0,3.0,1.0,Thirupalya,Villa,Under Construction,agent,True,False,Normal,Repeated Listing
26500000,26713128.55074389,-213128.55074388906,-0.7978419687496843,0.7978419687496843,2300.0,5.0,3.0,1.0,Thirupalya,Villa,Under Construction,builder,True,False,Normal,Repeated Listing
50000000,51643741.139716096,-1643741.1397160962,-3.1828467563361587,3.1828467563361587,3900.0,4.0,1.0,1.0,Devanahalli,Villa,Ready to Move,owner,True,False,Normal,Repeated Listing
50000000,51643741.139716096,-1643741.1397160962,-3.1828467563361587,3.1828467563361587,3900.0,4.0,1.0,1.0,Devanahalli,Villa,Ready to Move,owner,True,False,Normal,Repeated Listing
28000000,49030179.90966302,-21030179.90966302,-42.892316423090115,42.892316423090115,2900.0,4.0,3.0,1.0,Sarjapur Road,Villa,Ready to Move,owner,True,False,Normal,Repeated Listing
72150000,66285680.92557792,5864319.074422076,8.84703753893126,8.84703753893126,2300.0,8.0,3.0,1.0,Thirupalya,Villa,Under Construction,builder,True,False,Normal,Repeated Listing
72150000,72298627.36492518,-148627.3649251759,-0.20557425547650263,0.20557425547650263,2300.0,8.0,3.0,1.0,Thirupalya,Villa,Under Construction,contractor,True,False,Normal,Repeated Listing
28500000,31953592.868370604,-3453592.868370604,-10.808151942716767,10.808151942716767,2300.0,4.0,3.0,1.0,Thirupalya,Villa,Under Construction,agent,True,False,Normal,Repeated Listing
50000000,54695997.069464624,-4695997.069464624,-8.58563207742725,8.58563207742725,3900.0,4.0,1.0,1.0,Devanahalli,Villa,Ready to Move,agent,True,False,Normal,Repeated Listing
58400000,27975875.723221403,30424124.276778597,108.7512847775665,108.7512847775665,2900.0,4.0,3.0,1.0,Sarjapur Road,Villa,Ready to Move,owner,True,False,Potentially Overpriced,Repeated Listing
17500000,18145538.13563871,-645538.1356387101,-3.5575585072941,3.5575585072941,2136.0,5.0,3.0,1.0,Bidaraguppe,Villa,Under Construction,agent,True,False,Normal,Repeated Listing
17500000,17173145.52905424,326854.4709457606,1.9032883078570242,1.9032883078570242,2136.0,5.0,3.0,1.0,Bidaraguppe,Villa,Under Construction,contractor,True,False,Normal,Repeated Listing
32000000,26204143.74423012,5795856.255769879,22.118090605597697,22.118090605597697,2300.0,4.0,3.0,1.0,Thirupalya,Villa,Under Construction,contractor,True,False,Normal,Repeated Listing
28500000,31953592.868370604,-3453592.868370604,-10.808151942716767,10.808151942716767,2300.0,4.0,3.0,1.0,Thirupalya,Villa,Under Construction,agent,True,False,Normal,Repeated Listing
14000000,13993172.009470293,6827.990529706702,0.048795158989581894,0.048795158989581894,2136.0,4.0,3.0,1.0,Bidaraguppe,Villa,Under Construction,owner,True,False,Normal,Repeated Listing
37500000,40383283.03161897,-2883283.0316189677,-7.139793536254689,7.139793536254689,2900.0,4.0,3.0,1.0,Sarjapur Road,Villa,Ready to Move,agent,True,False,Normal,Repeated Listing
14000000,15128654.757274574,-1128654.7572745737,-7.460377511304256,7.460377511304256,2136.0,4.0,3.0,1.0,Bidaraguppe,Villa,Under Construction,contractor,True,False,Normal,Repeated Listing
37500000,40984055.42728329,-3484055.427283287,-8.501002135976847,8.501002135976847,2900.0,4.0,3.0,1.0,Sarjapur Road,Villa,Ready to Move,builder,True,False,Normal,Repeated Listing
14800000,14887052.400365748,-87052.40036574751,-0.5847524279796906,0.5847524279796906,2300.0,2.0,3.0,1.0,Thirupalya,Villa,Under Construction,builder,True,False,Normal,Repeated Listing
26500000,27388616.699900262,-888616.699900262,-3.24447455538526,3.24447455538526,2300.0,5.0,3.0,1.0,Thirupalya,Villa,Under Construction,owner,True,False,Normal,Repeated Listing
32000000,32920870.310378253,-920870.3103782535,-2.7972234685665356,2.7972234685665356,2300.0,4.0,3.0,1.0,Thirupalya,Villa,Under Construction,owner,True,False,Normal,Repeated Listing
14800000,12925585.31544728,1874414.6845527198,14.501584561223849,14.501584561223849,2300.0,2.0,3.0,1.0,Thirupalya,Villa,Under Construction,owner,True,False,Normal,Repeated Listing
48000000,37025599.25003,10974400.749969997,29.640035468058233,29.640035468058233,2768.0,4.0,2.0,1.0,Hennur Gardens,Villa,Under Construction,agent,True,False,Normal,Repeated Listing
32500000,55000000.00000105,-22500000.00000105,-40.909090909092036,40.909090909092036,3000.0,4.0,1.0,1.0,Yelahanka,Villa,Under Construction,agent,True,False,Normal,Repeated Listing
28000000,46068493.063934326,-18068493.063934326,-39.22093357570582,39.22093357570582,2900.0,4.0,3.0,1.0,Sarjapur Road,Villa,Ready to Move,agent,True,False,Normal,Repeated Listing
58400000,37431002.09585924,20968997.904140763,56.02040215338086,56.02040215338086,2900.0,4.0,3.0,1.0,Sarjapur Road,Villa,Ready to Move,builder,True,False,Normal,Repeated Listing
28000000,49030179.90966302,-21030179.90966302,-42.892316423090115,42.892316423090115,2900.0,4.0,3.0,1.0,Sarjapur Road,Villa,Ready to Move,owner,True,False,Normal,Repeated Listing
58400000,32712811.31373335,25687188.68626665,78.52332971297629,78.52332971297629,2900.0,4.0,3.0,1.0,Sarjapur Road,Villa,Ready to Move,agent,True,False,Normal,Repeated Listing
72150000,66285680.92557792,5864319.074422076,8.84703753893126,8.84703753893126,2300.0,8.0,3.0,1.0,Thirupalya,Villa,Under Construction,builder,True,False,Normal,Repeated Listing
17500000,16609807.208783785,890192.7912162151,5.359440841344946,5.359440841344946,2136.0,5.0,3.0,1.0,Bidaraguppe,Villa,Under Construction,owner,True,False,Normal,Repeated Listing
26500000,26417217.791547924,82782.20845207572,0.3133645984421627,0.3133645984421627,2300.0,5.0,3.0,1.0,Thirupalya,Villa,Under Construction,contractor,True,False,Normal,Repeated Listing
72150000,71757171.8637932,392828.1362068057,0.5474409400532919,0.5474409400532919,2300.0,8.0,3.0,1.0,Thirupalya,Villa,Under Construction,agent,True,False,Normal,Repeated Listing
55000000,29390377.078481313,25609622.921518687,87.13608149066324,87.13608149066324,3000.0,4.0,1.0,1.0,Yelahanka,Villa,Under Construction,contractor,True,False,Normal,Repeated Listing
32000000,31848821.784964718,151178.21503528208,0.47467443554427097,0.47467443554427097,2500.0,4.0,1.0,1.0,Devanahalli,Villa,Ready to Move,contractor,True,False,Normal,Repeated Listing
14000000,15128654.757274574,-1128654.7572745737,-7.460377511304256,7.460377511304256,2136.0,4.0,3.0,1.0,Bidaraguppe,Villa,Under Construction,contractor,True,False,Normal,Repeated Listing
37500000,40383283.03161897,-2883283.0316189677,-7.139793536254689,7.139793536254689,2900.0,4.0,3.0,1.0,Sarjapur Road,Villa,Ready to Move,agent,True,False,Normal,Repeated Listing
17500000,18172562.31527548,-672562.3152754791,-3.7009768001188097,3.7009768001188097,2136.0,5.0,3.0,1.0,Bidaraguppe,Villa,Under Construction,builder,True,False,Normal,Repeated Listing
14000000,15128654.757274574,-1128654.7572745737,-7.460377511304256,7.460377511304256,2136.0,4.0,3.0,1.0,Bidaraguppe,Villa,Under Construction,contractor,True,False,Normal,Repeated Listing
50000000,39015269.80292154,10984730.197078459,28.154951260277844,28.154951260277844,3900.0,4.0,1.0,1.0,Devanahalli,Villa,Ready to Move,builder,True,False,Normal,Repeated Listing
50000000,54695997.069464624,-4695997.069464624,-8.58563207742725,8.58563207742725,3900.0,4.0,1.0,1.0,Devanahalli,Villa,Ready to Move,agent,True,False,Normal,Repeated Listing
28000000,37606391.66004806,-9606391.66004806,-25.544571643265662,25.544571643265662,2900.0,4.0,3.0,1.0,Sarjapur Road,Villa,Ready to Move,contractor,True,False,Normal,Repeated Listing
58400000,37431002.09585924,20968997.904140763,56.02040215338086,56.02040215338086,2900.0,4.0,3.0,1.0,Sarjapur Road,Villa,Ready to Move,builder,True,False,Normal,Repeated Listing
37500000,40984055.42728329,-3484055.427283287,-8.501002135976847,8.501002135976847,2900.0,4.0,3.0,1.0,Sarjapur Road,Villa,Ready to Move,builder,True,False,Normal,Repeated Listing
28000000,37606391.66004806,-9606391.66004806,-25.544571643265662,25.544571643265662,2900.0,4.0,3.0,1.0,Sarjapur Road,Villa,Ready to Move,contractor,True,False,Normal,Repeated Listing
28500000,31953592.868370604,-3453592.868370604,-10.808151942716767,10.808151942716767,2300.0,4.0,3.0,1.0,Thirupalya,Villa,Under Construction,agent,True,False,Normal,Repeated Listing
32000000,26204143.74423012,5795856.255769879,22.118090605597697,22.118090605597697,2300.0,4.0,3.0,1.0,Thirupalya,Villa,Under Construction,contractor,True,False,Normal,Repeated Listing
58400000,27975875.723221403,30424124.276778597,108.7512847775665,108.7512847775665,2900.0,4.0,3.0,1.0,Sarjapur Road,Villa,Ready to Move,owner,True,False,Potentially Overpriced,Repeated Listing
14800000,12925585.31544728,1874414.6845527198,14.501584561223849,14.501584561223849,2300.0,2.0,3.0,1.0,Thirupalya,Villa,Under Construction,owner,True,False,Normal,Repeated Listing
26500000,26738502.473351225,-238502.47335122526,-0.8919814173921197,0.8919814173921197,2300.0,5.0,3.0,1.0,Thirupalya,Villa,Under Construction,agent,True,False,Normal,Repeated Listing
72150000,71757171.8637932,392828.1362068057,0.5474409400532919,0.5474409400532919,2300.0,8.0,3.0,1.0,Thirupalya,Villa,Under Construction,agent,True,False,Normal,Repeated Listing
17500000,16609807.208783785,890192.7912162151,5.359440841344946,5.359440841344946,2136.0,5.0,3.0,1.0,Bidaraguppe,Villa,Under Construction,owner,True,False,Normal,Repeated Listing
48000000,37025599.25003,10974400.749969997,29.640035468058233,29.640035468058233,2768.0,4.0,2.0,1.0,Hennur Gardens,Villa,Under Construction,agent,True,False,Normal,Repeated Listing
14000000,13993172.009470293,6827.990529706702,0.048795158989581894,0.048795158989581894,2136.0,4.0,3.0,1.0,Bidaraguppe,Villa,Under Construction,owner,True,False,Normal,Repeated Listing
37500000,40984055.42728329,-3484055.427283287,-8.501002135976847,8.501002135976847,2900.0,4.0,3.0,1.0,Sarjapur Road,Villa,Ready to Move,builder,True,False,Normal,Repeated Listing
32500000,55000000.00000105,-22500000.00000105,-40.909090909092036,40.909090909092036,3000.0,4.0,1.0,1.0,Yelahanka,Villa,Under Construction,agent,True,False,Normal,Repeated Listing
55000000,32501572.606834713,22498427.393165287,69.22258090500557,69.22258090500557,3000.0,4.0,1.0,1.0,Yelahanka,Villa,Under Construction,agent,True,False,Normal,Repeated Listing
28000000,46068493.063934326,-18068493.063934326,-39.22093357570582,39.22093357570582,2900.0,4.0,3.0,1.0,Sarjapur Road,Villa,Ready to Move,agent,True,False,Normal,Repeated Listing
58400000,37606391.66004806,20793608.33995194,55.29275057261734,55.29275057261734,2900.0,4.0,3.0,1.0,Sarjapur Road,Villa,Ready to Move,contractor,True,False,Normal,Repeated Listing
32000000,31848821.784964718,151178.21503528208,0.47467443554427097,0.47467443554427097,2500.0,4.0,1.0,1.0,Devanahalli,Villa,Ready to Move,contractor,True,False,Normal,Repeated Listing
50000000,51643741.139716096,-1643741.1397160962,-3.1828467563361587,3.1828467563361587,3900.0,4.0,1.0,1.0,Devanahalli,Villa,Ready to Move,owner,True,False,Normal,Repeated Listing
50000000,51643741.139716096,-1643741.1397160962,-3.1828467563361587,3.1828467563361587,3900.0,4.0,1.0,1.0,Devanahalli,Villa,Ready to Move,owner,True,False,Normal,Repeated Listing
28500000,31953592.868370604,-3453592.868370604,-10.808151942716767,10.808151942716767,2300.0,4.0,3.0,1.0,Thirupalya,Villa,Under Construction,agent,True,False,Normal,Repeated Listing
32000000,32920870.310378253,-920870.3103782535,-2.7972234685665356,2.7972234685665356,2300.0,4.0,3.0,1.0,Thirupalya,Villa,Under Construction,owner,True,False,Normal,Repeated Listing
14800000,13621647.907160668,1178352.0928393323,8.650583988592839,8.650583988592839,2300.0,2.0,3.0,1.0,Thirupalya,Villa,Under Construction,contractor,True,False,Normal,Repeated Listing
48000000,37025599.25003,10974400.749969997,29.640035468058233,29.640035468058233,2768.0,4.0,2.0,1.0,Hennur Gardens,Villa,Under Construction,agent,True,False,Normal,Repeated Listing
32500000,55000000.00000105,-22500000.00000105,-40.909090909092036,40.909090909092036,3000.0,4.0,1.0,1.0,Yelahanka,Villa,Under Construction,agent,True,False,Normal,Repeated Listing
26500000,26417217.791547924,82782.20845207572,0.3133645984421627,0.3133645984421627,2300.0,5.0,3.0,1.0,Thirupalya,Villa,Under Construction,contractor,True,False,Normal,Repeated Listing
72150000,66285680.92557792,5864319.074422076,8.84703753893126,8.84703753893126,2300.0,8.0,3.0,1.0,Thirupalya,Villa,Under Construction,builder,True,False,Normal,Repeated Listing
55000000,29390377.078481313,25609622.921518687,87.13608149066324,87.13608149066324,3000.0,4.0,1.0,1.0,Yelahanka,Villa,Under Construction,contractor,True,False,Normal,Repeated Listing
32000000,32038291.658905108,-38291.65890510753,-0.11951841662713712,0.11951841662713712,2500.0,4.0,1.0,1.0,Devanahalli,Villa,Ready to Move,builder,True,False,Normal,Repeated Listing
17500000,18172562.31527548,-672562.3152754791,-3.7009768001188097,3.7009768001188097,2136.0,5.0,3.0,1.0,Bidaraguppe,Villa,Under Construction,builder,True,False,Normal,Repeated Listing
14000000,13993172.009470293,6827.990529706702,0.048795158989581894,0.048795158989581894,2136.0,4.0,3.0,1.0,Bidaraguppe,Villa,Under Construction,owner,True,False,Normal,Repeated Listing
50000000,51643741.139716096,-1643741.1397160962,-3.1828467563361587,3.1828467563361587,3900.0,4.0,1.0,1.0,Devanahalli,Villa,Ready to Move,owner,True,False,Normal,Repeated Listing
50000000,39015269.80292154,10984730.197078459,28.154951260277844,28.154951260277844,3900.0,4.0,1.0,1.0,Devanahalli,Villa,Ready to Move,builder,True,False,Normal,Repeated Listing
37500000,38265442.75060015,-765442.7506001517,-2.000349912554315,2.000349912554315,2900.0,4.0,3.0,1.0,Sarjapur Road,Villa,Ready to Move,contractor,True,False,Normal,Repeated Listing
28000000,49030179.90966302,-21030179.90966302,-42.892316423090115,42.892316423090115,2900.0,4.0,3.0,1.0,Sarjapur Road,Villa,Ready to Move,owner,True,False,Normal,Repeated Listing
28500000,31953592.868370604,-3453592.868370604,-10.808151942716767,10.808151942716767,2300.0,4.0,3.0,1.0,Thirupalya,Villa,Under Construction,agent,True,False,Normal,Repeated Listing
32000000,32920870.310378253,-920870.3103782535,-2.7972234685665356,2.7972234685665356,2300.0,4.0,3.0,1.0,Thirupalya,Villa,Under Construction,owner,True,False,Normal,Repeated Listing
58400000,27975875.723221403,30424124.276778597,108.7512847775665,108.7512847775665,2900.0,4.0,3.0,1.0,Sarjapur Road,Villa,Ready to Move,owner,True,False,Potentially Overpriced,Repeated Listing
14800000,13540530.005592821,1259469.9944071788,9.301482245428824,9.301482245428824,2300.0,2.0,3.0,1.0,Thirupalya,Villa,Under Construction,agent,True,False,Normal,Repeated Listing
26500000,26713128.55074389,-213128.55074388906,-0.7978419687496843,0.7978419687496843,2300.0,5.0,3.0,1.0,Thirupalya,Villa,Under Construction,builder,True,False,Normal,Repeated Listing
72150000,72298627.36492518,-148627.3649251759,-0.20557425547650263,0.20557425547650263,2300.0,8.0,3.0,1.0,Thirupalya,Villa,Under Construction,contractor,True,False,Normal,Repeated Listing
17500000,16609807.208783785,890192.7912162151,5.359440841344946,5.359440841344946,2136.0,5.0,3.0,1.0,Bidaraguppe,Villa,Under Construction,owner,True,False,Normal,Repeated Listing
14000000,14725707.77437715,-725707.7743771505,-4.928169059825347,4.928169059825347,2136.0,4.0,3.0,1.0,Bidaraguppe,Villa,Under Construction,builder,True,False,Normal,Repeated Listing
37500000,40984055.42728329,-3484055.427283287,-8.501002135976847,8.501002135976847,2900.0,4.0,3.0,1.0,Sarjapur Road,Villa,Ready to Move,builder,True,False,Normal,Repeated Listing
28000000,49030179.90966302,-21030179.90966302,-42.892316423090115,42.892316423090115,2900.0,4.0,3.0,1.0,Sarjapur Road,Villa,Ready to Move,owner,True,False,Normal,Repeated Listing
58400000,32712811.31373335,25687188.68626665,78.52332971297629,78.52332971297629,2900.0,4.0,3.0,1.0,Sarjapur Road,Villa,Ready to Move,agent,True,False,Normal,Repeated Listing
48000000,37025599.25003,10974400.749969997,29.640035468058233,29.640035468058233,2768.0,4.0,2.0,1.0,Hennur Gardens,Villa,Under Construction,agent,True,False,Normal,Repeated Listing
32500000,55000000.00000105,-22500000.00000105,-40.909090909092036,40.909090909092036,3000.0,4.0,1.0,1.0,Yelahanka,Villa,Under Construction,agent,True,False,Normal,Repeated Listing
48000000,37025599.25003,10974400.749969997,29.640035468058233,29.640035468058233,2768.0,4.0,2.0,1.0,Hennur Gardens,Villa,Under Construction,agent,True,False,Normal,Repeated Listing
32500000,55000000.00000105,-22500000.00000105,-40.909090909092036,40.909090909092036,3000.0,4.0,1.0,1.0,Yelahanka,Villa,Under Construction,agent,True,False,Normal,Repeated Listing
55000000,55695508.54837928,-695508.5483792797,-1.2487695444510287,1.2487695444510287,3000.0,4.0,1.0,1.0,Yelahanka,Villa,Under Construction,owner,True,False,Normal,Repeated Listing
32000000,32038291.658905108,-38291.65890510753,-0.11951841662713712,0.11951841662713712,2500.0,4.0,1.0,1.0,Devanahalli,Villa,Ready to Move,builder,True,False,Normal,Repeated Listing
55000000,55695508.54837928,-695508.5483792797,-1.2487695444510287,1.2487695444510287,3000.0,4.0,1.0,1.0,Yelahanka,Villa,Under Construction,owner,True,False,Normal,Repeated Listing
32000000,32038291.658905108,-38291.65890510753,-0.11951841662713712,0.11951841662713712,2500.0,4.0,1.0,1.0,Devanahalli,Villa,Ready to Move,builder,True,False,Normal,Repeated Listing
50000000,39508261.718489856,10491738.281510144,26.555808393361975,26.555808393361975,3900.0,4.0,1.0,1.0,Devanahalli,Villa,Ready to Move,contractor,True,False,Normal,Repeated Listing
50000000,39015269.80292154,10984730.197078459,28.154951260277844,28.154951260277844,3900.0,4.0,1.0,1.0,Devanahalli,Villa,Ready to Move,builder,True,False,Normal,Repeated Listing
50000000,39508261.718489856,10491738.281510144,26.555808393361975,26.555808393361975,3900.0,4.0,1.0,1.0,Devanahalli,Villa,Ready to Move,contractor,True,False,Normal,Repeated Listing
50000000,39508261.718489856,10491738.281510144,26.555808393361975,26.555808393361975,3900.0,4.0,1.0,1.0,Devanahalli,Villa,Ready to Move,contractor,True,False,Normal,Repeated Listing
28500000,31953592.868370604,-3453592.868370604,-10.808151942716767,10.808151942716767,2300.0,4.0,3.0,1.0,Thirupalya,Villa,Under Construction,agent,True,False,Normal,Repeated Listing
32000000,28503241.98318361,3496758.016816389,12.267930851091997,12.267930851091997,2300.0,4.0,3.0,1.0,Thirupalya,Villa,Under Construction,agent,True,False,Normal,Repeated Listing
28500000,31953592.868370604,-3453592.868370604,-10.808151942716767,10.808151942716767,2300.0,4.0,3.0,1.0,Thirupalya,Villa,Under Construction,agent,True,False,Normal,Repeated Listing
32000000,28503241.98318361,3496758.016816389,12.267930851091997,12.267930851091997,2300.0,4.0,3.0,1.0,Thirupalya,Villa,Under Construction,agent,True,False,Normal,Repeated Listing
14800000,13540530.005592821,1259469.9944071788,9.301482245428824,9.301482245428824,2300.0,2.0,3.0,1.0,Thirupalya,Villa,Under Construction,agent,True,False,Normal,Repeated Listing
26500000,26417217.791547924,82782.20845207572,0.3133645984421627,0.3133645984421627,2300.0,5.0,3.0,1.0,Thirupalya,Villa,Under Construction,contractor,True,False,Normal,Repeated Listing
14800000,14887052.400365748,-87052.40036574751,-0.5847524279796906,0.5847524279796906,2300.0,2.0,3.0,1.0,Thirupalya,Villa,Under Construction,builder,True,False,Normal,Repeated Listing
26500000,26417217.791547924,82782.20845207572,0.3133645984421627,0.3133645984421627,2300.0,5.0,3.0,1.0,Thirupalya,Villa,Under Construction,contractor,True,False,Normal,Repeated Listing
72150000,72298627.36492518,-148627.3649251759,-0.20557425547650263,0.20557425547650263,2300.0,8.0,3.0,1.0,Thirupalya,Villa,Under Construction,contractor,True,False,Normal,Repeated Listing
17500000,18172562.31527548,-672562.3152754791,-3.7009768001188097,3.7009768001188097,2136.0,5.0,3.0,1.0,Bidaraguppe,Villa,Under Construction,builder,True,False,Normal,Repeated Listing
72150000,72298627.36492518,-148627.3649251759,-0.20557425547650263,0.20557425547650263,2300.0,8.0,3.0,1.0,Thirupalya,Villa,Under Construction,contractor,True,False,Normal,Repeated Listing
17500000,17173145.52905424,326854.4709457606,1.9032883078570242,1.9032883078570242,2136.0,5.0,3.0,1.0,Bidaraguppe,Villa,Under Construction,contractor,True,False,Normal,Repeated Listing
48000000,37025599.25003,10974400.749969997,29.640035468058233,29.640035468058233,2768.0,4.0,2.0,1.0,Hennur Gardens,Villa,Under Construction,agent,True,False,Normal,Repeated Listing
14000000,15128654.757274574,-1128654.7572745737,-7.460377511304256,7.460377511304256,2136.0,4.0,3.0,1.0,Bidaraguppe,Villa,Under Construction,contractor,True,False,Normal,Repeated Listing
37500000,40984055.42728329,-3484055.427283287,-8.501002135976847,8.501002135976847,2900.0,4.0,3.0,1.0,Sarjapur Road,Villa,Ready to Move,builder,True,False,Normal,Repeated Listing
14000000,15128654.757274574,-1128654.7572745737,-7.460377511304256,7.460377511304256,2136.0,4.0,3.0,1.0,Bidaraguppe,Villa,Under Construction,contractor,True,False,Normal,Repeated Listing
37500000,40383283.03161897,-2883283.0316189677,-7.139793536254689,7.139793536254689,2900.0,4.0,3.0,1.0,Sarjapur Road,Villa,Ready to Move,agent,True,False,Normal,Repeated Listing
32500000,55000000.00000105,-22500000.00000105,-40.909090909092036,40.909090909092036,3000.0,4.0,1.0,1.0,Yelahanka,Villa,Under Construction,agent,True,False,Normal,Repeated Listing
55000000,32501572.606834713,22498427.393165287,69.22258090500557,69.22258090500557,3000.0,4.0,1.0,1.0,Yelahanka,Villa,Under Construction,agent,True,False,Normal,Repeated Listing
28000000,37431002.09585924,-9431002.095859237,-25.195697597694107,25.195697597694107,2900.0,4.0,3.0,1.0,Sarjapur Road,Villa,Ready to Move,builder,True,False,Normal,Repeated Listing
58400000,37431002.09585924,20968997.904140763,56.02040215338086,56.02040215338086,2900.0,4.0,3.0,1.0,Sarjapur Road,Villa,Ready to Move,builder,True,False,Normal,Repeated Listing
28000000,46068493.063934326,-18068493.063934326,-39.22093357570582,39.22093357570582,2900.0,4.0,3.0,1.0,Sarjapur Road,Villa,Ready to Move,agent,True,False,Normal,Repeated Listing
58400000,32712811.31373335,25687188.68626665,78.52332971297629,78.52332971297629,2900.0,4.0,3.0,1.0,Sarjapur Road,Villa,Ready to Move,agent,True,False,Normal,Repeated Listing
32000000,31907191.702662885,92808.29733711481,0.29086952622461376,0.29086952622461376,2500.0,4.0,1.0,1.0,Devanahalli,Villa,Ready to Move,agent,True,False,Normal,Repeated Listing
50000000,51643741.139716096,-1643741.1397160962,-3.1828467563361587,3.1828467563361587,3900.0,4.0,1.0,1.0,Devanahalli,Villa,Ready to Move,owner,True,False,Normal,Repeated Listing
50000000,39015269.80292154,10984730.197078459,28.154951260277844,28.154951260277844,3900.0,4.0,1.0,1.0,Devanahalli,Villa,Ready to Move,builder,True,False,Normal,Repeated Listing
28500000,31953592.868370604,-3453592.868370604,-10.808151942716767,10.808151942716767,2300.0,4.0,3.0,1.0,Thirupalya,Villa,Under Construction,agent,True,False,Normal,Repeated Listing
32000000,27308742.32741032,4691257.672589678,17.17859290752094,17.17859290752094,2300.0,4.0,3.0,1.0,Thirupalya,Villa,Under Construction,builder,True,False,Normal,Repeated Listing
14800000,13540530.005592821,1259469.9944071788,9.301482245428824,9.301482245428824,2300.0,2.0,3.0,1.0,Thirupalya,Villa,Under Construction,agent,True,False,Normal,Repeated Listing
26500000,26738502.473351225,-238502.47335122526,-0.8919814173921197,0.8919814173921197,2300.0,5.0,3.0,1.0,Thirupalya,Villa,Under Construction,agent,True,False,Normal,Repeated Listing
72150000,70039953.84836496,2110046.151635036,3.0126321273758143,3.0126321273758143,2300.0,8.0,3.0,1.0,Thirupalya,Villa,Under Construction,owner,True,False,Normal,Repeated Listing
17500000,18145538.13563871,-645538.1356387101,-3.5575585072941,3.5575585072941,2136.0,5.0,3.0,1.0,Bidaraguppe,Villa,Under Construction,agent,True,False,Normal,Repeated Listing
14000000,13993172.009470293,6827.990529706702,0.048795158989581894,0.048795158989581894,2136.0,4.0,3.0,1.0,Bidaraguppe,Villa,Under Construction,owner,True,False,Normal,Repeated Listing
37500000,40383283.03161897,-2883283.0316189677,-7.139793536254689,7.139793536254689,2900.0,4.0,3.0,1.0,Sarjapur Road,Villa,Ready to Move,agent,True,False,Normal,Repeated Listing
28000000,49030179.90966302,-21030179.90966302,-42.892316423090115,42.892316423090115,2900.0,4.0,3.0,1.0,Sarjapur Road,Villa,Ready to Move,owner,True,False,Normal,Repeated Listing
58400000,37606391.66004806,20793608.33995194,55.29275057261734,55.29275057261734,2900.0,4.0,3.0,1.0,Sarjapur Road,Villa,Ready to Move,contractor,True,False,Normal,Repeated Listing
48000000,37025599.25003,10974400.749969997,29.640035468058233,29.640035468058233,2768.0,4.0,2.0,1.0,Hennur Gardens,Villa,Under Construction,agent,True,False,Normal,Repeated Listing
32500000,55000000.00000105,-22500000.00000105,-40.909090909092036,40.909090909092036,3000.0,4.0,1.0,1.0,Yelahanka,Villa,Under Construction,agent,True,False,Normal,Repeated Listing
55000000,32501572.606834713,22498427.393165287,69.22258090500557,69.22258090500557,3000.0,4.0,1.0,1.0,Yelahanka,Villa,Under Construction,agent,True,False,Normal,Repeated Listing
32000000,31907191.702662885,92808.29733711481,0.29086952622461376,0.29086952622461376,2500.0,4.0,1.0,1.0,Devanahalli,Villa,Ready to Move,agent,True,False,Normal,Repeated Listing
50000000,54695997.069464624,-4695997.069464624,-8.58563207742725,8.58563207742725,3900.0,4.0,1.0,1.0,Devanahalli,Villa,Ready to Move,agent,True,False,Normal,Repeated Listing
50000000,39508261.718489856,10491738.281510144,26.555808393361975,26.555808393361975,3900.0,4.0,1.0,1.0,Devanahalli,Villa,Ready to Move,contractor,True,False,Normal,Repeated Listing
28500000,31953592.868370604,-3453592.868370604,-10.808151942716767,10.808151942716767,2300.0,4.0,3.0,1.0,Thirupalya,Villa,Under Construction,agent,True,False,Normal,Repeated Listing
32000000,26204143.74423012,5795856.255769879,22.118090605597697,22.118090605597697,2300.0,4.0,3.0,1.0,Thirupalya,Villa,Under Construction,contractor,True,False,Normal,Repeated Listing
14800000,13540530.005592821,1259469.9944071788,9.301482245428824,9.301482245428824,2300.0,2.0,3.0,1.0,Thirupalya,Villa,Under Construction,agent,True,False,Normal,Repeated Listing
26500000,26417217.791547924,82782.20845207572,0.3133645984421627,0.3133645984421627,2300.0,5.0,3.0,1.0,Thirupalya,Villa,Under Construction,contractor,True,False,Normal,Repeated Listing
72150000,72298627.36492518,-148627.3649251759,-0.20557425547650263,0.20557425547650263,2300.0,8.0,3.0,1.0,Thirupalya,Villa,Under Construction,contractor,True,False,Normal,Repeated Listing
17500000,18145538.13563871,-645538.1356387101,-3.5575585072941,3.5575585072941,2136.0,5.0,3.0,1.0,Bidaraguppe,Villa,Under Construction,agent,True,False,Normal,Repeated Listing
14000000,13993172.009470293,6827.990529706702,0.048795158989581894,0.048795158989581894,2136.0,4.0,3.0,1.0,Bidaraguppe,Villa,Under Construction,owner,True,False,Normal,Repeated Listing
37500000,27975875.723221403,9524124.276778597,34.04406128696479,34.04406128696479,2900.0,4.0,3.0,1.0,Sarjapur Road,Villa,Ready to Move,owner,True,False,Normal,Repeated Listing
28000000,46068493.063934326,-18068493.063934326,-39.22093357570582,39.22093357570582,2900.0,4.0,3.0,1.0,Sarjapur Road,Villa,Ready to Move,agent,True,False,Normal,Repeated Listing
58400000,32712811.31373335,25687188.68626665,78.52332971297629,78.52332971297629,2900.0,4.0,3.0,1.0,Sarjapur Road,Villa,Ready to Move,agent,True,False,Normal,Repeated Listing
48000000,37025599.25003,10974400.749969997,29.640035468058233,29.640035468058233,2768.0,4.0,2.0,1.0,Hennur Gardens,Villa,Under Construction,agent,True,False,Normal,Repeated Listing
32500000,55000000.00000105,-22500000.00000105,-40.909090909092036,40.909090909092036,3000.0,4.0,1.0,1.0,Yelahanka,Villa,Under Construction,agent,True,False,Normal,Repeated Listing
55000000,55695508.54837928,-695508.5483792797,-1.2487695444510287,1.2487695444510287,3000.0,4.0,1.0,1.0,Yelahanka,Villa,Under Construction,owner,True,False,Normal,Repeated Listing
32000000,31907191.702662885,92808.29733711481,0.29086952622461376,0.29086952622461376,2500.0,4.0,1.0,1.0,Devanahalli,Villa,Ready to Move,agent,True,False,Normal,Repeated Listing
50000000,54695997.069464624,-4695997.069464624,-8.58563207742725,8.58563207742725,3900.0,4.0,1.0,1.0,Devanahalli,Villa,Ready to Move,agent,True,False,Normal,Repeated Listing
50000000,54695997.069464624,-4695997.069464624,-8.58563207742725,8.58563207742725,3900.0,4.0,1.0,1.0,Devanahalli,Villa,Ready to Move,agent,True,False,Normal,Repeated Listing
28500000,31953592.868370604,-3453592.868370604,-10.808151942716767,10.808151942716767,2300.0,4.0,3.0,1.0,Thirupalya,Villa,Under Construction,agent,True,False,Normal,Repeated Listing
32000000,32920870.310378253,-920870.3103782535,-2.7972234685665356,2.7972234685665356,2300.0,4.0,3.0,1.0,Thirupalya,Villa,Under Construction,owner,True,False,Normal,Repeated Listing
14800000,13621647.907160668,1178352.0928393323,8.650583988592839,8.650583988592839,2300.0,2.0,3.0,1.0,Thirupalya,Villa,Under Construction,contractor,True,False,Normal,Repeated Listing
26500000,27388616.699900262,-888616.699900262,-3.24447455538526,3.24447455538526,2300.0,5.0,3.0,1.0,Thirupalya,Villa,Under Construction,owner,True,False,Normal,Repeated Listing
72150000,72298627.36492518,-148627.3649251759,-0.20557425547650263,0.20557425547650263,2300.0,8.0,3.0,1.0,Thirupalya,Villa,Under Construction,contractor,True,False,Normal,Repeated Listing
17500000,18172562.31527548,-672562.3152754791,-3.7009768001188097,3.7009768001188097,2136.0,5.0,3.0,1.0,Bidaraguppe,Villa,Under Construction,builder,True,False,Normal,Repeated Listing
14000000,13993172.009470293,6827.990529706702,0.048795158989581894,0.048795158989581894,2136.0,4.0,3.0,1.0,Bidaraguppe,Villa,Under Construction,owner,True,False,Normal,Repeated Listing
37500000,40383283.03161897,-2883283.0316189677,-7.139793536254689,7.139793536254689,2900.0,4.0,3.0,1.0,Sarjapur Road,Villa,Ready to Move,agent,True,False,Normal,Repeated Listing
28000000,37606391.66004806,-9606391.66004806,-25.544571643265662,25.544571643265662,2900.0,4.0,3.0,1.0,Sarjapur Road,Villa,Ready to Move,contractor,True,False,Normal,Repeated Listing
58400000,37431002.09585924,20968997.904140763,56.02040215338086,56.02040215338086,2900.0,4.0,3.0,1.0,Sarjapur Road,Villa,Ready to Move,builder,True,False,Normal,Repeated Listing
48000000,37025599.25003,10974400.749969997,29.640035468058233,29.640035468058233,2768.0,4.0,2.0,1.0,Hennur Gardens,Villa,Under Construction,agent,True,False,Normal,Repeated Listing
32500000,55000000.00000105,-22500000.00000105,-40.909090909092036,40.909090909092036,3000.0,4.0,1.0,1.0,Yelahanka,Villa,Under Construction,agent,True,False,Normal,Repeated Listing
48000000,37025599.25003,10974400.749969997,29.640035468058233,29.640035468058233,2768.0,4.0,2.0,1.0,Hennur Gardens,Villa,Under Construction,agent,True,False,Normal,Repeated Listing
55000000,32501572.606834713,22498427.393165287,69.22258090500557,69.22258090500557,3000.0,4.0,1.0,1.0,Yelahanka,Villa,Under Construction,agent,True,False,Normal,Repeated Listing
32500000,55000000.00000105,-22500000.00000105,-40.909090909092036,40.909090909092036,3000.0,4.0,1.0,1.0,Yelahanka,Villa,Under Construction,agent,True,False,Normal,Repeated Listing
32000000,32245783.615796532,-245783.61579653248,-0.7622193919211449,0.7622193919211449,2500.0,4.0,1.0,1.0,Devanahalli,Villa,Ready to Move,owner,True,False,Normal,Repeated Listing
55000000,55695508.54837928,-695508.5483792797,-1.2487695444510287,1.2487695444510287,3000.0,4.0,1.0,1.0,Yelahanka,Villa,Under Construction,owner,True,False,Normal,Repeated Listing
50000000,39508261.718489856,10491738.281510144,26.555808393361975,26.555808393361975,3900.0,4.0,1.0,1.0,Devanahalli,Villa,Ready to Move,contractor,True,False,Normal,Repeated Listing
32000000,31848821.784964718,151178.21503528208,0.47467443554427097,0.47467443554427097,2500.0,4.0,1.0,1.0,Devanahalli,Villa,Ready to Move,contractor,True,False,Normal,Repeated Listing
50000000,39015269.80292154,10984730.197078459,28.154951260277844,28.154951260277844,3900.0,4.0,1.0,1.0,Devanahalli,Villa,Ready to Move,builder,True,False,Normal,Repeated Listing
50000000,51643741.139716096,-1643741.1397160962,-3.1828467563361587,3.1828467563361587,3900.0,4.0,1.0,1.0,Devanahalli,Villa,Ready to Move,owner,True,False,Normal,Repeated Listing
28500000,31953592.868370604,-3453592.868370604,-10.808151942716767,10.808151942716767,2300.0,4.0,3.0,1.0,Thirupalya,Villa,Under Construction,agent,True,False,Normal,Repeated Listing
50000000,54695997.069464624,-4695997.069464624,-8.58563207742725,8.58563207742725,3900.0,4.0,1.0,1.0,Devanahalli,Villa,Ready to Move,agent,True,False,Normal,Repeated Listing
32000000,26204143.74423012,5795856.255769879,22.118090605597697,22.118090605597697,2300.0,4.0,3.0,1.0,Thirupalya,Villa,Under Construction,contractor,True,False,Normal,Repeated Listing
28500000,31953592.868370604,-3453592.868370604,-10.808151942716767,10.808151942716767,2300.0,4.0,3.0,1.0,Thirupalya,Villa,Under Construction,agent,True,False,Normal,Repeated Listing
14800000,14887052.400365748,-87052.40036574751,-0.5847524279796906,0.5847524279796906,2300.0,2.0,3.0,1.0,Thirupalya,Villa,Under Construction,builder,True,False,Normal,Repeated Listing
32000000,32920870.310378253,-920870.3103782535,-2.7972234685665356,2.7972234685665356,2300.0,4.0,3.0,1.0,Thirupalya,Villa,Under Construction,owner,True,False,Normal,Repeated Listing
26500000,27388616.699900262,-888616.699900262,-3.24447455538526,3.24447455538526,2300.0,5.0,3.0,1.0,Thirupalya,Villa,Under Construction,owner,True,False,Normal,Repeated Listing
14800000,14887052.400365748,-87052.40036574751,-0.5847524279796906,0.5847524279796906,2300.0,2.0,3.0,1.0,Thirupalya,Villa,Under Construction,builder,True,False,Normal,Repeated Listing
72150000,72298627.36492518,-148627.3649251759,-0.20557425547650263,0.20557425547650263,2300.0,8.0,3.0,1.0,Thirupalya,Villa,Under Construction,contractor,True,False,Normal,Repeated Listing
26500000,27388616.699900262,-888616.699900262,-3.24447455538526,3.24447455538526,2300.0,5.0,3.0,1.0,Thirupalya,Villa,Under Construction,owner,True,False,Normal,Repeated Listing
17500000,17173145.52905424,326854.4709457606,1.9032883078570242,1.9032883078570242,2136.0,5.0,3.0,1.0,Bidaraguppe,Villa,Under Construction,contractor,True,False,Normal,Repeated Listing
72150000,72298627.36492518,-148627.3649251759,-0.20557425547650263,0.20557425547650263,2300.0,8.0,3.0,1.0,Thirupalya,Villa,Under Construction,contractor,True,False,Normal,Repeated Listing
14000000,14725707.77437715,-725707.7743771505,-4.928169059825347,4.928169059825347,2136.0,4.0,3.0,1.0,Bidaraguppe,Villa,Under Construction,builder,True,False,Normal,Repeated Listing
37500000,40383283.03161897,-2883283.0316189677,-7.139793536254689,7.139793536254689,2900.0,4.0,3.0,1.0,Sarjapur Road,Villa,Ready to Move,agent,True,False,Normal,Repeated Listing
17500000,16609807.208783785,890192.7912162151,5.359440841344946,5.359440841344946,2136.0,5.0,3.0,1.0,Bidaraguppe,Villa,Under Construction,owner,True,False,Normal,Repeated Listing
14000000,14725707.77437715,-725707.7743771505,-4.928169059825347,4.928169059825347,2136.0,4.0,3.0,1.0,Bidaraguppe,Villa,Under Construction,builder,True,False,Normal,Repeated Listing
28000000,37606391.66004806,-9606391.66004806,-25.544571643265662,25.544571643265662,2900.0,4.0,3.0,1.0,Sarjapur Road,Villa,Ready to Move,contractor,True,False,Normal,Repeated Listing
58400000,37606391.66004806,20793608.33995194,55.29275057261734,55.29275057261734,2900.0,4.0,3.0,1.0,Sarjapur Road,Villa,Ready to Move,contractor,True,False,Normal,Repeated Listing
37500000,40383283.03161897,-2883283.0316189677,-7.139793536254689,7.139793536254689,2900.0,4.0,3.0,1.0,Sarjapur Road,Villa,Ready to Move,agent,True,False,Normal,Repeated Listing
28000000,37431002.09585924,-9431002.095859237,-25.195697597694107,25.195697597694107,2900.0,4.0,3.0,1.0,Sarjapur Road,Villa,Ready to Move,builder,True,False,Normal,Repeated Listing
58400000,32712811.31373335,25687188.68626665,78.52332971297629,78.52332971297629,2900.0,4.0,3.0,1.0,Sarjapur Road,Villa,Ready to Move,agent,True,False,Normal,Repeated Listing
48000000,37025599.25003,10974400.749969997,29.640035468058233,29.640035468058233,2768.0,4.0,2.0,1.0,Hennur Gardens,Villa,Under Construction,agent,True,False,Normal,Repeated Listing
32500000,55000000.00000105,-22500000.00000105,-40.909090909092036,40.909090909092036,3000.0,4.0,1.0,1.0,Yelahanka,Villa,Under Construction,agent,True,False,Normal,Repeated Listing
55000000,29390377.078481313,25609622.921518687,87.13608149066324,87.13608149066324,3000.0,4.0,1.0,1.0,Yelahanka,Villa,Under Construction,contractor,True,False,Normal,Repeated Listing
32000000,31907191.702662885,92808.29733711481,0.29086952622461376,0.29086952622461376,2500.0,4.0,1.0,1.0,Devanahalli,Villa,Ready to Move,agent,True,False,Normal,Repeated Listing
50000000,39508261.718489856,10491738.281510144,26.555808393361975,26.555808393361975,3900.0,4.0,1.0,1.0,Devanahalli,Villa,Ready to Move,contractor,True,False,Normal,Repeated Listing
50000000,51643741.139716096,-1643741.1397160962,-3.1828467563361587,3.1828467563361587,3900.0,4.0,1.0,1.0,Devanahalli,Villa,Ready to Move,owner,True,False,Normal,Repeated Listing
28500000,31953592.868370604,-3453592.868370604,-10.808151942716767,10.808151942716767,2300.0,4.0,3.0,1.0,Thirupalya,Villa,Under Construction,agent,True,False,Normal,Repeated Listing
32000000,28503241.98318361,3496758.016816389,12.267930851091997,12.267930851091997,2300.0,4.0,3.0,1.0,Thirupalya,Villa,Under Construction,agent,True,False,Normal,Repeated Listing
14800000,14887052.400365748,-87052.40036574751,-0.5847524279796906,0.5847524279796906,2300.0,2.0,3.0,1.0,Thirupalya,Villa,Under Construction,builder,True,False,Normal,Repeated Listing
48000000,37025599.25003,10974400.749969997,29.640035468058233,29.640035468058233,2768.0,4.0,2.0,1.0,Hennur Gardens,Villa,Under Construction,agent,True,False,Normal,Repeated Listing
26500000,26713128.55074389,-213128.55074388906,-0.7978419687496843,0.7978419687496843,2300.0,5.0,3.0,1.0,Thirupalya,Villa,Under Construction,builder,True,False,Normal,Repeated Listing
32500000,55000000.00000105,-22500000.00000105,-40.909090909092036,40.909090909092036,3000.0,4.0,1.0,1.0,Yelahanka,Villa,Under Construction,agent,True,False,Normal,Repeated Listing
72150000,70039953.84836496,2110046.151635036,3.0126321273758143,3.0126321273758143,2300.0,8.0,3.0,1.0,Thirupalya,Villa,Under Construction,owner,True,False,Normal,Repeated Listing
55000000,29390377.078481313,25609622.921518687,87.13608149066324,87.13608149066324,3000.0,4.0,1.0,1.0,Yelahanka,Villa,Under Construction,contractor,True,False,Normal,Repeated Listing
17500000,16609807.208783785,890192.7912162151,5.359440841344946,5.359440841344946,2136.0,5.0,3.0,1.0,Bidaraguppe,Villa,Under Construction,owner,True,False,Normal,Repeated Listing
32000000,31848821.784964718,151178.21503528208,0.47467443554427097,0.47467443554427097,2500.0,4.0,1.0,1.0,Devanahalli,Villa,Ready to Move,contractor,True,False,Normal,Repeated Listing
14000000,13993172.009470293,6827.990529706702,0.048795158989581894,0.048795158989581894,2136.0,4.0,3.0,1.0,Bidaraguppe,Villa,Under Construction,owner,True,False,Normal,Repeated Listing
37500000,38265442.75060015,-765442.7506001517,-2.000349912554315,2.000349912554315,2900.0,4.0,3.0,1.0,Sarjapur Road,Villa,Ready to Move,contractor,True,False,Normal,Repeated Listing
50000000,51643741.139716096,-1643741.1397160962,-3.1828467563361587,3.1828467563361587,3900.0,4.0,1.0,1.0,Devanahalli,Villa,Ready to Move,owner,True,False,Normal,Repeated Listing
50000000,39508261.718489856,10491738.281510144,26.555808393361975,26.555808393361975,3900.0,4.0,1.0,1.0,Devanahalli,Villa,Ready to Move,contractor,True,False,Normal,Repeated Listing
28000000,46068493.063934326,-18068493.063934326,-39.22093357570582,39.22093357570582,2900.0,4.0,3.0,1.0,Sarjapur Road,Villa,Ready to Move,agent,True,False,Normal,Repeated Listing
28500000,31953592.868370604,-3453592.868370604,-10.808151942716767,10.808151942716767,2300.0,4.0,3.0,1.0,Thirupalya,Villa,Under Construction,agent,True,False,Normal,Repeated Listing
58400000,37606391.66004806,20793608.33995194,55.29275057261734,55.29275057261734,2900.0,4.0,3.0,1.0,Sarjapur Road,Villa,Ready to Move,contractor,True,False,Normal,Repeated Listing
32000000,27308742.32741032,4691257.672589678,17.17859290752094,17.17859290752094,2300.0,4.0,3.0,1.0,Thirupalya,Villa,Under Construction,builder,True,False,Normal,Repeated Listing
14800000,12925585.31544728,1874414.6845527198,14.501584561223849,14.501584561223849,2300.0,2.0,3.0,1.0,Thirupalya,Villa,Under Construction,owner,True,False,Normal,Repeated Listing
26500000,27388616.699900262,-888616.699900262,-3.24447455538526,3.24447455538526,2300.0,5.0,3.0,1.0,Thirupalya,Villa,Under Construction,owner,True,False,Normal,Repeated Listing
72150000,66285680.92557792,5864319.074422076,8.84703753893126,8.84703753893126,2300.0,8.0,3.0,1.0,Thirupalya,Villa,Under Construction,builder,True,False,Normal,Repeated Listing
48000000,37025599.25003,10974400.749969997,29.640035468058233,29.640035468058233,2768.0,4.0,2.0,1.0,Hennur Gardens,Villa,Under Construction,agent,True,False,Normal,Repeated Listing
17500000,18172562.31527548,-672562.3152754791,-3.7009768001188097,3.7009768001188097,2136.0,5.0,3.0,1.0,Bidaraguppe,Villa,Under Construction,builder,True,False,Normal,Repeated Listing
32500000,55000000.00000105,-22500000.00000105,-40.909090909092036,40.909090909092036,3000.0,4.0,1.0,1.0,Yelahanka,Villa,Under Construction,agent,True,False,Normal,Repeated Listing
14000000,14910817.447835509,-910817.4478355087,-6.108434034699588,6.108434034699588,2136.0,4.0,3.0,1.0,Bidaraguppe,Villa,Under Construction,agent,True,False,Normal,Repeated Listing
55000000,29390377.078481313,25609622.921518687,87.13608149066324,87.13608149066324,3000.0,4.0,1.0,1.0,Yelahanka,Villa,Under Construction,contractor,True,False,Normal,Repeated Listing
37500000,40984055.42728329,-3484055.427283287,-8.501002135976847,8.501002135976847,2900.0,4.0,3.0,1.0,Sarjapur Road,Villa,Ready to Move,builder,True,False,Normal,Repeated Listing
32000000,32245783.615796532,-245783.61579653248,-0.7622193919211449,0.7622193919211449,2500.0,4.0,1.0,1.0,Devanahalli,Villa,Ready to Move,owner,True,False,Normal,Repeated Listing
28000000,49030179.90966302,-21030179.90966302,-42.892316423090115,42.892316423090115,2900.0,4.0,3.0,1.0,Sarjapur Road,Villa,Ready to Move,owner,True,False,Normal,Repeated Listing
50000000,54695997.069464624,-4695997.069464624,-8.58563207742725,8.58563207742725,3900.0,4.0,1.0,1.0,Devanahalli,Villa,Ready to Move,agent,True,False,Normal,Repeated Listing
58400000,32712811.31373335,25687188.68626665,78.52332971297629,78.52332971297629,2900.0,4.0,3.0,1.0,Sarjapur Road,Villa,Ready to Move,agent,True,False,Normal,Repeated Listing
50000000,54695997.069464624,-4695997.069464624,-8.58563207742725,8.58563207742725,3900.0,4.0,1.0,1.0,Devanahalli,Villa,Ready to Move,agent,True,False,Normal,Repeated Listing
28500000,31953592.868370604,-3453592.868370604,-10.808151942716767,10.808151942716767,2300.0,4.0,3.0,1.0,Thirupalya,Villa,Under Construction,agent,True,False,Normal,Repeated Listing
32000000,32920870.310378253,-920870.3103782535,-2.7972234685665356,2.7972234685665356,2300.0,4.0,3.0,1.0,Thirupalya,Villa,Under Construction,owner,True,False,Normal,Repeated Listing
14800000,13621647.907160668,1178352.0928393323,8.650583988592839,8.650583988592839,2300.0,2.0,3.0,1.0,Thirupalya,Villa,Under Construction,contractor,True,False,Normal,Repeated Listing
26500000,26713128.55074389,-213128.55074388906,-0.7978419687496843,0.7978419687496843,2300.0,5.0,3.0,1.0,Thirupalya,Villa,Under Construction,builder,True,False,Normal,Repeated Listing
72150000,71757171.8637932,392828.1362068057,0.5474409400532919,0.5474409400532919,2300.0,8.0,3.0,1.0,Thirupalya,Villa,Under Construction,agent,True,False,Normal,Repeated Listing
17500000,18145538.13563871,-645538.1356387101,-3.5575585072941,3.5575585072941,2136.0,5.0,3.0,1.0,Bidaraguppe,Villa,Under Construction,agent,True,False,Normal,Repeated Listing
14000000,14910817.447835509,-910817.4478355087,-6.108434034699588,6.108434034699588,2136.0,4.0,3.0,1.0,Bidaraguppe,Villa,Under Construction,agent,True,False,Normal,Repeated Listing
48000000,37025599.25003,10974400.749969997,29.640035468058233,29.640035468058233,2768.0,4.0,2.0,1.0,Hennur Gardens,Villa,Under Construction,agent,True,False,Normal,Repeated Listing
37500000,40383283.03161897,-2883283.0316189677,-7.139793536254689,7.139793536254689,2900.0,4.0,3.0,1.0,Sarjapur Road,Villa,Ready to Move,agent,True,False,Normal,Repeated Listing
32500000,55000000.00000105,-22500000.00000105,-40.909090909092036,40.909090909092036,3000.0,4.0,1.0,1.0,Yelahanka,Villa,Under Construction,agent,True,False,Normal,Repeated Listing
28000000,37431002.09585924,-9431002.095859237,-25.195697597694107,25.195697597694107,2900.0,4.0,3.0,1.0,Sarjapur Road,Villa,Ready to Move,builder,True,False,Normal,Repeated Listing
55000000,32501572.606834713,22498427.393165287,69.22258090500557,69.22258090500557,3000.0,4.0,1.0,1.0,Yelahanka,Villa,Under Construction,agent,True,False,Normal,Repeated Listing
58400000,37606391.66004806,20793608.33995194,55.29275057261734,55.29275057261734,2900.0,4.0,3.0,1.0,Sarjapur Road,Villa,Ready to Move,contractor,True,False,Normal,Repeated Listing
32000000,31848821.784964718,151178.21503528208,0.47467443554427097,0.47467443554427097,2500.0,4.0,1.0,1.0,Devanahalli,Villa,Ready to Move,contractor,True,False,Normal,Repeated Listing
50000000,39508261.718489856,10491738.281510144,26.555808393361975,26.555808393361975,3900.0,4.0,1.0,1.0,Devanahalli,Villa,Ready to Move,contractor,True,False,Normal,Repeated Listing
50000000,39015269.80292154,10984730.197078459,28.154951260277844,28.154951260277844,3900.0,4.0,1.0,1.0,Devanahalli,Villa,Ready to Move,builder,True,False,Normal,Repeated Listing
28500000,31953592.868370604,-3453592.868370604,-10.808151942716767,10.808151942716767,2300.0,4.0,3.0,1.0,Thirupalya,Villa,Under Construction,agent,True,False,Normal,Repeated Listing
48000000,37025599.25003,10974400.749969997,29.640035468058233,29.640035468058233,2768.0,4.0,2.0,1.0,Hennur Gardens,Villa,Under Construction,agent,True,False,Normal,Repeated Listing
32000000,28503241.98318361,3496758.016816389,12.267930851091997,12.267930851091997,2300.0,4.0,3.0,1.0,Thirupalya,Villa,Under Construction,agent,True,False,Normal,Repeated Listing
32500000,55000000.00000105,-22500000.00000105,-40.909090909092036,40.909090909092036,3000.0,4.0,1.0,1.0,Yelahanka,Villa,Under Construction,agent,True,False,Normal,Repeated Listing
14800000,14887052.400365748,-87052.40036574751,-0.5847524279796906,0.5847524279796906,2300.0,2.0,3.0,1.0,Thirupalya,Villa,Under Construction,builder,True,False,Normal,Repeated Listing
55000000,55695508.54837928,-695508.5483792797,-1.2487695444510287,1.2487695444510287,3000.0,4.0,1.0,1.0,Yelahanka,Villa,Under Construction,owner,True,False,Normal,Repeated Listing
26500000,27388616.699900262,-888616.699900262,-3.24447455538526,3.24447455538526,2300.0,5.0,3.0,1.0,Thirupalya,Villa,Under Construction,owner,True,False,Normal,Repeated Listing
72150000,71757171.8637932,392828.1362068057,0.5474409400532919,0.5474409400532919,2300.0,8.0,3.0,1.0,Thirupalya,Villa,Under Construction,agent,True,False,Normal,Repeated Listing
32000000,32038291.658905108,-38291.65890510753,-0.11951841662713712,0.11951841662713712,2500.0,4.0,1.0,1.0,Devanahalli,Villa,Ready to Move,builder,True,False,Normal,Repeated Listing
50000000,54695997.069464624,-4695997.069464624,-8.58563207742725,8.58563207742725,3900.0,4.0,1.0,1.0,Devanahalli,Villa,Ready to Move,agent,True,False,Normal,Repeated Listing
17500000,16609807.208783785,890192.7912162151,5.359440841344946,5.359440841344946,2136.0,5.0,3.0,1.0,Bidaraguppe,Villa,Under Construction,owner,True,False,Normal,Repeated Listing
14000000,14725707.77437715,-725707.7743771505,-4.928169059825347,4.928169059825347,2136.0,4.0,3.0,1.0,Bidaraguppe,Villa,Under Construction,builder,True,False,Normal,Repeated Listing
50000000,51643741.139716096,-1643741.1397160962,-3.1828467563361587,3.1828467563361587,3900.0,4.0,1.0,1.0,Devanahalli,Villa,Ready to Move,owner,True,False,Normal,Repeated Listing
28500000,31953592.868370604,-3453592.868370604,-10.808151942716767,10.808151942716767,2300.0,4.0,3.0,1.0,Thirupalya,Villa,Under Construction,agent,True,False,Normal,Repeated Listing
37500000,40383283.03161897,-2883283.0316189677,-7.139793536254689,7.139793536254689,2900.0,4.0,3.0,1.0,Sarjapur Road,Villa,Ready to Move,agent,True,False,Normal,Repeated Listing
28000000,37431002.09585924,-9431002.095859237,-25.195697597694107,25.195697597694107,2900.0,4.0,3.0,1.0,Sarjapur Road,Villa,Ready to Move,builder,True,False,Normal,Repeated Listing
32000000,32920870.310378253,-920870.3103782535,-2.7972234685665356,2.7972234685665356,2300.0,4.0,3.0,1.0,Thirupalya,Villa,Under Construction,owner,True,False,Normal,Repeated Listing
14800000,12925585.31544728,1874414.6845527198,14.501584561223849,14.501584561223849,2300.0,2.0,3.0,1.0,Thirupalya,Villa,Under Construction,owner,True,False,Normal,Repeated Listing
58400000,37431002.09585924,20968997.904140763,56.02040215338086,56.02040215338086,2900.0,4.0,3.0,1.0,Sarjapur Road,Villa,Ready to Move,builder,True,False,Normal,Repeated Listing
26500000,26417217.791547924,82782.20845207572,0.3133645984421627,0.3133645984421627,2300.0,5.0,3.0,1.0,Thirupalya,Villa,Under Construction,contractor,True,False,Normal,Repeated Listing
72150000,71757171.8637932,392828.1362068057,0.5474409400532919,0.5474409400532919,2300.0,8.0,3.0,1.0,Thirupalya,Villa,Under Construction,agent,True,False,Normal,Repeated Listing
48000000,37025599.25003,10974400.749969997,29.640035468058233,29.640035468058233,2768.0,4.0,2.0,1.0,Hennur Gardens,Villa,Under Construction,agent,True,False,Normal,Repeated Listing
32500000,55000000.00000105,-22500000.00000105,-40.909090909092036,40.909090909092036,3000.0,4.0,1.0,1.0,Yelahanka,Villa,Under Construction,agent,True,False,Normal,Repeated Listing
17500000,18145538.13563871,-645538.1356387101,-3.5575585072941,3.5575585072941,2136.0,5.0,3.0,1.0,Bidaraguppe,Villa,Under Construction,agent,True,False,Normal,Repeated Listing
55000000,29390377.078481313,25609622.921518687,87.13608149066324,87.13608149066324,3000.0,4.0,1.0,1.0,Yelahanka,Villa,Under Construction,contractor,True,False,Normal,Repeated Listing
14000000,15128654.757274574,-1128654.7572745737,-7.460377511304256,7.460377511304256,2136.0,4.0,3.0,1.0,Bidaraguppe,Villa,Under Construction,contractor,True,False,Normal,Repeated Listing
32000000,32245783.615796532,-245783.61579653248,-0.7622193919211449,0.7622193919211449,2500.0,4.0,1.0,1.0,Devanahalli,Villa,Ready to Move,owner,True,False,Normal,Repeated Listing
37500000,40383283.03161897,-2883283.0316189677,-7.139793536254689,7.139793536254689,2900.0,4.0,3.0,1.0,Sarjapur Road,Villa,Ready to Move,agent,True,False,Normal,Repeated Listing
50000000,39508261.718489856,10491738.281510144,26.555808393361975,26.555808393361975,3900.0,4.0,1.0,1.0,Devanahalli,Villa,Ready to Move,contractor,True,False,Normal,Repeated Listing
28000000,37606391.66004806,-9606391.66004806,-25.544571643265662,25.544571643265662,2900.0,4.0,3.0,1.0,Sarjapur Road,Villa,Ready to Move,contractor,True,False,Normal,Repeated Listing
50000000,39015269.80292154,10984730.197078459,28.154951260277844,28.154951260277844,3900.0,4.0,1.0,1.0,Devanahalli,Villa,Ready to Move,builder,True,False,Normal,Repeated Listing
58400000,37431002.09585924,20968997.904140763,56.02040215338086,56.02040215338086,2900.0,4.0,3.0,1.0,Sarjapur Road,Villa,Ready to Move,builder,True,False,Normal,Repeated Listing
28500000,31953592.868370604,-3453592.868370604,-10.808151942716767,10.808151942716767,2300.0,4.0,3.0,1.0,Thirupalya,Villa,Under Construction,agent,True,False,Normal,Repeated Listing
32000000,27308742.32741032,4691257.672589678,17.17859290752094,17.17859290752094,2300.0,4.0,3.0,1.0,Thirupalya,Villa,Under Construction,builder,True,False,Normal,Repeated Listing
14800000,13540530.005592821,1259469.9944071788,9.301482245428824,9.301482245428824,2300.0,2.0,3.0,1.0,Thirupalya,Villa,Under Construction,agent,True,False,Normal,Repeated Listing
48000000,37025599.25003,10974400.749969997,29.640035468058233,29.640035468058233,2768.0,4.0,2.0,1.0,Hennur Gardens,Villa,Under Construction,agent,True,False,Normal,Repeated Listing
32500000,55000000.00000105,-22500000.00000105,-40.909090909092036,40.909090909092036,3000.0,4.0,1.0,1.0,Yelahanka,Villa,Under Construction,agent,True,False,Normal,Repeated Listing
26500000,26713128.55074389,-213128.55074388906,-0.7978419687496843,0.7978419687496843,2300.0,5.0,3.0,1.0,Thirupalya,Villa,Under Construction,builder,True,False,Normal,Repeated Listing
72150000,70039953.84836496,2110046.151635036,3.0126321273758143,3.0126321273758143,2300.0,8.0,3.0,1.0,Thirupalya,Villa,Under Construction,owner,True,False,Normal,Repeated Listing
55000000,29390377.078481313,25609622.921518687,87.13608149066324,87.13608149066324,3000.0,4.0,1.0,1.0,Yelahanka,Villa,Under Construction,contractor,True,False,Normal,Repeated Listing
17500000,17173145.52905424,326854.4709457606,1.9032883078570242,1.9032883078570242,2136.0,5.0,3.0,1.0,Bidaraguppe,Villa,Under Construction,contractor,True,False,Normal,Repeated Listing
14000000,13993172.009470293,6827.990529706702,0.048795158989581894,0.048795158989581894,2136.0,4.0,3.0,1.0,Bidaraguppe,Villa,Under Construction,owner,True,False,Normal,Repeated Listing
32000000,32245783.615796532,-245783.61579653248,-0.7622193919211449,0.7622193919211449,2500.0,4.0,1.0,1.0,Devanahalli,Villa,Ready to Move,owner,True,False,Normal,Repeated Listing
37500000,40984055.42728329,-3484055.427283287,-8.501002135976847,8.501002135976847,2900.0,4.0,3.0,1.0,Sarjapur Road,Villa,Ready to Move,builder,True,False,Normal,Repeated Listing
50000000,54695997.069464624,-4695997.069464624,-8.58563207742725,8.58563207742725,3900.0,4.0,1.0,1.0,Devanahalli,Villa,Ready to Move,agent,True,False,Normal,Repeated Listing
28000000,37431002.09585924,-9431002.095859237,-25.195697597694107,25.195697597694107,2900.0,4.0,3.0,1.0,Sarjapur Road,Villa,Ready to Move,builder,True,False,Normal,Repeated Listing
50000000,39015269.80292154,10984730.197078459,28.154951260277844,28.154951260277844,3900.0,4.0,1.0,1.0,Devanahalli,Villa,Ready to Move,builder,True,False,Normal,Repeated Listing
58400000,27975875.723221403,30424124.276778597,108.7512847775665,108.7512847775665,2900.0,4.0,3.0,1.0,Sarjapur Road,Villa,Ready to Move,owner,True,False,Potentially Overpriced,Repeated Listing
28500000,31953592.868370604,-3453592.868370604,-10.808151942716767,10.808151942716767,2300.0,4.0,3.0,1.0,Thirupalya,Villa,Under Construction,agent,True,False,Normal,Repeated Listing
32000000,32920870.310378253,-920870.3103782535,-2.7972234685665356,2.7972234685665356,2300.0,4.0,3.0,1.0,Thirupalya,Villa,Under Construction,owner,True,False,Normal,Repeated Listing
14800000,14887052.400365748,-87052.40036574751,-0.5847524279796906,0.5847524279796906,2300.0,2.0,3.0,1.0,Thirupalya,Villa,Under Construction,builder,True,False,Normal,Repeated Listing
48000000,37025599.25003,10974400.749969997,29.640035468058233,29.640035468058233,2768.0,4.0,2.0,1.0,Hennur Gardens,Villa,Under Construction,agent,True,False,Normal,Repeated Listing
26500000,26713128.55074389,-213128.55074388906,-0.7978419687496843,0.7978419687496843,2300.0,5.0,3.0,1.0,Thirupalya,Villa,Under Construction,builder,True,False,Normal,Repeated Listing
32500000,55000000.00000105,-22500000.00000105,-40.909090909092036,40.909090909092036,3000.0,4.0,1.0,1.0,Yelahanka,Villa,Under Construction,agent,True,False,Normal,Repeated Listing
72150000,72298627.36492518,-148627.3649251759,-0.20557425547650263,0.20557425547650263,2300.0,8.0,3.0,1.0,Thirupalya,Villa,Under Construction,contractor,True,False,Normal,Repeated Listing
55000000,30390365.025824584,24609634.974175416,80.97841191859024,80.97841191859024,3000.0,4.0,1.0,1.0,Yelahanka,Villa,Under Construction,builder,True,False,Normal,Repeated Listing
17500000,18145538.13563871,-645538.1356387101,-3.5575585072941,3.5575585072941,2136.0,5.0,3.0,1.0,Bidaraguppe,Villa,Under Construction,agent,True,False,Normal,Repeated Listing
32000000,32038291.658905108,-38291.65890510753,-0.11951841662713712,0.11951841662713712,2500.0,4.0,1.0,1.0,Devanahalli,Villa,Ready to Move,builder,True,False,Normal,Repeated Listing
14000000,14725707.77437715,-725707.7743771505,-4.928169059825347,4.928169059825347,2136.0,4.0,3.0,1.0,Bidaraguppe,Villa,Under Construction,builder,True,False,Normal,Repeated Listing
50000000,39015269.80292154,10984730.197078459,28.154951260277844,28.154951260277844,3900.0,4.0,1.0,1.0,Devanahalli,Villa,Ready to Move,builder,True,False,Normal,Repeated Listing
37500000,38265442.75060015,-765442.7506001517,-2.000349912554315,2.000349912554315,2900.0,4.0,3.0,1.0,Sarjapur Road,Villa,Ready to Move,contractor,True,False,Normal,Repeated Listing
50000000,39015269.80292154,10984730.197078459,28.154951260277844,28.154951260277844,3900.0,4.0,1.0,1.0,Devanahalli,Villa,Ready to Move,builder,True,False,Normal,Repeated Listing
28000000,49030179.90966302,-21030179.90966302,-42.892316423090115,42.892316423090115,2900.0,4.0,3.0,1.0,Sarjapur Road,Villa,Ready to Move,owner,True,False,Normal,Repeated Listing
28500000,31953592.868370604,-3453592.868370604,-10.808151942716767,10.808151942716767,2300.0,4.0,3.0,1.0,Thirupalya,Villa,Under Construction,agent,True,False,Normal,Repeated Listing
58400000,27975875.723221403,30424124.276778597,108.7512847775665,108.7512847775665,2900.0,4.0,3.0,1.0,Sarjapur Road,Villa,Ready to Move,owner,True,False,Potentially Overpriced,Repeated Listing
32000000,32920870.310378253,-920870.3103782535,-2.7972234685665356,2.7972234685665356,2300.0,4.0,3.0,1.0,Thirupalya,Villa,Under Construction,owner,True,False,Normal,Repeated Listing
14800000,13540530.005592821,1259469.9944071788,9.301482245428824,9.301482245428824,2300.0,2.0,3.0,1.0,Thirupalya,Villa,Under Construction,agent,True,False,Normal,Repeated Listing
26500000,26417217.791547924,82782.20845207572,0.3133645984421627,0.3133645984421627,2300.0,5.0,3.0,1.0,Thirupalya,Villa,Under Construction,contractor,True,False,Normal,Repeated Listing
72150000,66285680.92557792,5864319.074422076,8.84703753893126,8.84703753893126,2300.0,8.0,3.0,1.0,Thirupalya,Villa,Under Construction,builder,True,False,Normal,Repeated Listing
17500000,17173145.52905424,326854.4709457606,1.9032883078570242,1.9032883078570242,2136.0,5.0,3.0,1.0,Bidaraguppe,Villa,Under Construction,contractor,True,False,Normal,Repeated Listing
14000000,13993172.009470293,6827.990529706702,0.048795158989581894,0.048795158989581894,2136.0,4.0,3.0,1.0,Bidaraguppe,Villa,Under Construction,owner,True,False,Normal,Repeated Listing
48000000,37025599.25003,10974400.749969997,29.640035468058233,29.640035468058233,2768.0,4.0,2.0,1.0,Hennur Gardens,Villa,Under Construction,agent,True,False,Normal,Repeated Listing
37500000,40383283.03161897,-2883283.0316189677,-7.139793536254689,7.139793536254689,2900.0,4.0,3.0,1.0,Sarjapur Road,Villa,Ready to Move,agent,True,False,Normal,Repeated Listing
28000000,37606391.66004806,-9606391.66004806,-25.544571643265662,25.544571643265662,2900.0,4.0,3.0,1.0,Sarjapur Road,Villa,Ready to Move,contractor,True,False,Normal,Repeated Listing
32500000,55000000.00000105,-22500000.00000105,-40.909090909092036,40.909090909092036,3000.0,4.0,1.0,1.0,Yelahanka,Villa,Under Construction,agent,True,False,Normal,Repeated Listing
55000000,55695508.54837928,-695508.5483792797,-1.2487695444510287,1.2487695444510287,3000.0,4.0,1.0,1.0,Yelahanka,Villa,Under Construction,owner,True,False,Normal,Repeated Listing
58400000,37431002.09585924,20968997.904140763,56.02040215338086,56.02040215338086,2900.0,4.0,3.0,1.0,Sarjapur Road,Villa,Ready to Move,builder,True,False,Normal,Repeated Listing
32000000,32245783.615796532,-245783.61579653248,-0.7622193919211449,0.7622193919211449,2500.0,4.0,1.0,1.0,Devanahalli,Villa,Ready to Move,owner,True,False,Normal,Repeated Listing
50000000,51643741.139716096,-1643741.1397160962,-3.1828467563361587,3.1828467563361587,3900.0,4.0,1.0,1.0,Devanahalli,Villa,Ready to Move,owner,True,False,Normal,Repeated Listing
50000000,54695997.069464624,-4695997.069464624,-8.58563207742725,8.58563207742725,3900.0,4.0,1.0,1.0,Devanahalli,Villa,Ready to Move,agent,True,False,Normal,Repeated Listing
28500000,31953592.868370604,-3453592.868370604,-10.808151942716767,10.808151942716767,2300.0,4.0,3.0,1.0,Thirupalya,Villa,Under Construction,agent,True,False,Normal,Repeated Listing
32000000,27308742.32741032,4691257.672589678,17.17859290752094,17.17859290752094,2300.0,4.0,3.0,1.0,Thirupalya,Villa,Under Construction,builder,True,False,Normal,Repeated Listing
14800000,14887052.400365748,-87052.40036574751,-0.5847524279796906,0.5847524279796906,2300.0,2.0,3.0,1.0,Thirupalya,Villa,Under Construction,builder,True,False,Normal,Repeated Listing
48000000,37025599.25003,10974400.749969997,29.640035468058233,29.640035468058233,2768.0,4.0,2.0,1.0,Hennur Gardens,Villa,Under Construction,agent,True,False,Normal,Repeated Listing
26500000,26417217.791547924,82782.20845207572,0.3133645984421627,0.3133645984421627,2300.0,5.0,3.0,1.0,Thirupalya,Villa,Under Construction,contractor,True,False,Normal,Repeated Listing
72150000,70039953.84836496,2110046.151635036,3.0126321273758143,3.0126321273758143,2300.0,8.0,3.0,1.0,Thirupalya,Villa,Under Construction,owner,True,False,Normal,Repeated Listing
32500000,55000000.00000105,-22500000.00000105,-40.909090909092036,40.909090909092036,3000.0,4.0,1.0,1.0,Yelahanka,Villa,Under Construction,agent,True,False,Normal,Repeated Listing
55000000,32501572.606834713,22498427.393165287,69.22258090500557,69.22258090500557,3000.0,4.0,1.0,1.0,Yelahanka,Villa,Under Construction,agent,True,False,Normal,Repeated Listing
17500000,17173145.52905424,326854.4709457606,1.9032883078570242,1.9032883078570242,2136.0,5.0,3.0,1.0,Bidaraguppe,Villa,Under Construction,contractor,True,False,Normal,Repeated Listing
14000000,14910817.447835509,-910817.4478355087,-6.108434034699588,6.108434034699588,2136.0,4.0,3.0,1.0,Bidaraguppe,Villa,Under Construction,agent,True,False,Normal,Repeated Listing
32000000,32245783.615796532,-245783.61579653248,-0.7622193919211449,0.7622193919211449,2500.0,4.0,1.0,1.0,Devanahalli,Villa,Ready to Move,owner,True,False,Normal,Repeated Listing
50000000,39508261.718489856,10491738.281510144,26.555808393361975,26.555808393361975,3900.0,4.0,1.0,1.0,Devanahalli,Villa,Ready to Move,contractor,True,False,Normal,Repeated Listing
37500000,27975875.723221403,9524124.276778597,34.04406128696479,34.04406128696479,2900.0,4.0,3.0,1.0,Sarjapur Road,Villa,Ready to Move,owner,True,False,Normal,Repeated Listing
28000000,37606391.66004806,-9606391.66004806,-25.544571643265662,25.544571643265662,2900.0,4.0,3.0,1.0,Sarjapur Road,Villa,Ready to Move,contractor,True,False,Normal,Repeated Listing
50000000,51643741.139716096,-1643741.1397160962,-3.1828467563361587,3.1828467563361587,3900.0,4.0,1.0,1.0,Devanahalli,Villa,Ready to Move,owner,True,False,Normal,Repeated Listing
28500000,31953592.868370604,-3453592.868370604,-10.808151942716767,10.808151942716767,2300.0,4.0,3.0,1.0,Thirupalya,Villa,Under Construction,agent,True,False,Normal,Repeated Listing
58400000,27975875.723221403,30424124.276778597,108.7512847775665,108.7512847775665,2900.0,4.0,3.0,1.0,Sarjapur Road,Villa,Ready to Move,owner,True,False,Potentially Overpriced,Repeated Listing
32000000,26204143.74423012,5795856.255769879,22.118090605597697,22.118090605597697,2300.0,4.0,3.0,1.0,Thirupalya,Villa,Under Construction,contractor,True,False,Normal,Repeated Listing
14800000,14887052.400365748,-87052.40036574751,-0.5847524279796906,0.5847524279796906,2300.0,2.0,3.0,1.0,Thirupalya,Villa,Under Construction,builder,True,False,Normal,Repeated Listing
26500000,27388616.699900262,-888616.699900262,-3.24447455538526,3.24447455538526,2300.0,5.0,3.0,1.0,Thirupalya,Villa,Under Construction,owner,True,False,Normal,Repeated Listing
72150000,71757171.8637932,392828.1362068057,0.5474409400532919,0.5474409400532919,2300.0,8.0,3.0,1.0,Thirupalya,Villa,Under Construction,agent,True,False,Normal,Repeated Listing
17500000,18172562.31527548,-672562.3152754791,-3.7009768001188097,3.7009768001188097,2136.0,5.0,3.0,1.0,Bidaraguppe,Villa,Under Construction,builder,True,False,Normal,Repeated Listing
14000000,15128654.757274574,-1128654.7572745737,-7.460377511304256,7.460377511304256,2136.0,4.0,3.0,1.0,Bidaraguppe,Villa,Under Construction,contractor,True,False,Normal,Repeated Listing
37500000,40984055.42728329,-3484055.427283287,-8.501002135976847,8.501002135976847,2900.0,4.0,3.0,1.0,Sarjapur Road,Villa,Ready to Move,builder,True,False,Normal,Repeated Listing
28000000,37431002.09585924,-9431002.095859237,-25.195697597694107,25.195697597694107,2900.0,4.0,3.0,1.0,Sarjapur Road,Villa,Ready to Move,builder,True,False,Normal,Repeated Listing
58400000,37606391.66004806,20793608.33995194,55.29275057261734,55.29275057261734,2900.0,4.0,3.0,1.0,Sarjapur Road,Villa,Ready to Move,contractor,True,False,Normal,Repeated Listing
48000000,37025599.25003,10974400.749969997,29.640035468058233,29.640035468058233,2768.0,4.0,2.0,1.0,Hennur Gardens,Villa,Under Construction,agent,True,False,Normal,Repeated Listing
48000000,37025599.25003,10974400.749969997,29.640035468058233,29.640035468058233,2768.0,4.0,2.0,1.0,Hennur Gardens,Villa,Under Construction,agent,True,False,Normal,Repeated Listing
32500000,55000000.00000105,-22500000.00000105,-40.909090909092036,40.909090909092036,3000.0,4.0,1.0,1.0,Yelahanka,Villa,Under Construction,agent,True,False,Normal,Repeated Listing
55000000,55695508.54837928,-695508.5483792797,-1.2487695444510287,1.2487695444510287,3000.0,4.0,1.0,1.0,Yelahanka,Villa,Under Construction,owner,True,False,Normal,Repeated Listing
32500000,55000000.00000105,-22500000.00000105,-40.909090909092036,40.909090909092036,3000.0,4.0,1.0,1.0,Yelahanka,Villa,Under Construction,agent,True,False,Normal,Repeated Listing
55000000,30390365.025824584,24609634.974175416,80.97841191859024,80.97841191859024,3000.0,4.0,1.0,1.0,Yelahanka,Villa,Under Construction,builder,True,False,Normal,Repeated Listing
32000000,31907191.702662885,92808.29733711481,0.29086952622461376,0.29086952622461376,2500.0,4.0,1.0,1.0,Devanahalli,Villa,Ready to Move,agent,True,False,Normal,Repeated Listing
32000000,31907191.702662885,92808.29733711481,0.29086952622461376,0.29086952622461376,2500.0,4.0,1.0,1.0,Devanahalli,Villa,Ready to Move,agent,True,False,Normal,Repeated Listing
50000000,51643741.139716096,-1643741.1397160962,-3.1828467563361587,3.1828467563361587,3900.0,4.0,1.0,1.0,Devanahalli,Villa,Ready to Move,owner,True,False,Normal,Repeated Listing
50000000,39508261.718489856,10491738.281510144,26.555808393361975,26.555808393361975,3900.0,4.0,1.0,1.0,Devanahalli,Villa,Ready to Move,contractor,True,False,Normal,Repeated Listing
50000000,39508261.718489856,10491738.281510144,26.555808393361975,26.555808393361975,3900.0,4.0,1.0,1.0,Devanahalli,Villa,Ready to Move,contractor,True,False,Normal,Repeated Listing
50000000,39015269.80292154,10984730.197078459,28.154951260277844,28.154951260277844,3900.0,4.0,1.0,1.0,Devanahalli,Villa,Ready to Move,builder,True,False,Normal,Repeated Listing
28500000,31953592.868370604,-3453592.868370604,-10.808151942716767,10.808151942716767,2300.0,4.0,3.0,1.0,Thirupalya,Villa,Under Construction,agent,True,False,Normal,Repeated Listing
28500000,31953592.868370604,-3453592.868370604,-10.808151942716767,10.808151942716767,2300.0,4.0,3.0,1.0,Thirupalya,Villa,Under Construction,agent,True,False,Normal,Repeated Listing
32000000,26204143.74423012,5795856.255769879,22.118090605597697,22.118090605597697,2300.0,4.0,3.0,1.0,Thirupalya,Villa,Under Construction,contractor,True,False,Normal,Repeated Listing
32000000,28503241.98318361,3496758.016816389,12.267930851091997,12.267930851091997,2300.0,4.0,3.0,1.0,Thirupalya,Villa,Under Construction,agent,True,False,Normal,Repeated Listing
14800000,14887052.400365748,-87052.40036574751,-0.5847524279796906,0.5847524279796906,2300.0,2.0,3.0,1.0,Thirupalya,Villa,Under Construction,builder,True,False,Normal,Repeated Listing
14800000,14887052.400365748,-87052.40036574751,-0.5847524279796906,0.5847524279796906,2300.0,2.0,3.0,1.0,Thirupalya,Villa,Under Construction,builder,True,False,Normal,Repeated Listing
26500000,26713128.55074389,-213128.55074388906,-0.7978419687496843,0.7978419687496843,2300.0,5.0,3.0,1.0,Thirupalya,Villa,Under Construction,builder,True,False,Normal,Repeated Listing
26500000,27388616.699900262,-888616.699900262,-3.24447455538526,3.24447455538526,2300.0,5.0,3.0,1.0,Thirupalya,Villa,Under Construction,owner,True,False,Normal,Repeated Listing
72150000,71757171.8637932,392828.1362068057,0.5474409400532919,0.5474409400532919,2300.0,8.0,3.0,1.0,Thirupalya,Villa,Under Construction,agent,True,False,Normal,Repeated Listing
72150000,66285680.92557792,5864319.074422076,8.84703753893126,8.84703753893126,2300.0,8.0,3.0,1.0,Thirupalya,Villa,Under Construction,builder,True,False,Normal,Repeated Listing
17500000,17173145.52905424,326854.4709457606,1.9032883078570242,1.9032883078570242,2136.0,5.0,3.0,1.0,Bidaraguppe,Villa,Under Construction,contractor,True,False,Normal,Repeated Listing
17500000,17173145.52905424,326854.4709457606,1.9032883078570242,1.9032883078570242,2136.0,5.0,3.0,1.0,Bidaraguppe,Villa,Under Construction,contractor,True,False,Normal,Repeated Listing
14000000,14910817.447835509,-910817.4478355087,-6.108434034699588,6.108434034699588,2136.0,4.0,3.0,1.0,Bidaraguppe,Villa,Under Construction,agent,True,False,Normal,Repeated Listing
14000000,14910817.447835509,-910817.4478355087,-6.108434034699588,6.108434034699588,2136.0,4.0,3.0,1.0,Bidaraguppe,Villa,Under Construction,agent,True,False,Normal,Repeated Listing
37500000,27975875.723221403,9524124.276778597,34.04406128696479,34.04406128696479,2900.0,4.0,3.0,1.0,Sarjapur Road,Villa,Ready to Move,owner,True,False,Normal,Repeated Listing
37500000,38265442.75060015,-765442.7506001517,-2.000349912554315,2.000349912554315,2900.0,4.0,3.0,1.0,Sarjapur Road,Villa,Ready to Move,contractor,True,False,Normal,Repeated Listing
28000000,37606391.66004806,-9606391.66004806,-25.544571643265662,25.544571643265662,2900.0,4.0,3.0,1.0,Sarjapur Road,Villa,Ready to Move,contractor,True,False,Normal,Repeated Listing
28000000,37606391.66004806,-9606391.66004806,-25.544571643265662,25.544571643265662,2900.0,4.0,3.0,1.0,Sarjapur Road,Villa,Ready to Move,contractor,True,False,Normal,Repeated Listing
58400000,27975875.723221403,30424124.276778597,108.7512847775665,108.7512847775665,2900.0,4.0,3.0,1.0,Sarjapur Road,Villa,Ready to Move,owner,True,False,Potentially Overpriced,Repeated Listing
58400000,37606391.66004806,20793608.33995194,55.29275057261734,55.29275057261734,2900.0,4.0,3.0,1.0,Sarjapur Road,Villa,Ready to Move,contractor,True,False,Normal,Repeated Listing
48000000,37025599.25003,10974400.749969997,29.640035468058233,29.640035468058233,2768.0,4.0,2.0,1.0,Hennur Gardens,Villa,Under Construction,agent,True,False,Normal,Repeated Listing
32500000,55000000.00000105,-22500000.00000105,-40.909090909092036,40.909090909092036,3000.0,4.0,1.0,1.0,Yelahanka,Villa,Under Construction,agent,True,False,Normal,Repeated Listing
48000000,37025599.25003,10974400.749969997,29.640035468058233,29.640035468058233,2768.0,4.0,2.0,1.0,Hennur Gardens,Villa,Under Construction,agent,True,False,Normal,Repeated Listing
55000000,30390365.025824584,24609634.974175416,80.97841191859024,80.97841191859024,3000.0,4.0,1.0,1.0,Yelahanka,Villa,Under Construction,builder,True,False,Normal,Repeated Listing
32500000,55000000.00000105,-22500000.00000105,-40.909090909092036,40.909090909092036,3000.0,4.0,1.0,1.0,Yelahanka,Villa,Under Construction,agent,True,False,Normal,Repeated Listing
32000000,31848821.784964718,151178.21503528208,0.47467443554427097,0.47467443554427097,2500.0,4.0,1.0,1.0,Devanahalli,Villa,Ready to Move,contractor,True,False,Normal,Repeated Listing
55000000,32501572.606834713,22498427.393165287,69.22258090500557,69.22258090500557,3000.0,4.0,1.0,1.0,Yelahanka,Villa,Under Construction,agent,True,False,Normal,Repeated Listing
50000000,54695997.069464624,-4695997.069464624,-8.58563207742725,8.58563207742725,3900.0,4.0,1.0,1.0,Devanahalli,Villa,Ready to Move,agent,True,False,Normal,Repeated Listing
50000000,51643741.139716096,-1643741.1397160962,-3.1828467563361587,3.1828467563361587,3900.0,4.0,1.0,1.0,Devanahalli,Villa,Ready to Move,owner,True,False,Normal,Repeated Listing
32000000,31848821.784964718,151178.21503528208,0.47467443554427097,0.47467443554427097,2500.0,4.0,1.0,1.0,Devanahalli,Villa,Ready to Move,contractor,True,False,Normal,Repeated Listing
50000000,39508261.718489856,10491738.281510144,26.555808393361975,26.555808393361975,3900.0,4.0,1.0,1.0,Devanahalli,Villa,Ready to Move,contractor,True,False,Normal,Repeated Listing
28500000,31953592.868370604,-3453592.868370604,-10.808151942716767,10.808151942716767,2300.0,4.0,3.0,1.0,Thirupalya,Villa,Under Construction,agent,True,False,Normal,Repeated Listing
32000000,28503241.98318361,3496758.016816389,12.267930851091997,12.267930851091997,2300.0,4.0,3.0,1.0,Thirupalya,Villa,Under Construction,agent,True,False,Normal,Repeated Listing
50000000,54695997.069464624,-4695997.069464624,-8.58563207742725,8.58563207742725,3900.0,4.0,1.0,1.0,Devanahalli,Villa,Ready to Move,agent,True,False,Normal,Repeated Listing
28500000,31953592.868370604,-3453592.868370604,-10.808151942716767,10.808151942716767,2300.0,4.0,3.0,1.0,Thirupalya,Villa,Under Construction,agent,True,False,Normal,Repeated Listing
48000000,37025599.25003,10974400.749969997,29.640035468058233,29.640035468058233,2768.0,4.0,2.0,1.0,Hennur Gardens,Villa,Under Construction,agent,True,False,Normal,Repeated Listing
14800000,13540530.005592821,1259469.9944071788,9.301482245428824,9.301482245428824,2300.0,2.0,3.0,1.0,Thirupalya,Villa,Under Construction,agent,True,False,Normal,Repeated Listing
32000000,26204143.74423012,5795856.255769879,22.118090605597697,22.118090605597697,2300.0,4.0,3.0,1.0,Thirupalya,Villa,Under Construction,contractor,True,False,Normal,Repeated Listing
32500000,55000000.00000105,-22500000.00000105,-40.909090909092036,40.909090909092036,3000.0,4.0,1.0,1.0,Yelahanka,Villa,Under Construction,agent,True,False,Normal,Repeated Listing
26500000,27388616.699900262,-888616.699900262,-3.24447455538526,3.24447455538526,2300.0,5.0,3.0,1.0,Thirupalya,Villa,Under Construction,owner,True,False,Normal,Repeated Listing
14800000,13621647.907160668,1178352.0928393323,8.650583988592839,8.650583988592839,2300.0,2.0,3.0,1.0,Thirupalya,Villa,Under Construction,contractor,True,False,Normal,Repeated Listing
55000000,29390377.078481313,25609622.921518687,87.13608149066324,87.13608149066324,3000.0,4.0,1.0,1.0,Yelahanka,Villa,Under Construction,contractor,True,False,Normal,Repeated Listing
72150000,70039953.84836496,2110046.151635036,3.0126321273758143,3.0126321273758143,2300.0,8.0,3.0,1.0,Thirupalya,Villa,Under Construction,owner,True,False,Normal,Repeated Listing
26500000,26738502.473351225,-238502.47335122526,-0.8919814173921197,0.8919814173921197,2300.0,5.0,3.0,1.0,Thirupalya,Villa,Under Construction,agent,True,False,Normal,Repeated Listing
32000000,32038291.658905108,-38291.65890510753,-0.11951841662713712,0.11951841662713712,2500.0,4.0,1.0,1.0,Devanahalli,Villa,Ready to Move,builder,True,False,Normal,Repeated Listing
17500000,18145538.13563871,-645538.1356387101,-3.5575585072941,3.5575585072941,2136.0,5.0,3.0,1.0,Bidaraguppe,Villa,Under Construction,agent,True,False,Normal,Repeated Listing
72150000,71757171.8637932,392828.1362068057,0.5474409400532919,0.5474409400532919,2300.0,8.0,3.0,1.0,Thirupalya,Villa,Under Construction,agent,True,False,Normal,Repeated Listing
50000000,39508261.718489856,10491738.281510144,26.555808393361975,26.555808393361975,3900.0,4.0,1.0,1.0,Devanahalli,Villa,Ready to Move,contractor,True,False,Normal,Repeated Listing
14000000,15128654.757274574,-1128654.7572745737,-7.460377511304256,7.460377511304256,2136.0,4.0,3.0,1.0,Bidaraguppe,Villa,Under Construction,contractor,True,False,Normal,Repeated Listing
17500000,18145538.13563871,-645538.1356387101,-3.5575585072941,3.5575585072941,2136.0,5.0,3.0,1.0,Bidaraguppe,Villa,Under Construction,agent,True,False,Normal,Repeated Listing
50000000,39508261.718489856,10491738.281510144,26.555808393361975,26.555808393361975,3900.0,4.0,1.0,1.0,Devanahalli,Villa,Ready to Move,contractor,True,False,Normal,Repeated Listing
37500000,27975875.723221403,9524124.276778597,34.04406128696479,34.04406128696479,2900.0,4.0,3.0,1.0,Sarjapur Road,Villa,Ready to Move,owner,True,False,Normal,Repeated Listing
14000000,14725707.77437715,-725707.7743771505,-4.928169059825347,4.928169059825347,2136.0,4.0,3.0,1.0,Bidaraguppe,Villa,Under Construction,builder,True,False,Normal,Repeated Listing
28500000,31953592.868370604,-3453592.868370604,-10.808151942716767,10.808151942716767,2300.0,4.0,3.0,1.0,Thirupalya,Villa,Under Construction,agent,True,False,Normal,Repeated Listing
28000000,46068493.063934326,-18068493.063934326,-39.22093357570582,39.22093357570582,2900.0,4.0,3.0,1.0,Sarjapur Road,Villa,Ready to Move,agent,True,False,Normal,Repeated Listing
37500000,40383283.03161897,-2883283.0316189677,-7.139793536254689,7.139793536254689,2900.0,4.0,3.0,1.0,Sarjapur Road,Villa,Ready to Move,agent,True,False,Normal,Repeated Listing
32000000,26204143.74423012,5795856.255769879,22.118090605597697,22.118090605597697,2300.0,4.0,3.0,1.0,Thirupalya,Villa,Under Construction,contractor,True,False,Normal,Repeated Listing
58400000,37606391.66004806,20793608.33995194,55.29275057261734,55.29275057261734,2900.0,4.0,3.0,1.0,Sarjapur Road,Villa,Ready to Move,contractor,True,False,Normal,Repeated Listing
28000000,37431002.09585924,-9431002.095859237,-25.195697597694107,25.195697597694107,2900.0,4.0,3.0,1.0,Sarjapur Road,Villa,Ready to Move,builder,True,False,Normal,Repeated Listing
58400000,37606391.66004806,20793608.33995194,55.29275057261734,55.29275057261734,2900.0,4.0,3.0,1.0,Sarjapur Road,Villa,Ready to Move,contractor,True,False,Normal,Repeated Listing
14800000,14887052.400365748,-87052.40036574751,-0.5847524279796906,0.5847524279796906,2300.0,2.0,3.0,1.0,Thirupalya,Villa,Under Construction,builder,True,False,Normal,Repeated Listing
26500000,26713128.55074389,-213128.55074388906,-0.7978419687496843,0.7978419687496843,2300.0,5.0,3.0,1.0,Thirupalya,Villa,Under Construction,builder,True,False,Normal,Repeated Listing
48000000,37025599.25003,10974400.749969997,29.640035468058233,29.640035468058233,2768.0,4.0,2.0,1.0,Hennur Gardens,Villa,Under Construction,agent,True,False,Normal,Repeated Listing
72150000,71757171.8637932,392828.1362068057,0.5474409400532919,0.5474409400532919,2300.0,8.0,3.0,1.0,Thirupalya,Villa,Under Construction,agent,True,False,Normal,Repeated Listing
32500000,55000000.00000105,-22500000.00000105,-40.909090909092036,40.909090909092036,3000.0,4.0,1.0,1.0,Yelahanka,Villa,Under Construction,agent,True,False,Normal,Repeated Listing
17500000,17173145.52905424,326854.4709457606,1.9032883078570242,1.9032883078570242,2136.0,5.0,3.0,1.0,Bidaraguppe,Villa,Under Construction,contractor,True,False,Normal,Repeated Listing
55000000,32501572.606834713,22498427.393165287,69.22258090500557,69.22258090500557,3000.0,4.0,1.0,1.0,Yelahanka,Villa,Under Construction,agent,True,False,Normal,Repeated Listing
14000000,13993172.009470293,6827.990529706702,0.048795158989581894,0.048795158989581894,2136.0,4.0,3.0,1.0,Bidaraguppe,Villa,Under Construction,owner,True,False,Normal,Repeated Listing
32000000,31907191.702662885,92808.29733711481,0.29086952622461376,0.29086952622461376,2500.0,4.0,1.0,1.0,Devanahalli,Villa,Ready to Move,agent,True,False,Normal,Repeated Listing
37500000,27975875.723221403,9524124.276778597,34.04406128696479,34.04406128696479,2900.0,4.0,3.0,1.0,Sarjapur Road,Villa,Ready to Move,owner,True,False,Normal,Repeated Listing
50000000,39508261.718489856,10491738.281510144,26.555808393361975,26.555808393361975,3900.0,4.0,1.0,1.0,Devanahalli,Villa,Ready to Move,contractor,True,False,Normal,Repeated Listing
28000000,46068493.063934326,-18068493.063934326,-39.22093357570582,39.22093357570582,2900.0,4.0,3.0,1.0,Sarjapur Road,Villa,Ready to Move,agent,True,False,Normal,Repeated Listing
58400000,37606391.66004806,20793608.33995194,55.29275057261734,55.29275057261734,2900.0,4.0,3.0,1.0,Sarjapur Road,Villa,Ready to Move,contractor,True,False,Normal,Repeated Listing
50000000,51643741.139716096,-1643741.1397160962,-3.1828467563361587,3.1828467563361587,3900.0,4.0,1.0,1.0,Devanahalli,Villa,Ready to Move,owner,True,False,Normal,Repeated Listing
28500000,31953592.868370604,-3453592.868370604,-10.808151942716767,10.808151942716767,2300.0,4.0,3.0,1.0,Thirupalya,Villa,Under Construction,agent,True,False,Normal,Repeated Listing
32000000,32920870.310378253,-920870.3103782535,-2.7972234685665356,2.7972234685665356,2300.0,4.0,3.0,1.0,Thirupalya,Villa,Under Construction,owner,True,False,Normal,Repeated Listing
14800000,13621647.907160668,1178352.0928393323,8.650583988592839,8.650583988592839,2300.0,2.0,3.0,1.0,Thirupalya,Villa,Under Construction,contractor,True,False,Normal,Repeated Listing
48000000,37025599.25003,10974400.749969997,29.640035468058233,29.640035468058233,2768.0,4.0,2.0,1.0,Hennur Gardens,Villa,Under Construction,agent,True,False,Normal,Repeated Listing
26500000,27388616.699900262,-888616.699900262,-3.24447455538526,3.24447455538526,2300.0,5.0,3.0,1.0,Thirupalya,Villa,Under Construction,owner,True,False,Normal,Repeated Listing
32500000,55000000.00000105,-22500000.00000105,-40.909090909092036,40.909090909092036,3000.0,4.0,1.0,1.0,Yelahanka,Villa,Under Construction,agent,True,False,Normal,Repeated Listing
72150000,70039953.84836496,2110046.151635036,3.0126321273758143,3.0126321273758143,2300.0,8.0,3.0,1.0,Thirupalya,Villa,Under Construction,owner,True,False,Normal,Repeated Listing
55000000,55695508.54837928,-695508.5483792797,-1.2487695444510287,1.2487695444510287,3000.0,4.0,1.0,1.0,Yelahanka,Villa,Under Construction,owner,True,False,Normal,Repeated Listing
17500000,16609807.208783785,890192.7912162151,5.359440841344946,5.359440841344946,2136.0,5.0,3.0,1.0,Bidaraguppe,Villa,Under Construction,owner,True,False,Normal,Repeated Listing
32000000,31848821.784964718,151178.21503528208,0.47467443554427097,0.47467443554427097,2500.0,4.0,1.0,1.0,Devanahalli,Villa,Ready to Move,contractor,True,False,Normal,Repeated Listing
14000000,14910817.447835509,-910817.4478355087,-6.108434034699588,6.108434034699588,2136.0,4.0,3.0,1.0,Bidaraguppe,Villa,Under Construction,agent,True,False,Normal,Repeated Listing
37500000,38265442.75060015,-765442.7506001517,-2.000349912554315,2.000349912554315,2900.0,4.0,3.0,1.0,Sarjapur Road,Villa,Ready to Move,contractor,True,False,Normal,Repeated Listing
50000000,54695997.069464624,-4695997.069464624,-8.58563207742725,8.58563207742725,3900.0,4.0,1.0,1.0,Devanahalli,Villa,Ready to Move,agent,True,False,Normal,Repeated Listing
50000000,39508261.718489856,10491738.281510144,26.555808393361975,26.555808393361975,3900.0,4.0,1.0,1.0,Devanahalli,Villa,Ready to Move,contractor,True,False,Normal,Repeated Listing
28000000,49030179.90966302,-21030179.90966302,-42.892316423090115,42.892316423090115,2900.0,4.0,3.0,1.0,Sarjapur Road,Villa,Ready to Move,owner,True,False,Normal,Repeated Listing
28500000,31953592.868370604,-3453592.868370604,-10.808151942716767,10.808151942716767,2300.0,4.0,3.0,1.0,Thirupalya,Villa,Under Construction,agent,True,False,Normal,Repeated Listing
58400000,37606391.66004806,20793608.33995194,55.29275057261734,55.29275057261734,2900.0,4.0,3.0,1.0,Sarjapur Road,Villa,Ready to Move,contractor,True,False,Normal,Repeated Listing
32000000,32920870.310378253,-920870.3103782535,-2.7972234685665356,2.7972234685665356,2300.0,4.0,3.0,1.0,Thirupalya,Villa,Under Construction,owner,True,False,Normal,Repeated Listing
48000000,37025599.25003,10974400.749969997,29.640035468058233,29.640035468058233,2768.0,4.0,2.0,1.0,Hennur Gardens,Villa,Under Construction,agent,True,False,Normal,Repeated Listing
14800000,13621647.907160668,1178352.0928393323,8.650583988592839,8.650583988592839,2300.0,2.0,3.0,1.0,Thirupalya,Villa,Under Construction,contractor,True,False,Normal,Repeated Listing
32500000,55000000.00000105,-22500000.00000105,-40.909090909092036,40.909090909092036,3000.0,4.0,1.0,1.0,Yelahanka,Villa,Under Construction,agent,True,False,Normal,Repeated Listing
26500000,26417217.791547924,82782.20845207572,0.3133645984421627,0.3133645984421627,2300.0,5.0,3.0,1.0,Thirupalya,Villa,Under Construction,contractor,True,False,Normal,Repeated Listing
55000000,55695508.54837928,-695508.5483792797,-1.2487695444510287,1.2487695444510287,3000.0,4.0,1.0,1.0,Yelahanka,Villa,Under Construction,owner,True,False,Normal,Repeated Listing
72150000,66285680.92557792,5864319.074422076,8.84703753893126,8.84703753893126,2300.0,8.0,3.0,1.0,Thirupalya,Villa,Under Construction,builder,True,False,Normal,Repeated Listing
32000000,32245783.615796532,-245783.61579653248,-0.7622193919211449,0.7622193919211449,2500.0,4.0,1.0,1.0,Devanahalli,Villa,Ready to Move,owner,True,False,Normal,Repeated Listing
17500000,17173145.52905424,326854.4709457606,1.9032883078570242,1.9032883078570242,2136.0,5.0,3.0,1.0,Bidaraguppe,Villa,Under Construction,contractor,True,False,Normal,Repeated Listing
50000000,54695997.069464624,-4695997.069464624,-8.58563207742725,8.58563207742725,3900.0,4.0,1.0,1.0,Devanahalli,Villa,Ready to Move,agent,True,False,Normal,Repeated Listing
14000000,13993172.009470293,6827.990529706702,0.048795158989581894,0.048795158989581894,2136.0,4.0,3.0,1.0,Bidaraguppe,Villa,Under Construction,owner,True,False,Normal,Repeated Listing
50000000,54695997.069464624,-4695997.069464624,-8.58563207742725,8.58563207742725,3900.0,4.0,1.0,1.0,Devanahalli,Villa,Ready to Move,agent,True,False,Normal,Repeated Listing
37500000,40383283.03161897,-2883283.0316189677,-7.139793536254689,7.139793536254689,2900.0,4.0,3.0,1.0,Sarjapur Road,Villa,Ready to Move,agent,True,False,Normal,Repeated Listing
28500000,31953592.868370604,-3453592.868370604,-10.808151942716767,10.808151942716767,2300.0,4.0,3.0,1.0,Thirupalya,Villa,Under Construction,agent,True,False,Normal,Repeated Listing
28000000,46068493.063934326,-18068493.063934326,-39.22093357570582,39.22093357570582,2900.0,4.0,3.0,1.0,Sarjapur Road,Villa,Ready to Move,agent,True,False,Normal,Repeated Listing
32000000,26204143.74423012,5795856.255769879,22.118090605597697,22.118090605597697,2300.0,4.0,3.0,1.0,Thirupalya,Villa,Under Construction,contractor,True,False,Normal,Repeated Listing
58400000,27975875.723221403,30424124.276778597,108.7512847775665,108.7512847775665,2900.0,4.0,3.0,1.0,Sarjapur Road,Villa,Ready to Move,owner,True,False,Potentially Overpriced,Repeated Listing
14800000,12925585.31544728,1874414.6845527198,14.501584561223849,14.501584561223849,2300.0,2.0,3.0,1.0,Thirupalya,Villa,Under Construction,owner,True,False,Normal,Repeated Listing
48000000,37025599.25003,10974400.749969997,29.640035468058233,29.640035468058233,2768.0,4.0,2.0,1.0,Hennur Gardens,Villa,Under Construction,agent,True,False,Normal,Repeated Listing
26500000,27388616.699900262,-888616.699900262,-3.24447455538526,3.24447455538526,2300.0,5.0,3.0,1.0,Thirupalya,Villa,Under Construction,owner,True,False,Normal,Repeated Listing
32500000,55000000.00000105,-22500000.00000105,-40.909090909092036,40.909090909092036,3000.0,4.0,1.0,1.0,Yelahanka,Villa,Under Construction,agent,True,False,Normal,Repeated Listing
48000000,37025599.25003,10974400.749969997,29.640035468058233,29.640035468058233,2768.0,4.0,2.0,1.0,Hennur Gardens,Villa,Under Construction,agent,True,False,Normal,Repeated Listing
72150000,66285680.92557792,5864319.074422076,8.84703753893126,8.84703753893126,2300.0,8.0,3.0,1.0,Thirupalya,Villa,Under Construction,builder,True,False,Normal,Repeated Listing
55000000,32501572.606834713,22498427.393165287,69.22258090500557,69.22258090500557,3000.0,4.0,1.0,1.0,Yelahanka,Villa,Under Construction,agent,True,False,Normal,Repeated Listing
32500000,55000000.00000105,-22500000.00000105,-40.909090909092036,40.909090909092036,3000.0,4.0,1.0,1.0,Yelahanka,Villa,Under Construction,agent,True,False,Normal,Repeated Listing
17500000,16609807.208783785,890192.7912162151,5.359440841344946,5.359440841344946,2136.0,5.0,3.0,1.0,Bidaraguppe,Villa,Under Construction,owner,True,False,Normal,Repeated Listing
32000000,32245783.615796532,-245783.61579653248,-0.7622193919211449,0.7622193919211449,2500.0,4.0,1.0,1.0,Devanahalli,Villa,Ready to Move,owner,True,False,Normal,Repeated Listing
55000000,32501572.606834713,22498427.393165287,69.22258090500557,69.22258090500557,3000.0,4.0,1.0,1.0,Yelahanka,Villa,Under Construction,agent,True,False,Normal,Repeated Listing
14000000,14725707.77437715,-725707.7743771505,-4.928169059825347,4.928169059825347,2136.0,4.0,3.0,1.0,Bidaraguppe,Villa,Under Construction,builder,True,False,Normal,Repeated Listing
50000000,39015269.80292154,10984730.197078459,28.154951260277844,28.154951260277844,3900.0,4.0,1.0,1.0,Devanahalli,Villa,Ready to Move,builder,True,False,Normal,Repeated Listing
32000000,32245783.615796532,-245783.61579653248,-0.7622193919211449,0.7622193919211449,2500.0,4.0,1.0,1.0,Devanahalli,Villa,Ready to Move,owner,True,False,Normal,Repeated Listing
37500000,27975875.723221403,9524124.276778597,34.04406128696479,34.04406128696479,2900.0,4.0,3.0,1.0,Sarjapur Road,Villa,Ready to Move,owner,True,False,Normal,Repeated Listing
28000000,46068493.063934326,-18068493.063934326,-39.22093357570582,39.22093357570582,2900.0,4.0,3.0,1.0,Sarjapur Road,Villa,Ready to Move,agent,True,False,Normal,Repeated Listing
50000000,51643741.139716096,-1643741.1397160962,-3.1828467563361587,3.1828467563361587,3900.0,4.0,1.0,1.0,Devanahalli,Villa,Ready to Move,owner,True,False,Normal,Repeated Listing
50000000,54695997.069464624,-4695997.069464624,-8.58563207742725,8.58563207742725,3900.0,4.0,1.0,1.0,Devanahalli,Villa,Ready to Move,agent,True,False,Normal,Repeated Listing
58400000,32712811.31373335,25687188.68626665,78.52332971297629,78.52332971297629,2900.0,4.0,3.0,1.0,Sarjapur Road,Villa,Ready to Move,agent,True,False,Normal,Repeated Listing
28500000,31953592.868370604,-3453592.868370604,-10.808151942716767,10.808151942716767,2300.0,4.0,3.0,1.0,Thirupalya,Villa,Under Construction,agent,True,False,Normal,Repeated Listing
48000000,37025599.25003,10974400.749969997,29.640035468058233,29.640035468058233,2768.0,4.0,2.0,1.0,Hennur Gardens,Villa,Under Construction,agent,True,False,Normal,Repeated Listing
50000000,39015269.80292154,10984730.197078459,28.154951260277844,28.154951260277844,3900.0,4.0,1.0,1.0,Devanahalli,Villa,Ready to Move,builder,True,False,Normal,Repeated Listing
32000000,27308742.32741032,4691257.672589678,17.17859290752094,17.17859290752094,2300.0,4.0,3.0,1.0,Thirupalya,Villa,Under Construction,builder,True,False,Normal,Repeated Listing
32500000,55000000.00000105,-22500000.00000105,-40.909090909092036,40.909090909092036,3000.0,4.0,1.0,1.0,Yelahanka,Villa,Under Construction,agent,True,False,Normal,Repeated Listing
55000000,32501572.606834713,22498427.393165287,69.22258090500557,69.22258090500557,3000.0,4.0,1.0,1.0,Yelahanka,Villa,Under Construction,agent,True,False,Normal,Repeated Listing
28500000,31953592.868370604,-3453592.868370604,-10.808151942716767,10.808151942716767,2300.0,4.0,3.0,1.0,Thirupalya,Villa,Under Construction,agent,True,False,Normal,Repeated Listing
32000000,26204143.74423012,5795856.255769879,22.118090605597697,22.118090605597697,2300.0,4.0,3.0,1.0,Thirupalya,Villa,Under Construction,contractor,True,False,Normal,Repeated Listing
14800000,13621647.907160668,1178352.0928393323,8.650583988592839,8.650583988592839,2300.0,2.0,3.0,1.0,Thirupalya,Villa,Under Construction,contractor,True,False,Normal,Repeated Listing
32000000,31848821.784964718,151178.21503528208,0.47467443554427097,0.47467443554427097,2500.0,4.0,1.0,1.0,Devanahalli,Villa,Ready to Move,contractor,True,False,Normal,Repeated Listing
14800000,13540530.005592821,1259469.9944071788,9.301482245428824,9.301482245428824,2300.0,2.0,3.0,1.0,Thirupalya,Villa,Under Construction,agent,True,False,Normal,Repeated Listing
26500000,26417217.791547924,82782.20845207572,0.3133645984421627,0.3133645984421627,2300.0,5.0,3.0,1.0,Thirupalya,Villa,Under Construction,contractor,True,False,Normal,Repeated Listing
50000000,39508261.718489856,10491738.281510144,26.555808393361975,26.555808393361975,3900.0,4.0,1.0,1.0,Devanahalli,Villa,Ready to Move,contractor,True,False,Normal,Repeated Listing
26500000,26738502.473351225,-238502.47335122526,-0.8919814173921197,0.8919814173921197,2300.0,5.0,3.0,1.0,Thirupalya,Villa,Under Construction,agent,True,False,Normal,Repeated Listing
72150000,72298627.36492518,-148627.3649251759,-0.20557425547650263,0.20557425547650263,2300.0,8.0,3.0,1.0,Thirupalya,Villa,Under Construction,contractor,True,False,Normal,Repeated Listing
17500000,18172562.31527548,-672562.3152754791,-3.7009768001188097,3.7009768001188097,2136.0,5.0,3.0,1.0,Bidaraguppe,Villa,Under Construction,builder,True,False,Normal,Repeated Listing
50000000,39015269.80292154,10984730.197078459,28.154951260277844,28.154951260277844,3900.0,4.0,1.0,1.0,Devanahalli,Villa,Ready to Move,builder,True,False,Normal,Repeated Listing
28500000,31953592.868370604,-3453592.868370604,-10.808151942716767,10.808151942716767,2300.0,4.0,3.0,1.0,Thirupalya,Villa,Under Construction,agent,True,False,Normal,Repeated Listing
72150000,71757171.8637932,392828.1362068057,0.5474409400532919,0.5474409400532919,2300.0,8.0,3.0,1.0,Thirupalya,Villa,Under Construction,agent,True,False,Normal,Repeated Listing
17500000,17173145.52905424,326854.4709457606,1.9032883078570242,1.9032883078570242,2136.0,5.0,3.0,1.0,Bidaraguppe,Villa,Under Construction,contractor,True,False,Normal,Repeated Listing
48000000,37025599.25003,10974400.749969997,29.640035468058233,29.640035468058233,2768.0,4.0,2.0,1.0,Hennur Gardens,Villa,Under Construction,agent,True,False,Normal,Repeated Listing
14000000,15128654.757274574,-1128654.7572745737,-7.460377511304256,7.460377511304256,2136.0,4.0,3.0,1.0,Bidaraguppe,Villa,Under Construction,contractor,True,False,Normal,Repeated Listing
37500000,38265442.75060015,-765442.7506001517,-2.000349912554315,2.000349912554315,2900.0,4.0,3.0,1.0,Sarjapur Road,Villa,Ready to Move,contractor,True,False,Normal,Repeated Listing
32000000,28503241.98318361,3496758.016816389,12.267930851091997,12.267930851091997,2300.0,4.0,3.0,1.0,Thirupalya,Villa,Under Construction,agent,True,False,Normal,Repeated Listing
14800000,13540530.005592821,1259469.9944071788,9.301482245428824,9.301482245428824,2300.0,2.0,3.0,1.0,Thirupalya,Villa,Under Construction,agent,True,False,Normal,Repeated Listing
14000000,14910817.447835509,-910817.4478355087,-6.108434034699588,6.108434034699588,2136.0,4.0,3.0,1.0,Bidaraguppe,Villa,Under Construction,agent,True,False,Normal,Repeated Listing
37500000,40984055.42728329,-3484055.427283287,-8.501002135976847,8.501002135976847,2900.0,4.0,3.0,1.0,Sarjapur Road,Villa,Ready to Move,builder,True,False,Normal,Repeated Listing
32500000,55000000.00000105,-22500000.00000105,-40.909090909092036,40.909090909092036,3000.0,4.0,1.0,1.0,Yelahanka,Villa,Under Construction,agent,True,False,Normal,Repeated Listing
55000000,32501572.606834713,22498427.393165287,69.22258090500557,69.22258090500557,3000.0,4.0,1.0,1.0,Yelahanka,Villa,Under Construction,agent,True,False,Normal,Repeated Listing
28000000,37431002.09585924,-9431002.095859237,-25.195697597694107,25.195697597694107,2900.0,4.0,3.0,1.0,Sarjapur Road,Villa,Ready to Move,builder,True,False,Normal,Repeated Listing
58400000,27975875.723221403,30424124.276778597,108.7512847775665,108.7512847775665,2900.0,4.0,3.0,1.0,Sarjapur Road,Villa,Ready to Move,owner,True,False,Potentially Overpriced,Repeated Listing
26500000,26713128.55074389,-213128.55074388906,-0.7978419687496843,0.7978419687496843,2300.0,5.0,3.0,1.0,Thirupalya,Villa,Under Construction,builder,True,False,Normal,Repeated Listing
72150000,72298627.36492518,-148627.3649251759,-0.20557425547650263,0.20557425547650263,2300.0,8.0,3.0,1.0,Thirupalya,Villa,Under Construction,contractor,True,False,Normal,Repeated Listing
28000000,37606391.66004806,-9606391.66004806,-25.544571643265662,25.544571643265662,2900.0,4.0,3.0,1.0,Sarjapur Road,Villa,Ready to Move,contractor,True,False,Normal,Repeated Listing
58400000,27975875.723221403,30424124.276778597,108.7512847775665,108.7512847775665,2900.0,4.0,3.0,1.0,Sarjapur Road,Villa,Ready to Move,owner,True,False,Potentially Overpriced,Repeated Listing
32000000,31907191.702662885,92808.29733711481,0.29086952622461376,0.29086952622461376,2500.0,4.0,1.0,1.0,Devanahalli,Villa,Ready to Move,agent,True,False,Normal,Repeated Listing
50000000,39508261.718489856,10491738.281510144,26.555808393361975,26.555808393361975,3900.0,4.0,1.0,1.0,Devanahalli,Villa,Ready to Move,contractor,True,False,Normal,Repeated Listing
17500000,18172562.31527548,-672562.3152754791,-3.7009768001188097,3.7009768001188097,2136.0,5.0,3.0,1.0,Bidaraguppe,Villa,Under Construction,builder,True,False,Normal,Repeated Listing
14000000,14910817.447835509,-910817.4478355087,-6.108434034699588,6.108434034699588,2136.0,4.0,3.0,1.0,Bidaraguppe,Villa,Under Construction,agent,True,False,Normal,Repeated Listing
50000000,54695997.069464624,-4695997.069464624,-8.58563207742725,8.58563207742725,3900.0,4.0,1.0,1.0,Devanahalli,Villa,Ready to Move,agent,True,False,Normal,Repeated Listing
28500000,31953592.868370604,-3453592.868370604,-10.808151942716767,10.808151942716767,2300.0,4.0,3.0,1.0,Thirupalya,Villa,Under Construction,agent,True,False,Normal,Repeated Listing
37500000,38265442.75060015,-765442.7506001517,-2.000349912554315,2.000349912554315,2900.0,4.0,3.0,1.0,Sarjapur Road,Villa,Ready to Move,contractor,True,False,Normal,Repeated Listing
28000000,37606391.66004806,-9606391.66004806,-25.544571643265662,25.544571643265662,2900.0,4.0,3.0,1.0,Sarjapur Road,Villa,Ready to Move,contractor,True,False,Normal,Repeated Listing
32000000,32920870.310378253,-920870.3103782535,-2.7972234685665356,2.7972234685665356,2300.0,4.0,3.0,1.0,Thirupalya,Villa,Under Construction,owner,True,False,Normal,Repeated Listing
14800000,12925585.31544728,1874414.6845527198,14.501584561223849,14.501584561223849,2300.0,2.0,3.0,1.0,Thirupalya,Villa,Under Construction,owner,True,False,Normal,Repeated Listing
48000000,37025599.25003,10974400.749969997,29.640035468058233,29.640035468058233,2768.0,4.0,2.0,1.0,Hennur Gardens,Villa,Under Construction,agent,True,False,Normal,Repeated Listing
32500000,55000000.00000105,-22500000.00000105,-40.909090909092036,40.909090909092036,3000.0,4.0,1.0,1.0,Yelahanka,Villa,Under Construction,agent,True,False,Normal,Repeated Listing
58400000,27975875.723221403,30424124.276778597,108.7512847775665,108.7512847775665,2900.0,4.0,3.0,1.0,Sarjapur Road,Villa,Ready to Move,owner,True,False,Potentially Overpriced,Repeated Listing
26500000,27388616.699900262,-888616.699900262,-3.24447455538526,3.24447455538526,2300.0,5.0,3.0,1.0,Thirupalya,Villa,Under Construction,owner,True,False,Normal,Repeated Listing
72150000,66285680.92557792,5864319.074422076,8.84703753893126,8.84703753893126,2300.0,8.0,3.0,1.0,Thirupalya,Villa,Under Construction,builder,True,False,Normal,Repeated Listing
55000000,32501572.606834713,22498427.393165287,69.22258090500557,69.22258090500557,3000.0,4.0,1.0,1.0,Yelahanka,Villa,Under Construction,agent,True,False,Normal,Repeated Listing
32000000,32245783.615796532,-245783.61579653248,-0.7622193919211449,0.7622193919211449,2500.0,4.0,1.0,1.0,Devanahalli,Villa,Ready to Move,owner,True,False,Normal,Repeated Listing
17500000,16609807.208783785,890192.7912162151,5.359440841344946,5.359440841344946,2136.0,5.0,3.0,1.0,Bidaraguppe,Villa,Under Construction,owner,True,False,Normal,Repeated Listing
50000000,39015269.80292154,10984730.197078459,28.154951260277844,28.154951260277844,3900.0,4.0,1.0,1.0,Devanahalli,Villa,Ready to Move,builder,True,False,Normal,Repeated Listing
14000000,14910817.447835509,-910817.4478355087,-6.108434034699588,6.108434034699588,2136.0,4.0,3.0,1.0,Bidaraguppe,Villa,Under Construction,agent,True,False,Normal,Repeated Listing
50000000,39508261.718489856,10491738.281510144,26.555808393361975,26.555808393361975,3900.0,4.0,1.0,1.0,Devanahalli,Villa,Ready to Move,contractor,True,False,Normal,Repeated Listing
37500000,40383283.03161897,-2883283.0316189677,-7.139793536254689,7.139793536254689,2900.0,4.0,3.0,1.0,Sarjapur Road,Villa,Ready to Move,agent,True,False,Normal,Repeated Listing
28500000,31953592.868370604,-3453592.868370604,-10.808151942716767,10.808151942716767,2300.0,4.0,3.0,1.0,Thirupalya,Villa,Under Construction,agent,True,False,Normal,Repeated Listing
28000000,49030179.90966302,-21030179.90966302,-42.892316423090115,42.892316423090115,2900.0,4.0,3.0,1.0,Sarjapur Road,Villa,Ready to Move,owner,True,False,Normal,Repeated Listing
32000000,26204143.74423012,5795856.255769879,22.118090605597697,22.118090605597697,2300.0,4.0,3.0,1.0,Thirupalya,Villa,Under Construction,contractor,True,False,Normal,Repeated Listing
58400000,37431002.09585924,20968997.904140763,56.02040215338086,56.02040215338086,2900.0,4.0,3.0,1.0,Sarjapur Road,Villa,Ready to Move,builder,True,False,Normal,Repeated Listing
14800000,14887052.400365748,-87052.40036574751,-0.5847524279796906,0.5847524279796906,2300.0,2.0,3.0,1.0,Thirupalya,Villa,Under Construction,builder,True,False,Normal,Repeated Listing
26500000,26738502.473351225,-238502.47335122526,-0.8919814173921197,0.8919814173921197,2300.0,5.0,3.0,1.0,Thirupalya,Villa,Under Construction,agent,True,False,Normal,Repeated Listing
48000000,37025599.25003,10974400.749969997,29.640035468058233,29.640035468058233,2768.0,4.0,2.0,1.0,Hennur Gardens,Villa,Under Construction,agent,True,False,Normal,Repeated Listing
32500000,55000000.00000105,-22500000.00000105,-40.909090909092036,40.909090909092036,3000.0,4.0,1.0,1.0,Yelahanka,Villa,Under Construction,agent,True,False,Normal,Repeated Listing
72150000,66285680.92557792,5864319.074422076,8.84703753893126,8.84703753893126,2300.0,8.0,3.0,1.0,Thirupalya,Villa,Under Construction,builder,True,False,Normal,Repeated Listing
17500000,17173145.52905424,326854.4709457606,1.9032883078570242,1.9032883078570242,2136.0,5.0,3.0,1.0,Bidaraguppe,Villa,Under Construction,contractor,True,False,Normal,Repeated Listing
55000000,29390377.078481313,25609622.921518687,87.13608149066324,87.13608149066324,3000.0,4.0,1.0,1.0,Yelahanka,Villa,Under Construction,contractor,True,False,Normal,Repeated Listing
32000000,32245783.615796532,-245783.61579653248,-0.7622193919211449,0.7622193919211449,2500.0,4.0,1.0,1.0,Devanahalli,Villa,Ready to Move,owner,True,False,Normal,Repeated Listing
14000000,14910817.447835509,-910817.4478355087,-6.108434034699588,6.108434034699588,2136.0,4.0,3.0,1.0,Bidaraguppe,Villa,Under Construction,agent,True,False,Normal,Repeated Listing
37500000,40383283.03161897,-2883283.0316189677,-7.139793536254689,7.139793536254689,2900.0,4.0,3.0,1.0,Sarjapur Road,Villa,Ready to Move,agent,True,False,Normal,Repeated Listing
50000000,39508261.718489856,10491738.281510144,26.555808393361975,26.555808393361975,3900.0,4.0,1.0,1.0,Devanahalli,Villa,Ready to Move,contractor,True,False,Normal,Repeated Listing
50000000,39508261.718489856,10491738.281510144,26.555808393361975,26.555808393361975,3900.0,4.0,1.0,1.0,Devanahalli,Villa,Ready to Move,contractor,True,False,Normal,Repeated Listing
28000000,37606391.66004806,-9606391.66004806,-25.544571643265662,25.544571643265662,2900.0,4.0,3.0,1.0,Sarjapur Road,Villa,Ready to Move,contractor,True,False,Normal,Repeated Listing
58400000,32712811.31373335,25687188.68626665,78.52332971297629,78.52332971297629,2900.0,4.0,3.0,1.0,Sarjapur Road,Villa,Ready to Move,agent,True,False,Normal,Repeated Listing
28500000,31953592.868370604,-3453592.868370604,-10.808151942716767,10.808151942716767,2300.0,4.0,3.0,1.0,Thirupalya,Villa,Under Construction,agent,True,False,Normal,Repeated Listing
32000000,27308742.32741032,4691257.672589678,17.17859290752094,17.17859290752094,2300.0,4.0,3.0,1.0,Thirupalya,Villa,Under Construction,builder,True,False,Normal,Repeated Listing
14800000,14887052.400365748,-87052.40036574751,-0.5847524279796906,0.5847524279796906,2300.0,2.0,3.0,1.0,Thirupalya,Villa,Under Construction,builder,True,False,Normal,Repeated Listing
26500000,26417217.791547924,82782.20845207572,0.3133645984421627,0.3133645984421627,2300.0,5.0,3.0,1.0,Thirupalya,Villa,Under Construction,contractor,True,False,Normal,Repeated Listing
72150000,66285680.92557792,5864319.074422076,8.84703753893126,8.84703753893126,2300.0,8.0,3.0,1.0,Thirupalya,Villa,Under Construction,builder,True,False,Normal,Repeated Listing
48000000,37025599.25003,10974400.749969997,29.640035468058233,29.640035468058233,2768.0,4.0,2.0,1.0,Hennur Gardens,Villa,Under Construction,agent,True,False,Normal,Repeated Listing
17500000,16609807.208783785,890192.7912162151,5.359440841344946,5.359440841344946,2136.0,5.0,3.0,1.0,Bidaraguppe,Villa,Under Construction,owner,True,False,Normal,Repeated Listing
32500000,55000000.00000105,-22500000.00000105,-40.909090909092036,40.909090909092036,3000.0,4.0,1.0,1.0,Yelahanka,Villa,Under Construction,agent,True,False,Normal,Repeated Listing
14000000,14910817.447835509,-910817.4478355087,-6.108434034699588,6.108434034699588,2136.0,4.0,3.0,1.0,Bidaraguppe,Villa,Under Construction,agent,True,False,Normal,Repeated Listing
37500000,40984055.42728329,-3484055.427283287,-8.501002135976847,8.501002135976847,2900.0,4.0,3.0,1.0,Sarjapur Road,Villa,Ready to Move,builder,True,False,Normal,Repeated Listing
55000000,32501572.606834713,22498427.393165287,69.22258090500557,69.22258090500557,3000.0,4.0,1.0,1.0,Yelahanka,Villa,Under Construction,agent,True,False,Normal,Repeated Listing
32000000,32038291.658905108,-38291.65890510753,-0.11951841662713712,0.11951841662713712,2500.0,4.0,1.0,1.0,Devanahalli,Villa,Ready to Move,builder,True,False,Normal,Repeated Listing
28000000,37431002.09585924,-9431002.095859237,-25.195697597694107,25.195697597694107,2900.0,4.0,3.0,1.0,Sarjapur Road,Villa,Ready to Move,builder,True,False,Normal,Repeated Listing
58400000,32712811.31373335,25687188.68626665,78.52332971297629,78.52332971297629,2900.0,4.0,3.0,1.0,Sarjapur Road,Villa,Ready to Move,agent,True,False,Normal,Repeated Listing
50000000,54695997.069464624,-4695997.069464624,-8.58563207742725,8.58563207742725,3900.0,4.0,1.0,1.0,Devanahalli,Villa,Ready to Move,agent,True,False,Normal,Repeated Listing
50000000,39508261.718489856,10491738.281510144,26.555808393361975,26.555808393361975,3900.0,4.0,1.0,1.0,Devanahalli,Villa,Ready to Move,contractor,True,False,Normal,Repeated Listing
28500000,31953592.868370604,-3453592.868370604,-10.808151942716767,10.808151942716767,2300.0,4.0,3.0,1.0,Thirupalya,Villa,Under Construction,agent,True,False,Normal,Repeated Listing
32000000,26204143.74423012,5795856.255769879,22.118090605597697,22.118090605597697,2300.0,4.0,3.0,1.0,Thirupalya,Villa,Under Construction,contractor,True,False,Normal,Repeated Listing
14800000,13540530.005592821,1259469.9944071788,9.301482245428824,9.301482245428824,2300.0,2.0,3.0,1.0,Thirupalya,Villa,Under Construction,agent,True,False,Normal,Repeated Listing
26500000,27388616.699900262,-888616.699900262,-3.24447455538526,3.24447455538526,2300.0,5.0,3.0,1.0,Thirupalya,Villa,Under Construction,owner,True,False,Normal,Repeated Listing
72150000,72298627.36492518,-148627.3649251759,-0.20557425547650263,0.20557425547650263,2300.0,8.0,3.0,1.0,Thirupalya,Villa,Under Construction,contractor,True,False,Normal,Repeated Listing
17500000,16609807.208783785,890192.7912162151,5.359440841344946,5.359440841344946,2136.0,5.0,3.0,1.0,Bidaraguppe,Villa,Under Construction,owner,True,False,Normal,Repeated Listing
14000000,14910817.447835509,-910817.4478355087,-6.108434034699588,6.108434034699588,2136.0,4.0,3.0,1.0,Bidaraguppe,Villa,Under Construction,agent,True,False,Normal,Repeated Listing
37500000,38265442.75060015,-765442.7506001517,-2.000349912554315,2.000349912554315,2900.0,4.0,3.0,1.0,Sarjapur Road,Villa,Ready to Move,contractor,True,False,Normal,Repeated Listing
28000000,37606391.66004806,-9606391.66004806,-25.544571643265662,25.544571643265662,2900.0,4.0,3.0,1.0,Sarjapur Road,Villa,Ready to Move,contractor,True,False,Normal,Repeated Listing
58400000,27975875.723221403,30424124.276778597,108.7512847775665,108.7512847775665,2900.0,4.0,3.0,1.0,Sarjapur Road,Villa,Ready to Move,owner,True,False,Potentially Overpriced,Repeated Listing
48000000,37025599.25003,10974400.749969997,29.640035468058233,29.640035468058233,2768.0,4.0,2.0,1.0,Hennur Gardens,Villa,Under Construction,agent,True,False,Normal,Repeated Listing
32500000,55000000.00000105,-22500000.00000105,-40.909090909092036,40.909090909092036,3000.0,4.0,1.0,1.0,Yelahanka,Villa,Under Construction,agent,True,False,Normal,Repeated Listing
55000000,32501572.606834713,22498427.393165287,69.22258090500557,69.22258090500557,3000.0,4.0,1.0,1.0,Yelahanka,Villa,Under Construction,agent,True,False,Normal,Repeated Listing
32000000,32038291.658905108,-38291.65890510753,-0.11951841662713712,0.11951841662713712,2500.0,4.0,1.0,1.0,Devanahalli,Villa,Ready to Move,builder,True,False,Normal,Repeated Listing
50000000,39015269.80292154,10984730.197078459,28.154951260277844,28.154951260277844,3900.0,4.0,1.0,1.0,Devanahalli,Villa,Ready to Move,builder,True,False,Normal,Repeated Listing
50000000,39508261.718489856,10491738.281510144,26.555808393361975,26.555808393361975,3900.0,4.0,1.0,1.0,Devanahalli,Villa,Ready to Move,contractor,True,False,Normal,Repeated Listing
28500000,31953592.868370604,-3453592.868370604,-10.808151942716767,10.808151942716767,2300.0,4.0,3.0,1.0,Thirupalya,Villa,Under Construction,agent,True,False,Normal,Repeated Listing
32000000,26204143.74423012,5795856.255769879,22.118090605597697,22.118090605597697,2300.0,4.0,3.0,1.0,Thirupalya,Villa,Under Construction,contractor,True,False,Normal,Repeated Listing
14800000,12925585.31544728,1874414.6845527198,14.501584561223849,14.501584561223849,2300.0,2.0,3.0,1.0,Thirupalya,Villa,Under Construction,owner,True,False,Normal,Repeated Listing
26500000,26417217.791547924,82782.20845207572,0.3133645984421627,0.3133645984421627,2300.0,5.0,3.0,1.0,Thirupalya,Villa,Under Construction,contractor,True,False,Normal,Repeated Listing
72150000,70039953.84836496,2110046.151635036,3.0126321273758143,3.0126321273758143,2300.0,8.0,3.0,1.0,Thirupalya,Villa,Under Construction,owner,True,False,Normal,Repeated Listing
17500000,18145538.13563871,-645538.1356387101,-3.5575585072941,3.5575585072941,2136.0,5.0,3.0,1.0,Bidaraguppe,Villa,Under Construction,agent,True,False,Normal,Repeated Listing
14000000,14725707.77437715,-725707.7743771505,-4.928169059825347,4.928169059825347,2136.0,4.0,3.0,1.0,Bidaraguppe,Villa,Under Construction,builder,True,False,Normal,Repeated Listing
37500000,40383283.03161897,-2883283.0316189677,-7.139793536254689,7.139793536254689,2900.0,4.0,3.0,1.0,Sarjapur Road,Villa,Ready to Move,agent,True,False,Normal,Repeated Listing
28000000,49030179.90966302,-21030179.90966302,-42.892316423090115,42.892316423090115,2900.0,4.0,3.0,1.0,Sarjapur Road,Villa,Ready to Move,owner,True,False,Normal,Repeated Listing
58400000,37606391.66004806,20793608.33995194,55.29275057261734,55.29275057261734,2900.0,4.0,3.0,1.0,Sarjapur Road,Villa,Ready to Move,contractor,True,False,Normal,Repeated Listing
